timestamp,datetime,symbol,timeframe,open,high,low,close,volume
1633910400000,2021-10-11T00:00:00+00:00,BTC/USDT,1d,54656.7,57824.6,54428.5,57471.5,8701.56564398
1633996800000,2021-10-12T00:00:00+00:00,BTC/USDT,1d,57471.5,57691.4,53700.0,56002.1,20052.66165306
1634083200000,2021-10-13T00:00:00+00:00,BTC/USDT,1d,56002.2,57777.0,54204.3,57365.3,13349.69537279
1634169600000,2021-10-14T00:00:00+00:00,BTC/USDT,1d,57365.4,58543.1,56793.2,57346.6,20260.24661147
1634256000000,2021-10-15T00:00:00+00:00,BTC/USDT,1d,57341.4,62980.9,56858.5,61691.8,21894.40264265
1634342400000,2021-10-16T00:00:00+00:00,BTC/USDT,1d,61691.8,62356.7,60158.7,60884.0,10804.31301685
1634428800000,2021-10-17T00:00:00+00:00,BTC/USDT,1d,60883.9,61711.4,58894.3,61523.5,9303.58714357
1634515200000,2021-10-18T00:00:00+00:00,BTC/USDT,1d,61523.5,62718.3,59889.0,62015.1,14417.86387723
1634601600000,2021-10-19T00:00:00+00:00,BTC/USDT,1d,62015.1,64466.9,61329.0,64277.2,22075.42947366
1634688000000,2021-10-20T00:00:00+00:00,BTC/USDT,1d,64275.4,66999.0,63491.1,66011.6,14627.49547276
1634774400000,2021-10-21T00:00:00+00:00,BTC/USDT,1d,66011.6,66650.0,61822.5,62209.8,18572.95086703
1634860800000,2021-10-22T00:00:00+00:00,BTC/USDT,1d,62209.8,63723.9,60002.0,60695.9,15480.17773989
1634947200000,2021-10-23T00:00:00+00:00,BTC/USDT,1d,60695.9,61739.4,59644.4,61301.1,11021.59043251
1635033600000,2021-10-24T00:00:00+00:00,BTC/USDT,1d,61301.1,61499.3,59508.1,60855.2,18812.52050764
1635120000000,2021-10-25T00:00:00+00:00,BTC/USDT,1d,60855.2,63715.6,60646.3,63088.7,7414.94773639
1635206400000,2021-10-26T00:00:00+00:00,BTC/USDT,1d,63088.8,63285.0,59830.0,60307.6,14834.13832147
1635292800000,2021-10-27T00:00:00+00:00,BTC/USDT,1d,60314.9,61499.0,57940.7,58419.9,18478.0422612
1635379200000,2021-10-28T00:00:00+00:00,BTC/USDT,1d,58419.9,62499.0,55896.0,60585.9,16558.7716717
1635465600000,2021-10-29T00:00:00+00:00,BTC/USDT,1d,60577.7,62960.9,60171.4,62230.0,11076.43025424
1635552000000,2021-10-30T00:00:00+00:00,BTC/USDT,1d,62230.0,62366.5,60664.2,61864.8,10972.55557992
1635638400000,2021-10-31T00:00:00+00:00,BTC/USDT,1d,61864.9,62397.1,59930.3,61306.7,9457.13500753
1635724800000,2021-11-01T00:00:00+00:00,BTC/USDT,1d,61306.8,62445.5,59400.0,60907.1,14064.95011178
1635811200000,2021-11-02T00:00:00+00:00,BTC/USDT,1d,60907.1,64250.0,60634.8,63220.0,10785.18210521
1635897600000,2021-11-03T00:00:00+00:00,BTC/USDT,1d,63219.9,63515.4,59908.0,62897.7,10231.44643565
1635984000000,2021-11-04T00:00:00+00:00,BTC/USDT,1d,62897.7,63092.0,60666.4,61394.2,9756.15828623
1636070400000,2021-11-05T00:00:00+00:00,BTC/USDT,1d,61394.1,62594.0,60727.5,60944.7,15530.01608044
1636156800000,2021-11-06T00:00:00+00:00,BTC/USDT,1d,60944.8,61537.7,60057.8,61473.9,12742.83612971
1636243200000,2021-11-07T00:00:00+00:00,BTC/USDT,1d,61473.9,63274.9,61334.1,63258.6,7623.77443661
1636329600000,2021-11-08T00:00:00+00:00,BTC/USDT,1d,63258.7,67777.0,63258.7,67525.1,11790.77095302
1636416000000,2021-11-09T00:00:00+00:00,BTC/USDT,1d,67525.1,68538.2,66102.0,66951.7,8464.93414459
1636502400000,2021-11-10T00:00:00+00:00,BTC/USDT,1d,66951.6,69040.1,62733.0,64877.5,16197.93645448
1636588800000,2021-11-11T00:00:00+00:00,BTC/USDT,1d,64870.4,65583.0,64090.6,64783.1,8713.9217822
1636675200000,2021-11-12T00:00:00+00:00,BTC/USDT,1d,64774.5,65459.9,62258.0,64121.2,17354.45968787
1636761600000,2021-11-13T00:00:00+00:00,BTC/USDT,1d,64121.2,64991.0,63362.9,64378.5,15409.58552049
1636848000000,2021-11-14T00:00:00+00:00,BTC/USDT,1d,64378.5,65500.0,63581.3,65499.9,9478.70994785
1636934400000,2021-11-15T00:00:00+00:00,BTC/USDT,1d,65500.0,66342.4,63364.0,63608.8,12648.93096804
1637020800000,2021-11-16T00:00:00+00:00,BTC/USDT,1d,63608.8,63614.1,58393.1,60070.6,22677.89657373
1637107200000,2021-11-17T00:00:00+00:00,BTC/USDT,1d,60070.7,60808.9,58369.1,60341.2,13061.36192518
1637193600000,2021-11-18T00:00:00+00:00,BTC/USDT,1d,60341.3,60954.0,56460.5,56884.6,15406.4858305
1637280000000,2021-11-19T00:00:00+00:00,BTC/USDT,1d,56895.0,58322.0,55606.9,58055.2,12397.68626766
1637366400000,2021-11-20T00:00:00+00:00,BTC/USDT,1d,58056.7,59853.4,57362.8,59716.0,10140.69467489
1637452800000,2021-11-21T00:00:00+00:00,BTC/USDT,1d,59716.0,60035.7,58501.0,58601.9,7503.86177482
1637539200000,2021-11-22T00:00:00+00:00,BTC/USDT,1d,58612.2,59499.0,55596.6,56243.1,17717.23450225
1637625600000,2021-11-23T00:00:00+00:00,BTC/USDT,1d,56243.1,57869.6,55342.1,57539.1,14664.9058469
1637712000000,2021-11-24T00:00:00+00:00,BTC/USDT,1d,57539.1,57744.9,55888.0,57142.4,12069.74529741
1637798400000,2021-11-25T00:00:00+00:00,BTC/USDT,1d,57142.4,59399.7,57007.4,58954.2,11001.07871239
1637884800000,2021-11-26T00:00:00+00:00,BTC/USDT,1d,58959.2,59158.0,53488.0,53739.6,17949.56797822
1637971200000,2021-11-27T00:00:00+00:00,BTC/USDT,1d,53739.6,55275.6,53607.4,54726.8,10183.96313795
1638057600000,2021-11-28T00:00:00+00:00,BTC/USDT,1d,54721.4,57445.3,53257.8,57286.8,10081.82257634
1638144000000,2021-11-29T00:00:00+00:00,BTC/USDT,1d,57286.8,58861.1,56667.4,57769.2,13174.1267426
1638230400000,2021-11-30T00:00:00+00:00,BTC/USDT,1d,57769.2,59184.6,55896.9,56949.9,15773.18734752
1638316800000,2021-12-01T00:00:00+00:00,BTC/USDT,1d,56960.5,59048.7,56450.0,57176.8,12290.20107482
1638403200000,2021-12-02T00:00:00+00:00,BTC/USDT,1d,57176.9,57378.5,55768.0,56485.2,11661.57232147
1638489600000,2021-12-03T00:00:00+00:00,BTC/USDT,1d,56485.2,57617.8,51419.5,53609.2,19939.20801944
1638576000000,2021-12-04T00:00:00+00:00,BTC/USDT,1d,53599.3,53849.9,41241.7,49159.7,41038.80520467
1638662400000,2021-12-05T00:00:00+00:00,BTC/USDT,1d,49159.7,49701.5,47741.9,49393.5,11438.89780971
1638748800000,2021-12-06T00:00:00+00:00,BTC/USDT,1d,49393.5,50879.2,47118.0,50438.3,19052.27105047
1638835200000,2021-12-07T00:00:00+00:00,BTC/USDT,1d,50438.4,51936.0,50021.0,50587.6,11708.97981608
1638921600000,2021-12-08T00:00:00+00:00,BTC/USDT,1d,50587.6,51196.8,48600.0,50465.3,12154.42237174
1639008000000,2021-12-09T00:00:00+00:00,BTC/USDT,1d,50469.3,50799.0,47312.6,47550.0,11186.62796413
1639094400000,2021-12-10T00:00:00+00:00,BTC/USDT,1d,47549.9,50134.1,46848.5,47144.4,20283.40440871
1639180800000,2021-12-11T00:00:00+00:00,BTC/USDT,1d,47140.7,49482.8,46750.9,49388.1,13135.5250787
1639267200000,2021-12-12T00:00:00+00:00,BTC/USDT,1d,49388.2,50773.1,48612.5,50063.2,7728.04012911
1639353600000,2021-12-13T00:00:00+00:00,BTC/USDT,1d,50063.2,50192.7,45680.0,46706.6,14973.62669871
1639440000000,2021-12-14T00:00:00+00:00,BTC/USDT,1d,46706.6,48658.7,46292.0,48356.3,16997.18568095
1639526400000,2021-12-15T00:00:00+00:00,BTC/USDT,1d,48352.9,49500.0,46544.0,48858.5,18226.48228153
1639612800000,2021-12-16T00:00:00+00:00,BTC/USDT,1d,48858.5,49443.8,47524.1,47632.8,11544.05758598
1639699200000,2021-12-17T00:00:00+00:00,BTC/USDT,1d,47632.9,47998.0,45457.2,46140.0,15527.28455476
1639785600000,2021-12-18T00:00:00+00:00,BTC/USDT,1d,46140.0,47354.1,45500.0,46835.7,12735.81663222
1639872000000,2021-12-19T00:00:00+00:00,BTC/USDT,1d,46835.7,48325.0,46417.1,46680.1,12818.50504743
1639958400000,2021-12-20T00:00:00+00:00,BTC/USDT,1d,46680.1,47536.7,45566.6,46918.6,13284.47107217
1640044800000,2021-12-21T00:00:00+00:00,BTC/USDT,1d,46918.5,49315.9,46658.7,48892.2,14832.35779175
1640131200000,2021-12-22T00:00:00+00:00,BTC/USDT,1d,48892.2,49563.6,48440.0,48592.7,10528.28998228
1640217600000,2021-12-23T00:00:00+00:00,BTC/USDT,1d,48592.8,51370.0,48029.9,50830.0,12262.46729382
1640304000000,2021-12-24T00:00:00+00:00,BTC/USDT,1d,50830.0,51815.6,50406.1,50813.2,12196.08055753
1640390400000,2021-12-25T00:00:00+00:00,BTC/USDT,1d,50818.2,51149.9,50147.8,50407.2,9339.75516607
1640476800000,2021-12-26T00:00:00+00:00,BTC/USDT,1d,50407.2,51278.0,49410.0,50775.0,8154.89531575
1640563200000,2021-12-27T00:00:00+00:00,BTC/USDT,1d,50778.7,52095.7,50441.6,50699.9,10726.65766266
1640649600000,2021-12-28T00:00:00+00:00,BTC/USDT,1d,50699.9,50699.9,47312.1,47541.1,15766.02275249
1640736000000,2021-12-29T00:00:00+00:00,BTC/USDT,1d,47542.0,48130.0,46060.0,46466.9,12392.16659166
1640822400000,2021-12-30T00:00:00+00:00,BTC/USDT,1d,46466.9,47912.3,45900.0,47127.5,10483.5712763
1640908800000,2021-12-31T00:00:00+00:00,BTC/USDT,1d,47127.4,48566.0,45678.0,46219.9,16796.32555077
1640995200000,2022-01-01T00:00:00+00:00,BTC/USDT,1d,46218.3,47947.9,46216.2,47731.4,12228.27363501
1641081600000,2022-01-02T00:00:00+00:00,BTC/USDT,1d,47731.5,47994.1,46666.0,47290.0,10228.22774165
1641168000000,2022-01-03T00:00:00+00:00,BTC/USDT,1d,47290.0,47570.0,45688.0,46446.7,13114.64082491
1641254400000,2022-01-04T00:00:00+00:00,BTC/USDT,1d,46446.7,47600.0,45500.0,45830.1,14347.45019692
1641340800000,2022-01-05T00:00:00+00:00,BTC/USDT,1d,45830.0,47058.0,42444.1,43450.0,21690.49687895
1641427200000,2022-01-06T00:00:00+00:00,BTC/USDT,1d,43454.3,43786.0,42416.4,43078.6,10529.24727977
1641513600000,2022-01-07T00:00:00+00:00,BTC/USDT,1d,43078.6,43140.3,40565.8,41558.3,23440.96981428
1641600000000,2022-01-08T00:00:00+00:00,BTC/USDT,1d,41558.3,42301.9,40515.9,41683.5,18359.50798515
1641686400000,2022-01-09T00:00:00+00:00,BTC/USDT,1d,41683.5,42780.0,41200.0,41866.8,7507.89591728
1641772800000,2022-01-10T00:00:00+00:00,BTC/USDT,1d,41866.7,42235.5,39636.1,41820.0,16166.3740806
1641859200000,2022-01-11T00:00:00+00:00,BTC/USDT,1d,41820.0,43099.2,41268.9,42725.5,10212.24732484
1641945600000,2022-01-12T00:00:00+00:00,BTC/USDT,1d,42725.5,44350.0,42463.4,43908.9,9764.95482427
1642032000000,2022-01-13T00:00:00+00:00,BTC/USDT,1d,43909.0,44431.1,42320.0,42565.2,9056.49111912
1642118400000,2022-01-14T00:00:00+00:00,BTC/USDT,1d,42565.2,43453.2,41748.0,43066.2,9124.20248869
1642204800000,2022-01-15T00:00:00+00:00,BTC/USDT,1d,43066.2,43799.0,42566.4,43079.4,6611.21468869
1642291200000,2022-01-16T00:00:00+00:00,BTC/USDT,1d,43079.5,43477.9,42600.0,43069.4,5840.14474763
1642377600000,2022-01-17T00:00:00+00:00,BTC/USDT,1d,43070.0,43175.5,41555.5,42204.9,6715.36981197
1642464000000,2022-01-18T00:00:00+00:00,BTC/USDT,1d,42204.9,42690.0,41284.9,42350.3,5758.3980554
1642550400000,2022-01-19T00:00:00+00:00,BTC/USDT,1d,42350.3,42573.0,41140.0,41658.6,8805.05077398
1642636800000,2022-01-20T00:00:00+00:00,BTC/USDT,1d,41658.5,43497.0,40562.6,40676.4,10669.14253978
1642723200000,2022-01-21T00:00:00+00:00,BTC/USDT,1d,40676.4,41097.6,35420.4,36458.1,27523.25677204
1642809600000,2022-01-22T00:00:00+00:00,BTC/USDT,1d,36454.6,36830.1,34000.0,35063.5,25275.29771466
1642896000000,2022-01-23T00:00:00+00:00,BTC/USDT,1d,35063.5,36545.2,34560.0,36257.6,11543.67746147
1642982400000,2022-01-24T00:00:00+00:00,BTC/USDT,1d,36257.5,38300.0,32928.1,36667.0,26108.11970494
1643068800000,2022-01-25T00:00:00+00:00,BTC/USDT,1d,36666.9,38118.4,35709.5,36952.0,12649.91809102
1643155200000,2022-01-26T00:00:00+00:00,BTC/USDT,1d,36951.9,38900.0,36259.6,36809.9,19953.91037089
1643241600000,2022-01-27T00:00:00+00:00,BTC/USDT,1d,36810.0,37221.8,35524.1,37166.1,9901.33752785
1643328000000,2022-01-28T00:00:00+00:00,BTC/USDT,1d,37166.0,38000.0,36150.0,37717.5,6302.01509706
1643414400000,2022-01-29T00:00:00+00:00,BTC/USDT,1d,37717.5,38737.6,37300.0,38173.8,4555.76638938
1643500800000,2022-01-30T00:00:00+00:00,BTC/USDT,1d,38173.8,38400.9,37354.8,37894.1,3098.31738133
1643587200000,2022-01-31T00:00:00+00:00,BTC/USDT,1d,37894.1,38750.2,36638.0,38468.0,5873.83790807
1643673600000,2022-02-01T00:00:00+00:00,BTC/USDT,1d,38468.0,39300.0,38001.0,38700.0,4795.07525497
1643760000000,2022-02-02T00:00:00+00:00,BTC/USDT,1d,38700.0,38855.6,36577.0,36899.8,5163.64052049
1643846400000,2022-02-03T00:00:00+00:00,BTC/USDT,1d,36899.8,37931.6,36254.0,37320.5,5887.09364176
1643932800000,2022-02-04T00:00:00+00:00,BTC/USDT,1d,37320.4,41745.6,37000.0,41574.0,11658.14426065
1644019200000,2022-02-05T00:00:00+00:00,BTC/USDT,1d,41575.9,41920.0,40947.5,41390.1,4626.77674449
1644105600000,2022-02-06T00:00:00+00:00,BTC/USDT,1d,41390.1,42718.4,41114.1,42380.4,3660.83636871
1644192000000,2022-02-07T00:00:00+00:00,BTC/USDT,1d,42380.4,44515.5,41650.0,43846.0,8429.85441136
1644278400000,2022-02-08T00:00:00+00:00,BTC/USDT,1d,43846.0,45486.0,42668.1,44039.9,11013.32353911
1644364800000,2022-02-09T00:00:00+00:00,BTC/USDT,1d,44041.2,44822.9,43128.0,44378.7,5127.17759666
1644451200000,2022-02-10T00:00:00+00:00,BTC/USDT,1d,44378.8,45832.2,43166.4,43490.7,13020.22698165
1644537600000,2022-02-11T00:00:00+00:00,BTC/USDT,1d,43492.0,43923.9,41928.6,42377.6,7802.54759753
1644624000000,2022-02-12T00:00:00+00:00,BTC/USDT,1d,42376.0,43000.0,41708.9,42216.1,4607.62355486
1644710400000,2022-02-13T00:00:00+00:00,BTC/USDT,1d,42217.1,42771.9,41868.7,42053.9,3226.25242462
1644796800000,2022-02-14T00:00:00+00:00,BTC/USDT,1d,42053.9,42836.9,41555.5,42532.5,5831.63689163
1644883200000,2022-02-15T00:00:00+00:00,BTC/USDT,1d,42532.5,44761.3,42419.8,44549.9,5797.71592276
1644969600000,2022-02-16T00:00:00+00:00,BTC/USDT,1d,44550.0,44559.9,43318.1,43880.1,4123.04818911
1645056000000,2022-02-17T00:00:00+00:00,BTC/USDT,1d,43880.1,44153.9,40060.0,40514.2,8331.69782449
1645142400000,2022-02-18T00:00:00+00:00,BTC/USDT,1d,40514.2,40958.0,39447.1,39984.1,7335.98368783
1645228800000,2022-02-19T00:00:00+00:00,BTC/USDT,1d,39984.0,40446.4,39642.8,40072.5,2943.19105055
1645315200000,2022-02-20T00:00:00+00:00,BTC/USDT,1d,40072.6,40118.9,37955.5,38380.0,4993.21142367
1645401600000,2022-02-21T00:00:00+00:00,BTC/USDT,1d,38380.0,39493.9,36800.0,37012.6,12199.88324444
1645488000000,2022-02-22T00:00:00+00:00,BTC/USDT,1d,37012.7,38433.0,36352.0,38234.1,8117.45589667
1645574400000,2022-02-23T00:00:00+00:00,BTC/USDT,1d,38234.1,39250.0,37038.9,37248.0,6817.46029075
1645660800000,2022-02-24T00:00:00+00:00,BTC/USDT,1d,37247.9,39871.3,34322.0,38332.0,24736.32714941
1645747200000,2022-02-25T00:00:00+00:00,BTC/USDT,1d,38331.6,39692.0,38023.6,39222.0,7986.69449622
1645833600000,2022-02-26T00:00:00+00:00,BTC/USDT,1d,39222.0,40308.0,38584.8,39108.0,5174.86231705
1645920000000,2022-02-27T00:00:00+00:00,BTC/USDT,1d,39108.3,39860.0,36965.8,37698.0,9972.69838271
1646006400000,2022-02-28T00:00:00+00:00,BTC/USDT,1d,37697.9,44215.8,37450.1,43171.2,14797.8226169
1646092800000,2022-03-01T00:00:00+00:00,BTC/USDT,1d,43171.1,44949.6,42833.4,44400.0,10280.94621428
1646179200000,2022-03-02T00:00:00+00:00,BTC/USDT,1d,44400.0,45333.0,43341.8,43904.1,8696.85268421
1646265600000,2022-03-03T00:00:00+00:00,BTC/USDT,1d,43904.1,44085.9,41836.0,42454.1,6790.75882335
1646352000000,2022-03-04T00:00:00+00:00,BTC/USDT,1d,42454.1,42522.0,38555.0,39140.0,11014.14256401
1646438400000,2022-03-05T00:00:00+00:00,BTC/USDT,1d,39140.0,39611.0,38576.0,39394.0,4210.0862948
1646524800000,2022-03-06T00:00:00+00:00,BTC/USDT,1d,39394.0,39700.0,38092.0,38415.0,5414.75608799
1646611200000,2022-03-07T00:00:00+00:00,BTC/USDT,1d,38415.0,39550.0,37158.8,37995.0,9422.93630218
1646697600000,2022-03-08T00:00:00+00:00,BTC/USDT,1d,37995.0,39363.4,37877.3,38733.6,7766.81275915
1646784000000,2022-03-09T00:00:00+00:00,BTC/USDT,1d,38733.5,42583.5,38660.2,41951.9,11357.93947818
1646870400000,2022-03-10T00:00:00+00:00,BTC/USDT,1d,41949.0,42044.0,38550.0,39419.6,15110.31933136
1646956800000,2022-03-11T00:00:00+00:00,BTC/USDT,1d,39419.6,40239.0,38227.5,38735.1,9247.23423198
1647043200000,2022-03-12T00:00:00+00:00,BTC/USDT,1d,38735.1,39460.3,38666.6,38806.1,3255.26951759
1647129600000,2022-03-13T00:00:00+00:00,BTC/USDT,1d,38806.1,39307.0,37573.8,37779.9,4713.11966856
1647216000000,2022-03-14T00:00:00+00:00,BTC/USDT,1d,37780.0,39936.0,37554.8,39676.2,8275.13939424
1647302400000,2022-03-15T00:00:00+00:00,BTC/USDT,1d,39676.1,39897.9,38111.0,39289.1,7809.58047303
1647388800000,2022-03-16T00:00:00+00:00,BTC/USDT,1d,39288.7,41738.1,38820.0,41119.9,23652.96624046
1647475200000,2022-03-17T00:00:00+00:00,BTC/USDT,1d,41120.0,41476.9,40512.9,40917.9,6888.56571857
1647561600000,2022-03-18T00:00:00+00:00,BTC/USDT,1d,40918.0,42311.0,40144.9,41761.2,8551.60429425
1647648000000,2022-03-19T00:00:00+00:00,BTC/USDT,1d,41761.1,42398.0,41515.1,42205.2,6021.70490213
1647734400000,2022-03-20T00:00:00+00:00,BTC/USDT,1d,42204.7,42290.7,40909.7,41262.0,6621.8036546
1647820800000,2022-03-21T00:00:00+00:00,BTC/USDT,1d,41263.0,41530.0,40480.0,41008.0,9558.77318444
1647907200000,2022-03-22T00:00:00+00:00,BTC/USDT,1d,41008.0,43370.0,40880.0,42359.5,13832.22844809
1647993600000,2022-03-23T00:00:00+00:00,BTC/USDT,1d,42359.5,43020.0,41756.1,42884.1,7826.14818033
1648080000000,2022-03-24T00:00:00+00:00,BTC/USDT,1d,42884.1,44216.0,42590.0,43994.2,9510.25475408
1648166400000,2022-03-25T00:00:00+00:00,BTC/USDT,1d,43994.2,45080.0,43584.0,44312.7,9361.45761573
1648252800000,2022-03-26T00:00:00+00:00,BTC/USDT,1d,44312.8,44789.6,44079.9,44520.1,3647.55866493
1648339200000,2022-03-27T00:00:00+00:00,BTC/USDT,1d,44520.0,46942.0,44432.0,46824.1,8681.46752381
1648425600000,2022-03-28T00:00:00+00:00,BTC/USDT,1d,46824.1,48184.8,46665.2,47127.9,9831.73479559
1648512000000,2022-03-29T00:00:00+00:00,BTC/USDT,1d,47128.0,48075.0,46956.1,47440.0,9552.62624495
1648598400000,2022-03-30T00:00:00+00:00,BTC/USDT,1d,47438.8,47690.0,46544.0,47059.9,9134.33174036
1648684800000,2022-03-31T00:00:00+00:00,BTC/USDT,1d,47060.0,47610.0,45200.0,45513.3,9507.31232792
1648771200000,2022-04-01T00:00:00+00:00,BTC/USDT,1d,45513.3,46707.8,44219.6,46278.0,10800.13230933
1648857600000,2022-04-02T00:00:00+00:00,BTC/USDT,1d,46277.9,47204.3,45620.0,45809.4,7216.05780929
1648944000000,2022-04-03T00:00:00+00:00,BTC/USDT,1d,45809.4,47440.0,45520.0,46409.9,5535.65799429
1649030400000,2022-04-04T00:00:00+00:00,BTC/USDT,1d,46410.0,46886.6,45120.0,46587.7,7595.58050241
1649116800000,2022-04-05T00:00:00+00:00,BTC/USDT,1d,46587.7,47189.5,45362.7,45496.4,6964.47988812
1649203200000,2022-04-06T00:00:00+00:00,BTC/USDT,1d,45499.1,45501.9,43119.1,43170.8,13293.26335019
1649289600000,2022-04-07T00:00:00+00:00,BTC/USDT,1d,43170.8,43897.9,42726.6,43446.3,7934.83653169
1649376000000,2022-04-08T00:00:00+00:00,BTC/USDT,1d,43440.1,43980.0,42112.0,42260.0,9641.85049765
1649462400000,2022-04-09T00:00:00+00:00,BTC/USDT,1d,42260.0,42795.0,42128.0,42748.8,5254.33261058
1649548800000,2022-04-10T00:00:00+00:00,BTC/USDT,1d,42748.9,43408.5,41870.0,42149.4,6276.92345878
1649635200000,2022-04-11T00:00:00+00:00,BTC/USDT,1d,42149.3,42410.0,39190.0,39520.0,13473.99996538
1649721600000,2022-04-12T00:00:00+00:00,BTC/USDT,1d,39520.0,40692.3,39261.1,40076.4,12430.44039549
1649808000000,2022-04-13T00:00:00+00:00,BTC/USDT,1d,40076.3,41555.0,39593.8,41140.0,10193.17273457
1649894400000,2022-04-14T00:00:00+00:00,BTC/USDT,1d,41139.9,41489.2,39497.5,39941.3,7569.41509989
1649980800000,2022-04-15T00:00:00+00:00,BTC/USDT,1d,39941.3,40863.1,39770.0,40550.0,4937.28770046
1650067200000,2022-04-16T00:00:00+00:00,BTC/USDT,1d,40550.0,40700.0,40000.0,40377.3,2962.92315525
1650153600000,2022-04-17T00:00:00+00:00,BTC/USDT,1d,40377.3,40592.7,39540.7,39676.0,3163.29533663
1650240000000,2022-04-18T00:00:00+00:00,BTC/USDT,1d,39675.1,41100.0,38519.4,40794.4,8752.92426319
1650326400000,2022-04-19T00:00:00+00:00,BTC/USDT,1d,40794.4,41754.3,40570.0,41489.3,4274.26422095
1650412800000,2022-04-20T00:00:00+00:00,BTC/USDT,1d,41489.3,42207.4,40855.0,41369.9,6016.24212447
1650499200000,2022-04-21T00:00:00+00:00,BTC/USDT,1d,41367.8,42970.0,39747.8,40476.0,7726.97557795
1650585600000,2022-04-22T00:00:00+00:00,BTC/USDT,1d,40476.0,40789.3,39172.1,39714.8,6031.25081179
1650672000000,2022-04-23T00:00:00+00:00,BTC/USDT,1d,39714.7,40000.0,39289.3,39442.6,2991.21072928
1650758400000,2022-04-24T00:00:00+00:00,BTC/USDT,1d,39442.5,39948.2,38928.9,39454.9,4847.73624121
1650844800000,2022-04-25T00:00:00+00:00,BTC/USDT,1d,39454.9,40616.0,38166.0,40433.0,9810.43210854
1650931200000,2022-04-26T00:00:00+00:00,BTC/USDT,1d,40433.1,40801.0,37700.0,38112.8,9391.77654739
1651017600000,2022-04-27T00:00:00+00:00,BTC/USDT,1d,38112.7,39472.6,37880.0,39234.3,6886.0693522
1651104000000,2022-04-28T00:00:00+00:00,BTC/USDT,1d,39234.3,40423.4,38877.5,39744.3,7304.82718841
1651190400000,2022-04-29T00:00:00+00:00,BTC/USDT,1d,39744.2,39926.0,38174.5,38598.6,5817.50155625
1651276800000,2022-04-30T00:00:00+00:00,BTC/USDT,1d,38598.6,38783.3,37563.1,37638.1,4623.05641662
1651363200000,2022-05-01T00:00:00+00:00,BTC/USDT,1d,37638.0,38700.0,37386.0,38468.4,3670.11023693
1651449600000,2022-05-02T00:00:00+00:00,BTC/USDT,1d,38466.5,39168.4,38061.6,38529.9,5854.88926591
1651536000000,2022-05-03T00:00:00+00:00,BTC/USDT,1d,38530.0,38648.0,37520.0,37727.4,3528.78995097
1651622400000,2022-05-04T00:00:00+00:00,BTC/USDT,1d,37727.4,40033.3,37666.4,39698.2,9799.1074359
1651708800000,2022-05-05T00:00:00+00:00,BTC/USDT,1d,39698.2,39854.7,35555.0,36550.0,16289.77126824
1651795200000,2022-05-06T00:00:00+00:00,BTC/USDT,1d,36549.9,36666.0,35257.5,36010.0,13222.61608604
1651881600000,2022-05-07T00:00:00+00:00,BTC/USDT,1d,36009.9,36143.0,34780.0,35481.8,5367.20601912
1651968000000,2022-05-08T00:00:00+00:00,BTC/USDT,1d,35482.6,35516.2,33688.0,34048.4,16664.32325766
1652054400000,2022-05-09T00:00:00+00:00,BTC/USDT,1d,34048.2,34256.2,30035.0,30084.9,37649.91972145
1652140800000,2022-05-10T00:00:00+00:00,BTC/USDT,1d,30077.2,32650.0,29735.7,31014.6,22949.4192156
1652227200000,2022-05-11T00:00:00+00:00,BTC/USDT,1d,31011.7,32167.9,27790.9,29094.0,46508.52472641
1652313600000,2022-05-12T00:00:00+00:00,BTC/USDT,1d,29089.5,30224.4,26700.0,29037.8,44029.09926381
1652400000000,2022-05-13T00:00:00+00:00,BTC/USDT,1d,29028.8,31073.0,28762.6,29291.0,15432.32593944
1652486400000,2022-05-14T00:00:00+00:00,BTC/USDT,1d,29291.1,30333.3,28635.0,30089.4,8186.64596207
1652572800000,2022-05-15T00:00:00+00:00,BTC/USDT,1d,30092.7,31455.0,29417.6,31330.2,7412.85531596
1652659200000,2022-05-16T00:00:00+00:00,BTC/USDT,1d,31330.1,31334.4,29082.9,29874.4,10581.30779512
1652745600000,2022-05-17T00:00:00+00:00,BTC/USDT,1d,29874.4,30788.0,29435.9,30451.8,8861.07414357
1652832000000,2022-05-18T00:00:00+00:00,BTC/USDT,1d,30451.9,30715.0,28650.6,28709.3,11020.40482792
1652918400000,2022-05-19T00:00:00+00:00,BTC/USDT,1d,28716.4,30539.5,28680.4,30318.0,10357.89964694
1653004800000,2022-05-20T00:00:00+00:00,BTC/USDT,1d,30318.0,30777.7,28732.6,29195.0,9205.27763048
1653091200000,2022-05-21T00:00:00+00:00,BTC/USDT,1d,29196.1,29661.2,28950.0,29443.9,2695.67725316
1653177600000,2022-05-22T00:00:00+00:00,BTC/USDT,1d,29444.8,30490.0,29255.5,30295.6,5784.98854778
1653264000000,2022-05-23T00:00:00+00:00,BTC/USDT,1d,30295.6,30671.3,28868.6,29113.3,7634.62028069
1653350400000,2022-05-24T00:00:00+00:00,BTC/USDT,1d,29113.4,29882.7,28666.6,29655.8,5908.68790598
1653436800000,2022-05-25T00:00:00+00:00,BTC/USDT,1d,29655.8,30225.0,29344.0,29542.1,6338.99732354
1653523200000,2022-05-26T00:00:00+00:00,BTC/USDT,1d,29542.1,29888.0,28006.0,29199.5,12232.77290929
1653609600000,2022-05-27T00:00:00+00:00,BTC/USDT,1d,29199.4,29386.2,28290.0,28632.7,10819.88114029
1653696000000,2022-05-28T00:00:00+00:00,BTC/USDT,1d,28631.8,29260.9,28530.0,29026.8,4017.42920419
1653782400000,2022-05-29T00:00:00+00:00,BTC/USDT,1d,29026.9,29588.0,28839.9,29467.1,3590.20245056
1653868800000,2022-05-30T00:00:00+00:00,BTC/USDT,1d,29466.9,32279.9,29309.9,31733.1,12742.80555559
1653955200000,2022-05-31T00:00:00+00:00,BTC/USDT,1d,31733.0,32408.5,31234.0,31798.1,6734.19797899
1654041600000,2022-06-01T00:00:00+00:00,BTC/USDT,1d,31798.2,31980.0,29318.7,29802.0,10317.46267985
1654128000000,2022-06-02T00:00:00+00:00,BTC/USDT,1d,29806.5,30705.0,29589.1,30455.4,5382.42323573
1654214400000,2022-06-03T00:00:00+00:00,BTC/USDT,1d,30455.3,30693.0,29268.7,29700.8,5070.0643099
1654300800000,2022-06-04T00:00:00+00:00,BTC/USDT,1d,29700.8,29982.1,29482.2,29866.0,2147.62542099
1654387200000,2022-06-05T00:00:00+00:00,BTC/USDT,1d,29866.0,30183.0,29531.0,29916.0,2634.15742176
1654473600000,2022-06-06T00:00:00+00:00,BTC/USDT,1d,29919.2,31758.3,29886.3,31370.4,7327.14135992
1654560000000,2022-06-07T00:00:00+00:00,BTC/USDT,1d,31371.2,31579.3,29210.0,31119.4,13459.15072003
1654646400000,2022-06-08T00:00:00+00:00,BTC/USDT,1d,31124.3,31320.0,29852.9,30204.0,8047.89683456
1654732800000,2022-06-09T00:00:00+00:00,BTC/USDT,1d,30204.0,30697.3,29941.2,30104.8,3813.32245215
1654819200000,2022-06-10T00:00:00+00:00,BTC/USDT,1d,30106.6,30370.2,28854.4,29094.0,9665.63846767
1654905600000,2022-06-11T00:00:00+00:00,BTC/USDT,1d,29094.0,29436.7,28102.4,28421.7,6280.90949728
1654992000000,2022-06-12T00:00:00+00:00,BTC/USDT,1d,28421.8,28550.1,26566.4,26579.4,11677.90113138
1655078400000,2022-06-13T00:00:00+00:00,BTC/USDT,1d,26583.2,26892.7,21929.5,22485.3,41510.45345087
1655164800000,2022-06-14T00:00:00+00:00,BTC/USDT,1d,22485.4,23356.0,20845.0,22134.8,35428.28790389
1655251200000,2022-06-15T00:00:00+00:00,BTC/USDT,1d,22134.8,22816.2,20111.0,22581.2,41817.20538619
1655337600000,2022-06-16T00:00:00+00:00,BTC/USDT,1d,22583.0,22992.4,20226.5,20399.1,16877.56411073
1655424000000,2022-06-17T00:00:00+00:00,BTC/USDT,1d,20398.4,21366.0,20245.0,20468.0,14803.02610019
1655510400000,2022-06-18T00:00:00+00:00,BTC/USDT,1d,20468.0,20770.0,17618.0,18971.8,39367.99337311
1655596800000,2022-06-19T00:00:00+00:00,BTC/USDT,1d,18971.9,20825.5,17964.4,20574.5,32529.81038206
1655683200000,2022-06-20T00:00:00+00:00,BTC/USDT,1d,20571.1,21086.9,19637.8,20576.8,16458.4233771
1655769600000,2022-06-21T00:00:00+00:00,BTC/USDT,1d,20578.4,21724.7,20354.3,20722.2,15799.41153333
1655856000000,2022-06-22T00:00:00+00:00,BTC/USDT,1d,20723.4,20895.1,19767.0,19988.9,17064.86798592
1655942400000,2022-06-23T00:00:00+00:00,BTC/USDT,1d,19989.0,21239.5,19889.1,21111.4,14237.21222969
1656028800000,2022-06-24T00:00:00+00:00,BTC/USDT,1d,21111.3,21556.1,20733.4,21237.1,12236.99752768
1656115200000,2022-06-25T00:00:00+00:00,BTC/USDT,1d,21239.9,21612.9,20904.1,21492.1,8547.03834995
1656201600000,2022-06-26T00:00:00+00:00,BTC/USDT,1d,21488.7,21886.0,20960.0,21040.8,10001.42721897
1656288000000,2022-06-27T00:00:00+00:00,BTC/USDT,1d,21040.8,21538.5,20500.0,20736.0,10365.34798226
1656374400000,2022-06-28T00:00:00+00:00,BTC/USDT,1d,20735.9,21213.5,20205.5,20280.4,10166.88235073
1656460800000,2022-06-29T00:00:00+00:00,BTC/USDT,1d,20280.4,20441.3,19857.0,20115.3,11046.72591002
1656547200000,2022-06-30T00:00:00+00:00,BTC/USDT,1d,20119.9,20165.9,18616.0,19945.6,12927.64446924
1656633600000,2022-07-01T00:00:00+00:00,BTC/USDT,1d,19944.7,20934.6,18975.9,19276.5,17568.01259265
1656720000000,2022-07-02T00:00:00+00:00,BTC/USDT,1d,19280.4,19450.0,18980.0,19251.0,6076.96920056
1656806400000,2022-07-03T00:00:00+00:00,BTC/USDT,1d,19250.9,19650.8,18789.3,19317.0,6219.04861235
1656892800000,2022-07-04T00:00:00+00:00,BTC/USDT,1d,19317.0,20358.0,19055.3,20235.9,8683.73985919
1656979200000,2022-07-05T00:00:00+00:00,BTC/USDT,1d,20235.6,20747.6,19301.0,20177.8,12674.74007014
1657065600000,2022-07-06T00:00:00+00:00,BTC/USDT,1d,20177.8,20676.6,19764.2,20564.6,9488.87017925
1657152000000,2022-07-07T00:00:00+00:00,BTC/USDT,1d,20563.0,21839.7,20256.6,21620.2,8999.85712861
1657238400000,2022-07-08T00:00:00+00:00,BTC/USDT,1d,21622.4,22528.9,21189.5,21600.0,13636.04361792
1657324800000,2022-07-09T00:00:00+00:00,BTC/USDT,1d,21594.9,21975.4,21326.5,21591.1,5586.69300931
1657411200000,2022-07-10T00:00:00+00:00,BTC/USDT,1d,21590.6,21605.6,20655.0,20859.7,7023.01034156
1657497600000,2022-07-11T00:00:00+00:00,BTC/USDT,1d,20861.5,20864.3,19878.6,19965.0,7237.82982999
1657584000000,2022-07-12T00:00:00+00:00,BTC/USDT,1d,19964.0,20055.2,19249.7,19331.7,10634.5453999
1657670400000,2022-07-13T00:00:00+00:00,BTC/USDT,1d,19330.8,20353.1,18915.4,20239.5,17555.72638356
1657756800000,2022-07-14T00:00:00+00:00,BTC/USDT,1d,20237.6,20899.0,19620.0,20594.8,12302.23485492
1657843200000,2022-07-15T00:00:00+00:00,BTC/USDT,1d,20591.3,21200.0,20388.0,20831.7,12119.6039734
1657929600000,2022-07-16T00:00:00+00:00,BTC/USDT,1d,20831.8,21588.0,20481.5,21200.0,13708.3333503
1658016000000,2022-07-17T00:00:00+00:00,BTC/USDT,1d,21200.0,21668.0,20755.2,20799.1,10891.75058339
1658102400000,2022-07-18T00:00:00+00:00,BTC/USDT,1d,20799.2,22777.0,20771.3,22437.1,23908.74623951
1658188800000,2022-07-19T00:00:00+00:00,BTC/USDT,1d,22435.3,23836.9,21581.0,23398.4,33467.11394339
1658275200000,2022-07-20T00:00:00+00:00,BTC/USDT,1d,23398.4,24269.7,22912.4,23221.7,23894.03809953
1658361600000,2022-07-21T00:00:00+00:00,BTC/USDT,1d,23221.8,23435.3,22332.9,23153.5,15184.31717973
1658448000000,2022-07-22T00:00:00+00:00,BTC/USDT,1d,23153.4,23752.3,22502.5,22683.6,19115.79906103
1658534400000,2022-07-23T00:00:00+00:00,BTC/USDT,1d,22683.7,22997.2,21950.0,22452.3,14013.2831676
1658620800000,2022-07-24T00:00:00+00:00,BTC/USDT,1d,22453.2,23007.9,22256.0,22581.4,12333.755648
1658707200000,2022-07-25T00:00:00+00:00,BTC/USDT,1d,22581.3,22662.8,21257.0,21310.5,58321.54273771
1658793600000,2022-07-26T00:00:00+00:00,BTC/USDT,1d,21310.6,21350.0,20709.8,21252.6,18174.66339546
1658880000000,2022-07-27T00:00:00+00:00,BTC/USDT,1d,21251.6,23100.6,21044.8,22955.0,15792.60389388
1658966400000,2022-07-28T00:00:00+00:00,BTC/USDT,1d,22955.1,24200.0,22588.4,23846.2,16114.12973584
1659052800000,2022-07-29T00:00:00+00:00,BTC/USDT,1d,23845.2,24444.0,23407.9,23771.5,16386.1269224
1659139200000,2022-07-30T00:00:00+00:00,BTC/USDT,1d,23771.5,24666.0,23501.4,23637.5,11327.7474649
1659225600000,2022-07-31T00:00:00+00:00,BTC/USDT,1d,23637.5,24193.5,23230.8,23297.2,10281.03448939
1659312000000,2022-08-01T00:00:00+00:00,BTC/USDT,1d,23293.5,23499.8,22838.2,23264.5,15154.0817048
1659398400000,2022-08-02T00:00:00+00:00,BTC/USDT,1d,23265.8,23467.8,22646.6,22981.3,14667.58262382
1659484800000,2022-08-03T00:00:00+00:00,BTC/USDT,1d,22982.4,23639.2,22685.9,22822.3,15244.85773369
1659571200000,2022-08-04T00:00:00+00:00,BTC/USDT,1d,22822.2,23219.3,22373.4,22618.9,14063.32957429
1659657600000,2022-08-05T00:00:00+00:00,BTC/USDT,1d,22620.0,23450.0,22590.9,23310.0,24827.77889446
1659744000000,2022-08-06T00:00:00+00:00,BTC/USDT,1d,23311.0,23349.9,22910.5,22948.2,4045.00186727
1659830400000,2022-08-07T00:00:00+00:00,BTC/USDT,1d,22949.1,23398.6,22850.0,23174.1,4680.27362581
1659916800000,2022-08-08T00:00:00+00:00,BTC/USDT,1d,23174.1,24240.7,23157.9,23815.4,15922.9152246
1660003200000,2022-08-09T00:00:00+00:00,BTC/USDT,1d,23815.4,23926.9,22866.0,23147.3,8341.78412118
1660089600000,2022-08-10T00:00:00+00:00,BTC/USDT,1d,23147.3,24200.0,22658.7,23954.6,18586.42129931
1660176000000,2022-08-11T00:00:00+00:00,BTC/USDT,1d,23954.7,24908.2,23857.3,23937.1,23696.8740404
1660262400000,2022-08-12T00:00:00+00:00,BTC/USDT,1d,23937.1,24448.1,23575.3,24400.0,7057.17081057
1660348800000,2022-08-13T00:00:00+00:00,BTC/USDT,1d,24400.0,24880.0,24292.4,24441.2,8548.08562915
1660435200000,2022-08-14T00:00:00+00:00,BTC/USDT,1d,24441.4,25035.3,24140.3,24301.4,8020.74899771
1660521600000,2022-08-15T00:00:00+00:00,BTC/USDT,1d,24301.2,25205.0,23773.1,24095.2,17309.11109258
1660608000000,2022-08-16T00:00:00+00:00,BTC/USDT,1d,24094.6,24243.5,23671.2,23857.2,11300.98080555
1660694400000,2022-08-17T00:00:00+00:00,BTC/USDT,1d,23857.3,24440.2,23180.6,23340.4,14606.56525904
1660780800000,2022-08-18T00:00:00+00:00,BTC/USDT,1d,23340.4,23600.0,23113.0,23193.0,4441.07513788
1660867200000,2022-08-19T00:00:00+00:00,BTC/USDT,1d,23193.1,23201.9,20789.0,20835.1,28658.26842497
1660953600000,2022-08-20T00:00:00+00:00,BTC/USDT,1d,20835.2,21363.4,20767.7,21138.3,11707.28111607
1661040000000,2022-08-21T00:00:00+00:00,BTC/USDT,1d,21138.3,21788.8,21070.0,21515.8,8807.35285789
1661126400000,2022-08-22T00:00:00+00:00,BTC/USDT,1d,21515.8,21542.4,20893.4,21406.8,11126.32203707
1661212800000,2022-08-23T00:00:00+00:00,BTC/USDT,1d,21402.1,21674.5,20888.0,21525.1,9061.6865309
1661299200000,2022-08-24T00:00:00+00:00,BTC/USDT,1d,21525.4,21891.0,21153.0,21366.1,8513.85080963
1661385600000,2022-08-25T00:00:00+00:00,BTC/USDT,1d,21366.2,21812.5,21315.8,21564.2,5191.80933036
1661472000000,2022-08-26T00:00:00+00:00,BTC/USDT,1d,21563.2,21881.6,20087.9,20243.6,23658.64292775
1661558400000,2022-08-27T00:00:00+00:00,BTC/USDT,1d,20242.9,20400.0,19784.9,20036.0,9695.34426387
1661644800000,2022-08-28T00:00:00+00:00,BTC/USDT,1d,20035.5,20164.0,19523.9,19557.1,6705.31062128
1661731200000,2022-08-29T00:00:00+00:00,BTC/USDT,1d,19557.2,20428.0,19555.1,20292.2,7734.87618656
1661817600000,2022-08-30T00:00:00+00:00,BTC/USDT,1d,20291.3,20570.1,19541.2,19807.9,8827.41770823
1661904000000,2022-08-31T00:00:00+00:00,BTC/USDT,1d,19808.0,20488.0,19802.1,20050.7,6748.43799907
1661990400000,2022-09-01T00:00:00+00:00,BTC/USDT,1d,20050.2,20204.3,19566.2,20133.0,6761.73507924
1662076800000,2022-09-02T00:00:00+00:00,BTC/USDT,1d,20131.6,20435.0,19757.9,19954.3,10660.26392613
1662163200000,2022-09-03T00:00:00+00:00,BTC/USDT,1d,19954.3,20050.9,19654.5,19833.7,2746.879407
1662249600000,2022-09-04T00:00:00+00:00,BTC/USDT,1d,19833.7,20023.5,19590.0,20001.1,3643.24866205
1662336000000,2022-09-05T00:00:00+00:00,BTC/USDT,1d,20001.1,20057.7,19637.8,19791.9,3569.33929345
1662422400000,2022-09-06T00:00:00+00:00,BTC/USDT,1d,19792.4,20182.6,18659.3,18792.0,15958.22200032
1662508800000,2022-09-07T00:00:00+00:00,BTC/USDT,1d,18790.2,19457.6,18505.7,19289.1,8691.68904666
1662595200000,2022-09-08T00:00:00+00:00,BTC/USDT,1d,19289.0,19456.7,19012.5,19318.6,9228.95602338
1662681600000,2022-09-09T00:00:00+00:00,BTC/USDT,1d,19318.6,21664.6,19295.5,21364.0,19583.03896674
1662768000000,2022-09-10T00:00:00+00:00,BTC/USDT,1d,21364.0,21800.0,21119.7,21647.7,7374.18802291
1662854400000,2022-09-11T00:00:00+00:00,BTC/USDT,1d,21648.4,21880.0,21352.9,21829.7,5987.19740612
1662940800000,2022-09-12T00:00:00+00:00,BTC/USDT,1d,21829.4,22490.0,21540.9,22396.5,16434.81485214
1663027200000,2022-09-13T00:00:00+00:00,BTC/USDT,1d,22396.6,22800.0,19864.9,20171.8,26658.82434586
1663113600000,2022-09-14T00:00:00+00:00,BTC/USDT,1d,20170.9,20525.0,19615.0,20226.5,10727.83419907
1663200000000,2022-09-15T00:00:00+00:00,BTC/USDT,1d,20226.7,20325.6,19472.9,19699.5,9947.26956682
1663286400000,2022-09-16T00:00:00+00:00,BTC/USDT,1d,19699.5,19890.3,19320.0,19802.8,6184.79109947
1663372800000,2022-09-17T00:00:00+00:00,BTC/USDT,1d,19802.9,20192.0,19752.0,20114.5,6466.34912717
1663459200000,2022-09-18T00:00:00+00:00,BTC/USDT,1d,20114.5,20115.4,19340.0,19413.9,7836.98558529
1663545600000,2022-09-19T00:00:00+00:00,BTC/USDT,1d,19413.9,19684.0,18235.2,19534.6,21414.12861888
1663632000000,2022-09-20T00:00:00+00:00,BTC/USDT,1d,19535.4,19632.3,18727.3,18875.6,7846.2116031
1663718400000,2022-09-21T00:00:00+00:00,BTC/USDT,1d,18875.0,19995.0,18144.5,18462.0,24958.02072977
1663804800000,2022-09-22T00:00:00+00:00,BTC/USDT,1d,18461.1,19526.8,18360.0,19399.4,13905.76528085
1663891200000,2022-09-23T00:00:00+00:00,BTC/USDT,1d,19399.6,19496.0,18533.4,19289.1,9529.86459871
1663977600000,2022-09-24T00:00:00+00:00,BTC/USDT,1d,19289.1,19308.4,18810.2,18921.6,4388.34936304
1664064000000,2022-09-25T00:00:00+00:00,BTC/USDT,1d,18922.2,19188.0,18635.0,18809.2,4667.38438013
1664150400000,2022-09-26T00:00:00+00:00,BTC/USDT,1d,18809.2,19318.9,18687.6,19228.4,7994.17952959
1664236800000,2022-09-27T00:00:00+00:00,BTC/USDT,1d,19228.4,20380.3,18820.0,19080.0,16591.20098355
1664323200000,2022-09-28T00:00:00+00:00,BTC/USDT,1d,19080.1,19777.0,18461.9,19414.1,13501.03949394
1664409600000,2022-09-29T00:00:00+00:00,BTC/USDT,1d,19414.1,19647.8,18842.4,19589.4,10244.83216548
1664496000000,2022-09-30T00:00:00+00:00,BTC/USDT,1d,19589.6,20176.8,19155.4,19421.7,12410.49261114
1664582400000,2022-10-01T00:00:00+00:00,BTC/USDT,1d,19422.6,19481.6,19160.1,19311.3,3289.96599433
1664668800000,2022-10-02T00:00:00+00:00,BTC/USDT,1d,19311.4,19396.7,18920.0,19055.1,4166.70329414
1664755200000,2022-10-03T00:00:00+00:00,BTC/USDT,1d,19055.2,19725.0,18963.7,19629.6,7047.8518702
1664841600000,2022-10-04T00:00:00+00:00,BTC/USDT,1d,19628.6,20462.4,19492.9,20335.1,17599.74992166
1664928000000,2022-10-05T00:00:00+00:00,BTC/USDT,1d,20336.6,20361.3,19731.2,20158.6,6984.38625619
1665014400000,2022-10-06T00:00:00+00:00,BTC/USDT,1d,20158.6,20447.9,19855.7,19961.1,9629.87132448
1665100800000,2022-10-07T00:00:00+00:00,BTC/USDT,1d,19962.1,20052.8,19320.5,19529.6,12547.32167776
1665187200000,2022-10-08T00:00:00+00:00,BTC/USDT,1d,19529.6,19626.2,19215.9,19413.2,3415.16984421
1665273600000,2022-10-09T00:00:00+00:00,BTC/USDT,1d,19413.3,19558.9,19323.0,19441.3,4195.52552379
1665360000000,2022-10-10T00:00:00+00:00,BTC/USDT,1d,19441.3,19522.7,19020.0,19129.1,6183.60880812
1665446400000,2022-10-11T00:00:00+00:00,BTC/USDT,1d,19130.1,19263.9,18849.5,19061.1,10436.38940333
1665532800000,2022-10-12T00:00:00+00:00,BTC/USDT,1d,19060.5,19233.7,18957.1,19155.2,4584.49562982
1665619200000,2022-10-13T00:00:00+00:00,BTC/USDT,1d,19155.2,19507.0,18155.0,19377.8,24275.27266549
1665705600000,2022-10-14T00:00:00+00:00,BTC/USDT,1d,19377.8,19954.8,19075.8,19178.8,9425.70398054
1665792000000,2022-10-15T00:00:00+00:00,BTC/USDT,1d,19178.8,19227.4,18975.7,19070.6,3209.1363286
1665878400000,2022-10-16T00:00:00+00:00,BTC/USDT,1d,19070.5,19421.7,19065.7,19263.4,4062.16437325
1665964800000,2022-10-17T00:00:00+00:00,BTC/USDT,1d,19263.4,19675.2,19160.2,19547.6,6921.25765741
1666051200000,2022-10-18T00:00:00+00:00,BTC/USDT,1d,19547.7,19709.2,19090.1,19330.1,10046.13874378
1666137600000,2022-10-19T00:00:00+00:00,BTC/USDT,1d,19330.0,19358.6,19069.1,19126.9,3866.39233213
1666224000000,2022-10-20T00:00:00+00:00,BTC/USDT,1d,19126.6,19346.2,18902.1,19043.9,5370.89292827
1666310400000,2022-10-21T00:00:00+00:00,BTC/USDT,1d,19043.9,19250.0,18648.9,19161.9,5547.47726559
1666396800000,2022-10-22T00:00:00+00:00,BTC/USDT,1d,19162.1,19252.0,19115.0,19202.7,1644.25154536
1666483200000,2022-10-23T00:00:00+00:00,BTC/USDT,1d,19202.8,19691.9,19070.1,19570.5,3643.0505164
1666569600000,2022-10-24T00:00:00+00:00,BTC/USDT,1d,19570.7,19598.8,19161.0,19332.3,5763.45950799
1666656000000,2022-10-25T00:00:00+00:00,BTC/USDT,1d,19331.4,20412.3,19242.6,20082.5,12318.87841989
1666742400000,2022-10-26T00:00:00+00:00,BTC/USDT,1d,20082.5,21020.5,20053.2,20770.8,16139.97812262
1666828800000,2022-10-27T00:00:00+00:00,BTC/USDT,1d,20769.2,20870.3,20200.0,20290.4,11665.29266333
1666915200000,2022-10-28T00:00:00+00:00,BTC/USDT,1d,20291.5,20746.8,20000.0,20592.5,11215.53794221
1667001600000,2022-10-29T00:00:00+00:00,BTC/USDT,1d,20592.5,21080.0,20556.9,20808.1,11527.32298288
1667088000000,2022-10-30T00:00:00+00:00,BTC/USDT,1d,20808.2,20927.7,20509.7,20626.7,5898.12639578
1667174400000,2022-10-31T00:00:00+00:00,BTC/USDT,1d,20627.0,20846.0,20241.1,20491.0,5725.63191997
1667260800000,2022-11-01T00:00:00+00:00,BTC/USDT,1d,20491.1,20694.6,20332.2,20483.2,4016.30315846
1667347200000,2022-11-02T00:00:00+00:00,BTC/USDT,1d,20484.0,20800.0,20056.5,20151.9,8920.40003597
1667433600000,2022-11-03T00:00:00+00:00,BTC/USDT,1d,20152.0,20393.5,20032.2,20206.3,4257.83656213
1667520000000,2022-11-04T00:00:00+00:00,BTC/USDT,1d,20206.2,21300.0,20184.1,21145.1,11001.82924241
1667606400000,2022-11-05T00:00:00+00:00,BTC/USDT,1d,21145.2,21475.9,21084.2,21300.5,3980.28832379
1667692800000,2022-11-06T00:00:00+00:00,BTC/USDT,1d,21300.4,21362.6,20880.0,20908.9,3771.99758232
1667779200000,2022-11-07T00:00:00+00:00,BTC/USDT,1d,20908.9,21067.3,20385.9,20587.3,5735.01205367
1667865600000,2022-11-08T00:00:00+00:00,BTC/USDT,1d,20587.6,20690.8,16888.0,18545.0,61952.08574557
1667952000000,2022-11-09T00:00:00+00:00,BTC/USDT,1d,18545.1,18585.7,15511.1,15921.0,43418.30915522
1668038400000,2022-11-10T00:00:00+00:00,BTC/USDT,1d,15920.9,18193.4,15753.5,17601.1,29280.19692013
1668124800000,2022-11-11T00:00:00+00:00,BTC/USDT,1d,17601.6,17696.4,16366.0,17063.8,17120.37139548
1668211200000,2022-11-12T00:00:00+00:00,BTC/USDT,1d,17070.0,17120.5,16631.2,16813.1,4794.60121262
1668297600000,2022-11-13T00:00:00+00:00,BTC/USDT,1d,16813.2,16955.0,16241.4,16336.5,5155.41581508
1668384000000,2022-11-14T00:00:00+00:00,BTC/USDT,1d,16333.8,17198.7,15820.0,16623.5,13024.54065223
1668470400000,2022-11-15T00:00:00+00:00,BTC/USDT,1d,16621.7,17125.5,16533.0,16896.8,9914.58113433
1668556800000,2022-11-16T00:00:00+00:00,BTC/USDT,1d,16895.6,17000.0,16381.3,16660.0,7222.8238479
1668643200000,2022-11-17T00:00:00+00:00,BTC/USDT,1d,16660.1,16755.0,16420.0,16692.4,4146.50372129
1668729600000,2022-11-18T00:00:00+00:00,BTC/USDT,1d,16692.5,16988.8,16555.1,16699.1,7419.6720226
1668816000000,2022-11-19T00:00:00+00:00,BTC/USDT,1d,16700.9,16818.6,16557.5,16707.7,2639.95501278
1668902400000,2022-11-20T00:00:00+00:00,BTC/USDT,1d,16702.8,16750.0,16178.0,16282.7,3608.84677394
1668988800000,2022-11-21T00:00:00+00:00,BTC/USDT,1d,16282.1,16331.5,15450.0,15783.5,13036.06732598
1669075200000,2022-11-22T00:00:00+00:00,BTC/USDT,1d,15783.6,16315.3,15624.2,16227.1,8249.56719207
1669161600000,2022-11-23T00:00:00+00:00,BTC/USDT,1d,16227.5,16720.4,16165.4,16606.8,8039.98684439
1669248000000,2022-11-24T00:00:00+00:00,BTC/USDT,1d,16604.9,16810.8,16463.7,16602.8,5402.43417617
1669334400000,2022-11-25T00:00:00+00:00,BTC/USDT,1d,16602.8,16630.3,16350.1,16522.4,4109.42038856
1669420800000,2022-11-26T00:00:00+00:00,BTC/USDT,1d,16520.2,16700.0,16382.9,16458.4,3611.08328023
1669507200000,2022-11-27T00:00:00+00:00,BTC/USDT,1d,16459.7,16598.3,16400.0,16427.4,2443.74399866
1669593600000,2022-11-28T00:00:00+00:00,BTC/USDT,1d,16429.8,16484.3,16000.0,16215.0,5860.8939274
1669680000000,2022-11-29T00:00:00+00:00,BTC/USDT,1d,16215.1,16546.2,16101.4,16442.8,5520.51152866
1669766400000,2022-11-30T00:00:00+00:00,BTC/USDT,1d,16442.8,17255.0,16430.7,17164.8,12956.75286331
1669852800000,2022-12-01T00:00:00+00:00,BTC/USDT,1d,17164.7,17335.5,16865.2,16980.1,6430.40921969
1669939200000,2022-12-02T00:00:00+00:00,BTC/USDT,1d,16979.9,17104.1,16776.8,17091.3,7611.54590571
1670025600000,2022-12-03T00:00:00+00:00,BTC/USDT,1d,17091.4,17169.2,16865.0,16887.1,2656.49051419
1670112000000,2022-12-04T00:00:00+00:00,BTC/USDT,1d,16886.8,17200.0,16883.2,17109.0,6708.63217978
1670198400000,2022-12-05T00:00:00+00:00,BTC/USDT,1d,17109.0,17420.1,16870.7,16966.6,8761.29020221
1670284800000,2022-12-06T00:00:00+00:00,BTC/USDT,1d,16967.4,17110.8,16910.2,17087.9,5179.5741163
1670371200000,2022-12-07T00:00:00+00:00,BTC/USDT,1d,17089.0,17141.4,16686.0,16837.0,4842.2820905
1670457600000,2022-12-08T00:00:00+00:00,BTC/USDT,1d,16837.1,17296.9,16733.3,17226.0,5040.43475247
1670544000000,2022-12-09T00:00:00+00:00,BTC/USDT,1d,17226.0,17353.9,17063.8,17127.2,4201.46264973
1670630400000,2022-12-10T00:00:00+00:00,BTC/USDT,1d,17127.3,17230.0,17092.0,17127.9,1906.40655159
1670716800000,2022-12-11T00:00:00+00:00,BTC/USDT,1d,17128.0,17269.3,17072.1,17082.3,2391.11474393
1670803200000,2022-12-12T00:00:00+00:00,BTC/USDT,1d,17083.1,17238.0,16870.6,17207.1,4472.0002161
1670889600000,2022-12-13T00:00:00+00:00,BTC/USDT,1d,17207.9,17999.0,17083.1,17780.0,11621.98667368
1670976000000,2022-12-14T00:00:00+00:00,BTC/USDT,1d,17780.1,18377.1,17661.0,17806.8,15940.84948469
1671062400000,2022-12-15T00:00:00+00:00,BTC/USDT,1d,17806.8,17851.7,17277.0,17359.2,7182.23100737
1671148800000,2022-12-16T00:00:00+00:00,BTC/USDT,1d,17359.2,17527.5,16530.0,16629.2,12272.75911735
1671235200000,2022-12-17T00:00:00+00:00,BTC/USDT,1d,16631.4,16795.7,16581.8,16778.8,4684.21505897
1671321600000,2022-12-18T00:00:00+00:00,BTC/USDT,1d,16778.8,16900.0,16704.0,16738.7,817.10169051
1671408000000,2022-12-19T00:00:00+00:00,BTC/USDT,1d,16737.5,16812.9,16248.6,16440.0,5859.85938092
1671494400000,2022-12-20T00:00:00+00:00,BTC/USDT,1d,16440.0,17061.4,16400.0,16893.8,7345.26469015
1671580800000,2022-12-21T00:00:00+00:00,BTC/USDT,1d,16894.9,16921.1,16725.5,16830.7,2605.76400592
1671667200000,2022-12-22T00:00:00+00:00,BTC/USDT,1d,16830.5,16867.7,16568.2,16824.4,3708.43160745
1671753600000,2022-12-23T00:00:00+00:00,BTC/USDT,1d,16824.4,16965.7,16722.4,16784.7,4056.97496064
1671840000000,2022-12-24T00:00:00+00:00,BTC/USDT,1d,16784.1,16864.0,16783.9,16837.5,1291.09563218
1671926400000,2022-12-25T00:00:00+00:00,BTC/USDT,1d,16837.6,16856.3,16717.9,16837.7,1720.83972981
1672012800000,2022-12-26T00:00:00+00:00,BTC/USDT,1d,16837.7,16945.8,16793.9,16922.1,2069.04046893
1672099200000,2022-12-27T00:00:00+00:00,BTC/USDT,1d,16922.1,16968.9,16594.0,16706.9,3443.66753345
1672185600000,2022-12-28T00:00:00+00:00,BTC/USDT,1d,16707.0,16783.8,16471.3,16548.9,3781.22274993
1672272000000,2022-12-29T00:00:00+00:00,BTC/USDT,1d,16549.0,16665.0,16493.9,16639.2,3252.7162777
1672358400000,2022-12-30T00:00:00+00:00,BTC/USDT,1d,16639.0,16676.3,16340.9,16613.3,5213.06285489
1672444800000,2022-12-31T00:00:00+00:00,BTC/USDT,1d,16613.3,16644.9,16477.6,16544.9,2142.67063878
1672531200000,2023-01-01T00:00:00+00:00,BTC/USDT,1d,16546.1,16625.0,16502.0,16615.1,1183.63099648
1672617600000,2023-01-02T00:00:00+00:00,BTC/USDT,1d,16615.1,16799.3,16548.1,16673.3,3519.3678197
1672704000000,2023-01-03T00:00:00+00:00,BTC/USDT,1d,16673.3,16774.0,16610.4,16676.8,2446.24479168
1672790400000,2023-01-04T00:00:00+00:00,BTC/USDT,1d,16676.8,16988.0,16655.4,16852.0,5180.0302387
1672876800000,2023-01-05T00:00:00+00:00,BTC/USDT,1d,16852.0,16879.2,16760.1,16832.5,2382.33745742
1672963200000,2023-01-06T00:00:00+00:00,BTC/USDT,1d,16832.5,17034.5,16680.7,16950.6,4263.23719258
1673049600000,2023-01-07T00:00:00+00:00,BTC/USDT,1d,16950.7,16980.0,16908.7,16945.5,1283.06211406
1673136000000,2023-01-08T00:00:00+00:00,BTC/USDT,1d,16945.6,17179.7,16915.0,17129.3,2523.27722002
1673222400000,2023-01-09T00:00:00+00:00,BTC/USDT,1d,17129.3,17395.7,17107.2,17181.2,6496.33183351
1673308800000,2023-01-10T00:00:00+00:00,BTC/USDT,1d,17181.1,17486.4,17150.3,17439.0,4478.85486699
1673395200000,2023-01-11T00:00:00+00:00,BTC/USDT,1d,17439.0,18000.0,17320.9,17945.2,5290.87915966
1673481600000,2023-01-12T00:00:00+00:00,BTC/USDT,1d,17945.1,19112.6,17909.0,18844.2,19383.04289745
1673568000000,2023-01-13T00:00:00+00:00,BTC/USDT,1d,18844.2,20004.0,18715.9,19928.4,12365.85532114
1673654400000,2023-01-14T00:00:00+00:00,BTC/USDT,1d,19928.5,21482.8,19895.0,20950.7,24979.26833161
1673740800000,2023-01-15T00:00:00+00:00,BTC/USDT,1d,20950.7,21063.8,20555.3,20874.4,7576.22711233
1673827200000,2023-01-16T00:00:00+00:00,BTC/USDT,1d,20873.1,21465.3,20603.0,21183.8,13166.34125102
1673913600000,2023-01-17T00:00:00+00:00,BTC/USDT,1d,21183.9,21634.5,20839.7,21125.5,11111.67542555
1674000000000,2023-01-18T00:00:00+00:00,BTC/USDT,1d,21127.0,21664.6,20400.0,20674.2,17923.68056633
1674086400000,2023-01-19T00:00:00+00:00,BTC/USDT,1d,20672.5,21179.1,20660.0,21072.7,5121.22874896
1674172800000,2023-01-20T00:00:00+00:00,BTC/USDT,1d,21072.7,22747.0,20860.4,22665.6,9709.04400774
1674259200000,2023-01-21T00:00:00+00:00,BTC/USDT,1d,22665.7,23379.0,22428.6,22779.0,13097.75263527
1674345600000,2023-01-22T00:00:00+00:00,BTC/USDT,1d,22780.0,23074.4,22306.6,22708.5,7528.72532666
1674432000000,2023-01-23T00:00:00+00:00,BTC/USDT,1d,22708.4,23185.2,22498.1,22914.8,7435.6719079
1674518400000,2023-01-24T00:00:00+00:00,BTC/USDT,1d,22914.9,23159.8,22457.1,22629.6,7434.18357827
1674604800000,2023-01-25T00:00:00+00:00,BTC/USDT,1d,22629.6,23818.7,22332.1,23052.6,11239.30265716
1674691200000,2023-01-26T00:00:00+00:00,BTC/USDT,1d,23060.8,23284.0,22847.6,23010.0,6168.26544179
1674777600000,2023-01-27T00:00:00+00:00,BTC/USDT,1d,23010.1,23500.0,22526.3,23074.8,9040.75025303
1674864000000,2023-01-28T00:00:00+00:00,BTC/USDT,1d,23074.8,23185.0,22879.4,23025.1,3021.35178003
1674950400000,2023-01-29T00:00:00+00:00,BTC/USDT,1d,23025.1,23963.0,22970.7,23740.0,8947.27928478
1675036800000,2023-01-30T00:00:00+00:00,BTC/USDT,1d,23743.7,23798.1,22483.0,22825.1,10643.76820035
1675123200000,2023-01-31T00:00:00+00:00,BTC/USDT,1d,22825.0,23347.7,22718.7,23127.6,5726.48015095
1675209600000,2023-02-01T00:00:00+00:00,BTC/USDT,1d,23130.0,23850.0,22756.0,23728.7,7854.27043964
1675296000000,2023-02-02T00:00:00+00:00,BTC/USDT,1d,23729.0,24252.7,23362.5,23487.8,10390.94119862
1675382400000,2023-02-03T00:00:00+00:00,BTC/USDT,1d,23490.2,23722.5,23211.0,23431.2,6517.11132599
1675468800000,2023-02-04T00:00:00+00:00,BTC/USDT,1d,23431.3,23583.6,23255.4,23324.7,2600.12331388
1675555200000,2023-02-05T00:00:00+00:00,BTC/USDT,1d,23324.8,23432.1,22754.6,22933.1,5733.51178155
1675641600000,2023-02-06T00:00:00+00:00,BTC/USDT,1d,22933.3,23158.5,22617.6,22761.7,4924.61236254
1675728000000,2023-02-07T00:00:00+00:00,BTC/USDT,1d,22761.7,23349.9,22747.1,23246.1,5477.71382262
1675814400000,2023-02-08T00:00:00+00:00,BTC/USDT,1d,23246.1,23457.1,22673.8,22960.0,4908.78650669
1675900800000,2023-02-09T00:00:00+00:00,BTC/USDT,1d,22960.0,23009.9,21678.0,21795.0,13671.27987355
1675987200000,2023-02-10T00:00:00+00:00,BTC/USDT,1d,21795.0,21933.3,21440.0,21628.3,6046.09925541
1676073600000,2023-02-11T00:00:00+00:00,BTC/USDT,1d,21628.4,21898.5,21600.1,21856.2,2260.41472592
1676160000000,2023-02-12T00:00:00+00:00,BTC/USDT,1d,21856.2,22083.5,21628.5,21784.5,4502.11625728
1676246400000,2023-02-13T00:00:00+00:00,BTC/USDT,1d,21784.7,21895.2,21356.5,21776.8,7619.71623502
1676332800000,2023-02-14T00:00:00+00:00,BTC/USDT,1d,21776.9,22319.8,21540.0,22197.9,8562.35202887
1676419200000,2023-02-15T00:00:00+00:00,BTC/USDT,1d,22197.6,24381.4,22048.0,24328.8,12951.84513118
1676505600000,2023-02-16T00:00:00+00:00,BTC/USDT,1d,24329.2,25249.9,23502.4,23512.2,15669.82862391
1676592000000,2023-02-17T00:00:00+00:00,BTC/USDT,1d,23509.8,25025.0,23337.1,24571.8,15295.88751509
1676678400000,2023-02-18T00:00:00+00:00,BTC/USDT,1d,24570.7,24875.0,24427.6,24633.7,3949.17176722
1676764800000,2023-02-19T00:00:00+00:00,BTC/USDT,1d,24633.7,25187.0,24182.1,24276.0,8149.74561749
1676851200000,2023-02-20T00:00:00+00:00,BTC/USDT,1d,24276.1,25129.2,23836.5,24843.1,9606.06387
1676937600000,2023-02-21T00:00:00+00:00,BTC/USDT,1d,24843.0,25320.0,24150.2,24450.0,11161.16223982
1677024000000,2023-02-22T00:00:00+00:00,BTC/USDT,1d,24450.0,24471.0,23579.5,24190.0,8988.90653835
1677110400000,2023-02-23T00:00:00+00:00,BTC/USDT,1d,24190.0,24602.9,23605.3,23938.8,11605.23964794
1677196800000,2023-02-24T00:00:00+00:00,BTC/USDT,1d,23938.9,24131.0,22836.1,23190.1,11990.5529265
1677283200000,2023-02-25T00:00:00+00:00,BTC/USDT,1d,23190.2,23217.8,22729.4,23157.2,5019.02857511
1677369600000,2023-02-26T00:00:00+00:00,BTC/USDT,1d,23157.3,23686.7,23060.7,23557.4,4810.44032196
1677456000000,2023-02-27T00:00:00+00:00,BTC/USDT,1d,23552.7,23891.2,23101.0,23491.2,8356.24149089
1677542400000,2023-02-28T00:00:00+00:00,BTC/USDT,1d,23491.2,23600.0,23025.5,23136.0,4699.05977688
1677628800000,2023-03-01T00:00:00+00:00,BTC/USDT,1d,23143.1,24009.0,23009.7,23632.4,8356.38724014
1677715200000,2023-03-02T00:00:00+00:00,BTC/USDT,1d,23632.0,23792.7,23181.5,23466.0,5511.18257716
1677801600000,2023-03-03T00:00:00+00:00,BTC/USDT,1d,23465.9,23472.9,21898.0,22354.5,17156.07482816
1677888000000,2023-03-04T00:00:00+00:00,BTC/USDT,1d,22354.4,22403.8,22164.5,22349.7,2958.65794217
1677974400000,2023-03-05T00:00:00+00:00,BTC/USDT,1d,22349.6,22666.4,22185.5,22427.6,4206.5210596
1678060800000,2023-03-06T00:00:00+00:00,BTC/USDT,1d,22427.6,22598.0,22261.3,22409.2,5956.77362899
1678147200000,2023-03-07T00:00:00+00:00,BTC/USDT,1d,22409.2,22553.3,21934.6,22201.5,8308.24100926
1678233600000,2023-03-08T00:00:00+00:00,BTC/USDT,1d,22201.5,22287.0,21570.6,21706.7,9010.30149603
1678320000000,2023-03-09T00:00:00+00:00,BTC/USDT,1d,21706.8,21830.0,20037.0,20367.2,20102.01680472
1678406400000,2023-03-10T00:00:00+00:00,BTC/USDT,1d,20364.8,20368.3,19529.7,20152.6,29477.43802602
1678492800000,2023-03-11T00:00:00+00:00,BTC/USDT,1d,20152.6,20688.9,19769.1,20454.7,21906.21116802
1678579200000,2023-03-12T00:00:00+00:00,BTC/USDT,1d,20454.7,22160.0,20263.2,21995.2,16535.95439772
1678665600000,2023-03-13T00:00:00+00:00,BTC/USDT,1d,21995.3,24509.3,21820.7,24116.0,40397.27101346
1678752000000,2023-03-14T00:00:00+00:00,BTC/USDT,1d,24116.1,26424.2,23957.5,24676.0,46895.47498368
1678838400000,2023-03-15T00:00:00+00:00,BTC/USDT,1d,24675.2,25227.1,23873.0,24279.9,26008.82676517
1678924800000,2023-03-16T00:00:00+00:00,BTC/USDT,1d,24279.9,25179.5,24125.2,25005.4,18077.41143903
1679011200000,2023-03-17T00:00:00+00:00,BTC/USDT,1d,25002.1,27768.1,24894.0,27395.6,30760.02435145
1679097600000,2023-03-18T00:00:00+00:00,BTC/USDT,1d,27394.5,27713.8,26565.5,26905.0,15656.15234983
1679184000000,2023-03-19T00:00:00+00:00,BTC/USDT,1d,26905.0,28400.3,26825.6,27966.6,14606.18949344
1679270400000,2023-03-20T00:00:00+00:00,BTC/USDT,1d,27966.3,28490.0,27133.4,27718.5,15769.72184277
1679356800000,2023-03-21T00:00:00+00:00,BTC/USDT,1d,27716.5,28448.8,27300.1,28108.8,12272.48235288
1679443200000,2023-03-22T00:00:00+00:00,BTC/USDT,1d,28104.4,28890.0,26603.6,27249.6,23810.37051319
1679529600000,2023-03-23T00:00:00+00:00,BTC/USDT,1d,27249.7,28775.4,27114.3,28293.7,18433.35854101
1679616000000,2023-03-24T00:00:00+00:00,BTC/USDT,1d,28295.2,28375.0,26976.8,27452.4,17120.42253367
1679702400000,2023-03-25T00:00:00+00:00,BTC/USDT,1d,27452.4,27792.8,27152.8,27462.4,5694.75630012
1679788800000,2023-03-26T00:00:00+00:00,BTC/USDT,1d,27461.8,28221.4,27413.3,27969.9,6716.98725637
1679875200000,2023-03-27T00:00:00+00:00,BTC/USDT,1d,27969.8,28021.2,26503.0,27127.0,11555.28224871
1679961600000,2023-03-28T00:00:00+00:00,BTC/USDT,1d,27127.1,27508.0,26625.8,27265.6,12120.90344906
1680048000000,2023-03-29T00:00:00+00:00,BTC/USDT,1d,27261.6,28644.5,27243.3,28349.3,15022.23902828
1680134400000,2023-03-30T00:00:00+00:00,BTC/USDT,1d,28349.4,29183.7,27680.1,28027.2,16661.40614525
1680220800000,2023-03-31T00:00:00+00:00,BTC/USDT,1d,28027.2,28674.4,27503.0,28466.3,11892.46236668
1680307200000,2023-04-01T00:00:00+00:00,BTC/USDT,1d,28466.4,28831.6,28216.4,28457.0,3736.46632123
1680393600000,2023-04-02T00:00:00+00:00,BTC/USDT,1d,28457.1,28526.0,27850.0,28168.6,5093.2970877
1680480000000,2023-04-03T00:00:00+00:00,BTC/USDT,1d,28170.0,28566.5,27202.9,27801.0,13911.04299865
1680566400000,2023-04-04T00:00:00+00:00,BTC/USDT,1d,27800.1,28445.0,27666.6,28168.8,8089.55044677
1680652800000,2023-04-05T00:00:00+00:00,BTC/USDT,1d,28168.9,28795.0,27808.0,28169.5,10513.45173171
1680739200000,2023-04-06T00:00:00+00:00,BTC/USDT,1d,28167.9,28183.3,27697.5,28034.8,5467.99778321
1680825600000,2023-04-07T00:00:00+00:00,BTC/USDT,1d,28034.7,28103.7,27770.5,27906.6,3438.37494239
1680912000000,2023-04-08T00:00:00+00:00,BTC/USDT,1d,27906.6,28155.7,27862.5,27940.0,3125.15525625
1680998400000,2023-04-09T00:00:00+00:00,BTC/USDT,1d,27940.1,28529.9,27790.0,28318.9,4326.46994885
1681084800000,2023-04-10T00:00:00+00:00,BTC/USDT,1d,28318.9,29843.3,28166.6,29635.9,11514.57183961
1681171200000,2023-04-11T00:00:00+00:00,BTC/USDT,1d,29635.9,30568.9,29590.0,30199.1,12490.53349699
1681257600000,2023-04-12T00:00:00+00:00,BTC/USDT,1d,30199.1,30484.3,29637.1,29887.4,10444.40222686
1681344000000,2023-04-13T00:00:00+00:00,BTC/USDT,1d,29891.6,30595.3,29857.2,30380.6,7230.75405671
1681430400000,2023-04-14T00:00:00+00:00,BTC/USDT,1d,30380.6,31043.4,29970.0,30467.6,13077.41525127
1681516800000,2023-04-15T00:00:00+00:00,BTC/USDT,1d,30467.7,30597.7,30205.4,30294.1,2785.45569584
1681603200000,2023-04-16T00:00:00+00:00,BTC/USDT,1d,30293.0,30556.8,30118.8,30308.5,3676.76031853
1681689600000,2023-04-17T00:00:00+00:00,BTC/USDT,1d,30301.6,30315.8,29233.2,29427.8,8641.67002343
1681776000000,2023-04-18T00:00:00+00:00,BTC/USDT,1d,29427.8,30492.4,29097.6,30380.2,8729.49508948
1681862400000,2023-04-19T00:00:00+00:00,BTC/USDT,1d,30380.8,30414.2,28555.0,28804.3,18555.25486504
1681948800000,2023-04-20T00:00:00+00:00,BTC/USDT,1d,28803.6,29088.8,27999.5,28245.5,12816.73528556
1682035200000,2023-04-21T00:00:00+00:00,BTC/USDT,1d,28246.0,28372.0,27122.9,27260.4,13928.74822691
1682121600000,2023-04-22T00:00:00+00:00,BTC/USDT,1d,27260.7,27883.9,27142.8,27811.4,5444.14420839
1682208000000,2023-04-23T00:00:00+00:00,BTC/USDT,1d,27811.4,27814.2,27300.0,27588.2,4475.02488772
1682294400000,2023-04-24T00:00:00+00:00,BTC/USDT,1d,27588.2,27999.7,26902.6,27508.1,9883.52969617
1682380800000,2023-04-25T00:00:00+00:00,BTC/USDT,1d,27508.2,28387.9,27161.6,28296.5,8467.26299125
1682467200000,2023-04-26T00:00:00+00:00,BTC/USDT,1d,28298.6,30040.1,27219.6,28412.8,29208.71355316
1682553600000,2023-04-27T00:00:00+00:00,BTC/USDT,1d,28412.9,29898.6,28379.0,29473.3,17756.91762292
1682640000000,2023-04-28T00:00:00+00:00,BTC/USDT,1d,29474.5,29593.4,28889.2,29310.1,8103.08078871
1682726400000,2023-04-29T00:00:00+00:00,BTC/USDT,1d,29310.2,29445.0,29031.5,29228.9,3083.99065361
1682812800000,2023-04-30T00:00:00+00:00,BTC/USDT,1d,29229.0,29966.4,29091.0,29239.8,6702.99542764
1682899200000,2023-05-01T00:00:00+00:00,BTC/USDT,1d,29235.8,29337.3,27662.3,28073.1,14426.24079771
1682985600000,2023-05-02T00:00:00+00:00,BTC/USDT,1d,28073.1,28886.3,27870.3,28666.0,9042.5637109
1683072000000,2023-05-03T00:00:00+00:00,BTC/USDT,1d,28666.5,29284.2,28107.2,29033.8,11294.73365787
1683158400000,2023-05-04T00:00:00+00:00,BTC/USDT,1d,29033.0,29380.0,28668.9,28842.0,5802.08937859
1683244800000,2023-05-05T00:00:00+00:00,BTC/USDT,1d,28844.1,29690.2,28732.0,29507.8,10734.43030559
1683331200000,2023-05-06T00:00:00+00:00,BTC/USDT,1d,29507.9,29844.0,28338.2,28848.4,8674.56259565
1683417600000,2023-05-07T00:00:00+00:00,BTC/USDT,1d,28850.0,29150.0,28390.0,28425.2,5567.43057364
1683504000000,2023-05-08T00:00:00+00:00,BTC/USDT,1d,28429.5,28628.4,27239.9,27666.1,14083.23859454
1683590400000,2023-05-09T00:00:00+00:00,BTC/USDT,1d,27666.2,27817.0,27350.0,27629.0,6553.18886011
1683676800000,2023-05-10T00:00:00+00:00,BTC/USDT,1d,27628.3,28318.9,26700.0,27598.8,17489.63961718
1683763200000,2023-05-11T00:00:00+00:00,BTC/USDT,1d,27598.8,27629.1,26701.5,26968.0,10914.19077163
1683849600000,2023-05-12T00:00:00+00:00,BTC/USDT,1d,26969.9,27092.0,25791.7,26794.0,13604.01358192
1683936000000,2023-05-13T00:00:00+00:00,BTC/USDT,1d,26794.0,27052.4,26689.6,26770.9,4093.08166898
1684022400000,2023-05-14T00:00:00+00:00,BTC/USDT,1d,26772.6,27199.0,26554.7,26915.7,4156.81388726
1684108800000,2023-05-15T00:00:00+00:00,BTC/USDT,1d,26914.8,27665.1,26722.7,27164.6,8602.69863816
1684195200000,2023-05-16T00:00:00+00:00,BTC/USDT,1d,27160.8,27302.9,26850.3,27034.0,7301.20960821
1684281600000,2023-05-17T00:00:00+00:00,BTC/USDT,1d,27033.4,27548.3,26536.8,27405.3,9601.59107765
1684368000000,2023-05-18T00:00:00+00:00,BTC/USDT,1d,27405.3,27482.8,26361.3,26818.6,8415.76584212
1684454400000,2023-05-19T00:00:00+00:00,BTC/USDT,1d,26818.6,27197.1,26616.0,26885.3,5049.21063922
1684540800000,2023-05-20T00:00:00+00:00,BTC/USDT,1d,26884.9,27150.1,26829.5,27104.6,2315.9284607
1684627200000,2023-05-21T00:00:00+00:00,BTC/USDT,1d,27104.6,27285.0,26654.8,26745.6,4405.64699144
1684713600000,2023-05-22T00:00:00+00:00,BTC/USDT,1d,26745.6,27112.6,26537.0,26847.6,5951.39015994
1684800000000,2023-05-23T00:00:00+00:00,BTC/USDT,1d,26847.7,27500.0,26797.3,27225.4,9529.84103366
1684886400000,2023-05-24T00:00:00+00:00,BTC/USDT,1d,27225.4,27225.4,26077.7,26327.8,13733.36837028
1684972800000,2023-05-25T00:00:00+00:00,BTC/USDT,1d,26326.9,26636.9,25868.0,26472.8,8042.5510753
1685059200000,2023-05-26T00:00:00+00:00,BTC/USDT,1d,26472.7,26939.9,26333.3,26704.3,6043.83560353
1685145600000,2023-05-27T00:00:00+00:00,BTC/USDT,1d,26704.3,26888.0,26551.4,26855.4,2484.98768617
1685232000000,2023-05-28T00:00:00+00:00,BTC/USDT,1d,26855.4,28277.7,26762.9,28069.2,10800.22676178
1685318400000,2023-05-29T00:00:00+00:00,BTC/USDT,1d,28069.3,28454.9,27531.8,27737.4,8693.8685545
1685404800000,2023-05-30T00:00:00+00:00,BTC/USDT,1d,27737.4,28043.8,27556.4,27696.3,5353.64544158
1685491200000,2023-05-31T00:00:00+00:00,BTC/USDT,1d,27696.4,27843.2,26829.7,27210.0,11235.40886761
1685577600000,2023-06-01T00:00:00+00:00,BTC/USDT,1d,27210.0,27349.6,26606.2,26818.2,6854.77007684
1685664000000,2023-06-02T00:00:00+00:00,BTC/USDT,1d,26818.3,27297.7,26502.4,27241.5,7063.25855332
1685750400000,2023-06-03T00:00:00+00:00,BTC/USDT,1d,27241.5,27333.0,26917.2,27069.2,2762.29275007
1685836800000,2023-06-04T00:00:00+00:00,BTC/USDT,1d,27069.2,27466.1,26949.9,27118.1,3416.91896145
1685923200000,2023-06-05T00:00:00+00:00,BTC/USDT,1d,27118.1,27127.7,25379.3,25727.8,18936.73158335
1686009600000,2023-06-06T00:00:00+00:00,BTC/USDT,1d,25727.9,27365.0,25350.0,27234.9,19089.46479377
1686096000000,2023-06-07T00:00:00+00:00,BTC/USDT,1d,27234.9,27399.3,26126.0,26340.2,14495.56032985
1686182400000,2023-06-08T00:00:00+00:00,BTC/USDT,1d,26340.4,26850.0,26211.6,26500.8,5252.77980322
1686268800000,2023-06-09T00:00:00+00:00,BTC/USDT,1d,26501.3,26780.7,26276.8,26482.9,5912.94618579
1686355200000,2023-06-10T00:00:00+00:00,BTC/USDT,1d,26483.1,26534.0,25348.7,25839.6,19334.96792249
1686441600000,2023-06-11T00:00:00+00:00,BTC/USDT,1d,25839.6,26206.0,25637.6,25929.2,5370.9141712
1686528000000,2023-06-12T00:00:00+00:00,BTC/USDT,1d,25929.3,26104.6,25608.8,25904.7,6281.67623971
1686614400000,2023-06-13T00:00:00+00:00,BTC/USDT,1d,25904.7,26438.0,25721.4,25938.1,10299.26826034
1686700800000,2023-06-14T00:00:00+00:00,BTC/USDT,1d,25938.0,26098.3,24791.0,25129.1,11444.94965374
1686787200000,2023-06-15T00:00:00+00:00,BTC/USDT,1d,25129.1,25760.0,24783.0,25597.5,13665.96642511
1686873600000,2023-06-16T00:00:00+00:00,BTC/USDT,1d,25597.5,26529.0,25171.2,26345.8,12392.85565349
1686960000000,2023-06-17T00:00:00+00:00,BTC/USDT,1d,26345.8,26880.0,26182.8,26515.5,8246.78108536
1687046400000,2023-06-18T00:00:00+00:00,BTC/USDT,1d,26515.4,26705.7,26255.1,26345.5,5031.88536458
1687132800000,2023-06-19T00:00:00+00:00,BTC/USDT,1d,26345.4,27087.7,26258.1,26845.1,8926.05466259
1687219200000,2023-06-20T00:00:00+00:00,BTC/USDT,1d,26845.1,28405.2,26656.0,28303.3,20622.16756728
1687305600000,2023-06-21T00:00:00+00:00,BTC/USDT,1d,28303.4,30819.7,28259.4,29998.1,33845.87306736
1687392000000,2023-06-22T00:00:00+00:00,BTC/USDT,1d,29998.2,30507.8,29531.1,29888.0,14019.64257716
1687478400000,2023-06-23T00:00:00+00:00,BTC/USDT,1d,29886.9,31456.0,29800.0,30690.2,23415.76204488
1687564800000,2023-06-24T00:00:00+00:00,BTC/USDT,1d,30690.3,30800.1,30253.2,30530.0,6192.34309357
1687651200000,2023-06-25T00:00:00+00:00,BTC/USDT,1d,30530.0,31044.5,30280.0,30467.5,7183.47376469
1687737600000,2023-06-26T00:00:00+00:00,BTC/USDT,1d,30467.6,30661.0,29913.2,30267.6,11178.15733554
1687824000000,2023-06-27T00:00:00+00:00,BTC/USDT,1d,30267.7,30999.0,30230.1,30692.9,11143.35931383
1687910400000,2023-06-28T00:00:00+00:00,BTC/USDT,1d,30693.0,30708.9,29843.0,30073.0,10040.23987981
1687996800000,2023-06-29T00:00:00+00:00,BTC/USDT,1d,30072.9,30839.9,30047.3,30453.5,8671.24861224
1688083200000,2023-06-30T00:00:00+00:00,BTC/USDT,1d,30453.6,31290.0,29419.0,30475.5,27585.73130541
1688169600000,2023-07-01T00:00:00+00:00,BTC/USDT,1d,30475.4,30665.6,30325.2,30588.1,3302.29249303
1688256000000,2023-07-02T00:00:00+00:00,BTC/USDT,1d,30588.1,30800.4,30162.7,30615.6,4657.63611976
1688342400000,2023-07-03T00:00:00+00:00,BTC/USDT,1d,30615.7,31389.0,30572.0,31161.0,9296.69087893
1688428800000,2023-07-04T00:00:00+00:00,BTC/USDT,1d,31161.1,31324.9,30625.3,30765.9,5907.51037328
1688515200000,2023-07-05T00:00:00+00:00,BTC/USDT,1d,30766.0,30877.5,30200.0,30505.0,6271.99985787
1688601600000,2023-07-06T00:00:00+00:00,BTC/USDT,1d,30505.0,31550.0,29855.0,29893.0,16248.72379883
1688688000000,2023-07-07T00:00:00+00:00,BTC/USDT,1d,29893.1,30451.0,29705.2,30344.8,7652.3613617
1688774400000,2023-07-08T00:00:00+00:00,BTC/USDT,1d,30344.9,30383.3,30043.6,30286.3,2488.3106344
1688860800000,2023-07-09T00:00:00+00:00,BTC/USDT,1d,30286.4,30454.0,30067.1,30162.8,2598.51549474
1688947200000,2023-07-10T00:00:00+00:00,BTC/USDT,1d,30164.9,31045.7,29946.7,30414.2,8599.93905417
1689033600000,2023-07-11T00:00:00+00:00,BTC/USDT,1d,30414.2,30812.5,30291.4,30622.0,6577.38366801
1689120000000,2023-07-12T00:00:00+00:00,BTC/USDT,1d,30622.0,30980.0,30211.0,30381.5,8467.56710013
1689206400000,2023-07-13T00:00:00+00:00,BTC/USDT,1d,30381.5,31830.0,30257.1,31454.5,17625.281337
1689292800000,2023-07-14T00:00:00+00:00,BTC/USDT,1d,31456.3,31637.8,29900.7,30310.1,14333.23763717
1689379200000,2023-07-15T00:00:00+00:00,BTC/USDT,1d,30310.1,30395.0,30234.0,30291.8,3307.85415115
1689465600000,2023-07-16T00:00:00+00:00,BTC/USDT,1d,30291.9,30440.0,30059.6,30231.3,4383.97025564
1689552000000,2023-07-17T00:00:00+00:00,BTC/USDT,1d,30231.4,30330.8,29653.1,30136.3,7124.68128446
1689638400000,2023-07-18T00:00:00+00:00,BTC/USDT,1d,30136.3,30239.6,29500.0,29858.0,7789.60372086
1689724800000,2023-07-19T00:00:00+00:00,BTC/USDT,1d,29858.1,30187.7,29757.4,29911.8,4604.064294
1689811200000,2023-07-20T00:00:00+00:00,BTC/USDT,1d,29911.7,30416.0,29560.7,29808.3,7712.91930234
1689897600000,2023-07-21T00:00:00+00:00,BTC/USDT,1d,29808.4,30059.0,29721.5,29900.4,4114.18001098
1689984000000,2023-07-22T00:00:00+00:00,BTC/USDT,1d,29900.4,29997.7,29630.0,29787.5,2378.36457364
1690070400000,2023-07-23T00:00:00+00:00,BTC/USDT,1d,29787.5,30350.0,29730.0,30082.8,3292.37681117
1690156800000,2023-07-24T00:00:00+00:00,BTC/USDT,1d,30082.8,30100.0,28866.7,29177.4,12326.21205421
1690243200000,2023-07-25T00:00:00+00:00,BTC/USDT,1d,29177.4,29374.0,29053.8,29226.6,3863.49142036
1690329600000,2023-07-26T00:00:00+00:00,BTC/USDT,1d,29226.7,29679.0,29100.0,29351.1,7388.62999208
1690416000000,2023-07-27T00:00:00+00:00,BTC/USDT,1d,29351.2,29566.4,29084.7,29222.1,4354.17798659
1690502400000,2023-07-28T00:00:00+00:00,BTC/USDT,1d,29222.2,29539.6,29129.5,29314.8,4152.70707979
1690588800000,2023-07-29T00:00:00+00:00,BTC/USDT,1d,29314.9,29407.7,29256.3,29352.1,1697.79120247
1690675200000,2023-07-30T00:00:00+00:00,BTC/USDT,1d,29352.2,29448.8,29030.0,29282.1,2921.49655607
1690761600000,2023-07-31T00:00:00+00:00,BTC/USDT,1d,29282.1,29530.0,29111.1,29233.3,4009.75547808
1690848000000,2023-08-01T00:00:00+00:00,BTC/USDT,1d,29233.2,29739.3,28570.1,29707.1,10000.83505762
1690934400000,2023-08-02T00:00:00+00:00,BTC/USDT,1d,29708.0,30039.6,28923.8,29184.6,11540.68365428
1691020800000,2023-08-03T00:00:00+00:00,BTC/USDT,1d,29184.5,29430.4,28970.0,29192.4,4503.98229618
1691107200000,2023-08-04T00:00:00+00:00,BTC/USDT,1d,29192.5,29329.1,28802.2,29112.9,4764.60488652
1691193600000,2023-08-05T00:00:00+00:00,BTC/USDT,1d,29112.9,29152.9,28981.3,29072.0,2268.68275035
1691280000000,2023-08-06T00:00:00+00:00,BTC/USDT,1d,29072.1,29200.0,28989.6,29086.8,2002.23188258
1691366400000,2023-08-07T00:00:00+00:00,BTC/USDT,1d,29086.9,29279.0,28701.0,29214.3,4844.62498085
1691452800000,2023-08-08T00:00:00+00:00,BTC/USDT,1d,29214.4,30242.7,29144.8,29773.2,8971.68130564
1691539200000,2023-08-09T00:00:00+00:00,BTC/USDT,1d,29771.2,30137.9,29375.9,29583.9,6653.32018671
1691625600000,2023-08-10T00:00:00+00:00,BTC/USDT,1d,29584.0,29733.4,29330.2,29455.2,5733.77973025
1691712000000,2023-08-11T00:00:00+00:00,BTC/USDT,1d,29455.3,29566.4,29250.8,29429.6,4404.42856557
1691798400000,2023-08-12T00:00:00+00:00,BTC/USDT,1d,29429.6,29483.6,29379.2,29430.1,1736.9516066
1691884800000,2023-08-13T00:00:00+00:00,BTC/USDT,1d,29430.1,29468.1,29271.7,29302.0,2144.31988158
1691971200000,2023-08-14T00:00:00+00:00,BTC/USDT,1d,29302.1,29695.0,29100.0,29432.0,6353.94835747
1692057600000,2023-08-15T00:00:00+00:00,BTC/USDT,1d,29432.0,29497.7,29076.9,29201.4,5339.28950549
1692144000000,2023-08-16T00:00:00+00:00,BTC/USDT,1d,29201.4,29259.7,28721.0,28730.8,7261.73696005
1692230400000,2023-08-17T00:00:00+00:00,BTC/USDT,1d,28730.9,28779.1,24220.0,26621.0,40450.70584616
1692316800000,2023-08-18T00:00:00+00:00,BTC/USDT,1d,26620.1,26822.7,25600.1,26055.6,19998.34285663
1692403200000,2023-08-19T00:00:00+00:00,BTC/USDT,1d,26055.6,26274.7,25805.7,26101.8,4468.47546776
1692489600000,2023-08-20T00:00:00+00:00,BTC/USDT,1d,26101.8,26299.8,25971.1,26190.8,2815.83193031
1692576000000,2023-08-21T00:00:00+00:00,BTC/USDT,1d,26190.8,26260.0,25813.2,26128.1,5571.40956328
1692662400000,2023-08-22T00:00:00+00:00,BTC/USDT,1d,26128.1,26142.5,25320.0,26056.7,6544.17216647
1692748800000,2023-08-23T00:00:00+00:00,BTC/USDT,1d,26056.8,26816.4,25818.0,26436.1,9804.9556598
1692835200000,2023-08-24T00:00:00+00:00,BTC/USDT,1d,26433.0,26573.3,25861.1,26179.9,6379.44695155
1692921600000,2023-08-25T00:00:00+00:00,BTC/USDT,1d,26179.9,26309.9,25782.2,26061.6,5031.60226948
1693008000000,2023-08-26T00:00:00+00:00,BTC/USDT,1d,26061.7,26124.3,25989.6,26022.2,1141.58742058
1693094400000,2023-08-27T00:00:00+00:00,BTC/USDT,1d,26022.2,26179.8,25971.7,26102.0,1357.5228308
1693180800000,2023-08-28T00:00:00+00:00,BTC/USDT,1d,26102.0,26250.0,25864.5,26116.1,3369.43873728
1693267200000,2023-08-29T00:00:00+00:00,BTC/USDT,1d,26116.2,28163.5,25925.0,27720.1,21386.73664708
1693353600000,2023-08-30T00:00:00+00:00,BTC/USDT,1d,27718.4,27771.3,27010.0,27299.9,7376.28172314
1693440000000,2023-08-31T00:00:00+00:00,BTC/USDT,1d,27300.0,27605.5,25655.2,25938.6,15133.33894029
1693526400000,2023-09-01T00:00:00+00:00,BTC/USDT,1d,25938.6,26152.0,25329.0,25806.3,8999.20469396
1693612800000,2023-09-02T00:00:00+00:00,BTC/USDT,1d,25806.4,25986.0,25756.1,25870.7,2670.85560794
1693699200000,2023-09-03T00:00:00+00:00,BTC/USDT,1d,25870.8,26138.0,25801.6,25971.9,2859.18156811
1693785600000,2023-09-04T00:00:00+00:00,BTC/USDT,1d,25972.0,26103.3,25633.4,25827.3,4217.62343814
1693872000000,2023-09-05T00:00:00+00:00,BTC/USDT,1d,25827.3,25911.1,25559.2,25791.9,4469.31164148
1693958400000,2023-09-06T00:00:00+00:00,BTC/USDT,1d,25792.0,26053.4,25369.7,25761.4,5954.98163684
1694044800000,2023-09-07T00:00:00+00:00,BTC/USDT,1d,25761.4,26450.9,25616.9,26259.8,6877.14402099
1694131200000,2023-09-08T00:00:00+00:00,BTC/USDT,1d,26259.7,26442.4,25646.0,25915.3,6781.27037975
1694217600000,2023-09-09T00:00:00+00:00,BTC/USDT,1d,25915.3,25946.6,25793.2,25905.5,1806.38600211
1694304000000,2023-09-10T00:00:00+00:00,BTC/USDT,1d,25905.6,26038.1,25562.3,25841.1,4053.15882177
1694390400000,2023-09-11T00:00:00+00:00,BTC/USDT,1d,25841.0,25905.6,24900.0,25165.5,11901.49097656
1694476800000,2023-09-12T00:00:00+00:00,BTC/USDT,1d,25165.6,26585.3,25135.5,25843.7,17960.84320207
1694563200000,2023-09-13T00:00:00+00:00,BTC/USDT,1d,25843.7,26409.5,25768.0,26222.0,7715.60371511
1694649600000,2023-09-14T00:00:00+00:00,BTC/USDT,1d,26222.1,26876.0,26123.0,26527.8,9654.74458035
1694736000000,2023-09-15T00:00:00+00:00,BTC/USDT,1d,26527.8,26900.0,26215.6,26603.1,5887.65296487
1694822400000,2023-09-16T00:00:00+00:00,BTC/USDT,1d,26603.1,26785.0,26451.1,26564.2,2532.47801684
1694908800000,2023-09-17T00:00:00+00:00,BTC/USDT,1d,26564.8,26621.8,26401.6,26528.3,2014.41739619
1694995200000,2023-09-18T00:00:00+00:00,BTC/USDT,1d,26528.3,27415.2,26377.0,26760.3,10652.37761353
1695081600000,2023-09-19T00:00:00+00:00,BTC/USDT,1d,26760.3,27500.0,26669.0,27209.9,9336.50241516
1695168000000,2023-09-20T00:00:00+00:00,BTC/USDT,1d,27209.8,27386.5,26786.4,27120.3,8488.12129832
1695254400000,2023-09-21T00:00:00+00:00,BTC/USDT,1d,27120.3,27157.3,26366.6,26566.1,7892.52643228
1695340800000,2023-09-22T00:00:00+00:00,BTC/USDT,1d,26566.0,26746.0,26469.4,26579.9,6677.19614313
1695427200000,2023-09-23T00:00:00+00:00,BTC/USDT,1d,26580.0,26638.2,26509.9,26576.2,2561.42908486
1695513600000,2023-09-24T00:00:00+00:00,BTC/USDT,1d,26576.3,26737.4,26108.5,26248.5,3547.35905343
1695600000000,2023-09-25T00:00:00+00:00,BTC/USDT,1d,26247.8,26446.0,25989.6,26302.7,6759.31365095
1695686400000,2023-09-26T00:00:00+00:00,BTC/USDT,1d,26302.7,26400.0,26083.0,26220.3,4002.51404992
1695772800000,2023-09-27T00:00:00+00:00,BTC/USDT,1d,26220.3,26852.1,26109.5,26371.9,11009.11274277
1695859200000,2023-09-28T00:00:00+00:00,BTC/USDT,1d,26371.9,27316.0,26343.6,27023.7,12490.70702859
1695945600000,2023-09-29T00:00:00+00:00,BTC/USDT,1d,27023.8,27249.7,26658.0,26909.9,7540.96019623
1696032000000,2023-09-30T00:00:00+00:00,BTC/USDT,1d,26910.0,27089.4,26888.1,26961.7,2179.41902917
1696118400000,2023-10-01T00:00:00+00:00,BTC/USDT,1d,26961.7,28500.0,26954.6,27995.2,8808.56483637
1696204800000,2023-10-02T00:00:00+00:00,BTC/USDT,1d,27995.3,28600.0,27280.4,27497.2,17059.60378071
1696291200000,2023-10-03T00:00:00+00:00,BTC/USDT,1d,27495.0,27666.8,27159.2,27425.8,6666.04645833
1696377600000,2023-10-04T00:00:00+00:00,BTC/USDT,1d,27425.9,27841.0,27200.4,27782.0,4988.57146154
1696464000000,2023-10-05T00:00:00+00:00,BTC/USDT,1d,27782.1,28127.0,27350.0,27410.0,8184.66067502
1696550400000,2023-10-06T00:00:00+00:00,BTC/USDT,1d,27410.0,28316.0,27173.6,27932.0,10546.98533363
1696636800000,2023-10-07T00:00:00+00:00,BTC/USDT,1d,27932.1,28023.4,27846.3,27956.0,2985.07335055
1696723200000,2023-10-08T00:00:00+00:00,BTC/USDT,1d,27956.1,28092.0,27686.1,27920.0,4043.72026298
1696809600000,2023-10-09T00:00:00+00:00,BTC/USDT,1d,27920.0,27987.9,27260.0,27588.0,8313.73417807
1696896000000,2023-10-10T00:00:00+00:00,BTC/USDT,1d,27588.0,27733.6,27295.6,27388.7,7093.49007317
1696982400000,2023-10-11T00:00:00+00:00,BTC/USDT,1d,27388.7,27473.0,26530.0,26878.9,12199.04455965
1697068800000,2023-10-12T00:00:00+00:00,BTC/USDT,1d,26878.8,26945.0,26551.6,26761.3,6210.95796559
1697155200000,2023-10-13T00:00:00+00:00,BTC/USDT,1d,26761.3,27132.0,26680.8,26864.9,5704.86018082
1697241600000,2023-10-14T00:00:00+00:00,BTC/USDT,1d,26865.0,26989.6,26782.6,26852.5,3498.54689465
1697328000000,2023-10-15T00:00:00+00:00,BTC/USDT,1d,26852.6,27288.0,26808.0,27153.0,3701.04493961
1697414400000,2023-10-16T00:00:00+00:00,BTC/USDT,1d,27153.0,30535.8,27108.2,28503.6,36375.83933661
1697500800000,2023-10-17T00:00:00+00:00,BTC/USDT,1d,28503.1,28613.9,28069.9,28394.0,8757.19638031
1697587200000,2023-10-18T00:00:00+00:00,BTC/USDT,1d,28394.1,28993.8,28134.1,28322.0,8775.65139925
1697673600000,2023-10-19T00:00:00+00:00,BTC/USDT,1d,28322.0,28943.1,28103.6,28717.8,9168.75970883
1697760000000,2023-10-20T00:00:00+00:00,BTC/USDT,1d,28717.9,30267.9,28575.0,29667.8,20022.0146835
1697846400000,2023-10-21T00:00:00+00:00,BTC/USDT,1d,29667.8,30390.8,29465.4,29912.8,6194.85050182
1697932800000,2023-10-22T00:00:00+00:00,BTC/USDT,1d,29912.7,30300.0,29632.5,29994.6,6154.21210124
1698019200000,2023-10-23T00:00:00+00:00,BTC/USDT,1d,29994.7,35919.2,29887.1,33074.4,35969.89113198
1698105600000,2023-10-24T00:00:00+00:00,BTC/USDT,1d,33074.3,35272.9,32835.0,33923.6,33156.96307671
1698192000000,2023-10-25T00:00:00+00:00,BTC/USDT,1d,33921.5,35148.7,33680.8,34493.9,11685.69060985
1698278400000,2023-10-26T00:00:00+00:00,BTC/USDT,1d,34493.9,34828.0,33748.4,34153.2,8291.64782617
1698364800000,2023-10-27T00:00:00+00:00,BTC/USDT,1d,34153.2,34245.8,33358.1,33892.0,8839.41835149
1698451200000,2023-10-28T00:00:00+00:00,BTC/USDT,1d,33895.0,34523.6,33860.7,34079.3,5195.44336301
1698537600000,2023-10-29T00:00:00+00:00,BTC/USDT,1d,34079.3,34752.2,33930.6,34522.8,4981.82729813
1698624000000,2023-10-30T00:00:00+00:00,BTC/USDT,1d,34522.8,34868.0,34016.5,34482.6,11221.02701152
1698710400000,2023-10-31T00:00:00+00:00,BTC/USDT,1d,34480.4,34739.0,34025.5,34638.6,9468.12743235
1698796800000,2023-11-01T00:00:00+00:00,BTC/USDT,1d,34638.7,35699.5,34054.9,35423.2,15836.97441195
1698883200000,2023-11-02T00:00:00+00:00,BTC/USDT,1d,35423.8,35989.0,34289.6,34943.9,16396.72808865
1698969600000,2023-11-03T00:00:00+00:00,BTC/USDT,1d,34943.8,34943.9,34120.0,34714.9,11766.67866414
1699056000000,2023-11-04T00:00:00+00:00,BTC/USDT,1d,34714.9,35262.2,34584.1,35065.0,5808.08711092
1699142400000,2023-11-05T00:00:00+00:00,BTC/USDT,1d,35064.9,35420.0,34407.1,35011.7,8540.73721506
1699228800000,2023-11-06T00:00:00+00:00,BTC/USDT,1d,35011.9,35277.4,34731.3,35047.2,7676.46467573
1699315200000,2023-11-07T00:00:00+00:00,BTC/USDT,1d,35047.3,35899.0,34521.2,35399.8,11919.04674294
1699401600000,2023-11-08T00:00:00+00:00,BTC/USDT,1d,35399.7,36123.0,35083.6,35625.3,11580.2800238
1699488000000,2023-11-09T00:00:00+00:00,BTC/USDT,1d,35624.2,38028.1,35532.2,36701.3,34878.71666761
1699574400000,2023-11-10T00:00:00+00:00,BTC/USDT,1d,36702.2,37542.4,36322.3,37303.3,10960.85777212
1699660800000,2023-11-11T00:00:00+00:00,BTC/USDT,1d,37305.9,37399.8,36630.0,37131.4,5586.75036522
1699747200000,2023-11-12T00:00:00+00:00,BTC/USDT,1d,37131.5,37222.6,36732.0,37063.3,4254.46326784
1699833600000,2023-11-13T00:00:00+00:00,BTC/USDT,1d,37063.2,37420.0,36330.1,36469.9,9066.6429676
1699920000000,2023-11-14T00:00:00+00:00,BTC/USDT,1d,36469.9,36745.8,34471.6,35544.4,19579.68689348
1700006400000,2023-11-15T00:00:00+00:00,BTC/USDT,1d,35544.3,37967.9,35357.0,37856.9,19410.05762024
1700092800000,2023-11-16T00:00:00+00:00,BTC/USDT,1d,37856.9,37931.4,35500.0,36162.7,15564.79823536
1700179200000,2023-11-17T00:00:00+00:00,BTC/USDT,1d,36162.7,36896.6,35843.3,36610.0,15340.85651523
1700265600000,2023-11-18T00:00:00+00:00,BTC/USDT,1d,36610.4,36850.0,36172.9,36575.9,6111.10462721
1700352000000,2023-11-19T00:00:00+00:00,BTC/USDT,1d,36576.0,37500.0,36382.2,37365.3,6594.37116969
1700438400000,2023-11-20T00:00:00+00:00,BTC/USDT,1d,37365.3,37758.0,36598.7,37449.4,13578.05728286
1700524800000,2023-11-21T00:00:00+00:00,BTC/USDT,1d,37449.5,37653.9,35727.7,35739.0,20189.77103354
1700611200000,2023-11-22T00:00:00+00:00,BTC/USDT,1d,35738.9,37868.0,35621.1,37409.8,17520.81050863
1700697600000,2023-11-23T00:00:00+00:00,BTC/USDT,1d,37409.8,37642.6,36867.5,37297.0,7925.42994144
1700784000000,2023-11-24T00:00:00+00:00,BTC/USDT,1d,37297.0,38424.6,37252.1,37718.1,16162.14164697
1700870400000,2023-11-25T00:00:00+00:00,BTC/USDT,1d,37718.1,37888.0,37591.0,37780.8,3093.08481816
1700956800000,2023-11-26T00:00:00+00:00,BTC/USDT,1d,37780.9,37822.1,37110.8,37444.1,7012.13571628
1701043200000,2023-11-27T00:00:00+00:00,BTC/USDT,1d,37445.8,37562.4,36710.0,37244.3,13319.01698552
1701129600000,2023-11-28T00:00:00+00:00,BTC/USDT,1d,37244.4,38391.6,36874.0,37815.9,13010.23316426
1701216000000,2023-11-29T00:00:00+00:00,BTC/USDT,1d,37816.0,38487.0,37562.7,37853.3,10780.27897329
1701302400000,2023-11-30T00:00:00+00:00,BTC/USDT,1d,37853.3,38144.0,37419.5,37727.2,6936.92936327
1701388800000,2023-12-01T00:00:00+00:00,BTC/USDT,1d,37729.1,38989.7,37612.0,38683.5,15182.80437366
1701475200000,2023-12-02T00:00:00+00:00,BTC/USDT,1d,38683.5,39828.5,38633.2,39450.1,9720.70265768
1701561600000,2023-12-03T00:00:00+00:00,BTC/USDT,1d,39448.0,40273.0,39275.8,39972.2,7642.75756585
1701648000000,2023-12-04T00:00:00+00:00,BTC/USDT,1d,39972.1,42449.9,39970.0,41987.2,27537.71518654
1701734400000,2023-12-05T00:00:00+00:00,BTC/USDT,1d,41988.8,44496.2,41414.0,44070.0,24861.44641471
1701820800000,2023-12-06T00:00:00+00:00,BTC/USDT,1d,44070.0,44293.8,43362.4,43760.1,17600.62369253
1701907200000,2023-12-07T00:00:00+00:00,BTC/USDT,1d,43765.9,44050.0,42836.0,43273.2,13421.93484531
1701993600000,2023-12-08T00:00:00+00:00,BTC/USDT,1d,43270.0,44726.8,43083.7,44179.8,11731.95577458
1702080000000,2023-12-09T00:00:00+00:00,BTC/USDT,1d,44179.8,44360.7,43600.0,43720.1,9493.08421395
1702166400000,2023-12-10T00:00:00+00:00,BTC/USDT,1d,43722.1,44050.0,43600.0,43792.2,5392.98422798
1702252800000,2023-12-11T00:00:00+00:00,BTC/USDT,1d,43792.6,43814.7,40200.0,41250.9,32119.9090069
1702339200000,2023-12-12T00:00:00+00:00,BTC/USDT,1d,41248.3,42100.0,40682.0,41490.4,14197.51802171
1702425600000,2023-12-13T00:00:00+00:00,BTC/USDT,1d,41490.4,43500.0,40516.8,42869.6,15172.21696139
1702512000000,2023-12-14T00:00:00+00:00,BTC/USDT,1d,42869.5,43436.7,41202.0,43025.5,18453.06371431
1702598400000,2023-12-15T00:00:00+00:00,BTC/USDT,1d,43025.6,43086.1,41652.5,41939.1,11849.35374699
1702684800000,2023-12-16T00:00:00+00:00,BTC/USDT,1d,41943.1,42717.4,41613.2,42273.0,7018.49156629
1702771200000,2023-12-17T00:00:00+00:00,BTC/USDT,1d,42272.9,42430.0,41252.6,41376.1,8710.68480595
1702857600000,2023-12-18T00:00:00+00:00,BTC/USDT,1d,41374.4,42772.0,40544.4,42653.9,17007.66186015
1702944000000,2023-12-19T00:00:00+00:00,BTC/USDT,1d,42652.1,43487.5,41811.3,42279.0,14566.93339055
1703030400000,2023-12-20T00:00:00+00:00,BTC/USDT,1d,42279.1,44300.0,42200.2,43670.1,17258.32974365
1703116800000,2023-12-21T00:00:00+00:00,BTC/USDT,1d,43670.2,44248.2,43293.0,43859.8,12457.68090873
1703203200000,2023-12-22T00:00:00+00:00,BTC/USDT,1d,43859.9,44406.3,43415.0,43970.7,9820.99147012
1703289600000,2023-12-23T00:00:00+00:00,BTC/USDT,1d,43970.7,43990.0,43288.0,43703.9,4738.25836358
1703376000000,2023-12-24T00:00:00+00:00,BTC/USDT,1d,43703.8,43944.3,42521.9,42986.1,6756.98822602
1703462400000,2023-12-25T00:00:00+00:00,BTC/USDT,1d,42986.1,43807.9,42725.7,43569.2,7317.5732072
1703548800000,2023-12-26T00:00:00+00:00,BTC/USDT,1d,43569.2,43590.7,41610.0,42513.2,14328.36837927
1703635200000,2023-12-27T00:00:00+00:00,BTC/USDT,1d,42513.2,43691.5,42111.1,43431.9,10790.57422662
1703721600000,2023-12-28T00:00:00+00:00,BTC/USDT,1d,43431.9,43788.6,42267.5,42562.6,11995.88647046
1703808000000,2023-12-29T00:00:00+00:00,BTC/USDT,1d,42562.6,43113.6,41267.1,42064.1,16648.48853238
1703894400000,2023-12-30T00:00:00+00:00,BTC/USDT,1d,42064.0,42611.5,41521.6,42147.5,9065.15960695
1703980800000,2023-12-31T00:00:00+00:00,BTC/USDT,1d,42147.5,42888.0,41971.6,42283.0,8220.41272163
1704067200000,2024-01-01T00:00:00+00:00,BTC/USDT,1d,42284.0,44200.0,42182.0,44186.8,9208.74124035
1704153600000,2024-01-02T00:00:00+00:00,BTC/USDT,1d,44186.9,45884.6,44153.3,44955.9,22725.63187567
1704240000000,2024-01-03T00:00:00+00:00,BTC/USDT,1d,44955.9,45515.8,40157.3,42839.6,42418.67607267
1704326400000,2024-01-04T00:00:00+00:00,BTC/USDT,1d,42839.5,44888.0,42614.7,44153.9,20648.61582672
1704412800000,2024-01-05T00:00:00+00:00,BTC/USDT,1d,44151.3,44393.0,42250.1,44145.4,22996.95760799
1704499200000,2024-01-06T00:00:00+00:00,BTC/USDT,1d,44146.4,44208.2,43392.2,43970.3,6511.72435718
1704585600000,2024-01-07T00:00:00+00:00,BTC/USDT,1d,43968.2,44481.2,43580.2,43929.9,9547.26250619
1704672000000,2024-01-08T00:00:00+00:00,BTC/USDT,1d,43930.0,47300.0,43180.1,46952.0,30217.1474691
1704758400000,2024-01-09T00:00:00+00:00,BTC/USDT,1d,46952.0,48023.7,44641.0,46109.3,33459.60555624
1704844800000,2024-01-10T00:00:00+00:00,BTC/USDT,1d,46109.4,47695.0,44289.5,46645.9,44850.0632577
1704931200000,2024-01-11T00:00:00+00:00,BTC/USDT,1d,46645.9,48988.0,45569.7,46338.9,34682.58580678
1705017600000,2024-01-12T00:00:00+00:00,BTC/USDT,1d,46338.9,46519.9,41360.9,42784.0,33022.16065529
1705104000000,2024-01-13T00:00:00+00:00,BTC/USDT,1d,42784.1,43250.0,42437.7,42848.8,12005.1031022
1705190400000,2024-01-14T00:00:00+00:00,BTC/USDT,1d,42848.7,43079.3,41721.0,41731.1,9540.99415434
1705276800000,2024-01-15T00:00:00+00:00,BTC/USDT,1d,41733.2,43388.0,41715.2,42525.6,13418.98262117
1705363200000,2024-01-16T00:00:00+00:00,BTC/USDT,1d,42514.5,43585.0,42045.4,43139.8,13176.25831477
1705449600000,2024-01-17T00:00:00+00:00,BTC/USDT,1d,43139.7,43200.0,42205.1,42777.1,9060.15866766
1705536000000,2024-01-18T00:00:00+00:00,BTC/USDT,1d,42777.1,42925.5,40678.3,41326.0,14465.61906715
1705622400000,2024-01-19T00:00:00+00:00,BTC/USDT,1d,41325.9,42187.2,40258.2,41660.0,15676.69827158
1705708800000,2024-01-20T00:00:00+00:00,BTC/USDT,1d,41660.1,41875.0,41452.0,41693.8,3721.97261345
1705795200000,2024-01-21T00:00:00+00:00,BTC/USDT,1d,41693.8,41883.2,41501.0,41582.9,2934.29571937
1705881600000,2024-01-22T00:00:00+00:00,BTC/USDT,1d,41582.4,41689.8,39400.0,39571.0,22249.16542158
1705968000000,2024-01-23T00:00:00+00:00,BTC/USDT,1d,39571.1,40194.3,38554.0,39900.2,16630.80730532
1706054400000,2024-01-24T00:00:00+00:00,BTC/USDT,1d,39899.4,40588.0,39497.3,40085.1,13420.74065064
1706140800000,2024-01-25T00:00:00+00:00,BTC/USDT,1d,40085.2,40306.0,39538.9,39962.6,9277.90415915
1706227200000,2024-01-26T00:00:00+00:00,BTC/USDT,1d,39962.7,42249.9,39825.2,41819.9,19074.80564488
1706313600000,2024-01-27T00:00:00+00:00,BTC/USDT,1d,41820.5,42199.9,41380.4,42120.2,5510.23199482
1706400000000,2024-01-28T00:00:00+00:00,BTC/USDT,1d,42120.1,42838.2,41617.2,42033.2,7021.70689085
1706486400000,2024-01-29T00:00:00+00:00,BTC/USDT,1d,42036.7,43300.0,41799.5,43296.9,12314.05669022
1706572800000,2024-01-30T00:00:00+00:00,BTC/USDT,1d,43297.0,43884.4,42690.1,42941.8,15829.49322093
1706659200000,2024-01-31T00:00:00+00:00,BTC/USDT,1d,42941.8,43748.8,42288.8,42576.0,14559.01681107
1706745600000,2024-02-01T00:00:00+00:00,BTC/USDT,1d,42576.0,43286.2,41868.2,43086.8,11603.77570855
1706832000000,2024-02-02T00:00:00+00:00,BTC/USDT,1d,43086.8,43485.2,42546.8,43197.2,8838.60533425
1706918400000,2024-02-03T00:00:00+00:00,BTC/USDT,1d,43197.3,43380.0,42877.2,43013.6,2640.03009624
1707004800000,2024-02-04T00:00:00+00:00,BTC/USDT,1d,43013.6,43116.8,42188.0,42590.0,4681.84769341
1707091200000,2024-02-05T00:00:00+00:00,BTC/USDT,1d,42588.0,43571.8,42256.5,42707.1,9009.46675509
1707177600000,2024-02-06T00:00:00+00:00,BTC/USDT,1d,42707.1,43388.0,42570.8,43095.5,5927.96868563
1707264000000,2024-02-07T00:00:00+00:00,BTC/USDT,1d,43100.0,44422.1,42787.8,44349.7,9329.48908034
1707350400000,2024-02-08T00:00:00+00:00,BTC/USDT,1d,44345.8,45611.0,44330.0,45287.5,11961.42355731
1707436800000,2024-02-09T00:00:00+00:00,BTC/USDT,1d,45287.5,48219.9,45245.0,47132.2,20392.82747865
1707523200000,2024-02-10T00:00:00+00:00,BTC/USDT,1d,47132.2,48175.5,46841.6,47747.7,5114.99543138
1707609600000,2024-02-11T00:00:00+00:00,BTC/USDT,1d,47747.8,48594.4,47566.0,48299.9,6178.23428192
1707696000000,2024-02-12T00:00:00+00:00,BTC/USDT,1d,48299.9,50333.3,47705.7,49920.0,15657.07530443
1707782400000,2024-02-13T00:00:00+00:00,BTC/USDT,1d,49919.9,50385.1,48300.0,49694.6,14906.36152162
1707868800000,2024-02-14T00:00:00+00:00,BTC/USDT,1d,49700.4,52045.7,49228.3,51795.6,15880.82867375
1707955200000,2024-02-15T00:00:00+00:00,BTC/USDT,1d,51797.6,52813.0,51309.5,51880.4,15586.73173065
1708041600000,2024-02-16T00:00:00+00:00,BTC/USDT,1d,51880.4,52574.2,51562.5,52126.7,11542.17818038
1708128000000,2024-02-17T00:00:00+00:00,BTC/USDT,1d,52126.7,52165.9,50618.6,51646.0,7834.56161713
1708214400000,2024-02-18T00:00:00+00:00,BTC/USDT,1d,51646.0,52399.5,51154.0,52138.3,5329.60450143
1708300800000,2024-02-19T00:00:00+00:00,BTC/USDT,1d,52138.5,52489.2,51680.1,51775.6,6796.07453927
1708387200000,2024-02-20T00:00:00+00:00,BTC/USDT,1d,51775.5,53006.0,50752.3,52265.4,16704.3469341
1708473600000,2024-02-21T00:00:00+00:00,BTC/USDT,1d,52265.5,52371.4,50533.8,51848.0,12009.96359497
1708560000000,2024-02-22T00:00:00+00:00,BTC/USDT,1d,51848.1,52080.0,50936.0,51290.0,10195.3568812
1708646400000,2024-02-23T00:00:00+00:00,BTC/USDT,1d,51290.1,51547.3,50513.1,50748.2,10224.10429309
1708732800000,2024-02-24T00:00:00+00:00,BTC/USDT,1d,50749.9,51700.0,50574.0,51563.6,5026.95029792
1708819200000,2024-02-25T00:00:00+00:00,BTC/USDT,1d,51567.4,51984.8,51266.4,51731.4,5316.71577556
1708905600000,2024-02-26T00:00:00+00:00,BTC/USDT,1d,51731.4,54923.0,50902.2,54471.0,15063.98807421
1708992000000,2024-02-27T00:00:00+00:00,BTC/USDT,1d,54473.9,57614.3,54451.0,57038.6,20067.0674525
1709078400000,2024-02-28T00:00:00+00:00,BTC/USDT,1d,57042.9,64085.2,56700.0,62426.1,35345.53347007
1709164800000,2024-02-29T00:00:00+00:00,BTC/USDT,1d,62427.0,63661.0,60372.0,61149.9,20134.81520703
1709251200000,2024-03-01T00:00:00+00:00,BTC/USDT,1d,61150.0,63114.4,60773.3,62376.9,13571.00330109
1709337600000,2024-03-02T00:00:00+00:00,BTC/USDT,1d,62376.9,62441.0,61559.7,62010.0,6556.23002006
1709424000000,2024-03-03T00:00:00+00:00,BTC/USDT,1d,62008.0,63248.5,61307.0,63112.7,8059.8814096
1709510400000,2024-03-04T00:00:00+00:00,BTC/USDT,1d,63112.6,68500.0,62273.2,68244.4,25528.86056163
1709596800000,2024-03-05T00:00:00+00:00,BTC/USDT,1d,68244.4,69080.0,59000.0,63719.5,41092.27985353
1709683200000,2024-03-06T00:00:00+00:00,BTC/USDT,1d,63719.5,67647.4,62775.8,66078.0,24575.32657413
1709769600000,2024-03-07T00:00:00+00:00,BTC/USDT,1d,66078.0,67996.0,65544.0,66829.0,11820.98486902
1709856000000,2024-03-08T00:00:00+00:00,BTC/USDT,1d,66829.0,70040.0,66063.3,68125.0,22875.25967186
1709942400000,2024-03-09T00:00:00+00:00,BTC/USDT,1d,68124.9,68553.7,67858.9,68311.6,4613.51217198
1710028800000,2024-03-10T00:00:00+00:00,BTC/USDT,1d,68311.6,69910.7,68050.0,68953.6,10428.60766495
1710115200000,2024-03-11T00:00:00+00:00,BTC/USDT,1d,68953.7,72800.0,66944.1,72084.4,21607.69295364
1710201600000,2024-03-12T00:00:00+00:00,BTC/USDT,1d,72084.4,73095.2,68600.0,71450.1,20555.95351626
1710288000000,2024-03-13T00:00:00+00:00,BTC/USDT,1d,71450.0,73625.6,71321.8,73082.7,12637.16288533
1710374400000,2024-03-14T00:00:00+00:00,BTC/USDT,1d,73082.7,73787.1,68600.0,71399.3,19889.66811997
1710460800000,2024-03-15T00:00:00+00:00,BTC/USDT,1d,71399.4,72432.0,65588.0,69500.0,29758.60274082
1710547200000,2024-03-16T00:00:00+00:00,BTC/USDT,1d,69500.0,70050.0,64742.5,65308.1,14370.97556553
1710633600000,2024-03-17T00:00:00+00:00,BTC/USDT,1d,65308.2,68910.5,64541.7,68399.1,15158.32487217
1710720000000,2024-03-18T00:00:00+00:00,BTC/USDT,1d,68399.1,68974.0,66560.0,67611.9,14313.27474159
1710806400000,2024-03-19T00:00:00+00:00,BTC/USDT,1d,67611.9,68121.6,61558.8,61936.4,32495.38180492
1710892800000,2024-03-20T00:00:00+00:00,BTC/USDT,1d,61936.4,68096.0,60767.5,67825.1,26796.91851065
1710979200000,2024-03-21T00:00:00+00:00,BTC/USDT,1d,67834.0,68247.2,64520.0,65507.9,17408.59709671
1711065600000,2024-03-22T00:00:00+00:00,BTC/USDT,1d,65504.0,66641.9,62200.0,63801.5,15493.95908439
1711152000000,2024-03-23T00:00:00+00:00,BTC/USDT,1d,63801.5,66000.0,63008.0,63987.1,7268.93692887
1711238400000,2024-03-24T00:00:00+00:00,BTC/USDT,1d,63987.2,67631.0,63765.9,67211.9,9375.2257097
1711324800000,2024-03-25T00:00:00+00:00,BTC/USDT,1d,67211.9,71142.0,66374.5,69869.8,16888.60361696
1711411200000,2024-03-26T00:00:00+00:00,BTC/USDT,1d,69869.8,71547.3,69283.8,69995.6,12805.92737364
1711497600000,2024-03-27T00:00:00+00:00,BTC/USDT,1d,69995.7,71777.0,68400.0,69466.4,16558.16112924
1711584000000,2024-03-28T00:00:00+00:00,BTC/USDT,1d,69468.1,71541.1,68908.0,70785.1,11236.67481581
1711670400000,2024-03-29T00:00:00+00:00,BTC/USDT,1d,70785.2,70928.8,69001.1,69857.7,9228.00297939
1711756800000,2024-03-30T00:00:00+00:00,BTC/USDT,1d,69857.7,70322.6,69542.7,69591.1,3500.23244869
1711843200000,2024-03-31T00:00:00+00:00,BTC/USDT,1d,69598.0,71400.1,69566.7,71290.5,5251.29340281
1711929600000,2024-04-01T00:00:00+00:00,BTC/USDT,1d,71286.0,71304.6,68050.3,69652.8,13931.43587275
1712016000000,2024-04-02T00:00:00+00:00,BTC/USDT,1d,69652.9,69680.5,64566.4,65474.6,20739.14129929
1712102400000,2024-04-03T00:00:00+00:00,BTC/USDT,1d,65468.8,66908.3,64403.1,65966.7,11178.20792715
1712188800000,2024-04-04T00:00:00+00:00,BTC/USDT,1d,65964.3,69319.4,65060.3,68500.0,14268.20551292
1712275200000,2024-04-05T00:00:00+00:00,BTC/USDT,1d,68494.2,68747.9,65958.8,67833.5,12478.98068579
1712361600000,2024-04-06T00:00:00+00:00,BTC/USDT,1d,67833.5,69696.0,67460.7,68896.7,4465.64935442
1712448000000,2024-04-07T00:00:00+00:00,BTC/USDT,1d,68896.8,70329.3,68817.7,69358.0,6101.1330588
1712534400000,2024-04-08T00:00:00+00:00,BTC/USDT,1d,69354.5,72799.0,69045.7,71633.8,14895.7740168
1712620800000,2024-04-09T00:00:00+00:00,BTC/USDT,1d,71637.0,71757.8,68154.9,69141.9,13076.05373361
1712707200000,2024-04-10T00:00:00+00:00,BTC/USDT,1d,69142.0,71190.5,67506.8,70635.9,13247.78686756
1712793600000,2024-04-11T00:00:00+00:00,BTC/USDT,1d,70637.1,71315.9,69544.8,70012.0,9709.47210265
1712880000000,2024-04-12T00:00:00+00:00,BTC/USDT,1d,70012.1,71230.0,64845.4,67120.7,20640.01931757
1712966400000,2024-04-13T00:00:00+00:00,BTC/USDT,1d,67120.7,67940.0,60000.0,63928.3,28670.47485366
1713052800000,2024-04-14T00:00:00+00:00,BTC/USDT,1d,63928.3,65856.8,62113.1,65670.0,22110.01134602
1713139200000,2024-04-15T00:00:00+00:00,BTC/USDT,1d,65666.0,66867.2,62282.5,63429.7,17291.87656457
1713225600000,2024-04-16T00:00:00+00:00,BTC/USDT,1d,63429.7,64376.9,61568.1,63796.0,17183.65592234
1713312000000,2024-04-17T00:00:00+00:00,BTC/USDT,1d,63796.1,64523.1,59632.6,61274.5,21148.33575828
1713398400000,2024-04-18T00:00:00+00:00,BTC/USDT,1d,61274.5,64133.8,60804.6,63480.0,15072.89450555
1713484800000,2024-04-19T00:00:00+00:00,BTC/USDT,1d,63480.1,65440.0,59587.2,63814.1,25202.9595443
1713571200000,2024-04-20T00:00:00+00:00,BTC/USDT,1d,63816.0,65422.9,63091.2,64938.1,6511.75936151
1713657600000,2024-04-21T00:00:00+00:00,BTC/USDT,1d,64938.1,65704.5,64211.1,64937.9,6842.64748929
1713744000000,2024-04-22T00:00:00+00:00,BTC/USDT,1d,64938.0,67248.0,64508.2,66812.9,10867.96136115
1713830400000,2024-04-23T00:00:00+00:00,BTC/USDT,1d,66813.0,67183.0,65808.5,66413.9,6656.10978476
1713916800000,2024-04-24T00:00:00+00:00,BTC/USDT,1d,66413.9,67078.2,63602.8,64282.6,9961.43429158
1714003200000,2024-04-25T00:00:00+00:00,BTC/USDT,1d,64278.6,65289.8,62747.4,64505.7,16225.90838246
1714089600000,2024-04-26T00:00:00+00:00,BTC/USDT,1d,64500.2,64814.8,63313.9,63774.1,8404.50691333
1714176000000,2024-04-27T00:00:00+00:00,BTC/USDT,1d,63774.2,63925.0,62380.6,63460.0,6284.79056322
1714262400000,2024-04-28T00:00:00+00:00,BTC/USDT,1d,63460.1,64380.0,62775.2,63122.0,4982.07074361
1714348800000,2024-04-29T00:00:00+00:00,BTC/USDT,1d,63127.9,64225.9,61787.8,63869.9,11149.42747078
1714435200000,2024-04-30T00:00:00+00:00,BTC/USDT,1d,63870.0,64732.0,59177.6,60675.1,15444.11152123
1714521600000,2024-05-01T00:00:00+00:00,BTC/USDT,1d,60675.1,60846.7,56555.0,58341.8,26517.29432556
1714608000000,2024-05-02T00:00:00+00:00,BTC/USDT,1d,58341.9,59661.6,56953.1,59062.2,12543.62019759
1714694400000,2024-05-03T00:00:00+00:00,BTC/USDT,1d,59062.2,63349.9,58800.0,62875.9,14714.37919201
1714780800000,2024-05-04T00:00:00+00:00,BTC/USDT,1d,62876.0,64545.3,62548.5,63894.1,7450.48367954
1714867200000,2024-05-05T00:00:00+00:00,BTC/USDT,1d,63894.2,64652.4,62884.7,64017.7,6267.5743664
1714953600000,2024-05-06T00:00:00+00:00,BTC/USDT,1d,64017.7,65518.0,62697.2,63175.6,12646.15735754
1715040000000,2024-05-07T00:00:00+00:00,BTC/USDT,1d,63173.5,64411.8,62226.3,62318.2,9884.62115734
1715126400000,2024-05-08T00:00:00+00:00,BTC/USDT,1d,62318.1,63029.4,60880.0,61193.9,7789.48080976
1715212800000,2024-05-09T00:00:00+00:00,BTC/USDT,1d,61187.5,63427.7,60625.0,63069.0,7515.00010569
1715299200000,2024-05-10T00:00:00+00:00,BTC/USDT,1d,63069.0,63470.5,60180.0,60800.2,11115.89692559
1715385600000,2024-05-11T00:00:00+00:00,BTC/USDT,1d,60802.0,61525.0,60468.1,60826.0,2856.97259831
1715472000000,2024-05-12T00:00:00+00:00,BTC/USDT,1d,60826.6,61874.9,60604.0,61470.1,3286.61858388
1715558400000,2024-05-13T00:00:00+00:00,BTC/USDT,1d,61477.2,63459.3,60758.9,62934.8,9799.90901641
1715644800000,2024-05-14T00:00:00+00:00,BTC/USDT,1d,62932.0,63114.6,61120.2,61573.0,9519.39448017
1715731200000,2024-05-15T00:00:00+00:00,BTC/USDT,1d,61573.0,66490.8,61338.0,66212.7,13168.01261139
1715817600000,2024-05-16T00:00:00+00:00,BTC/USDT,1d,66212.6,66789.0,64610.0,65235.9,9079.14426543
1715904000000,2024-05-17T00:00:00+00:00,BTC/USDT,1d,65235.9,67459.0,65100.0,67017.9,7883.46178472
1715990400000,2024-05-18T00:00:00+00:00,BTC/USDT,1d,67018.0,67389.1,66588.1,66911.0,3004.81913964
1716076800000,2024-05-19T00:00:00+00:00,BTC/USDT,1d,66911.1,67750.7,65839.1,66271.6,4013.49007468
1716163200000,2024-05-20T00:00:00+00:00,BTC/USDT,1d,66271.6,71571.6,66060.6,71429.7,13083.61708206
1716249600000,2024-05-21T00:00:00+00:00,BTC/USDT,1d,71430.2,71979.0,69161.0,70144.7,13481.37279155
1716336000000,2024-05-22T00:00:00+00:00,BTC/USDT,1d,70144.7,70665.8,68888.0,69173.5,7716.08280423
1716422400000,2024-05-23T00:00:00+00:00,BTC/USDT,1d,69173.5,70087.6,66256.3,67967.5,11956.89622552
1716508800000,2024-05-24T00:00:00+00:00,BTC/USDT,1d,67967.4,69250.0,66608.8,68559.9,7444.54054893
1716595200000,2024-05-25T00:00:00+00:00,BTC/USDT,1d,68560.0,69639.3,68499.7,69290.4,2595.30072541
1716681600000,2024-05-26T00:00:00+00:00,BTC/USDT,1d,69290.5,69556.6,68150.2,68506.3,2920.38741777
1716768000000,2024-05-27T00:00:00+00:00,BTC/USDT,1d,68506.3,70688.0,68256.3,69416.1,5825.16743865
1716854400000,2024-05-28T00:00:00+00:00,BTC/USDT,1d,69416.1,69614.4,67264.3,68405.9,7842.2355098
1716940800000,2024-05-29T00:00:00+00:00,BTC/USDT,1d,68406.0,68934.6,67137.5,67647.7,5756.61837647
1717027200000,2024-05-30T00:00:00+00:00,BTC/USDT,1d,67647.6,69515.0,67123.9,68357.9,8033.24955233
1717113600000,2024-05-31T00:00:00+00:00,BTC/USDT,1d,68358.5,69049.6,66654.1,67542.5,7256.03603271
1717200000000,2024-06-01T00:00:00+00:00,BTC/USDT,1d,67542.6,67890.0,67441.6,67757.8,2154.40697485
1717286400000,2024-06-02T00:00:00+00:00,BTC/USDT,1d,67757.8,68472.3,67267.1,67767.7,2760.06681589
1717372800000,2024-06-03T00:00:00+00:00,BTC/USDT,1d,67767.6,70299.4,67613.4,68800.7,8704.69617309
1717459200000,2024-06-04T00:00:00+00:00,BTC/USDT,1d,68800.7,71071.9,68560.1,70532.3,8299.72123821
1717545600000,2024-06-05T00:00:00+00:00,BTC/USDT,1d,70532.2,71754.7,70376.0,71112.0,7996.67451304
1717632000000,2024-06-06T00:00:00+00:00,BTC/USDT,1d,71105.5,71651.5,70120.0,70791.4,4445.15747982
1717718400000,2024-06-07T00:00:00+00:00,BTC/USDT,1d,70791.4,71997.0,68300.0,69348.0,10671.69171983
1717804800000,2024-06-08T00:00:00+00:00,BTC/USDT,1d,69348.0,69589.6,69136.4,69311.5,2937.80266094
1717891200000,2024-06-09T00:00:00+00:00,BTC/USDT,1d,69311.5,69850.0,69134.0,69641.8,1639.79702428
1717977600000,2024-06-10T00:00:00+00:00,BTC/USDT,1d,69641.8,70186.2,69156.1,69545.0,3729.62959389
1718064000000,2024-06-11T00:00:00+00:00,BTC/USDT,1d,69545.0,69583.5,66000.0,67314.5,13210.28230349
1718150400000,2024-06-12T00:00:00+00:00,BTC/USDT,1d,67312.2,70000.0,66892.4,68269.8,9883.43066682
1718236800000,2024-06-13T00:00:00+00:00,BTC/USDT,1d,68267.6,68458.0,66258.0,66775.7,7418.04121583
1718323200000,2024-06-14T00:00:00+00:00,BTC/USDT,1d,66775.6,67366.3,65068.0,66045.8,6789.79447547
1718409600000,2024-06-15T00:00:00+00:00,BTC/USDT,1d,66045.7,66485.2,65857.0,66223.4,2202.73779682
1718496000000,2024-06-16T00:00:00+00:00,BTC/USDT,1d,66223.5,66985.4,66034.9,66677.9,1840.86627681
1718582400000,2024-06-17T00:00:00+00:00,BTC/USDT,1d,66677.9,67301.4,65124.3,66492.1,6659.22650623
1718668800000,2024-06-18T00:00:00+00:00,BTC/USDT,1d,66492.1,66592.8,64051.5,65177.1,10035.71814055
1718755200000,2024-06-19T00:00:00+00:00,BTC/USDT,1d,65177.1,65727.2,64666.2,64965.8,4179.76744671
1718841600000,2024-06-20T00:00:00+00:00,BTC/USDT,1d,64965.9,66493.9,64560.0,64880.2,5544.20979894
1718928000000,2024-06-21T00:00:00+00:00,BTC/USDT,1d,64880.1,65076.8,63383.3,64145.4,7728.47628562
1719014400000,2024-06-22T00:00:00+00:00,BTC/USDT,1d,64145.4,64543.9,63933.3,64263.0,1728.44914076
1719100800000,2024-06-23T00:00:00+00:00,BTC/USDT,1d,64263.0,64524.7,63155.2,63211.9,2937.83736617
1719187200000,2024-06-24T00:00:00+00:00,BTC/USDT,1d,63212.0,63366.7,58378.0,60290.6,16291.37208488
1719273600000,2024-06-25T00:00:00+00:00,BTC/USDT,1d,60290.1,62422.7,60251.2,61806.1,8530.51745326
1719360000000,2024-06-26T00:00:00+00:00,BTC/USDT,1d,61804.1,62483.9,60712.6,60866.1,5692.13961419
1719446400000,2024-06-27T00:00:00+00:00,BTC/USDT,1d,60866.2,62390.0,60620.7,61706.6,6076.07685437
1719532800000,2024-06-28T00:00:00+00:00,BTC/USDT,1d,61706.5,62233.9,60055.5,60436.0,7588.62330559
1719619200000,2024-06-29T00:00:00+00:00,BTC/USDT,1d,60436.1,61218.2,60398.0,60986.7,2884.60919135
1719705600000,2024-06-30T00:00:00+00:00,BTC/USDT,1d,60986.7,63066.7,60710.1,62774.2,4012.10922836
1719792000000,2024-07-01T00:00:00+00:00,BTC/USDT,1d,62774.3,63860.2,62531.4,62906.3,6642.74790148
1719878400000,2024-07-02T00:00:00+00:00,BTC/USDT,1d,62906.2,63294.0,61820.0,62145.0,4664.11710635
1719964800000,2024-07-03T00:00:00+00:00,BTC/USDT,1d,62145.1,62290.0,59375.1,60217.7,9194.0810388
1720051200000,2024-07-04T00:00:00+00:00,BTC/USDT,1d,60217.6,60493.1,56759.5,57050.0,14296.01302318
1720137600000,2024-07-05T00:00:00+00:00,BTC/USDT,1d,57050.0,57548.4,53269.0,56633.5,21888.84947402
1720224000000,2024-07-06T00:00:00+00:00,BTC/USDT,1d,56630.1,58479.8,56025.7,58236.4,4697.74196289
1720310400000,2024-07-07T00:00:00+00:00,BTC/USDT,1d,58236.5,58448.0,55730.7,55862.0,4948.8558574
1720396800000,2024-07-08T00:00:00+00:00,BTC/USDT,1d,55867.9,58214.7,54289.4,56720.5,12898.65976305
1720483200000,2024-07-09T00:00:00+00:00,BTC/USDT,1d,56716.1,58303.0,56291.7,58043.1,8084.28144031
1720569600000,2024-07-10T00:00:00+00:00,BTC/USDT,1d,58043.1,59476.3,57159.7,57720.2,8174.20162929
1720656000000,2024-07-11T00:00:00+00:00,BTC/USDT,1d,57720.2,59579.9,57029.2,57342.6,8135.66098661
1720742400000,2024-07-12T00:00:00+00:00,BTC/USDT,1d,57338.7,58527.6,56537.3,57898.1,7544.72254323
1720828800000,2024-07-13T00:00:00+00:00,BTC/USDT,1d,57898.7,59866.0,57757.2,59209.9,4693.70420161
1720915200000,2024-07-14T00:00:00+00:00,BTC/USDT,1d,59203.6,61444.8,59195.1,60784.1,6373.30522466
1721001600000,2024-07-15T00:00:00+00:00,BTC/USDT,1d,60784.1,64915.2,60650.0,64726.7,12204.51092384
1721088000000,2024-07-16T00:00:00+00:00,BTC/USDT,1d,64725.7,65400.0,62369.8,65046.5,11840.29517999
1721174400000,2024-07-17T00:00:00+00:00,BTC/USDT,1d,65046.6,66117.5,63849.4,64086.0,7643.48988664
1721260800000,2024-07-18T00:00:00+00:00,BTC/USDT,1d,64086.1,65142.5,63230.9,63991.2,6155.96028299
1721347200000,2024-07-19T00:00:00+00:00,BTC/USDT,1d,63991.3,67395.4,63300.1,66659.9,9959.12830775
1721433600000,2024-07-20T00:00:00+00:00,BTC/USDT,1d,66660.0,67619.6,66225.5,67137.7,3689.03556398
1721520000000,2024-07-21T00:00:00+00:00,BTC/USDT,1d,67136.1,68372.1,65764.5,68163.9,6000.36799742
1721606400000,2024-07-22T00:00:00+00:00,BTC/USDT,1d,68162.7,68482.1,66576.0,67524.6,6040.58898112
1721692800000,2024-07-23T00:00:00+00:00,BTC/USDT,1d,67524.7,67751.7,65420.0,65938.4,7464.07352192
1721779200000,2024-07-24T00:00:00+00:00,BTC/USDT,1d,65938.5,67102.0,65100.0,65373.6,6231.41154792
1721865600000,2024-07-25T00:00:00+00:00,BTC/USDT,1d,65372.1,66173.2,63450.1,65801.9,10968.43433951
1721952000000,2024-07-26T00:00:00+00:00,BTC/USDT,1d,65802.0,68218.0,65718.0,67908.9,8676.64543021
1722038400000,2024-07-27T00:00:00+00:00,BTC/USDT,1d,67909.0,69409.5,66646.6,67897.1,8944.23606185
1722124800000,2024-07-28T00:00:00+00:00,BTC/USDT,1d,67898.6,68328.4,67051.1,68239.5,4073.07721256
1722211200000,2024-07-29T00:00:00+00:00,BTC/USDT,1d,68239.5,70050.0,66428.0,66786.1,13946.76441315
1722297600000,2024-07-30T00:00:00+00:00,BTC/USDT,1d,66783.8,67012.0,65300.0,66190.1,7915.25726122
1722384000000,2024-07-31T00:00:00+00:00,BTC/USDT,1d,66188.1,66849.5,64516.4,64630.0,7114.11852066
1722470400000,2024-08-01T00:00:00+00:00,BTC/USDT,1d,64630.0,65654.0,62280.0,65356.0,13168.1408859
1722556800000,2024-08-02T00:00:00+00:00,BTC/USDT,1d,65356.0,65598.9,61230.0,61489.9,14102.63397311
1722643200000,2024-08-03T00:00:00+00:00,BTC/USDT,1d,61490.0,62197.7,59837.5,60710.0,9507.21725825
1722729600000,2024-08-04T00:00:00+00:00,BTC/USDT,1d,60712.0,61143.6,57123.4,58160.1,9762.24353379
1722816000000,2024-08-05T00:00:00+00:00,BTC/USDT,1d,58161.3,58310.0,48934.8,54018.0,59326.15663708
1722902400000,2024-08-06T00:00:00+00:00,BTC/USDT,1d,54014.0,57073.6,53938.3,56022.0,17067.14775559
1722988800000,2024-08-07T00:00:00+00:00,BTC/USDT,1d,56019.3,57736.3,54563.6,55142.7,13605.88730858
1723075200000,2024-08-08T00:00:00+00:00,BTC/USDT,1d,55137.6,62750.0,54727.6,61686.1,16969.35309581
1723161600000,2024-08-09T00:00:00+00:00,BTC/USDT,1d,61692.0,61752.6,59532.7,60838.2,9736.93166057
1723248000000,2024-08-10T00:00:00+00:00,BTC/USDT,1d,60837.9,61476.0,60250.0,60921.3,3359.32153287
1723334400000,2024-08-11T00:00:00+00:00,BTC/USDT,1d,60921.2,61885.7,58300.4,58711.7,6312.85968392
1723420800000,2024-08-12T00:00:00+00:00,BTC/USDT,1d,58711.6,60692.8,57592.9,59348.0,12877.9245052
1723507200000,2024-08-13T00:00:00+00:00,BTC/USDT,1d,59348.0,61575.9,58398.1,60584.6,8315.98034762
1723593600000,2024-08-14T00:00:00+00:00,BTC/USDT,1d,60584.6,61839.8,58441.2,58686.9,8191.49403323
1723680000000,2024-08-15T00:00:00+00:00,BTC/USDT,1d,58684.0,59850.0,56093.7,57544.0,11005.50754503
1723766400000,2024-08-16T00:00:00+00:00,BTC/USDT,1d,57542.1,59821.0,57094.1,58880.4,9443.13975523
1723852800000,2024-08-17T00:00:00+00:00,BTC/USDT,1d,58880.5,59716.8,58804.9,59499.7,2504.13748128
1723939200000,2024-08-18T00:00:00+00:00,BTC/USDT,1d,59499.8,60288.4,58400.3,58434.7,4753.24210675
1724025600000,2024-08-19T00:00:00+00:00,BTC/USDT,1d,58433.8,59610.7,57800.0,59443.8,5540.327467
1724112000000,2024-08-20T00:00:00+00:00,BTC/USDT,1d,59438.5,61419.6,58541.2,59006.5,10763.08670319
1724198400000,2024-08-21T00:00:00+00:00,BTC/USDT,1d,59004.3,61832.3,58781.7,61156.0,8278.18478471
1724284800000,2024-08-22T00:00:00+00:00,BTC/USDT,1d,61156.0,61401.2,59667.6,60380.0,6976.04711851
1724371200000,2024-08-23T00:00:00+00:00,BTC/USDT,1d,60381.4,65000.0,60340.0,64048.1,14561.40431646
1724457600000,2024-08-24T00:00:00+00:00,BTC/USDT,1d,64048.2,64508.9,63513.7,64160.0,4935.32185808
1724544000000,2024-08-25T00:00:00+00:00,BTC/USDT,1d,64154.1,65010.2,63780.1,64227.5,4230.08665442
1724630400000,2024-08-26T00:00:00+00:00,BTC/USDT,1d,64227.5,64482.8,62800.0,62818.3,6252.83997207
1724716800000,2024-08-27T00:00:00+00:00,BTC/USDT,1d,62830.4,63213.9,58000.0,59404.8,10934.14610752
1724803200000,2024-08-28T00:00:00+00:00,BTC/USDT,1d,59406.9,60235.3,57825.1,59034.0,10206.8287233
1724889600000,2024-08-29T00:00:00+00:00,BTC/USDT,1d,59036.9,61186.4,58700.5,59352.1,7113.41347663
1724976000000,2024-08-30T00:00:00+00:00,BTC/USDT,1d,59352.0,59948.1,57650.0,59135.6,7850.0795944
1725062400000,2024-08-31T00:00:00+00:00,BTC/USDT,1d,59134.1,59461.5,58725.4,58974.5,1916.8816309
1725148800000,2024-09-01T00:00:00+00:00,BTC/USDT,1d,58974.2,59083.4,57168.5,57296.1,6351.49422802
1725235200000,2024-09-02T00:00:00+00:00,BTC/USDT,1d,57294.9,59433.8,57116.2,59143.2,5849.20707685
1725321600000,2024-09-03T00:00:00+00:00,BTC/USDT,1d,59142.2,59817.0,57401.0,57484.0,5406.92140985
1725408000000,2024-09-04T00:00:00+00:00,BTC/USDT,1d,57480.1,58522.1,55568.0,57970.0,9853.61825922
1725494400000,2024-09-05T00:00:00+00:00,BTC/USDT,1d,57970.0,58329.9,55631.0,56176.0,8907.32666931
1725580800000,2024-09-06T00:00:00+00:00,BTC/USDT,1d,56176.0,57054.8,52528.6,53958.8,16150.42706648
1725667200000,2024-09-07T00:00:00+00:00,BTC/USDT,1d,53958.8,54853.0,53734.1,54155.8,5117.43145175
1725753600000,2024-09-08T00:00:00+00:00,BTC/USDT,1d,54161.2,55320.1,53626.2,54875.9,4851.23573713
1725840000000,2024-09-09T00:00:00+00:00,BTC/USDT,1d,54876.0,58135.0,54588.7,57030.8,11844.34717334
1725926400000,2024-09-10T00:00:00+00:00,BTC/USDT,1d,57030.9,58045.8,56387.1,57639.7,7798.99127987
1726012800000,2024-09-11T00:00:00+00:00,BTC/USDT,1d,57639.8,57988.0,55555.0,57338.3,9337.65680797
1726099200000,2024-09-12T00:00:00+00:00,BTC/USDT,1d,57335.3,58588.8,57328.2,58132.5,7465.9961818
1726185600000,2024-09-13T00:00:00+00:00,BTC/USDT,1d,58132.5,60644.7,57635.4,60500.1,8602.22621068
1726272000000,2024-09-14T00:00:00+00:00,BTC/USDT,1d,60500.0,60612.2,59355.9,59991.8,4154.66637798
1726358400000,2024-09-15T00:00:00+00:00,BTC/USDT,1d,59991.9,60407.3,58692.8,59126.2,3712.67379857
1726444800000,2024-09-16T00:00:00+00:00,BTC/USDT,1d,59126.3,59209.9,57431.1,58211.9,8081.37822094
1726531200000,2024-09-17T00:00:00+00:00,BTC/USDT,1d,58212.0,61343.1,57615.7,60314.6,10105.65118518
1726617600000,2024-09-18T00:00:00+00:00,BTC/USDT,1d,60314.7,61807.8,59179.7,61767.7,11579.49086577
1726704000000,2024-09-19T00:00:00+00:00,BTC/USDT,1d,61770.7,63858.1,61558.0,62956.3,11464.01357997
1726790400000,2024-09-20T00:00:00+00:00,BTC/USDT,1d,62956.4,64142.8,62338.0,63200.0,9191.69066961
1726876800000,2024-09-21T00:00:00+00:00,BTC/USDT,1d,63199.9,63569.1,62750.6,63348.0,2377.46558258
1726963200000,2024-09-22T00:00:00+00:00,BTC/USDT,1d,63348.1,64019.0,62364.8,63574.2,4560.68892149
1727049600000,2024-09-23T00:00:00+00:00,BTC/USDT,1d,63577.5,64750.0,62560.0,63336.1,7466.1079218
1727136000000,2024-09-24T00:00:00+00:00,BTC/USDT,1d,63334.1,64698.0,62702.3,64275.8,8356.05420232
1727222400000,2024-09-25T00:00:00+00:00,BTC/USDT,1d,64275.8,64822.2,62950.0,63154.9,6903.90311865
1727308800000,2024-09-26T00:00:00+00:00,BTC/USDT,1d,63154.9,65831.9,62671.0,65163.4,9633.43925152
1727395200000,2024-09-27T00:00:00+00:00,BTC/USDT,1d,65163.4,66500.0,64820.0,65774.1,8214.83539935
1727481600000,2024-09-28T00:00:00+00:00,BTC/USDT,1d,65774.0,66269.7,65414.6,65853.3,2900.34932926
1727568000000,2024-09-29T00:00:00+00:00,BTC/USDT,1d,65853.4,66079.6,65440.0,65603.5,2577.37071146
1727654400000,2024-09-30T00:00:00+00:00,BTC/USDT,1d,65603.6,65623.7,62850.0,63327.5,10554.96947418
1727740800000,2024-10-01T00:00:00+00:00,BTC/USDT,1d,63327.6,64128.0,60160.1,60814.5,14826.75901923
1727827200000,2024-10-02T00:00:00+00:00,BTC/USDT,1d,60814.5,62375.6,60000.0,60642.1,9461.33615462
1727913600000,2024-10-03T00:00:00+00:00,BTC/USDT,1d,60642.1,61479.0,59800.0,60753.8,9187.01727061
1728000000000,2024-10-04T00:00:00+00:00,BTC/USDT,1d,60752.8,62480.8,60462.0,62094.1,6931.98162877
1728086400000,2024-10-05T00:00:00+00:00,BTC/USDT,1d,62093.4,62382.9,61687.0,62058.6,2148.39275328
1728172800000,2024-10-06T00:00:00+00:00,BTC/USDT,1d,62058.6,62986.9,61820.0,62825.3,2626.67268207
1728259200000,2024-10-07T00:00:00+00:00,BTC/USDT,1d,62825.4,64466.9,62126.0,62222.1,9697.12969549
1728345600000,2024-10-08T00:00:00+00:00,BTC/USDT,1d,62222.0,63200.0,61866.0,62155.9,6074.08964504
1728432000000,2024-10-09T00:00:00+00:00,BTC/USDT,1d,62156.0,62549.2,60302.0,60637.5,6277.3628263
1728518400000,2024-10-10T00:00:00+00:00,BTC/USDT,1d,60637.5,61315.9,58935.6,60322.4,7450.66757733
1728604800000,2024-10-11T00:00:00+00:00,BTC/USDT,1d,60322.5,63419.5,60088.0,62546.0,8656.15565433
1728691200000,2024-10-12T00:00:00+00:00,BTC/USDT,1d,62546.1,63488.0,62477.4,63209.9,3848.71155181
1728777600000,2024-10-13T00:00:00+00:00,BTC/USDT,1d,63209.4,63294.5,62050.0,62872.0,3344.26923875
1728864000000,2024-10-14T00:00:00+00:00,BTC/USDT,1d,62872.1,66577.1,62453.4,66089.8,14565.17708127
1728950400000,2024-10-15T00:00:00+00:00,BTC/USDT,1d,66089.9,67963.6,64781.5,67072.1,14398.81302333
1729036800000,2024-10-16T00:00:00+00:00,BTC/USDT,1d,67072.1,68422.6,66755.1,67614.3,9446.98818287
1729123200000,2024-10-17T00:00:00+00:00,BTC/USDT,1d,67614.4,67941.0,66670.0,67426.5,7300.34861422
1729209600000,2024-10-18T00:00:00+00:00,BTC/USDT,1d,67426.5,69000.0,67188.5,68431.4,8869.24860839
1729296000000,2024-10-19T00:00:00+00:00,BTC/USDT,1d,68431.4,68700.0,68006.0,68366.2,2137.23198452
1729382400000,2024-10-20T00:00:00+00:00,BTC/USDT,1d,68366.3,69425.0,68100.0,69035.6,3542.45381774
1729468800000,2024-10-21T00:00:00+00:00,BTC/USDT,1d,69035.7,69546.0,66842.8,67371.7,10624.44778247
1729555200000,2024-10-22T00:00:00+00:00,BTC/USDT,1d,67371.8,67838.0,66555.0,67421.2,8803.1847121
1729641600000,2024-10-23T00:00:00+00:00,BTC/USDT,1d,67421.3,67470.3,65251.0,66666.0,7780.15045898
1729728000000,2024-10-24T00:00:00+00:00,BTC/USDT,1d,66666.1,68850.3,66514.0,68198.5,7315.65549724
1729814400000,2024-10-25T00:00:00+00:00,BTC/USDT,1d,68198.6,68771.9,65588.7,66710.0,11321.44881757
1729900800000,2024-10-26T00:00:00+00:00,BTC/USDT,1d,66710.0,67482.7,66442.0,67095.9,3615.56734073
1729987200000,2024-10-27T00:00:00+00:00,BTC/USDT,1d,67095.8,68344.0,66936.9,68022.9,2708.29107454
1730073600000,2024-10-28T00:00:00+00:00,BTC/USDT,1d,68022.2,70332.9,67618.0,69961.2,9561.25604325
1730160000000,2024-10-29T00:00:00+00:00,BTC/USDT,1d,69961.3,73650.0,69754.6,72746.0,15666.8654187
1730246400000,2024-10-30T00:00:00+00:00,BTC/USDT,1d,72746.0,72962.0,71440.0,72345.2,8577.58204254
1730332800000,2024-10-31T00:00:00+00:00,BTC/USDT,1d,72345.2,72696.0,69688.0,70302.2,10766.00966581
1730419200000,2024-11-01T00:00:00+00:00,BTC/USDT,1d,70302.3,71629.9,68800.2,69495.5,12143.81069739
1730505600000,2024-11-02T00:00:00+00:00,BTC/USDT,1d,69495.6,69914.2,69017.8,69371.0,2854.89076309
1730592000000,2024-11-03T00:00:00+00:00,BTC/USDT,1d,69371.0,69386.0,67458.0,68769.3,7667.96769928
1730678400000,2024-11-04T00:00:00+00:00,BTC/USDT,1d,68770.0,69499.0,66822.5,67850.0,8435.89193466
1730764800000,2024-11-05T00:00:00+00:00,BTC/USDT,1d,67850.1,70554.9,67471.4,69372.7,10525.56371032
1730851200000,2024-11-06T00:00:00+00:00,BTC/USDT,1d,69372.8,76388.0,69289.9,75584.8,32222.7667945
1730937600000,2024-11-07T00:00:00+00:00,BTC/USDT,1d,75584.9,76848.1,74429.0,75860.3,10618.62235726
1731024000000,2024-11-08T00:00:00+00:00,BTC/USDT,1d,75860.4,77179.1,75583.4,76499.1,9474.47960689
1731110400000,2024-11-09T00:00:00+00:00,BTC/USDT,1d,76499.1,76915.8,75714.2,76675.0,4525.46609222
1731196800000,2024-11-10T00:00:00+00:00,BTC/USDT,1d,76675.1,81568.0,76494.1,80360.0,16995.24889088
1731283200000,2024-11-11T00:00:00+00:00,BTC/USDT,1d,80358.8,89575.0,80212.1,88640.0,22727.95466285
1731369600000,2024-11-12T00:00:00+00:00,BTC/USDT,1d,88640.1,89970.2,85091.8,87944.5,28815.39820741
1731456000000,2024-11-13T00:00:00+00:00,BTC/USDT,1d,87944.6,93263.0,86126.1,90378.4,22380.13460877
1731542400000,2024-11-14T00:00:00+00:00,BTC/USDT,1d,90378.4,91777.7,86666.6,87330.0,16089.32124438
1731628800000,2024-11-15T00:00:00+00:00,BTC/USDT,1d,87330.0,91851.2,87070.9,91022.9,13114.955173
1731715200000,2024-11-16T00:00:00+00:00,BTC/USDT,1d,91022.9,91784.6,90060.1,90583.3,4952.06371731
1731801600000,2024-11-17T00:00:00+00:00,BTC/USDT,1d,90583.9,91489.9,88714.2,89860.0,6749.27556207
1731888000000,2024-11-18T00:00:00+00:00,BTC/USDT,1d,89860.8,92644.1,89375.0,90464.0,16371.57397047
1731974400000,2024-11-19T00:00:00+00:00,BTC/USDT,1d,90463.9,93888.0,90348.0,92307.9,13246.54138368
1732060800000,2024-11-20T00:00:00+00:00,BTC/USDT,1d,92307.9,94818.0,91479.7,94286.8,11349.30534162
1732147200000,2024-11-21T00:00:00+00:00,BTC/USDT,1d,94287.0,98960.0,94000.0,98317.2,19588.86849577
1732233600000,2024-11-22T00:00:00+00:00,BTC/USDT,1d,98317.2,99588.0,97152.5,98891.8,12225.69403399
1732320000000,2024-11-23T00:00:00+00:00,BTC/USDT,1d,98891.8,98908.0,97135.3,97666.5,6478.14356456
1732406400000,2024-11-24T00:00:00+00:00,BTC/USDT,1d,97666.5,98569.3,95745.5,97899.9,6748.15376211
1732492800000,2024-11-25T00:00:00+00:00,BTC/USDT,1d,97902.5,98876.0,92601.6,93002.0,13160.3916657
1732579200000,2024-11-26T00:00:00+00:00,BTC/USDT,1d,93002.0,94999.9,90800.0,91960.1,12908.29573158
1732665600000,2024-11-27T00:00:00+00:00,BTC/USDT,1d,91960.1,97203.8,91784.0,95848.1,10463.84950387
1732752000000,2024-11-28T00:00:00+00:00,BTC/USDT,1d,95848.1,96567.7,94610.0,95636.7,5784.43784214
1732838400000,2024-11-29T00:00:00+00:00,BTC/USDT,1d,95636.7,98628.0,95357.7,97456.1,8212.48966214
1732924800000,2024-11-30T00:00:00+00:00,BTC/USDT,1d,97456.1,97460.0,96080.1,96409.0,3851.08568575
1733011200000,2024-12-01T00:00:00+00:00,BTC/USDT,1d,96409.1,97841.7,95678.0,97190.2,4973.57705772
1733097600000,2024-12-02T00:00:00+00:00,BTC/USDT,1d,97190.2,98174.4,94388.5,95828.1,9654.87051269
1733184000000,2024-12-03T00:00:00+00:00,BTC/USDT,1d,95828.2,96302.6,93583.8,95857.3,8952.18751243
1733270400000,2024-12-04T00:00:00+00:00,BTC/USDT,1d,95857.4,99000.0,94580.0,98580.7,12943.88995409
1733356800000,2024-12-05T00:00:00+00:00,BTC/USDT,1d,98580.6,104056.0,89711.9,96960.0,27570.46234834
1733443200000,2024-12-06T00:00:00+00:00,BTC/USDT,1d,96960.0,101901.8,96243.3,99734.0,11991.3128089
1733529600000,2024-12-07T00:00:00+00:00,BTC/USDT,1d,99734.1,100439.0,98846.2,99835.4,3854.00126077
1733616000000,2024-12-08T00:00:00+00:00,BTC/USDT,1d,99835.5,101362.7,98663.2,101107.7,4333.69599744
1733702400000,2024-12-09T00:00:00+00:00,BTC/USDT,1d,101107.8,101221.7,94000.0,97267.2,14528.24977398
1733788800000,2024-12-10T00:00:00+00:00,BTC/USDT,1d,97275.7,98300.0,94244.3,96593.2,12213.85908796
1733875200000,2024-12-11T00:00:00+00:00,BTC/USDT,1d,96593.2,101884.0,95666.6,101117.4,10670.25572301
1733961600000,2024-12-12T00:00:00+00:00,BTC/USDT,1d,101117.4,102538.9,99307.1,100001.1,9809.11373928
1734048000000,2024-12-13T00:00:00+00:00,BTC/USDT,1d,100001.2,101911.4,99200.0,101418.6,8694.30865628
1734134400000,2024-12-14T00:00:00+00:00,BTC/USDT,1d,101418.6,102666.0,100606.9,101421.3,3822.08261164
1734220800000,2024-12-15T00:00:00+00:00,BTC/USDT,1d,101422.0,105333.0,101228.0,104477.4,6357.48275007
1734307200000,2024-12-16T00:00:00+00:00,BTC/USDT,1d,104477.5,107796.3,103307.9,106066.0,11240.92690055
1734393600000,2024-12-17T00:00:00+00:00,BTC/USDT,1d,106066.1,108365.0,105306.4,106128.4,9079.0088136
1734480000000,2024-12-18T00:00:00+00:00,BTC/USDT,1d,106128.4,106500.0,100000.0,100213.1,14974.46962576
1734566400000,2024-12-19T00:00:00+00:00,BTC/USDT,1d,100208.2,102805.0,95682.2,97458.1,22123.68566125
1734652800000,2024-12-20T00:00:00+00:00,BTC/USDT,1d,97458.1,98240.0,92268.0,97806.4,21739.47201134
1734739200000,2024-12-21T00:00:00+00:00,BTC/USDT,1d,97809.1,99553.7,96396.1,97283.3,7232.60308299
1734825600000,2024-12-22T00:00:00+00:00,BTC/USDT,1d,97289.2,97459.4,94258.1,95173.4,5125.00388279
1734912000000,2024-12-23T00:00:00+00:00,BTC/USDT,1d,95173.4,96538.4,92525.0,94884.1,9936.80743995
1734998400000,2024-12-24T00:00:00+00:00,BTC/USDT,1d,94884.1,99480.2,93555.9,98661.3,8954.98899873
1735084800000,2024-12-25T00:00:00+00:00,BTC/USDT,1d,98656.1,99599.0,97626.1,99440.3,5337.23859921
1735171200000,2024-12-26T00:00:00+00:00,BTC/USDT,1d,99440.4,99968.9,95179.4,95783.3,7283.05051706
1735257600000,2024-12-27T00:00:00+00:00,BTC/USDT,1d,95777.9,97561.4,93500.0,94304.1,8421.05776752
1735344000000,2024-12-28T00:00:00+00:00,BTC/USDT,1d,94303.6,95750.0,94143.0,95305.3,2445.53816994
1735430400000,2024-12-29T00:00:00+00:00,BTC/USDT,1d,95304.1,95346.6,93000.0,93737.6,4845.90699467
1735516800000,2024-12-30T00:00:00+00:00,BTC/USDT,1d,93737.6,95041.2,91540.0,92796.4,10170.65337363
1735603200000,2024-12-31T00:00:00+00:00,BTC/USDT,1d,92796.4,96258.9,92030.2,93585.1,7921.22471868
1735689600000,2025-01-01T00:00:00+00:00,BTC/USDT,1d,93585.0,95192.1,92888.0,94589.5,4030.15764439
1735776000000,2025-01-02T00:00:00+00:00,BTC/USDT,1d,94589.5,97847.6,94390.4,96988.4,8155.92115183
1735862400000,2025-01-03T00:00:00+00:00,BTC/USDT,1d,96988.4,98977.9,96100.1,98183.4,5529.39452864
1735948800000,2025-01-04T00:00:00+00:00,BTC/USDT,1d,98183.9,98785.7,97527.2,98221.9,2940.63167799
1736035200000,2025-01-05T00:00:00+00:00,BTC/USDT,1d,98221.9,98842.4,97260.8,98363.9,2351.48263432
1736121600000,2025-01-06T00:00:00+00:00,BTC/USDT,1d,98363.9,102479.3,97924.0,102230.6,7846.79214161
1736208000000,2025-01-07T00:00:00+00:00,BTC/USDT,1d,102224.5,102750.0,96176.6,96957.9,9409.58343844
1736294400000,2025-01-08T00:00:00+00:00,BTC/USDT,1d,96958.0,97290.7,92500.2,95037.0,9494.80363937
1736380800000,2025-01-09T00:00:00+00:00,BTC/USDT,1d,95042.7,95391.9,91200.0,92553.1,9159.12732207
1736467200000,2025-01-10T00:00:00+00:00,BTC/USDT,1d,92553.0,95853.1,92222.0,94726.5,9401.4162062
1736553600000,2025-01-11T00:00:00+00:00,BTC/USDT,1d,94724.5,95039.2,93829.6,94612.5,2054.79140031
1736640000000,2025-01-12T00:00:00+00:00,BTC/USDT,1d,94612.5,95465.0,93711.8,94549.9,2145.95045142
1736726400000,2025-01-13T00:00:00+00:00,BTC/USDT,1d,94549.9,95947.2,89111.0,94538.5,14515.21147962
1736812800000,2025-01-14T00:00:00+00:00,BTC/USDT,1d,94538.6,97384.0,94350.0,96559.9,9295.86022027
1736899200000,2025-01-15T00:00:00+00:00,BTC/USDT,1d,96560.0,100687.0,96500.0,100497.0,8455.84186303
1736985600000,2025-01-16T00:00:00+00:00,BTC/USDT,1d,100495.2,100880.0,97311.1,99990.8,8405.28538773
1737072000000,2025-01-17T00:00:00+00:00,BTC/USDT,1d,99990.9,105847.4,99950.1,104084.4,12692.88564144
1737158400000,2025-01-18T00:00:00+00:00,BTC/USDT,1d,104084.5,104984.0,102288.0,104551.6,7136.92787152
1737244800000,2025-01-19T00:00:00+00:00,BTC/USDT,1d,104551.6,106448.6,99639.4,101334.0,13871.46478944
1737331200000,2025-01-20T00:00:00+00:00,BTC/USDT,1d,101334.0,109800.0,99526.4,102264.3,29215.80272144
1737417600000,2025-01-21T00:00:00+00:00,BTC/USDT,1d,102263.9,107285.8,100111.0,106150.1,16862.59108702
1737504000000,2025-01-22T00:00:00+00:00,BTC/USDT,1d,106150.1,106416.3,103308.3,103704.1,7964.78761756
1737590400000,2025-01-23T00:00:00+00:00,BTC/USDT,1d,103704.2,106863.1,101233.0,103914.8,18762.38267739
1737676800000,2025-01-24T00:00:00+00:00,BTC/USDT,1d,103914.8,107146.3,102750.0,104866.1,7599.95235469
1737763200000,2025-01-25T00:00:00+00:00,BTC/USDT,1d,104866.2,105300.0,104106.1,104740.3,2943.45466318
1737849600000,2025-01-26T00:00:00+00:00,BTC/USDT,1d,104740.3,105526.6,102500.0,102604.5,3106.68873461
1737936000000,2025-01-27T00:00:00+00:00,BTC/USDT,1d,102600.7,103272.2,97751.6,102076.1,17290.23726432
1738022400000,2025-01-28T00:00:00+00:00,BTC/USDT,1d,102076.1,103848.0,100274.4,101349.3,8667.91377155
1738108800000,2025-01-29T00:00:00+00:00,BTC/USDT,1d,101345.2,104795.1,101331.0,103733.3,7493.36202024
1738195200000,2025-01-30T00:00:00+00:00,BTC/USDT,1d,103735.3,106450.3,103282.8,104727.2,7848.07802652
1738281600000,2025-01-31T00:00:00+00:00,BTC/USDT,1d,104727.2,106000.0,101542.4,102439.9,9422.69889842
1738368000000,2025-02-01T00:00:00+00:00,BTC/USDT,1d,102440.0,102788.0,100270.0,100633.2,4497.21756703
1738454400000,2025-02-02T00:00:00+00:00,BTC/USDT,1d,100633.1,101461.7,96137.6,97698.9,9495.2555308
1738540800000,2025-02-03T00:00:00+00:00,BTC/USDT,1d,97698.9,102500.0,91182.6,101337.5,29588.43086161
1738627200000,2025-02-04T00:00:00+00:00,BTC/USDT,1d,101337.6,101743.9,96136.2,97767.9,12305.98119918
1738713600000,2025-02-05T00:00:00+00:00,BTC/USDT,1d,97768.0,99166.6,96156.0,96616.1,7412.67824723
1738800000000,2025-02-06T00:00:00+00:00,BTC/USDT,1d,96615.7,99132.2,95680.0,96554.7,6928.59468368
1738886400000,2025-02-07T00:00:00+00:00,BTC/USDT,1d,96554.8,100149.8,95601.0,96504.1,10679.20826296
1738972800000,2025-02-08T00:00:00+00:00,BTC/USDT,1d,96504.0,96888.7,95683.0,96458.1,2677.55570034
1739059200000,2025-02-09T00:00:00+00:00,BTC/USDT,1d,96458.1,97329.0,94705.8,96475.9,4006.5884632
1739145600000,2025-02-10T00:00:00+00:00,BTC/USDT,1d,96475.9,98358.3,95254.0,97431.7,6835.52956702
1739232000000,2025-02-11T00:00:00+00:00,BTC/USDT,1d,97431.7,98489.7,94859.5,95779.9,6175.36805831
1739318400000,2025-02-12T00:00:00+00:00,BTC/USDT,1d,95779.9,98136.1,94021.3,97870.1,8228.93454385
1739404800000,2025-02-13T00:00:00+00:00,BTC/USDT,1d,97870.1,98091.4,95209.4,96617.0,6142.26062577
1739491200000,2025-02-14T00:00:00+00:00,BTC/USDT,1d,96617.0,98843.9,96274.5,97504.0,6279.00464778
1739577600000,2025-02-15T00:00:00+00:00,BTC/USDT,1d,97504.1,97987.2,97222.0,97587.3,2356.30585026
1739664000000,2025-02-16T00:00:00+00:00,BTC/USDT,1d,97587.4,97722.2,96048.4,96105.6,3198.52785613
1739750400000,2025-02-17T00:00:00+00:00,BTC/USDT,1d,96105.6,97047.4,95188.8,95778.3,5041.81697582
1739836800000,2025-02-18T00:00:00+00:00,BTC/USDT,1d,95778.3,96750.0,93363.3,95656.6,7403.70988429
1739923200000,2025-02-19T00:00:00+00:00,BTC/USDT,1d,95665.1,96899.9,95000.0,96644.3,5381.59180444
1740009600000,2025-02-20T00:00:00+00:00,BTC/USDT,1d,96644.4,98722.0,96415.2,98307.9,5571.08593579
1740096000000,2025-02-21T00:00:00+00:00,BTC/USDT,1d,98308.0,99485.9,94858.5,96172.9,11724.24757958
1740182400000,2025-02-22T00:00:00+00:00,BTC/USDT,1d,96172.9,96983.3,95760.4,96552.1,3579.27393107
1740268800000,2025-02-23T00:00:00+00:00,BTC/USDT,1d,96552.1,96648.0,95250.1,96264.7,2730.98024577
1740355200000,2025-02-24T00:00:00+00:00,BTC/USDT,1d,96264.7,96513.7,91333.8,91534.5,10796.50521914
1740441600000,2025-02-25T00:00:00+00:00,BTC/USDT,1d,91534.5,92545.9,86050.0,88680.7,25824.74548835
1740528000000,2025-02-26T00:00:00+00:00,BTC/USDT,1d,88680.7,89415.5,82236.0,84254.0,17651.14355488
1740614400000,2025-02-27T00:00:00+00:00,BTC/USDT,1d,84254.0,87090.3,82725.7,84717.4,13743.98183188
1740700800000,2025-02-28T00:00:00+00:00,BTC/USDT,1d,84717.7,85121.9,78258.5,84339.4,28248.80125346
1740787200000,2025-03-01T00:00:00+00:00,BTC/USDT,1d,84346.0,86547.3,83812.9,86056.1,7767.74628862
1740873600000,2025-03-02T00:00:00+00:00,BTC/USDT,1d,86056.1,95000.0,85040.8,94269.5,17211.25795152
1740960000000,2025-03-03T00:00:00+00:00,BTC/USDT,1d,94269.5,94426.0,85111.5,86219.7,20459.42518627
1741046400000,2025-03-04T00:00:00+00:00,BTC/USDT,1d,86219.8,88948.4,81501.0,87277.9,19969.17663864
1741132800000,2025-03-05T00:00:00+00:00,BTC/USDT,1d,87276.6,91052.9,86356.5,90608.7,13183.41502489
1741219200000,2025-03-06T00:00:00+00:00,BTC/USDT,1d,90608.7,92812.3,87838.0,89930.0,12891.89019597
1741305600000,2025-03-07T00:00:00+00:00,BTC/USDT,1d,89930.0,91290.3,84640.0,86797.1,23278.99291411
1741392000000,2025-03-08T00:00:00+00:00,BTC/USDT,1d,86797.2,86891.3,85217.8,86227.9,5297.76786383
1741478400000,2025-03-09T00:00:00+00:00,BTC/USDT,1d,86227.9,86511.7,80000.0,80743.3,10212.98090837
1741564800000,2025-03-10T00:00:00+00:00,BTC/USDT,1d,80745.0,84069.4,77464.0,78595.8,19580.59890241
1741651200000,2025-03-11T00:00:00+00:00,BTC/USDT,1d,78595.9,83631.8,76600.0,82943.2,19847.40230171
1741737600000,2025-03-12T00:00:00+00:00,BTC/USDT,1d,82942.7,84499.0,80597.7,83691.9,12834.81338322
1741824000000,2025-03-13T00:00:00+00:00,BTC/USDT,1d,83691.9,84333.3,79940.0,81119.5,9175.78559214
1741910400000,2025-03-14T00:00:00+00:00,BTC/USDT,1d,81119.6,85300.0,80826.8,83988.7,9838.62948963
1741996800000,2025-03-15T00:00:00+00:00,BTC/USDT,1d,83988.6,84679.9,83609.2,84342.0,2969.00394083
1742083200000,2025-03-16T00:00:00+00:00,BTC/USDT,1d,84342.1,85154.0,82000.0,82578.1,7286.94642839
1742169600000,2025-03-17T00:00:00+00:00,BTC/USDT,1d,82578.1,84764.3,82444.3,84011.9,8184.44024098
1742256000000,2025-03-18T00:00:00+00:00,BTC/USDT,1d,84011.9,84030.1,81144.0,82709.7,8256.61127101
1742342400000,2025-03-19T00:00:00+00:00,BTC/USDT,1d,82709.8,87024.0,82539.9,86841.0,10492.98338964
1742428800000,2025-03-20T00:00:00+00:00,BTC/USDT,1d,86843.7,87446.9,83642.0,84225.9,8809.24556432
1742515200000,2025-03-21T00:00:00+00:00,BTC/USDT,1d,84223.3,84844.0,83170.6,84086.5,5260.21715675
1742601600000,2025-03-22T00:00:00+00:00,BTC/USDT,1d,84086.5,84533.3,83650.0,83850.0,2055.27739344
1742688000000,2025-03-23T00:00:00+00:00,BTC/USDT,1d,83850.0,86131.0,83812.0,86083.3,3786.16144289
1742774400000,2025-03-24T00:00:00+00:00,BTC/USDT,1d,86083.4,88769.2,85530.0,87496.7,9227.68584472
1742860800000,2025-03-25T00:00:00+00:00,BTC/USDT,1d,87496.7,88545.7,86303.3,87414.6,7254.92434073
1742947200000,2025-03-26T00:00:00+00:00,BTC/USDT,1d,87414.6,88284.0,85860.0,86926.2,7413.30182534
1743033600000,2025-03-27T00:00:00+00:00,BTC/USDT,1d,86926.3,87765.2,85800.0,87228.0,6674.63353903
1743120000000,2025-03-28T00:00:00+00:00,BTC/USDT,1d,87228.0,87504.4,83585.0,84427.3,11824.03061243
1743206400000,2025-03-29T00:00:00+00:00,BTC/USDT,1d,84427.4,84626.7,81644.2,82650.1,5528.35093193
1743292800000,2025-03-30T00:00:00+00:00,BTC/USDT,1d,82650.0,83535.4,81569.3,82398.2,5168.06207419
1743379200000,2025-03-31T00:00:00+00:00,BTC/USDT,1d,82398.4,83929.6,81268.5,82556.9,6444.37352175
1743465600000,2025-04-01T00:00:00+00:00,BTC/USDT,1d,82556.9,85555.0,82429.6,85168.2,8606.99246835
1743552000000,2025-04-02T00:00:00+00:00,BTC/USDT,1d,85168.3,88500.0,82320.1,82513.2,14159.67167024
1743638400000,2025-04-03T00:00:00+00:00,BTC/USDT,1d,82514.1,83937.3,81203.0,83216.3,10722.42511002
1743724800000,2025-04-04T00:00:00+00:00,BTC/USDT,1d,83216.4,84725.0,81667.0,83889.0,13608.61853779
1743811200000,2025-04-05T00:00:00+00:00,BTC/USDT,1d,83889.1,84268.7,82383.0,83534.2,3962.45914489
1743897600000,2025-04-06T00:00:00+00:00,BTC/USDT,1d,83539.6,83793.7,77142.8,78426.0,12033.58928828
1743984000000,2025-04-07T00:00:00+00:00,BTC/USDT,1d,78427.1,81213.5,74501.6,79174.4,25221.67755968
1744070400000,2025-04-08T00:00:00+00:00,BTC/USDT,1d,79174.4,80860.0,76243.3,76329.9,11085.8250711
1744156800000,2025-04-09T00:00:00+00:00,BTC/USDT,1d,76329.9,83583.1,74627.5,82618.4,23614.78711289
1744243200000,2025-04-10T00:00:00+00:00,BTC/USDT,1d,82618.3,82749.0,78462.0,79599.5,13757.00317977
1744329600000,2025-04-11T00:00:00+00:00,BTC/USDT,1d,79592.0,84300.0,78970.9,83416.0,12448.84740141
1744416000000,2025-04-12T00:00:00+00:00,BTC/USDT,1d,83414.1,85888.0,82764.9,85268.0,7470.68304511
1744502400000,2025-04-13T00:00:00+00:00,BTC/USDT,1d,85268.1,86100.0,83020.2,83760.0,9195.48901995
1744588800000,2025-04-14T00:00:00+00:00,BTC/USDT,1d,83758.1,85808.1,83688.2,84586.6,9020.06414124
1744675200000,2025-04-15T00:00:00+00:00,BTC/USDT,1d,84586.7,86460.0,83603.2,83650.7,8069.29433914
1744761600000,2025-04-16T00:00:00+00:00,BTC/USDT,1d,83650.6,85550.0,83107.6,84029.7,6581.22704606
1744848000000,2025-04-17T00:00:00+00:00,BTC/USDT,1d,84029.8,85489.0,83722.0,84955.0,6489.49436171
1744934400000,2025-04-18T00:00:00+00:00,BTC/USDT,1d,84955.1,85138.0,84300.0,84468.6,2332.50567678
1745020800000,2025-04-19T00:00:00+00:00,BTC/USDT,1d,84468.6,85661.0,84370.0,85087.8,3968.98541419
1745107200000,2025-04-20T00:00:00+00:00,BTC/USDT,1d,85087.9,85350.1,83941.7,85183.7,6709.61379748
1745193600000,2025-04-21T00:00:00+00:00,BTC/USDT,1d,85183.8,88466.0,85143.4,87516.1,12189.97928581
1745280000000,2025-04-22T00:00:00+00:00,BTC/USDT,1d,87512.1,94086.3,87062.8,93447.9,14019.76405469
1745366400000,2025-04-23T00:00:00+00:00,BTC/USDT,1d,93448.0,94779.6,91935.8,93676.1,10152.02911179
1745452800000,2025-04-24T00:00:00+00:00,BTC/USDT,1d,93676.0,93998.0,91662.9,93973.9,7583.31109067
1745539200000,2025-04-25T00:00:00+00:00,BTC/USDT,1d,93974.0,95768.4,92842.0,94640.0,9319.22455115
1745625600000,2025-04-26T00:00:00+00:00,BTC/USDT,1d,94645.1,95208.8,93870.1,94631.8,4313.3504374
1745712000000,2025-04-27T00:00:00+00:00,BTC/USDT,1d,94631.8,95310.0,93610.3,93744.0,3697.26287294
1745798400000,2025-04-28T00:00:00+00:00,BTC/USDT,1d,93744.0,95600.0,92774.1,95014.6,9353.71264519
1745884800000,2025-04-29T00:00:00+00:00,BTC/USDT,1d,95014.6,95465.2,93729.9,94242.0,6405.64408606
1745971200000,2025-04-30T00:00:00+00:00,BTC/USDT,1d,94242.0,95236.0,92914.1,94163.1,6337.50984881
1746057600000,2025-05-01T00:00:00+00:00,BTC/USDT,1d,94163.1,97426.0,94125.5,96488.2,9960.36757112
1746144000000,2025-05-02T00:00:00+00:00,BTC/USDT,1d,96488.0,97896.0,96315.8,96891.6,7468.15476421
1746230400000,2025-05-03T00:00:00+00:00,BTC/USDT,1d,96891.7,96929.3,95751.6,95861.6,4048.36560009
1746316800000,2025-05-04T00:00:00+00:00,BTC/USDT,1d,95860.1,96299.9,94123.2,94273.7,4249.38447761
1746403200000,2025-05-05T00:00:00+00:00,BTC/USDT,1d,94273.8,95217.5,93489.1,94737.3,5789.92646452
1746489600000,2025-05-06T00:00:00+00:00,BTC/USDT,1d,94737.3,96900.0,93390.1,96833.9,7056.46124529
1746576000000,2025-05-07T00:00:00+00:00,BTC/USDT,1d,96834.0,97731.8,95788.9,97026.0,6461.72868276
1746662400000,2025-05-08T00:00:00+00:00,BTC/USDT,1d,97026.0,104295.8,96872.0,103270.0,13417.14730305
1746748800000,2025-05-09T00:00:00+00:00,BTC/USDT,1d,103269.9,104366.0,102300.0,102986.0,8280.52444386
1746835200000,2025-05-10T00:00:00+00:00,BTC/USDT,1d,102986.1,104999.0,102824.2,104820.0,4696.29800504
1746921600000,2025-05-11T00:00:00+00:00,BTC/USDT,1d,104819.9,104968.1,103333.3,104126.0,5676.60785515
1747008000000,2025-05-12T00:00:00+00:00,BTC/USDT,1d,104126.9,105850.0,100733.0,102790.0,9562.70588406
1747094400000,2025-05-13T00:00:00+00:00,BTC/USDT,1d,102790.1,104986.0,101418.1,104127.7,7481.17034472
1747180800000,2025-05-14T00:00:00+00:00,BTC/USDT,1d,104122.3,104357.6,102608.3,103500.0,5353.69470211
1747267200000,2025-05-15T00:00:00+00:00,BTC/USDT,1d,103500.1,104195.7,101355.2,103766.7,7316.52086917
1747353600000,2025-05-16T00:00:00+00:00,BTC/USDT,1d,103766.5,104555.0,103100.0,103461.2,4944.88301299
1747440000000,2025-05-17T00:00:00+00:00,BTC/USDT,1d,103461.2,103729.1,102600.0,103133.6,3919.55626721
1747526400000,2025-05-18T00:00:00+00:00,BTC/USDT,1d,103133.7,106669.0,103100.1,106468.7,6882.99277067
1747612800000,2025-05-19T00:00:00+00:00,BTC/USDT,1d,106468.9,107140.1,102080.4,105568.1,9938.36338696
1747699200000,2025-05-20T00:00:00+00:00,BTC/USDT,1d,105568.1,107308.7,104180.0,106846.1,7908.41940656
1747785600000,2025-05-21T00:00:00+00:00,BTC/USDT,1d,106846.0,110804.2,106086.1,109642.8,13083.60466016
1747872000000,2025-05-22T00:00:00+00:00,BTC/USDT,1d,109646.0,111963.0,109179.5,111701.9,9860.22176593
1747958400000,2025-05-23T00:00:00+00:00,BTC/USDT,1d,111702.0,111800.0,106800.0,107324.0,10331.70339478
1748044800000,2025-05-24T00:00:00+00:00,BTC/USDT,1d,107324.1,109488.6,106880.0,107767.2,5050.97650019
1748131200000,2025-05-25T00:00:00+00:00,BTC/USDT,1d,107767.3,109315.3,106600.0,109004.9,4742.27490007
1748217600000,2025-05-26T00:00:00+00:00,BTC/USDT,1d,109004.9,110450.0,108666.7,109437.9,5325.32664063
1748304000000,2025-05-27T00:00:00+00:00,BTC/USDT,1d,109436.7,110729.0,107505.2,108936.0,7425.53241112
1748390400000,2025-05-28T00:00:00+00:00,BTC/USDT,1d,108936.0,109282.0,106800.0,107783.9,6007.08570482
1748476800000,2025-05-29T00:00:00+00:00,BTC/USDT,1d,107783.9,108897.5,105311.8,105586.1,11958.4616969
1748563200000,2025-05-30T00:00:00+00:00,BTC/USDT,1d,105586.1,106322.9,103621.1,103999.9,7533.77097633
1748649600000,2025-05-31T00:00:00+00:00,BTC/USDT,1d,104000.0,104907.5,103078.7,104596.8,3268.15066908
1748736000000,2025-06-01T00:00:00+00:00,BTC/USDT,1d,104596.8,105874.2,103738.3,105641.5,3564.67299164
1748822400000,2025-06-02T00:00:00+00:00,BTC/USDT,1d,105641.6,105945.0,103668.8,105847.3,4592.23742485
1748908800000,2025-06-03T00:00:00+00:00,BTC/USDT,1d,105848.9,106804.0,104871.7,105386.7,5326.46317426
1748995200000,2025-06-04T00:00:00+00:00,BTC/USDT,1d,105386.7,105988.0,104181.4,104680.5,3839.4262184
1749081600000,2025-06-05T00:00:00+00:00,BTC/USDT,1d,104688.8,105914.9,100400.0,101500.0,9276.75618363
1749168000000,2025-06-06T00:00:00+00:00,BTC/USDT,1d,101499.9,105330.8,101083.0,104295.5,7608.9685087
1749254400000,2025-06-07T00:00:00+00:00,BTC/USDT,1d,104295.5,105916.7,103876.8,105553.6,2514.75434319
1749340800000,2025-06-08T00:00:00+00:00,BTC/USDT,1d,105553.6,106499.5,104969.6,105729.1,2121.96290582
1749427200000,2025-06-09T00:00:00+00:00,BTC/USDT,1d,105729.2,110650.0,105313.4,110267.0,6518.37288649
1749513600000,2025-06-10T00:00:00+00:00,BTC/USDT,1d,110266.9,110393.0,108344.1,110274.1,4684.91669774
1749600000000,2025-06-11T00:00:00+00:00,BTC/USDT,1d,110274.1,110399.9,108050.1,108645.7,4029.25866951
1749686400000,2025-06-12T00:00:00+00:00,BTC/USDT,1d,108645.7,108827.6,105661.4,105663.8,7812.62766632
1749772800000,2025-06-13T00:00:00+00:00,BTC/USDT,1d,105663.8,106188.0,102640.0,106066.1,9488.08681204
1749859200000,2025-06-14T00:00:00+00:00,BTC/USDT,1d,106066.1,106219.2,104305.7,105410.9,2746.44099044
1749945600000,2025-06-15T00:00:00+00:00,BTC/USDT,1d,105410.9,106140.0,104500.0,105579.9,3221.13151708
1750032000000,2025-06-16T00:00:00+00:00,BTC/USDT,1d,105580.0,108974.7,104972.2,106803.8,5344.88227532
1750118400000,2025-06-17T00:00:00+00:00,BTC/USDT,1d,106806.0,107761.7,103368.1,104564.0,8918.27917156
1750204800000,2025-06-18T00:00:00+00:00,BTC/USDT,1d,104565.1,105544.2,103500.0,104890.1,5088.53967851
1750291200000,2025-06-19T00:00:00+00:00,BTC/USDT,1d,104890.0,105225.8,103920.1,104652.4,2621.85826146
1750377600000,2025-06-20T00:00:00+00:00,BTC/USDT,1d,104652.1,106520.0,102340.7,103304.6,6357.82807147
1750464000000,2025-06-21T00:00:00+00:00,BTC/USDT,1d,103304.6,103991.6,100866.0,102124.4,5004.83021331
1750550400000,2025-06-22T00:00:00+00:00,BTC/USDT,1d,102126.3,103396.6,98188.4,100949.2,10247.09025563
1750636800000,2025-06-23T00:00:00+00:00,BTC/USDT,1d,100948.1,106052.1,99636.6,105356.0,9643.94046111
1750723200000,2025-06-24T00:00:00+00:00,BTC/USDT,1d,105355.9,106290.8,104625.1,106094.1,6777.21948302
1750809600000,2025-06-25T00:00:00+00:00,BTC/USDT,1d,106094.2,108130.0,105820.1,107335.5,6583.53806839
1750896000000,2025-06-26T00:00:00+00:00,BTC/USDT,1d,107335.6,108290.0,106546.8,106962.8,4918.44529866
1750982400000,2025-06-27T00:00:00+00:00,BTC/USDT,1d,106962.9,107742.0,106377.0,107054.0,4927.65118747
1751068800000,2025-06-28T00:00:00+00:00,BTC/USDT,1d,107054.5,107552.4,106806.4,107302.7,1997.79672528
1751155200000,2025-06-29T00:00:00+00:00,BTC/USDT,1d,107302.7,108539.0,107169.2,108361.5,2926.27530671
1751241600000,2025-06-30T00:00:00+00:00,BTC/USDT,1d,108361.5,108800.0,106736.9,107140.0,4033.4241961
1751328000000,2025-07-01T00:00:00+00:00,BTC/USDT,1d,107140.1,107547.9,105239.2,105688.1,4678.27318176
1751414400000,2025-07-02T00:00:00+00:00,BTC/USDT,1d,105688.1,109750.0,105100.0,108838.9,6318.35624475
1751500800000,2025-07-03T00:00:00+00:00,BTC/USDT,1d,108838.9,110529.0,108526.1,109593.4,4574.2563791
1751587200000,2025-07-04T00:00:00+00:00,BTC/USDT,1d,109593.5,109777.8,107255.7,107985.4,3223.40250189
1751673600000,2025-07-05T00:00:00+00:00,BTC/USDT,1d,107985.5,108432.7,107750.1,108199.7,1248.5447676
1751760000000,2025-07-06T00:00:00+00:00,BTC/USDT,1d,108199.8,109719.6,107804.1,109202.6,2030.6132155
1751846400000,2025-07-07T00:00:00+00:00,BTC/USDT,1d,109202.6,109707.9,107506.5,108262.1,2682.62827793
1751932800000,2025-07-08T00:00:00+00:00,BTC/USDT,1d,108262.1,109218.8,107421.4,108926.0,2834.4736747
1752019200000,2025-07-09T00:00:00+00:00,BTC/USDT,1d,108926.0,112000.0,108333.4,111239.3,5410.12333575
1752105600000,2025-07-10T00:00:00+00:00,BTC/USDT,1d,111239.3,117548.2,110504.4,116015.9,9867.99294038
1752192000000,2025-07-11T00:00:00+00:00,BTC/USDT,1d,116016.0,118868.0,115208.1,117542.3,8037.12136085
1752278400000,2025-07-12T00:00:00+00:00,BTC/USDT,1d,117542.2,118230.5,116916.6,117437.1,5247.26861473
1752364800000,2025-07-13T00:00:00+00:00,BTC/USDT,1d,117438.0,119500.0,117222.5,119096.0,3185.85793522
1752451200000,2025-07-14T00:00:00+00:00,BTC/USDT,1d,119095.9,123226.0,118906.5,119848.7,9045.78504163
1752537600000,2025-07-15T00:00:00+00:00,BTC/USDT,1d,119848.7,119950.0,115726.7,117752.7,11387.63759729
1752624000000,2025-07-16T00:00:00+00:00,BTC/USDT,1d,117752.6,120069.3,117018.2,118629.7,5314.61868941
1752710400000,2025-07-17T00:00:00+00:00,BTC/USDT,1d,118629.7,120941.8,117444.0,119178.0,5583.41822284
1752796800000,2025-07-18T00:00:00+00:00,BTC/USDT,1d,119178.0,120822.7,116811.0,117934.0,6793.59430457
1752883200000,2025-07-19T00:00:00+00:00,BTC/USDT,1d,117934.1,118492.0,117267.9,117838.2,2917.05388318
1752969600000,2025-07-20T00:00:00+00:00,BTC/USDT,1d,117838.3,118865.9,116462.0,117260.1,3469.44297522
1753056000000,2025-07-21T00:00:00+00:00,BTC/USDT,1d,117260.1,119669.0,116520.0,117378.1,5012.60558127
1753142400000,2025-07-22T00:00:00+00:00,BTC/USDT,1d,117378.1,120249.3,116116.0,119954.9,8684.56371028
1753228800000,2025-07-23T00:00:00+00:00,BTC/USDT,1d,119955.0,120080.0,117313.6,118757.9,5470.70412554
1753315200000,2025-07-24T00:00:00+00:00,BTC/USDT,1d,118757.9,119500.0,117072.0,118341.8,5881.01567022
1753401600000,2025-07-25T00:00:00+00:00,BTC/USDT,1d,118341.9,118462.5,114712.4,117615.8,14823.02724256
1753488000000,2025-07-26T00:00:00+00:00,BTC/USDT,1d,117615.9,118290.0,117129.7,117917.3,2430.31755294
1753574400000,2025-07-27T00:00:00+00:00,BTC/USDT,1d,117917.9,119786.0,117818.0,119439.3,3485.56258046
1753660800000,2025-07-28T00:00:00+00:00,BTC/USDT,1d,119440.0,119828.0,117400.4,118073.9,3487.35110145
1753747200000,2025-07-29T00:00:00+00:00,BTC/USDT,1d,118073.9,119300.0,116954.4,117944.1,3928.207275
1753833600000,2025-07-30T00:00:00+00:00,BTC/USDT,1d,117944.0,118800.0,115716.3,117836.4,4649.59239764
1753920000000,2025-07-31T00:00:00+00:00,BTC/USDT,1d,117836.4,118936.8,115500.0,115754.8,5196.99532531
1754006400000,2025-08-01T00:00:00+00:00,BTC/USDT,1d,115754.8,116063.2,112724.3,113294.3,9645.42555018
1754092800000,2025-08-02T00:00:00+00:00,BTC/USDT,1d,113294.4,114061.3,112005.4,112559.9,3426.81807393
1754179200000,2025-08-03T00:00:00+00:00,BTC/USDT,1d,112560.0,114780.4,111903.1,114202.0,2552.42393238
1754265600000,2025-08-04T00:00:00+00:00,BTC/USDT,1d,114202.1,115738.9,114109.1,115053.6,3315.32238925
1754352000000,2025-08-05T00:00:00+00:00,BTC/USDT,1d,115053.7,115128.4,112653.0,114126.8,4101.6529488
1754438400000,2025-08-06T00:00:00+00:00,BTC/USDT,1d,114126.8,115711.0,113357.6,114999.8,2974.29718039
1754524800000,2025-08-07T00:00:00+00:00,BTC/USDT,1d,114999.6,117636.4,114260.7,117478.0,4452.50279353
1754611200000,2025-08-08T00:00:00+00:00,BTC/USDT,1d,117478.1,117663.8,115888.0,116665.9,4460.09866834
1754697600000,2025-08-09T00:00:00+00:00,BTC/USDT,1d,116666.0,117923.2,116348.8,116470.0,3761.2912021
1754784000000,2025-08-10T00:00:00+00:00,BTC/USDT,1d,116470.1,119317.7,116457.9,119287.8,5027.46131999
1754870400000,2025-08-11T00:00:00+00:00,BTC/USDT,1d,119287.7,122335.8,118036.2,118686.1,7775.95484853
1754956800000,2025-08-12T00:00:00+00:00,BTC/USDT,1d,118686.1,120320.0,118203.7,120132.0,5405.85257172
1755043200000,2025-08-13T00:00:00+00:00,BTC/USDT,1d,120132.1,123700.0,118929.1,123308.0,7114.74615589
1755129600000,2025-08-14T00:00:00+00:00,BTC/USDT,1d,123308.1,124500.0,117156.1,118298.5,10097.11692672
1755216000000,2025-08-15T00:00:00+00:00,BTC/USDT,1d,118298.5,119229.5,116800.0,117338.1,4584.12398379
1755302400000,2025-08-16T00:00:00+00:00,BTC/USDT,1d,117338.0,117899.1,117136.3,117386.1,3442.14475639
1755388800000,2025-08-17T00:00:00+00:00,BTC/USDT,1d,117386.1,118585.5,117180.0,117409.6,1768.99653256
1755475200000,2025-08-18T00:00:00+00:00,BTC/USDT,1d,117409.6,117555.6,114652.5,116234.4,5644.55917177
1755561600000,2025-08-19T00:00:00+00:00,BTC/USDT,1d,116234.4,116732.0,112710.9,112865.6,5571.6285604
1755648000000,2025-08-20T00:00:00+00:00,BTC/USDT,1d,112864.1,114625.0,112371.6,114279.6,5351.37742744
1755734400000,2025-08-21T00:00:00+00:00,BTC/USDT,1d,114279.7,114824.5,112006.0,112511.4,5071.84426752
1755820800000,2025-08-22T00:00:00+00:00,BTC/USDT,1d,112511.5,117420.0,111684.0,116943.7,7512.6901424
1755907200000,2025-08-23T00:00:00+00:00,BTC/USDT,1d,116943.8,117031.5,114540.4,115424.1,3400.32292093
1755993600000,2025-08-24T00:00:00+00:00,BTC/USDT,1d,115424.1,115666.6,110481.8,113490.0,6587.56573637
1756080000000,2025-08-25T00:00:00+00:00,BTC/USDT,1d,113491.9,113662.8,109284.7,110119.0,8239.77025488
1756166400000,2025-08-26T00:00:00+00:00,BTC/USDT,1d,110119.0,112373.0,108680.6,111771.8,6606.803999
1756252800000,2025-08-27T00:00:00+00:00,BTC/USDT,1d,111771.9,112625.3,110355.8,111254.1,4014.08770145
1756339200000,2025-08-28T00:00:00+00:00,BTC/USDT,1d,111254.1,113484.9,110869.6,112564.0,5118.99688195
1756425600000,2025-08-29T00:00:00+00:00,BTC/USDT,1d,112564.1,112642.0,107474.9,108385.7,7323.83695577
1756512000000,2025-08-30T00:00:00+00:00,BTC/USDT,1d,108385.8,108922.9,107343.7,108815.0,4987.66420971
1756598400000,2025-08-31T00:00:00+00:00,BTC/USDT,1d,108815.1,109486.0,108064.9,108248.3,2305.23228201
1756684800000,2025-09-01T00:00:00+00:00,BTC/USDT,1d,108248.0,109911.0,107250.0,109235.9,4341.71247647
1756771200000,2025-09-02T00:00:00+00:00,BTC/USDT,1d,109236.0,111773.1,108386.5,111233.7,6750.52120518
1756857600000,2025-09-03T00:00:00+00:00,BTC/USDT,1d,111234.0,112571.3,110530.0,111700.0,3836.68043118
1756944000000,2025-09-04T00:00:00+00:00,BTC/USDT,1d,111700.0,112180.0,109312.3,110721.1,3662.33534638
1757030400000,2025-09-05T00:00:00+00:00,BTC/USDT,1d,110720.1,113400.0,110215.8,110673.3,6218.27440149
1757116800000,2025-09-06T00:00:00+00:00,BTC/USDT,1d,110673.4,111356.1,109967.1,110192.1,3205.72863749
1757203200000,2025-09-07T00:00:00+00:00,BTC/USDT,1d,110192.1,111610.2,110181.0,111137.6,3544.13363623
1757289600000,2025-09-08T00:00:00+00:00,BTC/USDT,1d,111137.6,112920.4,110608.8,112063.4,3788.40757221
1757376000000,2025-09-09T00:00:00+00:00,BTC/USDT,1d,112063.5,113277.5,110762.0,111541.9,5970.02422484
1757462400000,2025-09-10T00:00:00+00:00,BTC/USDT,1d,111542.0,114318.0,110923.1,113957.7,6538.89192451
1757548800000,2025-09-11T00:00:00+00:00,BTC/USDT,1d,113957.7,115480.0,113417.5,115477.9,5119.6697022
1757635200000,2025-09-12T00:00:00+00:00,BTC/USDT,1d,115477.9,116666.0,114750.1,116030.1,4903.5352177
1757721600000,2025-09-13T00:00:00+00:00,BTC/USDT,1d,116030.1,116285.3,115116.5,115924.4,2669.70971954
1757808000000,2025-09-14T00:00:00+00:00,BTC/USDT,1d,115924.5,116164.4,115131.3,115268.3,2130.28715071
1757894400000,2025-09-15T00:00:00+00:00,BTC/USDT,1d,115268.4,116773.1,114370.0,115350.6,5582.08594181
1757980800000,2025-09-16T00:00:00+00:00,BTC/USDT,1d,115350.6,116969.3,114708.0,116797.7,4630.81546719
1758067200000,2025-09-17T00:00:00+00:00,BTC/USDT,1d,116797.8,117282.0,114722.0,116451.3,6594.46931541
1758153600000,2025-09-18T00:00:00+00:00,BTC/USDT,1d,116451.3,117910.0,116095.4,117081.1,4986.60814027
1758240000000,2025-09-19T00:00:00+00:00,BTC/USDT,1d,117081.0,117469.0,115088.0,115630.1,3257.80512752
1758326400000,2025-09-20T00:00:00+00:00,BTC/USDT,1d,115630.1,116136.9,115408.0,115685.9,1471.32130708
1758412800000,2025-09-21T00:00:00+00:00,BTC/USDT,1d,115686.0,115826.0,115162.2,115236.0,1234.06021168
1758499200000,2025-09-22T00:00:00+00:00,BTC/USDT,1d,115236.0,115382.8,111514.3,112656.0,7377.14046326
1758585600000,2025-09-23T00:00:00+00:00,BTC/USDT,1d,112656.1,113290.8,111466.0,112004.6,2770.71046801
1758672000000,2025-09-24T00:00:00+00:00,BTC/USDT,1d,112004.6,113946.0,111020.0,113303.1,3635.88743619
1758758400000,2025-09-25T00:00:00+00:00,BTC/USDT,1d,113303.1,113514.0,108625.1,108990.8,6115.00812749
1758844800000,2025-09-26T00:00:00+00:00,BTC/USDT,1d,108990.9,110294.3,108617.3,109639.9,5217.06440714
1758931200000,2025-09-27T00:00:00+00:00,BTC/USDT,1d,109640.0,109755.4,109064.9,109630.7,1957.47292025
1759017600000,2025-09-28T00:00:00+00:00,BTC/USDT,1d,109630.8,112354.8,109200.0,112172.1,2371.07384593
1759104000000,2025-09-29T00:00:00+00:00,BTC/USDT,1d,112171.0,114425.7,111558.4,114313.0,6537.3281361
1759190400000,2025-09-30T00:00:00+00:00,BTC/USDT,1d,114313.0,114800.0,112666.9,114047.2,5678.99752315
1759276800000,2025-10-01T00:00:00+00:00,BTC/USDT,1d,114047.1,118655.7,113955.4,118607.7,6608.0933567
1759363200000,2025-10-02T00:00:00+00:00,BTC/USDT,1d,118607.7,121039.9,118279.1,120540.8,7743.90309204
1759449600000,2025-10-03T00:00:00+00:00,BTC/USDT,1d,120540.8,123888.0,119257.0,122239.4,8590.4680947
1759536000000,2025-10-04T00:00:00+00:00,BTC/USDT,1d,122239.4,122800.0,121519.4,122396.9,4185.93935742
1759622400000,2025-10-05T00:00:00+00:00,BTC/USDT,1d,122397.0,125790.0,122133.9,123480.1,8311.35846876
1759708800000,2025-10-06T00:00:00+00:00,BTC/USDT,1d,123480.1,126200.0,123088.0,124673.0,6691.19721072
1759795200000,2025-10-07T00:00:00+00:00,BTC/USDT,1d,124674.9,125139.2,120592.0,121344.9,7435.59875393
1759881600000,2025-10-08T00:00:00+00:00,BTC/USDT,1d,121344.9,124200.0,121072.1,123304.1,5206.72827438
1759968000000,2025-10-09T00:00:00+00:00,BTC/USDT,1d,123304.1,123793.6,119651.4,121656.4,5870.26042236
1760054400000,2025-10-10T00:00:00+00:00,BTC/USDT,1d,121656.5,122564.1,101500.0,112769.0,23711.49830368
1760140800000,2025-10-11T00:00:00+00:00,BTC/USDT,1d,112770.0,113298.5,109568.2,110654.0,13770.38563849
1760227200000,2025-10-12T00:00:00+00:00,BTC/USDT,1d,110654.0,115766.0,109588.0,114972.6,10145.28056504
1760313600000,2025-10-13T00:00:00+00:00,BTC/USDT,1d,114972.6,115960.0,113603.6,115174.9,6762.78418259
1760400000000,2025-10-14T00:00:00+00:00,BTC/USDT,1d,115174.9,115417.2,109872.7,113036.0,11879.73626893
1760486400000,2025-10-15T00:00:00+00:00,BTC/USDT,1d,113035.1,113619.9,110158.7,110763.2,8793.94839052
1760572800000,2025-10-16T00:00:00+00:00,BTC/USDT,1d,110763.1,112000.0,107430.9,108195.1,11472.66295222
1760659200000,2025-10-17T00:00:00+00:00,BTC/USDT,1d,108195.1,109244.2,103514.5,106430.8,12910.0292239
1760745600000,2025-10-18T00:00:00+00:00,BTC/USDT,1d,106430.9,107500.0,106330.6,107175.6,3763.30012826
1760832000000,2025-10-19T00:00:00+00:00,BTC/USDT,1d,107175.5,109450.0,106110.5,108649.8,6780.74873937
1760918400000,2025-10-20T00:00:00+00:00,BTC/USDT,1d,108649.6,111719.3,107425.6,110544.4,9254.80679875
1761004800000,2025-10-21T00:00:00+00:00,BTC/USDT,1d,110544.5,114013.6,107476.8,108310.0,14396.3938266
1761091200000,2025-10-22T00:00:00+00:00,BTC/USDT,1d,108310.0,109150.0,106650.9,107584.0,11528.41126347
1761177600000,2025-10-23T00:00:00+00:00,BTC/USDT,1d,107584.0,111291.9,107517.1,110073.8,7999.13226216
1761264000000,2025-10-24T00:00:00+00:00,BTC/USDT,1d,110073.9,112188.0,109700.6,111010.0,7717.40881826
1761350400000,2025-10-25T00:00:00+00:00,BTC/USDT,1d,111009.9,111950.0,110663.3,111650.0,2966.22654876
1761436800000,2025-10-26T00:00:00+00:00,BTC/USDT,1d,111650.0,115590.0,111250.2,114554.6,5405.32815725
1761523200000,2025-10-27T00:00:00+00:00,BTC/USDT,1d,114555.7,116400.0,113850.0,114111.7,8251.60171444
1761609600000,2025-10-28T00:00:00+00:00,BTC/USDT,1d,114111.8,116100.0,112200.0,112892.9,7869.52559162
1761696000000,2025-10-29T00:00:00+00:00,BTC/USDT,1d,112892.9,113652.8,109145.5,110024.2,11064.92775666
1761782400000,2025-10-30T00:00:00+00:00,BTC/USDT,1d,110024.2,111600.0,106308.9,108311.6,9835.61810913
1761868800000,2025-10-31T00:00:00+00:00,BTC/USDT,1d,108311.7,111172.7,108269.2,109604.1,10233.37611091
1761955200000,2025-11-01T00:00:00+00:00,BTC/USDT,1d,109604.1,110548.0,109390.0,110096.0,3075.64924341
1762041600000,2025-11-02T00:00:00+00:00,BTC/USDT,1d,110096.0,111245.5,109500.0,110550.0,4295.29049449
1762128000000,2025-11-03T00:00:00+00:00,BTC/USDT,1d,110550.0,110757.5,105305.0,106584.3,11801.11488933
1762214400000,2025-11-04T00:00:00+00:00,BTC/USDT,1d,106584.1,107291.6,98941.2,101490.4,15537.56527228
1762300800000,2025-11-05T00:00:00+00:00,BTC/USDT,1d,101491.5,104546.5,98968.4,103883.0,10082.46010836
1762387200000,2025-11-06T00:00:00+00:00,BTC/USDT,1d,103882.9,104210.0,100257.0,101349.9,8760.13404143
1762473600000,2025-11-07T00:00:00+00:00,BTC/USDT,1d,101350.0,104082.6,99267.9,103335.4,10281.12032161
1762560000000,2025-11-08T00:00:00+00:00,BTC/USDT,1d,103335.4,103410.0,101474.3,102320.1,3535.8938561
1762646400000,2025-11-09T00:00:00+00:00,BTC/USDT,1d,102320.1,105478.0,101375.0,104722.4,5134.63588229
1762732800000,2025-11-10T00:00:00+00:00,BTC/USDT,1d,104722.5,106663.2,104274.5,106012.0,8034.03364606
1762819200000,2025-11-11T00:00:00+00:00,BTC/USDT,1d,106012.0,107500.0,102500.0,103061.7,9421.81062782
1762905600000,2025-11-12T00:00:00+00:00,BTC/USDT,1d,103062.2,105332.8,100800.0,101658.0,8079.47285307
1762992000000,2025-11-13T00:00:00+00:00,BTC/USDT,1d,101658.0,104039.0,98000.9,99688.7,13485.33460073
1763078400000,2025-11-14T00:00:00+00:00,BTC/USDT,1d,99688.7,99876.3,94000.1,94581.9,15313.89001829
1763164800000,2025-11-15T00:00:00+00:00,BTC/USDT,1d,94581.9,96818.1,94558.9,95603.0,3901.86407994
1763251200000,2025-11-16T00:00:00+00:00,BTC/USDT,1d,95603.1,96626.6,93000.0,94269.5,6344.33747837
1763337600000,2025-11-17T00:00:00+00:00,BTC/USDT,1d,94269.5,96055.8,91313.7,92226.8,10075.7408505
1763424000000,2025-11-18T00:00:00+00:00,BTC/USDT,1d,92226.8,93836.5,89281.8,92967.1,13146.47353932
1763510400000,2025-11-19T00:00:00+00:00,BTC/USDT,1d,92967.1,92992.3,88611.7,91561.1,9285.9802484
1763596800000,2025-11-20T00:00:00+00:00,BTC/USDT,1d,91561.0,93158.5,86100.0,86636.1,13214.58947409
1763683200000,2025-11-21T00:00:00+00:00,BTC/USDT,1d,86638.0,87504.5,80636.3,85135.0,22296.3773605
1763769600000,2025-11-22T00:00:00+00:00,BTC/USDT,1d,85135.0,85618.8,83503.5,84741.1,5507.0070623
1763856000000,2025-11-23T00:00:00+00:00,BTC/USDT,1d,84741.2,88129.3,84679.3,86846.6,6068.47497467
1763942400000,2025-11-24T00:00:00+00:00,BTC/USDT,1d,86846.7,89230.5,85278.2,88281.8,8666.42133535
1764028800000,2025-11-25T00:00:00+00:00,BTC/USDT,1d,88281.8,88507.3,86118.2,87359.1,6818.72540239
1764115200000,2025-11-26T00:00:00+00:00,BTC/USDT,1d,87359.1,90646.1,86317.4,90482.1,7335.19600438
1764201600000,2025-11-27T00:00:00+00:00,BTC/USDT,1d,90482.1,91949.5,90090.0,91330.3,6756.87270739
1764288000000,2025-11-28T00:00:00+00:00,BTC/USDT,1d,91330.2,93079.0,90213.9,90890.5,7436.66069644
1764374400000,2025-11-29T00:00:00+00:00,BTC/USDT,1d,90890.6,91171.0,90168.0,90801.9,3643.79065006
1764460800000,2025-11-30T00:00:00+00:00,BTC/USDT,1d,90801.9,91972.1,90351.3,90367.3,3088.17194025
1764547200000,2025-12-01T00:00:00+00:00,BTC/USDT,1d,90367.2,90421.5,83833.4,86283.3,12363.90401424
1764633600000,2025-12-02T00:00:00+00:00,BTC/USDT,1d,86283.4,92299.4,86183.3,91284.0,8748.47151802
1764720000000,2025-12-03T00:00:00+00:00,BTC/USDT,1d,91283.9,94162.8,91004.0,93423.0,9388.45778426
1764806400000,2025-12-04T00:00:00+00:00,BTC/USDT,1d,93423.0,94074.9,90887.6,92062.7,6854.45339631
1764892800000,2025-12-05T00:00:00+00:00,BTC/USDT,1d,92062.7,92696.1,88040.4,89330.8,6047.23882895
1764979200000,2025-12-06T00:00:00+00:00,BTC/USDT,1d,89330.9,90279.8,88914.1,89233.9,3427.90123353
1765065600000,2025-12-07T00:00:00+00:00,BTC/USDT,1d,89234.0,91759.5,87731.7,90394.1,4751.37259871
1765152000000,2025-12-08T00:00:00+00:00,BTC/USDT,1d,90394.1,92288.0,89612.7,90639.9,5600.21704218
1765238400000,2025-12-09T00:00:00+00:00,BTC/USDT,1d,90642.0,94600.0,89500.0,92682.5,8776.97605985
1765324800000,2025-12-10T00:00:00+00:00,BTC/USDT,1d,92682.4,94495.2,91567.6,92013.7,8044.94435586
1765411200000,2025-12-11T00:00:00+00:00,BTC/USDT,1d,92013.6,93564.4,89255.9,92522.3,7958.2599013
1765497600000,2025-12-12T00:00:00+00:00,BTC/USDT,1d,92522.2,92752.5,89466.6,90268.1,5511.80479965
1765584000000,2025-12-13T00:00:00+00:00,BTC/USDT,1d,90268.1,90638.2,89764.8,90241.1,2819.40303924
1765670400000,2025-12-14T00:00:00+00:00,BTC/USDT,1d,90241.1,90475.0,87564.5,88162.9,3552.87392212
1765756800000,2025-12-15T00:00:00+00:00,BTC/USDT,1d,88163.0,90021.9,85147.7,86432.9,5736.06956705
1765843200000,2025-12-16T00:00:00+00:00,BTC/USDT,1d,86433.0,88180.0,85265.2,87863.0,5373.95660569
1765929600000,2025-12-17T00:00:00+00:00,BTC/USDT,1d,87863.0,90375.0,85328.4,86248.1,6686.79430148
1766016000000,2025-12-18T00:00:00+00:00,BTC/USDT,1d,86248.1,89480.0,84456.2,85506.1,8128.21719039
1766102400000,2025-12-19T00:00:00+00:00,BTC/USDT,1d,85506.1,89426.3,85120.0,88143.1,6489.32277787
1766188800000,2025-12-20T00:00:00+00:00,BTC/USDT,1d,88143.0,88574.9,87800.0,88366.1,1511.89716034
1766275200000,2025-12-21T00:00:00+00:00,BTC/USDT,1d,88366.0,89081.6,87607.6,88656.1,3364.77250826
1766361600000,2025-12-22T00:00:00+00:00,BTC/USDT,1d,88656.2,90598.0,87886.9,88621.2,6037.16392184
1766448000000,2025-12-23T00:00:00+00:00,BTC/USDT,1d,88621.3,88938.2,86578.9,87487.4,5392.7918953
1766534400000,2025-12-24T00:00:00+00:00,BTC/USDT,1d,87487.5,88054.8,86400.0,87669.9,3120.378339
1766620800000,2025-12-25T00:00:00+00:00,BTC/USDT,1d,87670.0,88603.5,86947.4,87232.0,2000.95986322
1766707200000,2025-12-26T00:00:00+00:00,BTC/USDT,1d,87232.1,89569.3,86666.0,87362.0,5918.20822602
1766793600000,2025-12-27T00:00:00+00:00,BTC/USDT,1d,87362.0,87981.4,87245.1,87872.1,2098.42083197
1766880000000,2025-12-28T00:00:00+00:00,BTC/USDT,1d,87872.1,88088.0,87442.1,87951.0,3006.20345725
1766966400000,2025-12-29T00:00:00+00:00,BTC/USDT,1d,87951.0,90389.4,86804.2,87232.1,7112.87060387
1767052800000,2025-12-30T00:00:00+00:00,BTC/USDT,1d,87232.1,89400.0,86825.6,88496.6,4229.18768261
1767139200000,2025-12-31T00:00:00+00:00,BTC/USDT,1d,88496.5,89217.5,87240.0,87638.9,3782.07607056
1767225600000,2026-01-01T00:00:00+00:00,BTC/USDT,1d,87638.8,88920.5,87551.9,88847.1,2017.00913845
1767312000000,2026-01-02T00:00:00+00:00,BTC/USDT,1d,88847.0,90960.0,88382.0,89986.9,6964.4537711
1767398400000,2026-01-03T00:00:00+00:00,BTC/USDT,1d,89987.0,90736.1,89321.2,90633.0,2146.28500197
1767484800000,2026-01-04T00:00:00+00:00,BTC/USDT,1d,90632.9,91820.0,90632.9,91537.1,4333.41832597
1767571200000,2026-01-05T00:00:00+00:00,BTC/USDT,1d,91537.0,94793.7,91523.0,93870.9,6965.04515109
1767657600000,2026-01-06T00:00:00+00:00,BTC/USDT,1d,93871.0,94446.6,91277.7,93750.0,6550.24189979
1767744000000,2026-01-07T00:00:00+00:00,BTC/USDT,1d,93750.0,93750.0,90670.0,91370.9,6447.03806565
1767830400000,2026-01-08T00:00:00+00:00,BTC/USDT,1d,91373.7,91669.7,89327.8,91097.2,6038.35715496
1767916800000,2026-01-09T00:00:00+00:00,BTC/USDT,1d,91097.2,92020.2,89700.0,90636.0,5393.36156387
1768003200000,2026-01-10T00:00:00+00:00,BTC/USDT,1d,90636.0,90836.3,90396.3,90504.9,2414.18746294
1768089600000,2026-01-11T00:00:00+00:00,BTC/USDT,1d,90504.9,91284.6,90230.3,91012.0,2258.22222152
1768176000000,2026-01-12T00:00:00+00:00,BTC/USDT,1d,91008.3,92520.6,90132.1,91304.0,6340.09278025
1768262400000,2026-01-13T00:00:00+00:00,BTC/USDT,1d,91304.0,96543.0,91054.3,95411.8,9462.4540697
1768348800000,2026-01-14T00:00:00+00:00,BTC/USDT,1d,95411.8,97925.4,94521.7,96945.9,11411.40972987
1768435200000,2026-01-15T00:00:00+00:00,BTC/USDT,1d,96946.0,97189.9,95132.9,95607.0,6053.95072037
1768521600000,2026-01-16T00:00:00+00:00,BTC/USDT,1d,95607.0,95852.7,94303.6,95560.0,3869.99659847
1768608000000,2026-01-17T00:00:00+00:00,BTC/USDT,1d,95560.1,95638.0,95000.0,95153.9,1728.27590115
1768694400000,2026-01-18T00:00:00+00:00,BTC/USDT,1d,95153.9,95529.0,93600.0,93674.1,2311.62353634
1768780800000,2026-01-19T00:00:00+00:00,BTC/USDT,1d,93674.0,93674.0,91900.0,92628.0,7023.41998217
1768867200000,2026-01-20T00:00:00+00:00,BTC/USDT,1d,92627.9,92870.0,87806.2,88418.6,9201.55415081
1768953600000,2026-01-21T00:00:00+00:00,BTC/USDT,1d,88418.6,90592.0,87258.7,89456.1,9323.32904221
1769040000000,2026-01-22T00:00:00+00:00,BTC/USDT,1d,89456.1,90355.0,88515.3,89560.2,4841.74533245
1769126400000,2026-01-23T00:00:00+00:00,BTC/USDT,1d,89560.2,91222.0,88563.6,89608.0,5837.12593085
1769212800000,2026-01-24T00:00:00+00:00,BTC/USDT,1d,89608.1,89933.1,89169.6,89227.6,1366.85511715
1769299200000,2026-01-25T00:00:00+00:00,BTC/USDT,1d,89227.5,89326.0,86090.0,86666.8,4612.21135512
1769385600000,2026-01-26T00:00:00+00:00,BTC/USDT,1d,86666.8,88857.0,86515.2,88347.9,5853.69447255
1769472000000,2026-01-27T00:00:00+00:00,BTC/USDT,1d,88348.0,89526.3,87311.7,89250.0,4935.64132169
1769558400000,2026-01-28T00:00:00+00:00,BTC/USDT,1d,89250.1,90606.1,88811.0,89299.9,6016.22635118
1769644800000,2026-01-29T00:00:00+00:00,BTC/USDT,1d,89299.9,89348.7,83371.0,84654.7,9718.32390488
1769731200000,2026-01-30T00:00:00+00:00,BTC/USDT,1d,84654.7,84735.7,81010.0,84253.2,12672.19276314
1769817600000,2026-01-31T00:00:00+00:00,BTC/USDT,1d,84253.3,84276.9,75678.0,78738.9,15054.27902927
1769904000000,2026-02-01T00:00:00+00:00,BTC/USDT,1d,78739.0,79422.0,75715.3,76978.0,8458.48518949
1769990400000,2026-02-02T00:00:00+00:00,BTC/USDT,1d,76978.0,79335.5,74612.0,78737.9,13997.3772474
1770076800000,2026-02-03T00:00:00+00:00,BTC/USDT,1d,78734.1,79196.9,72917.8,75778.0,12033.99215346
1770163200000,2026-02-04T00:00:00+00:00,BTC/USDT,1d,75778.0,76974.4,71877.5,73168.1,11132.68278238
1770249600000,2026-02-05T00:00:00+00:00,BTC/USDT,1d,73166.0,73333.0,62277.0,62913.2,33667.51596919
1770336000000,2026-02-06T00:00:00+00:00,BTC/USDT,1d,62913.1,71745.8,60000.0,70571.8,30965.35770714
1770422400000,2026-02-07T00:00:00+00:00,BTC/USDT,1d,70569.6,71690.0,67350.0,69296.3,13624.06904138
1770508800000,2026-02-08T00:00:00+00:00,BTC/USDT,1d,69296.1,72288.0,68888.9,70334.0,7053.10421223
1770595200000,2026-02-09T00:00:00+00:00,BTC/USDT,1d,70332.8,71444.9,68309.4,70136.4,8040.3482191
1770681600000,2026-02-10T00:00:00+00:00,BTC/USDT,1d,70141.0,70533.2,67911.6,68841.3,6760.77048465
1770768000000,2026-02-11T00:00:00+00:00,BTC/USDT,1d,68841.3,69291.6,65759.1,67081.7,10187.40563609
1770854400000,2026-02-12T00:00:00+00:00,BTC/USDT,1d,67085.8,68421.6,65120.1,66281.4,8478.91733474
1770940800000,2026-02-13T00:00:00+00:00,BTC/USDT,1d,66277.2,69486.5,65871.9,68850.0,8425.14105321
1771027200000,2026-02-14T00:00:00+00:00,BTC/USDT,1d,68850.9,70576.8,68730.0,69821.7,4849.96455846
1771113600000,2026-02-15T00:00:00+00:00,BTC/USDT,1d,69821.8,70969.2,68060.0,68837.9,5331.51562092
1771200000000,2026-02-16T00:00:00+00:00,BTC/USDT,1d,68838.0,70118.0,67288.0,68895.1,5101.91251236
1771286400000,2026-02-17T00:00:00+00:00,BTC/USDT,1d,68895.1,69249.1,66622.8,67509.0,4807.78104388
1771372800000,2026-02-18T00:00:00+00:00,BTC/USDT,1d,67509.0,68470.9,65876.1,66466.6,5383.21912933
1771459200000,2026-02-19T00:00:00+00:00,BTC/USDT,1d,66465.4,67326.4,65641.2,67003.2,5349.10249561
1771545600000,2026-02-20T00:00:00+00:00,BTC/USDT,1d,67002.3,68333.3,66458.3,68014.0,7389.30856177
1771632000000,2026-02-21T00:00:00+00:00,BTC/USDT,1d,68014.1,68706.9,67540.0,67977.1,3392.39539555
1771718400000,2026-02-22T00:00:00+00:00,BTC/USDT,1d,67977.2,68246.4,67187.8,67637.0,3008.44661279
1771804800000,2026-02-23T00:00:00+00:00,BTC/USDT,1d,67637.1,67686.1,63888.0,64658.1,12677.37749267
1771891200000,2026-02-24T00:00:00+00:00,BTC/USDT,1d,64658.1,65007.9,62500.2,64057.6,9271.81958338
1771977600000,2026-02-25T00:00:00+00:00,BTC/USDT,1d,64060.0,69999.9,63910.1,67989.9,13545.47444884
1772064000000,2026-02-26T00:00:00+00:00,BTC/USDT,1d,67990.0,68854.8,66500.0,67482.3,9433.78873257
1772150400000,2026-02-27T00:00:00+00:00,BTC/USDT,1d,67482.3,68221.0,64924.0,65873.2,9981.81748036
1772236800000,2026-02-28T00:00:00+00:00,BTC/USDT,1d,65873.2,67758.9,63020.1,66969.0,11051.8889713
1772323200000,2026-03-01T00:00:00+00:00,BTC/USDT,1d,66969.1,68194.4,65051.5,65770.6,9624.61181245
1772409600000,2026-03-02T00:00:00+00:00,BTC/USDT,1d,65771.2,70100.0,65276.0,68832.3,10811.20205391
1772496000000,2026-03-03T00:00:00+00:00,BTC/USDT,1d,68832.2,69250.0,66149.5,68332.0,10751.03330411
1772582400000,2026-03-04T00:00:00+00:00,BTC/USDT,1d,68332.0,74096.0,67401.1,72678.3,16901.02384564
1772668800000,2026-03-05T00:00:00+00:00,BTC/USDT,1d,72678.4,73559.7,70644.5,70884.4,10964.36658461
1772755200000,2026-03-06T00:00:00+00:00,BTC/USDT,1d,70886.0,71419.3,67745.2,68117.1,11138.35592349
1772841600000,2026-03-07T00:00:00+00:00,BTC/USDT,1d,68116.6,68544.8,66919.1,67263.0,4458.74645746
1772928000000,2026-03-08T00:00:00+00:00,BTC/USDT,1d,67263.1,68195.4,65616.3,65973.2,5341.68933315
1773014400000,2026-03-09T00:00:00+00:00,BTC/USDT,1d,65973.2,69522.0,65833.3,68423.3,11272.1643625
1773100800000,2026-03-10T00:00:00+00:00,BTC/USDT,1d,68423.2,71782.3,68389.9,69950.0,9567.93633383
1773187200000,2026-03-11T00:00:00+00:00,BTC/USDT,1d,69950.0,71320.0,68977.4,70194.8,6507.11590557
1773273600000,2026-03-12T00:00:00+00:00,BTC/USDT,1d,70194.8,70800.0,69210.7,70525.0,6166.30564763
1773360000000,2026-03-13T00:00:00+00:00,BTC/USDT,1d,70525.1,73893.0,70389.0,70931.1,9488.56041461
1773446400000,2026-03-14T00:00:00+00:00,BTC/USDT,1d,70931.0,71305.2,70320.0,71213.5,3005.52976524
1773532800000,2026-03-15T00:00:00+00:00,BTC/USDT,1d,71213.5,73195.9,70857.0,72806.8,3818.85596405
1773619200000,2026-03-16T00:00:00+00:00,BTC/USDT,1d,72806.9,74934.7,72268.3,74883.5,8939.47877565
1773705600000,2026-03-17T00:00:00+00:00,BTC/USDT,1d,74883.6,76011.8,73389.0,73904.2,7711.4484215
1773792000000,2026-03-18T00:00:00+00:00,BTC/USDT,1d,73904.3,74668.6,70500.0,71253.1,7533.38053923
1773878400000,2026-03-19T00:00:00+00:00,BTC/USDT,1d,71253.1,71618.0,68796.3,69923.7,7331.20585428
1773964800000,2026-03-20T00:00:00+00:00,BTC/USDT,1d,69923.7,71366.0,69393.5,70515.7,5670.28010951
1774051200000,2026-03-21T00:00:00+00:00,BTC/USDT,1d,70515.6,71100.0,68555.0,68921.1,3290.10397182
1774137600000,2026-03-22T00:00:00+00:00,BTC/USDT,1d,68921.1,69584.8,67360.1,67860.1,4774.15793079
1774224000000,2026-03-23T00:00:00+00:00,BTC/USDT,1d,67860.1,71809.4,67452.4,70900.0,10569.06173019
1774310400000,2026-03-24T00:00:00+00:00,BTC/USDT,1d,70900.0,71400.0,68924.0,70557.5,6869.95982992
1774396800000,2026-03-25T00:00:00+00:00,BTC/USDT,1d,70557.5,72012.0,70414.1,71334.9,5943.66968273
1774483200000,2026-03-26T00:00:00+00:00,BTC/USDT,1d,71334.9,71440.9,68153.3,68827.2,6581.53238138
1774569600000,2026-03-27T00:00:00+00:00,BTC/USDT,1d,68827.2,69185.6,65559.6,66403.9,9636.0549431
1774656000000,2026-03-28T00:00:00+00:00,BTC/USDT,1d,66403.9,67300.0,65933.2,66369.0,3546.47276002
1774742400000,2026-03-29T00:00:00+00:00,BTC/USDT,1d,66369.0,67124.6,65000.0,66017.2,3940.22378216
1774828800000,2026-03-30T00:00:00+00:00,BTC/USDT,1d,66019.7,68181.6,65800.0,66799.9,6831.23854632
1774915200000,2026-03-31T00:00:00+00:00,BTC/USDT,1d,66800.0,68588.0,66000.0,68278.0,8553.22550196
1775001600000,2026-04-01T00:00:00+00:00,BTC/USDT,1d,68277.9,69318.0,67584.1,68111.8,6202.52965842
1775088000000,2026-04-02T00:00:00+00:00,BTC/USDT,1d,68111.9,68653.7,65701.7,66897.9,6876.83731911
1775174400000,2026-04-03T00:00:00+00:00,BTC/USDT,1d,66898.0,67375.2,66284.1,66960.0,3420.64752912
1775260800000,2026-04-04T00:00:00+00:00,BTC/USDT,1d,66960.0,67545.7,66775.0,67302.5,1719.4549984
1775347200000,2026-04-05T00:00:00+00:00,BTC/USDT,1d,67302.6,69130.5,66606.7,69030.0,3070.93660355
1775433600000,2026-04-06T00:00:00+00:00,BTC/USDT,1d,69030.0,70344.8,68297.1,68841.0,7875.80427056
1775520000000,2026-04-07T00:00:00+00:00,BTC/USDT,1d,68840.9,72760.0,67730.1,71915.1,9078.69492626
1775606400000,2026-04-08T00:00:00+00:00,BTC/USDT,1d,71915.0,72858.0,70703.9,71072.5,7846.03166302
1775692800000,2026-04-09T00:00:00+00:00,BTC/USDT,1d,71073.0,73130.0,70463.1,71786.9,5939.82437854
1775779200000,2026-04-10T00:00:00+00:00,BTC/USDT,1d,71795.0,73444.5,71428.0,72957.4,5784.17348305
1775865600000,2026-04-11T00:00:00+00:00,BTC/USDT,1d,72959.1,73807.2,72527.8,73054.3,3057.75312086
1775952000000,2026-04-12T00:00:00+00:00,BTC/USDT,1d,73054.3,73138.2,70505.9,70742.7,5678.55322432
1776038400000,2026-04-13T00:00:00+00:00,BTC/USDT,1d,70746.6,74904.2,70574.3,74418.2,8212.01158174
1776124800000,2026-04-14T00:00:00+00:00,BTC/USDT,1d,74418.2,76048.1,73803.2,74148.8,7933.35783022
1776211200000,2026-04-15T00:00:00+00:00,BTC/USDT,1d,74148.8,75429.9,73507.1,74812.5,5933.47685202
1776297600000,2026-04-16T00:00:00+00:00,BTC/USDT,1d,74812.5,75535.0,73302.8,75147.0,5675.50991381
1776384000000,2026-04-17T00:00:00+00:00,BTC/USDT,1d,75147.0,78344.3,74537.4,77073.6,12586.89303385
1776470400000,2026-04-18T00:00:00+00:00,BTC/USDT,1d,77073.6,77415.3,75442.0,75699.1,3703.8962143
1776556800000,2026-04-19T00:00:00+00:00,BTC/USDT,1d,75699.0,76248.7,73759.5,73806.1,4473.54037822
1776643200000,2026-04-20T00:00:00+00:00,BTC/USDT,1d,73808.0,76564.2,73717.9,75840.4,5744.02162078
1776729600000,2026-04-21T00:00:00+00:00,BTC/USDT,1d,75840.4,76954.1,74825.6,76329.7,4714.75776918
1776816000000,2026-04-22T00:00:00+00:00,BTC/USDT,1d,76329.7,79462.3,76140.4,78183.1,7308.17393636
1776902400000,2026-04-23T00:00:00+00:00,BTC/USDT,1d,78183.1,78666.2,76953.8,78250.5,8150.01280046
1776988800000,2026-04-24T00:00:00+00:00,BTC/USDT,1d,78250.5,78571.4,77260.8,77413.5,6395.30111603
1777075200000,2026-04-25T00:00:00+00:00,BTC/USDT,1d,77413.5,77880.0,77129.5,77619.5,2485.45525089
1777161600000,2026-04-26T00:00:00+00:00,BTC/USDT,1d,77619.5,78938.6,77322.2,78649.0,3134.91980834
1777248000000,2026-04-27T00:00:00+00:00,BTC/USDT,1d,78649.3,79488.0,76450.0,77371.2,6133.05420139
1777334400000,2026-04-28T00:00:00+00:00,BTC/USDT,1d,77371.3,77494.5,75660.1,76342.2,4250.23419337
1777420800000,2026-04-29T00:00:00+00:00,BTC/USDT,1d,76342.2,77891.7,74943.7,75784.4,6258.06304815
1777507200000,2026-04-30T00:00:00+00:00,BTC/USDT,1d,75784.4,76660.0,75319.7,76344.9,7176.79413168
1777593600000,2026-05-01T00:00:00+00:00,BTC/USDT,1d,76344.9,78919.7,76324.5,78234.4,12909.03343591
1777680000000,2026-05-02T00:00:00+00:00,BTC/USDT,1d,78234.4,79198.6,78034.5,78693.0,2098.70623272
1777766400000,2026-05-03T00:00:00+00:00,BTC/USDT,1d,78693.0,79449.3,78061.9,78577.0,2910.16197198
1777852800000,2026-05-04T00:00:00+00:00,BTC/USDT,1d,78577.0,80777.5,78205.0,79865.0,10545.52456647
1777939200000,2026-05-05T00:00:00+00:00,BTC/USDT,1d,79865.0,81795.3,79801.1,80911.3,6821.63500804
1778025600000,2026-05-06T00:00:00+00:00,BTC/USDT,1d,80911.0,82842.0,80722.8,81440.3,6703.12288755
1778112000000,2026-05-07T00:00:00+00:00,BTC/USDT,1d,81440.3,81705.5,79501.0,80018.2,4973.37942551
1778198400000,2026-05-08T00:00:00+00:00,BTC/USDT,1d,80018.2,80513.2,79164.5,80196.5,4682.83299569
1778284800000,2026-05-09T00:00:00+00:00,BTC/USDT,1d,80196.5,81074.5,80128.6,80675.7,1926.99441458
1778371200000,2026-05-10T00:00:00+00:00,BTC/USDT,1d,80675.7,82473.6,80280.1,82213.9,2973.69008403
1778457600000,2026-05-11T00:00:00+00:00,BTC/USDT,1d,82213.9,82384.5,80460.3,81741.4,4651.8099788
1778544000000,2026-05-12T00:00:00+00:00,BTC/USDT,1d,81741.4,81790.1,79839.9,80492.9,11599.69172554
1778630400000,2026-05-13T00:00:00+00:00,BTC/USDT,1d,80492.9,81324.6,78760.1,79320.5,5937.32849022
1778716800000,2026-05-14T00:00:00+00:00,BTC/USDT,1d,79320.5,82048.1,78906.4,81084.9,7975.39472897
1778803200000,2026-05-15T00:00:00+00:00,BTC/USDT,1d,81085.0,81667.7,78650.0,79116.6,6742.71107026
1778889600000,2026-05-16T00:00:00+00:00,BTC/USDT,1d,79116.9,79232.1,77656.0,78140.2,4622.09356832
1778976000000,2026-05-17T00:00:00+00:00,BTC/USDT,1d,78140.2,78605.4,76700.6,77455.5,4000.37063884
1779062400000,2026-05-18T00:00:00+00:00,BTC/USDT,1d,77453.8,77800.0,76053.0,77007.5,11568.51209827
1779148800000,2026-05-19T00:00:00+00:00,BTC/USDT,1d,77007.5,77410.9,76151.0,76838.0,8179.10028197
1779235200000,2026-05-20T00:00:00+00:00,BTC/USDT,1d,76838.0,77853.0,76515.5,77550.3,4459.04043397
1779321600000,2026-05-21T00:00:00+00:00,BTC/USDT,1d,77550.3,78200.0,76734.5,77619.7,6307.28613577
1779408000000,2026-05-22T00:00:00+00:00,BTC/USDT,1d,77619.7,77900.0,75359.8,75542.2,9258.59426754
1779494400000,2026-05-23T00:00:00+00:00,BTC/USDT,1d,75542.3,77403.2,74258.6,76748.0,5347.20756535
1779580800000,2026-05-24T00:00:00+00:00,BTC/USDT,1d,76748.0,77529.3,76109.7,77072.3,3324.44379383
1779667200000,2026-05-25T00:00:00+00:00,BTC/USDT,1d,77072.3,77906.8,76915.8,77325.7,3148.44873347
1779753600000,2026-05-26T00:00:00+00:00,BTC/USDT,1d,77325.8,78084.5,75680.6,75942.0,6009.04574558
1779840000000,2026-05-27T00:00:00+00:00,BTC/USDT,1d,75942.0,76181.9,74250.5,74451.1,4770.8133642
1779926400000,2026-05-28T00:00:00+00:00,BTC/USDT,1d,74451.0,74589.7,72584.1,73621.8,7525.6426169
1780012800000,2026-05-29T00:00:00+00:00,BTC/USDT,1d,73621.9,74335.0,72508.0,73468.4,5908.95138663
1780099200000,2026-05-30T00:00:00+00:00,BTC/USDT,1d,73468.5,74140.0,73185.0,73883.2,6691.74947568
1780185600000,2026-05-31T00:00:00+00:00,BTC/USDT,1d,73883.2,74276.6,73402.1,73681.6,3812.24571648
1780272000000,2026-06-01T00:00:00+00:00,BTC/USDT,1d,73681.7,74097.6,70688.0,71415.0,7410.44154505
1780358400000,2026-06-02T00:00:00+00:00,BTC/USDT,1d,71417.3,71417.4,66201.3,66757.5,15238.59740561
1780444800000,2026-06-03T00:00:00+00:00,BTC/USDT,1d,66757.5,67508.6,64088.3,64146.3,11039.76603294
1780531200000,2026-06-04T00:00:00+00:00,BTC/USDT,1d,64147.8,64760.8,61365.0,63889.1,16682.9332959
1780617600000,2026-06-05T00:00:00+00:00,BTC/USDT,1d,63889.0,63981.9,59111.2,61055.5,21342.90312874
1780704000000,2026-06-06T00:00:00+00:00,BTC/USDT,1d,61058.4,61527.5,59491.0,60885.3,7195.94980742
1780790400000,2026-06-07T00:00:00+00:00,BTC/USDT,1d,60885.4,64381.9,60750.0,63331.3,8350.66515734
1780876800000,2026-06-08T00:00:00+00:00,BTC/USDT,1d,63337.0,64218.6,62412.7,63093.2,7024.0840285
1780963200000,2026-06-09T00:00:00+00:00,BTC/USDT,1d,63092.0,63523.8,60770.0,61730.0,38783.20531636
1781049600000,2026-06-10T00:00:00+00:00,BTC/USDT,1d,61730.0,62857.1,60687.2,61506.9,8524.70819641
1781136000000,2026-06-11T00:00:00+00:00,BTC/USDT,1d,61513.4,63955.0,61513.4,63628.0,8274.92601853
1781222400000,2026-06-12T00:00:00+00:00,BTC/USDT,1d,63628.0,64388.0,62844.5,63578.2,5912.47947579
1781308800000,2026-06-13T00:00:00+00:00,BTC/USDT,1d,63578.3,64758.8,63423.9,64454.4,5491.88910711
1781395200000,2026-06-14T00:00:00+00:00,BTC/USDT,1d,64454.4,65797.2,63683.9,65744.1,8697.30326503
1781481600000,2026-06-15T00:00:00+00:00,BTC/USDT,1d,65744.1,67300.0,65349.9,66323.1,10389.23434219
1781568000000,2026-06-16T00:00:00+00:00,BTC/USDT,1d,66323.1,66994.9,65366.0,65680.0,4488.63700784
1781654400000,2026-06-17T00:00:00+00:00,BTC/USDT,1d,65680.0,66436.1,63917.1,64501.9,6665.5709238
1781740800000,2026-06-18T00:00:00+00:00,BTC/USDT,1d,64501.9,64811.9,62270.0,62953.3,12083.82876521
1781827200000,2026-06-19T00:00:00+00:00,BTC/USDT,1d,62953.3,63664.0,62310.1,63541.0,5700.90718931
1781913600000,2026-06-20T00:00:00+00:00,BTC/USDT,1d,63541.0,64384.5,63200.0,64300.0,7039.78879507
1782000000000,2026-06-21T00:00:00+00:00,BTC/USDT,1d,64300.1,64594.0,63262.0,63313.0,6447.30197621
1782086400000,2026-06-22T00:00:00+00:00,BTC/USDT,1d,63313.1,65629.5,63313.1,64027.6,6066.3150318
1782172800000,2026-06-23T00:00:00+00:00,BTC/USDT,1d,64027.6,64277.3,61930.0,62731.5,5129.61528268
1782259200000,2026-06-24T00:00:00+00:00,BTC/USDT,1d,62731.5,63244.7,59107.0,61079.0,10260.56787319
1782345600000,2026-06-25T00:00:00+00:00,BTC/USDT,1d,61079.1,61964.2,58110.0,59798.4,10477.85239211
1782432000000,2026-06-26T00:00:00+00:00,BTC/USDT,1d,59798.8,60764.2,58330.5,60104.2,9970.80446572
1782518400000,2026-06-27T00:00:00+00:00,BTC/USDT,1d,60104.3,60947.7,59857.5,60040.6,2891.97487255
1782604800000,2026-06-28T00:00:00+00:00,BTC/USDT,1d,60027.9,60551.6,58896.2,59575.9,2776.6924158
1782691200000,2026-06-29T00:00:00+00:00,BTC/USDT,1d,59575.8,60789.4,58896.0,60259.0,7671.16380836
1782777600000,2026-06-30T00:00:00+00:00,BTC/USDT,1d,60259.0,60277.2,58200.0,58628.0,21286.25513742
1782864000000,2026-07-01T00:00:00+00:00,BTC/USDT,1d,58628.1,61342.0,57809.4,60036.0,10890.87408578
1782950400000,2026-07-02T00:00:00+00:00,BTC/USDT,1d,60036.1,62209.2,59582.6,61559.1,19402.209959
1783036800000,2026-07-03T00:00:00+00:00,BTC/USDT,1d,61559.1,62964.6,61241.0,62590.5,6281.95172635
1783123200000,2026-07-04T00:00:00+00:00,BTC/USDT,1d,62587.1,63469.3,62333.1,63140.6,4209.31572107
1783209600000,2026-07-05T00:00:00+00:00,BTC/USDT,1d,63140.6,63999.8,62444.4,63644.4,3536.47148117
1783296000000,2026-07-06T00:00:00+00:00,BTC/USDT,1d,63646.6,64706.3,61318.3,64049.0,8944.3163599
1783382400000,2026-07-07T00:00:00+00:00,BTC/USDT,1d,64049.1,64314.2,62663.1,63368.1,6268.95477279
1783468800000,2026-07-08T00:00:00+00:00,BTC/USDT,1d,63366.4,63762.4,61548.4,62286.5,10529.76065934
1783555200000,2026-07-09T00:00:00+00:00,BTC/USDT,1d,62283.4,63500.0,61697.0,63228.5,17224.7566
1783641600000,2026-07-10T00:00:00+00:00,BTC/USDT,1d,63228.6,64694.9,62920.1,64169.6,7611.63836589
1783728000000,2026-07-11T00:00:00+00:00,BTC/USDT,1d,64169.7,64520.2,63817.2,63817.2,2734.46730111
1783814400000,2026-07-12T00:00:00+00:00,BTC/USDT,1d,63817.3,64296.1,63643.2,63785.6,2611.25693306
1783900800000,2026-07-13T00:00:00+00:00,BTC/USDT,1d,63785.7,64424.9,61830.0,62332.1,9418.51274835
1783987200000,2026-07-14T00:00:00+00:00,BTC/USDT,1d,62332.1,65112.8,62278.1,65037.3,8022.92125283
1784073600000,2026-07-15T00:00:00+00:00,BTC/USDT,1d,65037.4,65600.0,64486.0,64760.3,5769.9185297
1784160000000,2026-07-16T00:00:00+00:00,BTC/USDT,1d,64760.3,64998.6,63750.0,63830.8,4209.46222691
1784246400000,2026-07-17T00:00:00+00:00,BTC/USDT,1d,63830.9,64391.9,62536.4,63937.3,5902.50964255
1784332800000,2026-07-18T00:00:00+00:00,BTC/USDT,1d,63937.3,64872.7,63886.6,64833.9,1809.65919575
1784419200000,2026-07-19T00:00:00+00:00,BTC/USDT,1d,64834.0,64967.9,64270.0,64730.7,6258.51230954
1784505600000,2026-07-20T00:00:00+00:00,BTC/USDT,1d,64730.8,65797.8,63762.4,65259.4,6784.73202021
1784592000000,2026-07-21T00:00:00+00:00,BTC/USDT,1d,65259.5,66955.0,65153.6,66564.3,7423.97865964
1784678400000,2026-07-22T00:00:00+00:00,BTC/USDT,1d,66564.3,66749.8,65552.6,66113.8,6211.8252446
1784764800000,2026-07-23T00:00:00+00:00,BTC/USDT,1d,66113.9,66322.0,64647.1,65096.0,6096.49807112
1784851200000,2026-07-24T00:00:00+00:00,BTC/USDT,1d,65096.1,65800.0,63740.0,64150.4,9145.54288589
1784937600000,2026-07-25T00:00:00+00:00,BTC/USDT,1d,64150.5,64449.0,63806.4,64375.5,2445.671421
1785024000000,2026-07-26T00:00:00+00:00,BTC/USDT,1d,64375.6,65584.0,64291.3,65407.1,2498.93793273
1785110400000,2026-07-27T00:00:00+00:00,BTC/USDT,1d,65407.2,65750.0,63610.2,63759.9,6206.39345042
1785196800000,2026-07-28T00:00:00+00:00,BTC/USDT,1d,63759.9,64100.0,62741.1,63929.0,5296.50781204
1785283200000,2026-07-29T00:00:00+00:00,BTC/USDT,1d,63929.0,64751.6,63261.6,63984.2,6169.23292419
1785369600000,2026-07-30T00:00:00+00:00,BTC/USDT,1d,63984.3,65180.0,63606.0,64782.6,4023.54422578
1785456000000,2026-07-31T00:00:00+00:00,BTC/USDT,1d,64782.7,65423.7,62457.1,62891.1,6692.02845583
1785542400000,2026-08-01T00:00:00+00:00,BTC/USDT,1d,62891.1,63150.0,62268.5,62820.2,2106.52082533
1785628800000,2026-08-02T00:00:00+00:00,BTC/USDT,1d,62820.3,63799.3,62806.6,63574.6,2332.35405918
1785715200000,2026-08-03T00:00:00+00:00,BTC/USDT,1d,63574.6,64085.9,62300.0,63527.6,4731.40191501
1785801600000,2026-08-04T00:00:00+00:00,BTC/USDT,1d,63527.7,64542.7,63328.0,64090.6,4419.61121987
1785888000000,2026-08-05T00:00:00+00:00,BTC/USDT,1d,64090.7,65026.6,63880.7,64659.3,6980.7551259
1785974400000,2026-08-06T00:00:00+00:00,BTC/USDT,1d,64660.6,65000.0,64172.6,64325.8,3068.98454726
1786060800000,2026-08-07T00:00:00+00:00,BTC/USDT,1d,64326.7,65388.0,64159.6,64916.5,3485.10925856
1786147200000,2026-08-08T00:00:00+00:00,BTC/USDT,1d,64916.6,65189.8,64821.8,64956.9,1131.08088875
1786233600000,2026-08-09T00:00:00+00:00,BTC/USDT,1d,64957.0,65490.3,64722.7,64899.3,1324.30287881
1786320000000,2026-08-10T00:00:00+00:00,BTC/USDT,1d,64899.2,65388.0,63818.1,63974.3,3596.83611038
1786406400000,2026-08-11T00:00:00+00:00,BTC/USDT,1d,63974.4,64500.0,63237.6,63589.4,3617.69166942
1786492800000,2026-08-12T00:00:00+00:00,BTC/USDT,1d,63589.4,64496.9,63309.4,63484.7,5336.37281678
1786579200000,2026-08-13T00:00:00+00:00,BTC/USDT,1d,63484.7,64014.2,62846.3,63478.9,5529.51267912
1786665600000,2026-08-14T00:00:00+00:00,BTC/USDT,1d,63479.0,63618.7,62521.8,63042.8,5438.46588538
1786752000000,2026-08-15T00:00:00+00:00,BTC/USDT,1d,63042.9,63189.1,62913.3,63084.2,1069.75254187
1786838400000,2026-08-16T00:00:00+00:00,BTC/USDT,1d,63084.2,63390.0,62715.7,62903.9,1122.10725922
1786924800000,2026-08-17T00:00:00+00:00,BTC/USDT,1d,62904.0,64630.3,62750.0,64532.4,4631.70287267
1787011200000,2026-08-18T00:00:00+00:00,BTC/USDT,1d,64532.5,65066.1,64039.0,64730.8,4111.37772666
1787097600000,2026-08-19T00:00:00+00:00,BTC/USDT,1d,64730.9,70064.2,64163.6,69337.1,13812.31991052
1787184000000,2026-08-20T00:00:00+00:00,BTC/USDT,1d,69337.2,73405.4,68916.6,73031.7,13122.88584132
1787270400000,2026-08-21T00:00:00+00:00,BTC/USDT,1d,73031.7,79515.7,73020.2,78339.3,18344.39276084
1787356800000,2026-08-22T00:00:00+00:00,BTC/USDT,1d,78338.1,78832.2,76515.0,77070.7,6674.53748534
1787443200000,2026-08-23T00:00:00+00:00,BTC/USDT,1d,77070.8,78065.7,75559.5,77742.9,5362.94747589
1787529600000,2026-08-24T00:00:00+00:00,BTC/USDT,1d,77742.9,79999.8,76681.1,78992.1,8938.77133105
1787616000000,2026-08-25T00:00:00+00:00,BTC/USDT,1d,78991.9,81280.0,77854.1,78542.1,8956.16212497
1787702400000,2026-08-26T00:00:00+00:00,BTC/USDT,1d,78542.2,79244.8,77615.1,79031.1,4478.21952002
1787788800000,2026-08-27T00:00:00+00:00,BTC/USDT,1d,79031.2,80850.0,78552.7,80246.3,6032.38386001
1787875200000,2026-08-28T00:00:00+00:00,BTC/USDT,1d,80253.5,81499.9,76888.0,77844.7,8246.62724146
1787961600000,2026-08-29T00:00:00+00:00,BTC/USDT,1d,77844.7,78336.6,77384.9,78233.0,2258.1224789
1788048000000,2026-08-30T00:00:00+00:00,BTC/USDT,1d,78233.1,79401.4,77000.0,77677.7,3139.07657701
1788134400000,2026-08-31T00:00:00+00:00,BTC/USDT,1d,77683.6,79256.0,77385.5,78582.1,5422.7026439
1788220800000,2026-09-01T00:00:00+00:00,BTC/USDT,1d,78582.2,79219.6,76416.6,77434.7,4901.96861335
1788307200000,2026-09-02T00:00:00+00:00,BTC/USDT,1d,77435.4,77788.1,76261.0,77339.6,5195.78437195
1788393600000,2026-09-03T00:00:00+00:00,BTC/USDT,1d,77339.7,82285.0,76963.2,81260.1,8416.06241712
1788480000000,2026-09-04T00:00:00+00:00,BTC/USDT,1d,81260.1,81433.9,78650.0,79660.7,7765.22726538
1788566400000,2026-09-05T00:00:00+00:00,BTC/USDT,1d,79660.8,80197.6,79449.5,79830.2,2281.80891692
1788652800000,2026-09-06T00:00:00+00:00,BTC/USDT,1d,79830.2,80555.4,79199.0,80341.4,2867.78213314
1788739200000,2026-09-07T00:00:00+00:00,BTC/USDT,1d,80341.4,80441.4,78682.0,79111.8,3752.97143817
1788825600000,2026-09-08T00:00:00+00:00,BTC/USDT,1d,79111.8,79485.9,77624.6,78458.7,5399.86592307
1788912000000,2026-09-09T00:00:00+00:00,BTC/USDT,1d,78458.8,79768.0,77764.1,78300.7,4876.12868855
1788998400000,2026-09-10T00:00:00+00:00,BTC/USDT,1d,78300.6,78552.6,76464.7,76570.0,5346.31934946
1789084800000,2026-09-11T00:00:00+00:00,BTC/USDT,1d,76574.2,79896.3,76001.0,77223.4,7877.12881998
1789171200000,2026-09-12T00:00:00+00:00,BTC/USDT,1d,77223.5,77507.1,77064.9,77281.0,1775.32971932
1789257600000,2026-09-13T00:00:00+00:00,BTC/USDT,1d,77281.0,77452.1,76500.0,76836.0,2304.96029958
1789344000000,2026-09-14T00:00:00+00:00,BTC/USDT,1d,76832.3,79600.0,76394.9,78195.7,6356.1198059
1789430400000,2026-09-15T00:00:00+00:00,BTC/USDT,1d,78195.7,78262.5,74955.5,75641.0,9229.75762607
1789516800000,2026-09-16T00:00:00+00:00,BTC/USDT,1d,75640.2,76558.7,75055.0,76201.2,6108.31872134
1789603200000,2026-09-17T00:00:00+00:00,BTC/USDT,1d,76201.2,77167.3,76011.0,76419.3,5005.71410462
1789689600000,2026-09-18T00:00:00+00:00,BTC/USDT,1d,76419.2,81407.0,76298.2,80903.0,8849.36030363
1789776000000,2026-09-19T00:00:00+00:00,BTC/USDT,1d,80903.0,81953.1,80847.5,81265.8,4232.76233754
1789862400000,2026-09-20T00:00:00+00:00,BTC/USDT,1d,81265.8,81500.0,80133.4,81179.6,3666.84735897
1789948800000,2026-09-21T00:00:00+00:00,BTC/USDT,1d,81180.1,87399.0,80857.6,86617.8,12440.58479602
1790035200000,2026-09-22T00:00:00+00:00,BTC/USDT,1d,86617.9,86731.0,85111.1,86209.1,6191.92163765
1790121600000,2026-09-23T00:00:00+00:00,BTC/USDT,1d,86209.2,87283.0,83500.2,84399.5,8084.52345268
1790208000000,2026-09-24T00:00:00+00:00,BTC/USDT,1d,84399.5,84944.4,82874.5,84409.8,7733.78272937
1790294400000,2026-09-25T00:00:00+00:00,BTC/USDT,1d,84409.9,85258.8,83174.7,84099.0,5067.97958795
1790380800000,2026-09-26T00:00:00+00:00,BTC/USDT,1d,84099.0,84477.9,83791.1,84439.9,2685.00438244
1790467200000,2026-09-27T00:00:00+00:00,BTC/USDT,1d,84439.9,85199.8,84125.0,84479.0,2946.64058149
1790553600000,2026-09-28T00:00:00+00:00,BTC/USDT,1d,84479.1,85000.0,82556.6,83500.1,7710.06041096
1790640000000,2026-09-29T00:00:00+00:00,BTC/USDT,1d,83500.1,84557.8,82778.1,83657.5,5147.2173577
1790726400000,2026-09-30T00:00:00+00:00,BTC/USDT,1d,83663.9,85650.0,82960.1,83618.4,8095.19510372
1790812800000,2026-10-01T00:00:00+00:00,BTC/USDT,1d,83618.4,85266.0,83168.9,84877.4,6558.93403346
1790899200000,2026-10-02T00:00:00+00:00,BTC/USDT,1d,84877.5,87238.3,83884.0,84518.9,10300.53374509
1790985600000,2026-10-03T00:00:00+00:00,BTC/USDT,1d,84519.0,85027.8,84451.4,84754.9,2583.20448584
1791072000000,2026-10-04T00:00:00+00:00,BTC/USDT,1d,84755.0,86798.8,84720.4,86525.1,2267.80438643
1791158400000,2026-10-05T00:00:00+00:00,BTC/USDT,1d,86522.4,86994.3,84979.5,85759.7,5794.43639327
1791244800000,2026-10-06T00:00:00+00:00,BTC/USDT,1d,85759.7,86693.7,85141.5,85553.9,4608.12358842
1791331200000,2026-10-07T00:00:00+00:00,BTC/USDT,1d,85553.9,85604.3,82753.0,83323.0,6409.48096515
1791417600000,2026-10-08T00:00:00+00:00,BTC/USDT,1d,83323.0,83520.0,80400.0,81760.0,10282.17487873
1791504000000,2026-10-09T00:00:00+00:00,BTC/USDT,1d,81760.1,83530.1,81611.9,82484.2,4194.52602655
