timestamp,datetime,symbol,timeframe,open,high,low,close,volume
1633896000000,2021-10-10T20:00:00+00:00,DOT/USDT,4h,35.629,36.2,34.14,34.421,1079777.62931
1633910400000,2021-10-11T00:00:00+00:00,DOT/USDT,4h,34.415,35.216,33.982,34.777,895467.367038
1633924800000,2021-10-11T04:00:00+00:00,DOT/USDT,4h,34.782,35.506,34.662,35.337,633415.836372
1633939200000,2021-10-11T08:00:00+00:00,DOT/USDT,4h,35.336,36.088,34.873,35.225,922825.228876
1633953600000,2021-10-11T12:00:00+00:00,DOT/USDT,4h,35.227,35.446,34.66,34.895,929233.789662
1633968000000,2021-10-11T16:00:00+00:00,DOT/USDT,4h,34.892,35.062,33.6,33.621,752311.297187
1633982400000,2021-10-11T20:00:00+00:00,DOT/USDT,4h,33.624,34.238,33.227,34.113,757104.555059
1633996800000,2021-10-12T00:00:00+00:00,DOT/USDT,4h,34.127,34.169,32.494,33.036,733325.780382
1634011200000,2021-10-12T04:00:00+00:00,DOT/USDT,4h,33.026,33.6,32.681,33.277,752929.105782
1634025600000,2021-10-12T08:00:00+00:00,DOT/USDT,4h,33.275,33.83,32.255,32.781,977120.196208
1634040000000,2021-10-12T12:00:00+00:00,DOT/USDT,4h,32.791,33.965,32.076,33.885,1228825.353596
1634054400000,2021-10-12T16:00:00+00:00,DOT/USDT,4h,33.871,34.706,33.371,34.026,878996.933807
1634068800000,2021-10-12T20:00:00+00:00,DOT/USDT,4h,34.007,35.418,33.735,35.163,881108.884942
1634083200000,2021-10-13T00:00:00+00:00,DOT/USDT,4h,35.159,35.779,34.918,35.08,701673.328939
1634097600000,2021-10-13T04:00:00+00:00,DOT/USDT,4h,35.08,35.302,33.607,34.28,1097932.626
1634112000000,2021-10-13T08:00:00+00:00,DOT/USDT,4h,34.28,35.485,34.251,34.933,1082358.472933
1634126400000,2021-10-13T12:00:00+00:00,DOT/USDT,4h,34.938,35.443,34.51,34.826,1007154.403512
1634140800000,2021-10-13T16:00:00+00:00,DOT/USDT,4h,34.83,42.37,34.83,42.336,3701493.413527
1634155200000,2021-10-13T20:00:00+00:00,DOT/USDT,4h,42.322,43.223,40.81,41.706,2616950.091945
1634169600000,2021-10-14T00:00:00+00:00,DOT/USDT,4h,41.7,42.226,40.515,41.489,1572203.857945
1634184000000,2021-10-14T04:00:00+00:00,DOT/USDT,4h,41.518,42.381,40.752,40.996,1478678.57439
1634198400000,2021-10-14T08:00:00+00:00,DOT/USDT,4h,40.986,42.518,40.862,41.594,1535533.362956
1634212800000,2021-10-14T12:00:00+00:00,DOT/USDT,4h,41.589,41.649,40.016,40.659,1451016.429103
1634227200000,2021-10-14T16:00:00+00:00,DOT/USDT,4h,40.664,40.808,39.319,39.976,1157566.624287
1634241600000,2021-10-14T20:00:00+00:00,DOT/USDT,4h,39.971,40.897,39.54,40.682,903750.508758
1634256000000,2021-10-15T00:00:00+00:00,DOT/USDT,4h,40.685,41.444,39.533,40.873,1193056.260947
1634270400000,2021-10-15T04:00:00+00:00,DOT/USDT,4h,40.883,41.984,40.1,40.771,1466782.150451
1634284800000,2021-10-15T08:00:00+00:00,DOT/USDT,4h,40.761,40.864,39.417,39.893,1211773.173796
1634299200000,2021-10-15T12:00:00+00:00,DOT/USDT,4h,39.872,40.579,39.573,40.179,1136492.783586
1634313600000,2021-10-15T16:00:00+00:00,DOT/USDT,4h,40.184,43.934,39.942,43.713,2077133.845461
1634328000000,2021-10-15T20:00:00+00:00,DOT/USDT,4h,43.735,44.203,42.713,43.285,1764554.679522
1634342400000,2021-10-16T00:00:00+00:00,DOT/USDT,4h,43.274,44.754,43.202,43.615,1445463.389765
1634356800000,2021-10-16T04:00:00+00:00,DOT/USDT,4h,43.609,43.819,42.832,43.327,736617.322494
1634371200000,2021-10-16T08:00:00+00:00,DOT/USDT,4h,43.323,43.843,43.022,43.077,812821.815731
1634385600000,2021-10-16T12:00:00+00:00,DOT/USDT,4h,43.076,43.227,41.967,42.519,1168555.572335
1634400000000,2021-10-16T16:00:00+00:00,DOT/USDT,4h,42.518,43.243,41.459,41.542,941768.911514
1634414400000,2021-10-16T20:00:00+00:00,DOT/USDT,4h,41.549,42.215,41.281,41.752,653623.081272
1634428800000,2021-10-17T00:00:00+00:00,DOT/USDT,4h,41.757,42.698,41.111,42.687,750998.519486
1634443200000,2021-10-17T04:00:00+00:00,DOT/USDT,4h,42.687,42.952,42.219,42.24,727438.104191
1634457600000,2021-10-17T08:00:00+00:00,DOT/USDT,4h,42.243,42.479,41.847,41.867,751066.819525
1634472000000,2021-10-17T12:00:00+00:00,DOT/USDT,4h,41.857,42.636,40.952,41.191,997996.487141
1634486400000,2021-10-17T16:00:00+00:00,DOT/USDT,4h,41.204,41.984,41.108,41.346,604057.45907
1634500800000,2021-10-17T20:00:00+00:00,DOT/USDT,4h,41.349,42.247,39.5,42.114,1438709.363715
1634515200000,2021-10-18T00:00:00+00:00,DOT/USDT,4h,42.113,43.309,42.057,42.538,932180.388823
1634529600000,2021-10-18T04:00:00+00:00,DOT/USDT,4h,42.534,42.984,42.234,42.563,614506.357631
1634544000000,2021-10-18T08:00:00+00:00,DOT/USDT,4h,42.553,43.078,41.272,41.505,1100217.131052
1634558400000,2021-10-18T12:00:00+00:00,DOT/USDT,4h,41.517,41.965,40.709,41.175,1020018.51262
1634572800000,2021-10-18T16:00:00+00:00,DOT/USDT,4h,41.184,41.288,40.268,40.669,772497.026761
1634587200000,2021-10-18T20:00:00+00:00,DOT/USDT,4h,40.669,41.218,40.34,41.174,517420.340066
1634601600000,2021-10-19T00:00:00+00:00,DOT/USDT,4h,41.165,41.505,40.536,41.295,690296.456629
1634616000000,2021-10-19T04:00:00+00:00,DOT/USDT,4h,41.297,41.593,40.836,41.126,526041.134695
1634630400000,2021-10-19T08:00:00+00:00,DOT/USDT,4h,41.126,41.22,40.686,40.977,433728.51073
1634644800000,2021-10-19T12:00:00+00:00,DOT/USDT,4h,40.977,41.2,39.988,40.194,972254.385072
1634659200000,2021-10-19T16:00:00+00:00,DOT/USDT,4h,40.203,41.628,40.195,40.769,804193.167076
1634673600000,2021-10-19T20:00:00+00:00,DOT/USDT,4h,40.763,41.563,40.631,41.346,560092.748515
1634688000000,2021-10-20T00:00:00+00:00,DOT/USDT,4h,41.339,41.962,41.074,41.225,484818.477148
1634702400000,2021-10-20T04:00:00+00:00,DOT/USDT,4h,41.228,41.642,41.193,41.559,279223.777151
1634716800000,2021-10-20T08:00:00+00:00,DOT/USDT,4h,41.559,41.66,41.082,41.302,312445.68152
1634731200000,2021-10-20T12:00:00+00:00,DOT/USDT,4h,41.303,43.989,41.286,43.92,1493211.157335
1634745600000,2021-10-20T16:00:00+00:00,DOT/USDT,4h,43.924,45.23,43.8,44.878,1450690.157165
1634760000000,2021-10-20T20:00:00+00:00,DOT/USDT,4h,44.886,44.955,44.145,44.419,746115.569883
1634774400000,2021-10-21T00:00:00+00:00,DOT/USDT,4h,44.41,45.541,43.23,43.979,1192087.741229
1634788800000,2021-10-21T04:00:00+00:00,DOT/USDT,4h,43.97,44.21,43.463,43.891,522016.98277
1634803200000,2021-10-21T08:00:00+00:00,DOT/USDT,4h,43.884,44.901,43.279,43.588,1000391.581472
1634817600000,2021-10-21T12:00:00+00:00,DOT/USDT,4h,43.575,44.363,41.895,42.693,1281018.654185
1634832000000,2021-10-21T16:00:00+00:00,DOT/USDT,4h,42.671,43.288,42.331,42.883,795865.006821
1634846400000,2021-10-21T20:00:00+00:00,DOT/USDT,4h,42.895,43.438,42.545,42.822,686882.964374
1634860800000,2021-10-22T00:00:00+00:00,DOT/USDT,4h,42.827,45.422,42.67,45.062,791177.852514
1634875200000,2021-10-22T04:00:00+00:00,DOT/USDT,4h,45.059,45.66,44.607,45.224,660611.197881
1634889600000,2021-10-22T08:00:00+00:00,DOT/USDT,4h,45.225,46.387,44.894,46.145,940751.973659
1634904000000,2021-10-22T12:00:00+00:00,DOT/USDT,4h,46.147,46.2,43.871,44.313,1442740.508531
1634918400000,2021-10-22T16:00:00+00:00,DOT/USDT,4h,44.311,44.484,42.964,43.52,1218535.914697
1634932800000,2021-10-22T20:00:00+00:00,DOT/USDT,4h,43.504,43.85,43.0,43.511,668240.014172
1634947200000,2021-10-23T00:00:00+00:00,DOT/USDT,4h,43.504,44.571,43.162,44.521,518873.430279
1634961600000,2021-10-23T04:00:00+00:00,DOT/USDT,4h,44.523,44.767,43.92,44.276,442153.912005
1634976000000,2021-10-23T08:00:00+00:00,DOT/USDT,4h,44.276,44.748,43.1,44.284,728364.104047
1634990400000,2021-10-23T12:00:00+00:00,DOT/USDT,4h,44.285,44.295,43.565,44.007,608213.720173
1635004800000,2021-10-23T16:00:00+00:00,DOT/USDT,4h,44.016,44.205,43.115,43.146,532804.568096
1635019200000,2021-10-23T20:00:00+00:00,DOT/USDT,4h,43.147,44.027,43.04,43.95,428730.440438
1635033600000,2021-10-24T00:00:00+00:00,DOT/USDT,4h,43.952,44.16,43.649,43.714,324355.194038
1635048000000,2021-10-24T04:00:00+00:00,DOT/USDT,4h,43.719,44.046,43.062,43.949,286045.991389
1635062400000,2021-10-24T08:00:00+00:00,DOT/USDT,4h,43.958,44.027,42.421,42.542,700730.944547
1635076800000,2021-10-24T12:00:00+00:00,DOT/USDT,4h,42.541,42.85,41.6,41.746,1037143.990294
1635091200000,2021-10-24T16:00:00+00:00,DOT/USDT,4h,41.74,42.37,41.301,42.119,673829.15572
1635105600000,2021-10-24T20:00:00+00:00,DOT/USDT,4h,42.125,42.777,42.026,42.283,493082.774339
1635120000000,2021-10-25T00:00:00+00:00,DOT/USDT,4h,42.282,43.757,42.115,43.31,556989.28797
1635134400000,2021-10-25T04:00:00+00:00,DOT/USDT,4h,43.306,43.877,43.173,43.565,456265.348864
1635148800000,2021-10-25T08:00:00+00:00,DOT/USDT,4h,43.559,43.968,43.329,43.579,682938.909399
1635163200000,2021-10-25T12:00:00+00:00,DOT/USDT,4h,43.573,43.806,43.329,43.743,544559.058309
1635177600000,2021-10-25T16:00:00+00:00,DOT/USDT,4h,43.734,44.741,43.492,44.297,806144.052276
1635192000000,2021-10-25T20:00:00+00:00,DOT/USDT,4h,44.29,44.784,44.204,44.542,431904.950043
1635206400000,2021-10-26T00:00:00+00:00,DOT/USDT,4h,44.543,44.572,43.742,43.988,307222.19095
1635220800000,2021-10-26T04:00:00+00:00,DOT/USDT,4h,43.993,44.172,43.573,43.703,256764.335672
1635235200000,2021-10-26T08:00:00+00:00,DOT/USDT,4h,43.712,44.181,43.69,43.9,524843.050287
1635249600000,2021-10-26T12:00:00+00:00,DOT/USDT,4h,43.9,44.261,43.303,43.862,747020.116164
1635264000000,2021-10-26T16:00:00+00:00,DOT/USDT,4h,43.861,44.91,43.5,44.586,765910.887094
1635278400000,2021-10-26T20:00:00+00:00,DOT/USDT,4h,44.59,46.023,43.669,44.918,1381034.134915
1635292800000,2021-10-27T00:00:00+00:00,DOT/USDT,4h,44.937,45.161,44.299,44.862,607348.766005
1635307200000,2021-10-27T04:00:00+00:00,DOT/USDT,4h,44.862,45.775,43.147,43.179,1066420.2031
1635321600000,2021-10-27T08:00:00+00:00,DOT/USDT,4h,43.193,43.193,38.611,41.689,2771541.557975
1635336000000,2021-10-27T12:00:00+00:00,DOT/USDT,4h,41.681,42.29,41.326,41.463,1101907.669284
1635350400000,2021-10-27T16:00:00+00:00,DOT/USDT,4h,41.459,41.68,40.006,40.92,1062991.32086
1635364800000,2021-10-27T20:00:00+00:00,DOT/USDT,4h,40.933,41.365,40.026,40.436,833993.42874
1635379200000,2021-10-28T00:00:00+00:00,DOT/USDT,4h,40.432,41.217,39.8,41.027,751721.171737
1635393600000,2021-10-28T04:00:00+00:00,DOT/USDT,4h,41.031,41.662,40.147,41.22,1077024.137194
1635408000000,2021-10-28T08:00:00+00:00,DOT/USDT,4h,41.218,43.106,41.218,42.392,1106836.102
1635422400000,2021-10-28T12:00:00+00:00,DOT/USDT,4h,42.395,42.91,42.279,42.51,665478.5397
1635436800000,2021-10-28T16:00:00+00:00,DOT/USDT,4h,42.496,42.888,41.462,42.607,1049287.757587
1635451200000,2021-10-28T20:00:00+00:00,DOT/USDT,4h,42.607,43.046,41.742,41.829,835146.617762
1635465600000,2021-10-29T00:00:00+00:00,DOT/USDT,4h,41.823,43.787,41.568,43.564,913139.935647
1635480000000,2021-10-29T04:00:00+00:00,DOT/USDT,4h,43.554,43.74,42.508,42.53,722979.714462
1635494400000,2021-10-29T08:00:00+00:00,DOT/USDT,4h,42.534,43.18,42.335,42.669,676473.968249
1635508800000,2021-10-29T12:00:00+00:00,DOT/USDT,4h,42.672,43.4,42.269,43.316,907843.222475
1635523200000,2021-10-29T16:00:00+00:00,DOT/USDT,4h,43.328,44.343,43.312,44.072,854800.881219
1635537600000,2021-10-29T20:00:00+00:00,DOT/USDT,4h,44.083,44.355,43.87,44.189,418721.468447
1635552000000,2021-10-30T00:00:00+00:00,DOT/USDT,4h,44.2,44.313,43.047,43.143,430108.489748
1635566400000,2021-10-30T04:00:00+00:00,DOT/USDT,4h,43.153,43.441,42.897,43.293,271786.331418
1635580800000,2021-10-30T08:00:00+00:00,DOT/USDT,4h,43.291,43.585,42.714,43.412,315283.901817
1635595200000,2021-10-30T12:00:00+00:00,DOT/USDT,4h,43.411,43.438,42.418,43.05,430709.120992
1635609600000,2021-10-30T16:00:00+00:00,DOT/USDT,4h,43.052,43.31,42.612,43.282,255743.759779
1635624000000,2021-10-30T20:00:00+00:00,DOT/USDT,4h,43.293,43.434,42.101,42.725,361342.071368
1635638400000,2021-10-31T00:00:00+00:00,DOT/USDT,4h,42.732,43.381,41.852,42.115,513995.055603
1635652800000,2021-10-31T04:00:00+00:00,DOT/USDT,4h,42.115,42.216,41.251,42.006,397902.207011
1635667200000,2021-10-31T08:00:00+00:00,DOT/USDT,4h,42.011,42.013,41.324,41.471,379924.921239
1635681600000,2021-10-31T12:00:00+00:00,DOT/USDT,4h,41.488,42.294,40.941,42.132,609520.251335
1635696000000,2021-10-31T16:00:00+00:00,DOT/USDT,4h,42.122,42.514,41.816,42.32,415295.299079
1635710400000,2021-10-31T20:00:00+00:00,DOT/USDT,4h,42.324,43.079,42.11,42.762,419862.111528
1635724800000,2021-11-01T00:00:00+00:00,DOT/USDT,4h,42.771,43.5,41.986,42.153,718264.094665
1635739200000,2021-11-01T04:00:00+00:00,DOT/USDT,4h,42.158,43.49,41.699,43.482,667471.285672
1635753600000,2021-11-01T08:00:00+00:00,DOT/USDT,4h,43.475,45.11,43.279,44.815,1215728.834984
1635768000000,2021-11-01T12:00:00+00:00,DOT/USDT,4h,44.837,48.994,44.76,48.8,2667744.515647
1635782400000,2021-11-01T16:00:00+00:00,DOT/USDT,4h,48.811,49.549,47.701,49.115,1885547.621896
1635796800000,2021-11-01T20:00:00+00:00,DOT/USDT,4h,49.117,51.555,48.777,49.971,2006968.255368
1635811200000,2021-11-02T00:00:00+00:00,DOT/USDT,4h,49.973,50.026,48.417,49.406,1159751.984775
1635825600000,2021-11-02T04:00:00+00:00,DOT/USDT,4h,49.387,49.865,48.046,48.204,980608.122904
1635840000000,2021-11-02T08:00:00+00:00,DOT/USDT,4h,48.215,53.32,48.138,52.026,2357796.47143
1635854400000,2021-11-02T12:00:00+00:00,DOT/USDT,4h,52.018,52.765,50.679,51.329,1663814.474071
1635868800000,2021-11-02T16:00:00+00:00,DOT/USDT,4h,51.351,52.596,51.068,52.306,1164923.351749
1635883200000,2021-11-02T20:00:00+00:00,DOT/USDT,4h,52.294,52.345,50.833,51.672,984363.421957
1635897600000,2021-11-03T00:00:00+00:00,DOT/USDT,4h,51.671,51.768,49.763,50.58,1078635.275038
1635912000000,2021-11-03T04:00:00+00:00,DOT/USDT,4h,50.597,51.767,49.656,51.395,1081904.758053
1635926400000,2021-11-03T08:00:00+00:00,DOT/USDT,4h,51.404,52.5,50.952,51.199,1044500.12459
1635940800000,2021-11-03T12:00:00+00:00,DOT/USDT,4h,51.196,53.489,49.092,53.33,1739391.230823
1635955200000,2021-11-03T16:00:00+00:00,DOT/USDT,4h,53.349,54.543,52.052,54.13,1845141.523483
1635969600000,2021-11-03T20:00:00+00:00,DOT/USDT,4h,54.142,54.296,53.093,53.33,881738.644327
1635984000000,2021-11-04T00:00:00+00:00,DOT/USDT,4h,53.35,53.389,52.176,53.221,744078.94878
1635998400000,2021-11-04T04:00:00+00:00,DOT/USDT,4h,53.213,53.603,52.36,52.586,693724.566663
1636012800000,2021-11-04T08:00:00+00:00,DOT/USDT,4h,52.623,53.375,52.254,52.413,873125.665374
1636027200000,2021-11-04T12:00:00+00:00,DOT/USDT,4h,52.405,55.094,52.286,52.905,1768429.180246
1636041600000,2021-11-04T16:00:00+00:00,DOT/USDT,4h,52.905,53.92,52.479,53.626,1070603.625789
1636056000000,2021-11-04T20:00:00+00:00,DOT/USDT,4h,53.626,54.394,53.218,53.823,832220.472876
1636070400000,2021-11-05T00:00:00+00:00,DOT/USDT,4h,53.822,53.91,52.312,52.765,525652.417285
1636084800000,2021-11-05T04:00:00+00:00,DOT/USDT,4h,52.764,53.097,52.362,52.785,417298.001706
1636099200000,2021-11-05T08:00:00+00:00,DOT/USDT,4h,52.794,52.844,51.588,51.886,510529.507434
1636113600000,2021-11-05T12:00:00+00:00,DOT/USDT,4h,51.886,52.573,50.659,50.894,833508.193264
1636128000000,2021-11-05T16:00:00+00:00,DOT/USDT,4h,50.91,51.783,50.594,51.297,605605.565891
1636142400000,2021-11-05T20:00:00+00:00,DOT/USDT,4h,51.317,51.973,50.788,51.769,399662.93499
1636156800000,2021-11-06T00:00:00+00:00,DOT/USDT,4h,51.758,52.394,50.818,51.249,495793.691677
1636171200000,2021-11-06T04:00:00+00:00,DOT/USDT,4h,51.247,51.59,50.446,50.735,433547.884204
1636185600000,2021-11-06T08:00:00+00:00,DOT/USDT,4h,50.742,51.124,49.0,49.665,719412.565431
1636200000000,2021-11-06T12:00:00+00:00,DOT/USDT,4h,49.656,50.682,48.991,50.358,594081.539451
1636214400000,2021-11-06T16:00:00+00:00,DOT/USDT,4h,50.366,51.389,50.287,51.377,467809.000891
1636228800000,2021-11-06T20:00:00+00:00,DOT/USDT,4h,51.38,52.164,51.175,52.015,423050.049632
1636243200000,2021-11-07T00:00:00+00:00,DOT/USDT,4h,52.019,52.182,51.299,52.076,381733.302291
1636257600000,2021-11-07T04:00:00+00:00,DOT/USDT,4h,52.077,52.142,51.531,51.895,285976.267159
1636272000000,2021-11-07T08:00:00+00:00,DOT/USDT,4h,51.896,53.5,51.873,52.947,708877.981759
1636286400000,2021-11-07T12:00:00+00:00,DOT/USDT,4h,52.948,53.468,52.575,52.983,387679.142372
1636300800000,2021-11-07T16:00:00+00:00,DOT/USDT,4h,52.977,53.071,51.763,51.892,292986.396477
1636315200000,2021-11-07T20:00:00+00:00,DOT/USDT,4h,51.897,52.279,51.639,52.205,198923.907428
1636329600000,2021-11-08T00:00:00+00:00,DOT/USDT,4h,52.204,53.178,51.635,52.824,485824.781174
1636344000000,2021-11-08T04:00:00+00:00,DOT/USDT,4h,52.82,53.079,52.247,52.843,346353.648891
1636358400000,2021-11-08T08:00:00+00:00,DOT/USDT,4h,52.843,53.712,52.376,53.487,434849.731278
1636372800000,2021-11-08T12:00:00+00:00,DOT/USDT,4h,53.479,53.629,52.47,53.173,356288.757831
1636387200000,2021-11-08T16:00:00+00:00,DOT/USDT,4h,53.174,53.852,52.818,53.497,330313.946496
1636401600000,2021-11-08T20:00:00+00:00,DOT/USDT,4h,53.497,53.543,52.976,53.355,278647.63925
1636416000000,2021-11-09T00:00:00+00:00,DOT/USDT,4h,53.347,53.385,52.6,53.026,447075.719423
1636430400000,2021-11-09T04:00:00+00:00,DOT/USDT,4h,53.027,53.2,52.633,52.731,312815.366104
1636444800000,2021-11-09T08:00:00+00:00,DOT/USDT,4h,52.731,52.933,51.581,52.136,400497.018449
1636459200000,2021-11-09T12:00:00+00:00,DOT/USDT,4h,52.139,52.28,50.497,51.104,641048.837759
1636473600000,2021-11-09T16:00:00+00:00,DOT/USDT,4h,51.11,51.65,50.491,50.903,446169.35996
1636488000000,2021-11-09T20:00:00+00:00,DOT/USDT,4h,50.903,51.369,50.658,50.782,231039.574824
1636502400000,2021-11-10T00:00:00+00:00,DOT/USDT,4h,50.785,50.945,50.085,50.332,304763.089274
1636516800000,2021-11-10T04:00:00+00:00,DOT/USDT,4h,50.327,50.773,50.051,50.526,257643.060121
1636531200000,2021-11-10T08:00:00+00:00,DOT/USDT,4h,50.526,52.026,50.521,50.914,510916.634895
1636545600000,2021-11-10T12:00:00+00:00,DOT/USDT,4h,50.909,51.511,50.0,51.202,633469.343299
1636560000000,2021-11-10T16:00:00+00:00,DOT/USDT,4h,51.208,51.805,49.185,49.236,559248.990628
1636574400000,2021-11-10T20:00:00+00:00,DOT/USDT,4h,49.24,49.255,42.2,46.732,3063656.873372
1636588800000,2021-11-11T00:00:00+00:00,DOT/USDT,4h,46.722,48.1,45.553,47.909,1112956.362965
1636603200000,2021-11-11T04:00:00+00:00,DOT/USDT,4h,47.924,49.387,47.309,49.071,984625.394356
1636617600000,2021-11-11T08:00:00+00:00,DOT/USDT,4h,49.073,49.452,47.857,49.308,841717.419558
1636632000000,2021-11-11T12:00:00+00:00,DOT/USDT,4h,49.293,49.426,47.346,47.87,989317.295857
1636646400000,2021-11-11T16:00:00+00:00,DOT/USDT,4h,47.856,48.68,47.666,48.632,625700.62782
1636660800000,2021-11-11T20:00:00+00:00,DOT/USDT,4h,48.639,48.703,47.43,47.452,465063.145355
1636675200000,2021-11-12T00:00:00+00:00,DOT/USDT,4h,47.44,47.735,45.828,46.975,726281.351329
1636689600000,2021-11-12T04:00:00+00:00,DOT/USDT,4h,46.987,47.429,45.794,46.182,596412.30799
1636704000000,2021-11-12T08:00:00+00:00,DOT/USDT,4h,46.184,46.732,44.68,45.413,1200776.858109
1636718400000,2021-11-12T12:00:00+00:00,DOT/USDT,4h,45.413,46.277,44.563,45.02,1334299.432706
1636732800000,2021-11-12T16:00:00+00:00,DOT/USDT,4h,45.027,46.317,44.007,44.97,1032512.635354
1636747200000,2021-11-12T20:00:00+00:00,DOT/USDT,4h,44.971,46.171,44.968,45.885,508920.418907
1636761600000,2021-11-13T00:00:00+00:00,DOT/USDT,4h,45.89,46.821,45.736,45.887,341997.300245
1636776000000,2021-11-13T04:00:00+00:00,DOT/USDT,4h,45.885,46.305,45.401,46.247,283916.542829
1636790400000,2021-11-13T08:00:00+00:00,DOT/USDT,4h,46.249,46.307,45.21,45.534,310038.259725
1636804800000,2021-11-13T12:00:00+00:00,DOT/USDT,4h,45.53,46.771,44.86,46.748,614231.296965
1636819200000,2021-11-13T16:00:00+00:00,DOT/USDT,4h,46.755,47.528,46.516,46.817,443895.171921
1636833600000,2021-11-13T20:00:00+00:00,DOT/USDT,4h,46.81,47.197,46.686,47.071,209061.844307
1636848000000,2021-11-14T00:00:00+00:00,DOT/USDT,4h,47.065,47.822,46.593,46.631,329215.945562
1636862400000,2021-11-14T04:00:00+00:00,DOT/USDT,4h,46.634,47.035,46.213,46.338,255631.985629
1636876800000,2021-11-14T08:00:00+00:00,DOT/USDT,4h,46.35,46.72,45.789,46.605,321165.491646
1636891200000,2021-11-14T12:00:00+00:00,DOT/USDT,4h,46.605,46.763,45.621,45.722,347975.714154
1636905600000,2021-11-14T16:00:00+00:00,DOT/USDT,4h,45.733,45.828,45.002,45.66,394422.049648
1636920000000,2021-11-14T20:00:00+00:00,DOT/USDT,4h,45.65,46.406,45.541,46.383,233237.276623
1636934400000,2021-11-15T00:00:00+00:00,DOT/USDT,4h,46.394,47.184,46.393,46.694,444577.147695
1636948800000,2021-11-15T04:00:00+00:00,DOT/USDT,4h,46.689,46.926,46.488,46.56,200107.274111
1636963200000,2021-11-15T08:00:00+00:00,DOT/USDT,4h,46.557,47.102,46.174,46.857,360739.48998
1636977600000,2021-11-15T12:00:00+00:00,DOT/USDT,4h,46.855,47.484,45.631,45.707,513722.275134
1636992000000,2021-11-15T16:00:00+00:00,DOT/USDT,4h,45.706,45.862,45.059,45.728,318277.148417
1637006400000,2021-11-15T20:00:00+00:00,DOT/USDT,4h,45.726,45.726,44.522,44.769,343089.695647
1637020800000,2021-11-16T00:00:00+00:00,DOT/USDT,4h,44.772,44.772,41.12,41.749,2022476.630059
1637035200000,2021-11-16T04:00:00+00:00,DOT/USDT,4h,41.767,42.452,40.8,42.291,1012557.283162
1637049600000,2021-11-16T08:00:00+00:00,DOT/USDT,4h,42.294,42.581,38.0,41.255,1958389.920741
1637064000000,2021-11-16T12:00:00+00:00,DOT/USDT,4h,41.258,42.733,40.588,41.99,970719.741046
1637078400000,2021-11-16T16:00:00+00:00,DOT/USDT,4h,41.989,42.424,41.148,41.58,691167.020526
1637092800000,2021-11-16T20:00:00+00:00,DOT/USDT,4h,41.56,41.662,40.044,40.836,616318.056015
1637107200000,2021-11-17T00:00:00+00:00,DOT/USDT,4h,40.842,41.221,38.751,39.423,976157.151461
1637121600000,2021-11-17T04:00:00+00:00,DOT/USDT,4h,39.454,40.56,38.932,40.162,1032157.280266
1637136000000,2021-11-17T08:00:00+00:00,DOT/USDT,4h,40.153,41.96,38.975,41.951,1264404.144924
1637150400000,2021-11-17T12:00:00+00:00,DOT/USDT,4h,41.931,42.585,40.217,40.872,1036099.339703
1637164800000,2021-11-17T16:00:00+00:00,DOT/USDT,4h,40.871,42.133,40.475,41.945,727018.696131
1637179200000,2021-11-17T20:00:00+00:00,DOT/USDT,4h,41.945,42.78,41.317,42.762,630402.865954
1637193600000,2021-11-18T00:00:00+00:00,DOT/USDT,4h,42.744,43.268,42.389,42.389,568387.456892
1637208000000,2021-11-18T04:00:00+00:00,DOT/USDT,4h,42.393,42.512,40.58,41.242,843654.628898
1637222400000,2021-11-18T08:00:00+00:00,DOT/USDT,4h,41.242,41.322,40.152,40.254,915583.157551
1637236800000,2021-11-18T12:00:00+00:00,DOT/USDT,4h,40.261,41.045,38.346,38.976,1658366.591558
1637251200000,2021-11-18T16:00:00+00:00,DOT/USDT,4h,38.979,40.065,37.521,39.945,1615335.660515
1637265600000,2021-11-18T20:00:00+00:00,DOT/USDT,4h,39.948,40.226,38.448,39.011,965185.69095
1637280000000,2021-11-19T00:00:00+00:00,DOT/USDT,4h,39.01,40.337,38.359,38.903,1139396.622709
1637294400000,2021-11-19T04:00:00+00:00,DOT/USDT,4h,38.892,39.858,38.834,39.041,696871.297926
1637308800000,2021-11-19T08:00:00+00:00,DOT/USDT,4h,39.039,40.574,39.021,39.822,922730.482021
1637323200000,2021-11-19T12:00:00+00:00,DOT/USDT,4h,39.839,41.949,39.769,41.772,1251759.523952
1637337600000,2021-11-19T16:00:00+00:00,DOT/USDT,4h,41.772,42.288,41.228,41.7,745803.461379
1637352000000,2021-11-19T20:00:00+00:00,DOT/USDT,4h,41.702,41.768,40.835,41.219,471856.826022
1637366400000,2021-11-20T00:00:00+00:00,DOT/USDT,4h,41.226,41.965,41.191,41.37,437286.203355
1637380800000,2021-11-20T04:00:00+00:00,DOT/USDT,4h,41.364,41.728,40.984,41.35,350120.031214
1637395200000,2021-11-20T08:00:00+00:00,DOT/USDT,4h,41.374,41.809,41.352,41.572,327170.936384
1637409600000,2021-11-20T12:00:00+00:00,DOT/USDT,4h,41.571,41.986,40.038,40.166,651441.145468
1637424000000,2021-11-20T16:00:00+00:00,DOT/USDT,4h,40.164,41.784,39.615,41.514,773465.799349
1637438400000,2021-11-20T20:00:00+00:00,DOT/USDT,4h,41.514,42.1,41.427,42.093,401892.475613
1637452800000,2021-11-21T00:00:00+00:00,DOT/USDT,4h,42.1,42.544,40.959,41.063,387147.004794
1637467200000,2021-11-21T04:00:00+00:00,DOT/USDT,4h,41.055,41.481,40.689,40.852,298366.818688
1637481600000,2021-11-21T08:00:00+00:00,DOT/USDT,4h,40.849,42.468,40.651,41.336,639579.916983
1637496000000,2021-11-21T12:00:00+00:00,DOT/USDT,4h,41.341,41.679,40.817,41.444,555983.164454
1637510400000,2021-11-21T16:00:00+00:00,DOT/USDT,4h,41.455,41.775,41.16,41.31,585982.969693
1637524800000,2021-11-21T20:00:00+00:00,DOT/USDT,4h,41.313,43.579,41.223,41.926,1045687.746804
1637539200000,2021-11-22T00:00:00+00:00,DOT/USDT,4h,41.944,42.137,39.944,40.215,991818.887004
1637553600000,2021-11-22T04:00:00+00:00,DOT/USDT,4h,40.223,40.397,39.407,39.885,538480.347828
1637568000000,2021-11-22T08:00:00+00:00,DOT/USDT,4h,39.882,40.548,39.86,39.899,458894.291938
1637582400000,2021-11-22T12:00:00+00:00,DOT/USDT,4h,39.901,41.086,39.474,40.184,977546.400029
1637596800000,2021-11-22T16:00:00+00:00,DOT/USDT,4h,40.189,40.491,38.9,39.017,898345.797619
1637611200000,2021-11-22T20:00:00+00:00,DOT/USDT,4h,39.024,39.872,38.817,39.479,607854.055949
1637625600000,2021-11-23T00:00:00+00:00,DOT/USDT,4h,39.476,39.837,39.108,39.437,390403.245204
1637640000000,2021-11-23T04:00:00+00:00,DOT/USDT,4h,39.432,39.775,38.719,39.029,270535.850605
1637654400000,2021-11-23T08:00:00+00:00,DOT/USDT,4h,39.024,39.892,38.533,39.065,692584.544281
1637668800000,2021-11-23T12:00:00+00:00,DOT/USDT,4h,39.067,40.901,39.003,40.759,685112.116814
1637683200000,2021-11-23T16:00:00+00:00,DOT/USDT,4h,40.752,41.473,40.672,41.343,644742.346355
1637697600000,2021-11-23T20:00:00+00:00,DOT/USDT,4h,41.345,41.36,40.453,40.769,402148.858347
1637712000000,2021-11-24T00:00:00+00:00,DOT/USDT,4h,40.766,40.915,39.178,39.527,278235.715807
1637726400000,2021-11-24T04:00:00+00:00,DOT/USDT,4h,39.542,39.825,39.195,39.608,212971.785948
1637740800000,2021-11-24T08:00:00+00:00,DOT/USDT,4h,39.605,40.216,39.214,39.348,489552.94239
1637755200000,2021-11-24T12:00:00+00:00,DOT/USDT,4h,39.348,39.7,38.368,39.372,819608.69859
1637769600000,2021-11-24T16:00:00+00:00,DOT/USDT,4h,39.36,39.468,38.1,38.278,524292.148096
1637784000000,2021-11-24T20:00:00+00:00,DOT/USDT,4h,38.282,38.753,38.051,38.293,469031.081048
1637798400000,2021-11-25T00:00:00+00:00,DOT/USDT,4h,38.287,39.366,38.047,39.108,336837.457565
1637812800000,2021-11-25T04:00:00+00:00,DOT/USDT,4h,39.128,39.191,38.266,38.711,422937.039446
1637827200000,2021-11-25T08:00:00+00:00,DOT/USDT,4h,38.71,39.34,38.358,39.277,484521.700698
1637841600000,2021-11-25T12:00:00+00:00,DOT/USDT,4h,39.287,40.533,39.262,40.176,899736.672128
1637856000000,2021-11-25T16:00:00+00:00,DOT/USDT,4h,40.179,40.929,39.887,40.039,542184.180919
1637870400000,2021-11-25T20:00:00+00:00,DOT/USDT,4h,40.033,40.197,39.15,39.477,389087.967813
1637884800000,2021-11-26T00:00:00+00:00,DOT/USDT,4h,39.479,39.622,38.534,38.563,374910.611458
1637899200000,2021-11-26T04:00:00+00:00,DOT/USDT,4h,38.557,38.874,37.1,37.624,748031.631935
1637913600000,2021-11-26T08:00:00+00:00,DOT/USDT,4h,37.609,37.629,34.145,34.451,2880823.668206
1637928000000,2021-11-26T12:00:00+00:00,DOT/USDT,4h,34.455,36.313,33.656,35.62,1383391.572808
1637942400000,2021-11-26T16:00:00+00:00,DOT/USDT,4h,35.634,35.877,34.801,35.466,807118.35176
1637956800000,2021-11-26T20:00:00+00:00,DOT/USDT,4h,35.47,35.77,34.323,34.564,636347.855259
1637971200000,2021-11-27T00:00:00+00:00,DOT/USDT,4h,34.546,35.269,34.427,34.941,554588.921931
1637985600000,2021-11-27T04:00:00+00:00,DOT/USDT,4h,34.937,35.289,34.6,34.914,413190.70607
1638000000000,2021-11-27T08:00:00+00:00,DOT/USDT,4h,34.914,35.9,34.914,35.243,508672.232121
1638014400000,2021-11-27T12:00:00+00:00,DOT/USDT,4h,35.242,35.943,35.207,35.602,487660.338971
1638028800000,2021-11-27T16:00:00+00:00,DOT/USDT,4h,35.617,35.953,35.5,35.641,479080.030393
1638043200000,2021-11-27T20:00:00+00:00,DOT/USDT,4h,35.634,35.843,34.596,35.154,580366.688697
1638057600000,2021-11-28T00:00:00+00:00,DOT/USDT,4h,35.143,35.17,32.743,33.155,1143267.304914
1638072000000,2021-11-28T04:00:00+00:00,DOT/USDT,4h,33.159,33.908,32.858,33.711,657065.567912
1638086400000,2021-11-28T08:00:00+00:00,DOT/USDT,4h,33.719,34.184,33.25,33.82,503690.725755
1638100800000,2021-11-28T12:00:00+00:00,DOT/USDT,4h,33.83,33.988,33.409,33.759,478161.560903
1638115200000,2021-11-28T16:00:00+00:00,DOT/USDT,4h,33.759,33.834,32.206,33.589,792421.035527
1638129600000,2021-11-28T20:00:00+00:00,DOT/USDT,4h,33.593,35.85,33.54,35.75,1080741.121221
1638144000000,2021-11-29T00:00:00+00:00,DOT/USDT,4h,35.746,36.964,35.537,36.255,647598.033479
1638158400000,2021-11-29T04:00:00+00:00,DOT/USDT,4h,36.252,36.543,35.815,36.422,497172.353513
1638172800000,2021-11-29T08:00:00+00:00,DOT/USDT,4h,36.425,36.474,35.386,35.486,402747.399161
1638187200000,2021-11-29T12:00:00+00:00,DOT/USDT,4h,35.502,36.297,35.458,35.971,448478.430874
1638201600000,2021-11-29T16:00:00+00:00,DOT/USDT,4h,35.961,37.311,35.686,36.226,833095.100941
1638216000000,2021-11-29T20:00:00+00:00,DOT/USDT,4h,36.219,37.523,36.197,37.098,547965.698743
1638230400000,2021-11-30T00:00:00+00:00,DOT/USDT,4h,37.097,37.567,35.942,36.398,415064.213632
1638244800000,2021-11-30T04:00:00+00:00,DOT/USDT,4h,36.397,36.6,35.4,35.805,554303.347532
1638259200000,2021-11-30T08:00:00+00:00,DOT/USDT,4h,35.806,36.692,35.534,36.652,568952.088777
1638273600000,2021-11-30T12:00:00+00:00,DOT/USDT,4h,36.659,38.804,36.652,37.668,1247902.591779
1638288000000,2021-11-30T16:00:00+00:00,DOT/USDT,4h,37.668,39.362,37.098,38.566,1406233.384388
1638302400000,2021-11-30T20:00:00+00:00,DOT/USDT,4h,38.568,38.664,37.878,37.95,604040.09952
1638316800000,2021-12-01T00:00:00+00:00,DOT/USDT,4h,37.95,38.775,37.659,38.274,538310.000837
1638331200000,2021-12-01T04:00:00+00:00,DOT/USDT,4h,38.266,38.319,37.394,37.782,573954.18904
1638345600000,2021-12-01T08:00:00+00:00,DOT/USDT,4h,37.787,38.072,37.162,37.393,722956.925237
1638360000000,2021-12-01T12:00:00+00:00,DOT/USDT,4h,37.397,38.3,37.229,38.07,826377.769275
1638374400000,2021-12-01T16:00:00+00:00,DOT/USDT,4h,38.065,38.282,37.04,37.446,723799.688302
1638388800000,2021-12-01T20:00:00+00:00,DOT/USDT,4h,37.446,37.517,36.225,36.755,684411.834973
1638403200000,2021-12-02T00:00:00+00:00,DOT/USDT,4h,36.756,36.79,35.066,35.144,522954.118268
1638417600000,2021-12-02T04:00:00+00:00,DOT/USDT,4h,35.138,35.845,35.131,35.779,334797.881989
1638432000000,2021-12-02T08:00:00+00:00,DOT/USDT,4h,35.774,36.198,35.299,35.756,503748.045805
1638446400000,2021-12-02T12:00:00+00:00,DOT/USDT,4h,35.756,36.617,35.452,36.13,855399.678883
1638460800000,2021-12-02T16:00:00+00:00,DOT/USDT,4h,36.133,36.529,35.65,35.846,563304.975406
1638475200000,2021-12-02T20:00:00+00:00,DOT/USDT,4h,35.853,36.314,35.675,35.761,308881.329979
1638489600000,2021-12-03T00:00:00+00:00,DOT/USDT,4h,35.76,36.092,35.158,35.505,281934.578718
1638504000000,2021-12-03T04:00:00+00:00,DOT/USDT,4h,35.504,36.2,35.428,35.871,319377.761405
1638518400000,2021-12-03T08:00:00+00:00,DOT/USDT,4h,35.873,36.527,35.713,36.466,372491.392383
1638532800000,2021-12-03T12:00:00+00:00,DOT/USDT,4h,36.483,36.853,35.181,35.275,562075.020132
1638547200000,2021-12-03T16:00:00+00:00,DOT/USDT,4h,35.266,35.267,33.5,33.58,1245657.46596
1638561600000,2021-12-03T20:00:00+00:00,DOT/USDT,4h,33.568,34.239,32.5,33.698,1341181.604567
1638576000000,2021-12-04T00:00:00+00:00,DOT/USDT,4h,33.699,33.852,31.352,31.391,648455.269729
1638590400000,2021-12-04T04:00:00+00:00,DOT/USDT,4h,31.391,32.342,24.0,27.761,4974755.524576
1638604800000,2021-12-04T08:00:00+00:00,DOT/USDT,4h,27.77,28.705,27.11,27.642,1877305.871896
1638619200000,2021-12-04T12:00:00+00:00,DOT/USDT,4h,27.649,29.238,27.649,28.874,1340817.356822
1638633600000,2021-12-04T16:00:00+00:00,DOT/USDT,4h,28.873,29.842,27.92,29.698,1011086.554714
1638648000000,2021-12-04T20:00:00+00:00,DOT/USDT,4h,29.703,29.952,28.667,29.401,841458.036746
1638662400000,2021-12-05T00:00:00+00:00,DOT/USDT,4h,29.392,29.748,28.332,29.058,1034008.33134
1638676800000,2021-12-05T04:00:00+00:00,DOT/USDT,4h,29.058,29.126,28.264,28.5,781288.128925
1638691200000,2021-12-05T08:00:00+00:00,DOT/USDT,4h,28.507,28.732,27.941,28.483,892099.794758
1638705600000,2021-12-05T12:00:00+00:00,DOT/USDT,4h,28.463,28.922,26.346,26.817,1575024.480521
1638720000000,2021-12-05T16:00:00+00:00,DOT/USDT,4h,26.818,28.274,26.677,27.799,1288450.582317
1638734400000,2021-12-05T20:00:00+00:00,DOT/USDT,4h,27.8,28.598,27.29,28.314,834110.548137
1638748800000,2021-12-06T00:00:00+00:00,DOT/USDT,4h,28.321,28.338,26.618,27.378,1193532.917004
1638763200000,2021-12-06T04:00:00+00:00,DOT/USDT,4h,27.381,27.771,25.684,26.273,1246826.287015
1638777600000,2021-12-06T08:00:00+00:00,DOT/USDT,4h,26.284,27.012,24.84,26.328,2486997.534971
1638792000000,2021-12-06T12:00:00+00:00,DOT/USDT,4h,26.319,27.124,25.838,27.094,1726937.954443
1638806400000,2021-12-06T16:00:00+00:00,DOT/USDT,4h,27.098,27.41,26.765,27.188,968931.690219
1638820800000,2021-12-06T20:00:00+00:00,DOT/USDT,4h,27.202,28.93,26.932,28.134,1659820.778662
1638835200000,2021-12-07T00:00:00+00:00,DOT/USDT,4h,28.136,28.559,27.7,28.227,985897.443698
1638849600000,2021-12-07T04:00:00+00:00,DOT/USDT,4h,28.235,28.751,27.886,28.64,986050.885347
1638864000000,2021-12-07T08:00:00+00:00,DOT/USDT,4h,28.633,29.955,28.521,29.833,1267292.949256
1638878400000,2021-12-07T12:00:00+00:00,DOT/USDT,4h,29.838,31.075,28.566,30.931,1775655.717846
1638892800000,2021-12-07T16:00:00+00:00,DOT/USDT,4h,30.939,31.497,30.062,30.253,1324365.795676
1638907200000,2021-12-07T20:00:00+00:00,DOT/USDT,4h,30.255,30.516,29.385,30.474,1221463.722173
1638921600000,2021-12-08T00:00:00+00:00,DOT/USDT,4h,30.476,30.622,28.65,28.847,1038771.071723
1638936000000,2021-12-08T04:00:00+00:00,DOT/USDT,4h,28.84,29.582,28.837,29.375,854139.5398
1638950400000,2021-12-08T08:00:00+00:00,DOT/USDT,4h,29.369,29.651,28.038,28.492,1317180.57355
1638964800000,2021-12-08T12:00:00+00:00,DOT/USDT,4h,28.501,30.139,28.15,29.589,1398349.532978
1638979200000,2021-12-08T16:00:00+00:00,DOT/USDT,4h,29.589,29.779,29.081,29.433,693245.905121
1638993600000,2021-12-08T20:00:00+00:00,DOT/USDT,4h,29.438,29.906,29.162,29.838,590892.034886
1639008000000,2021-12-09T00:00:00+00:00,DOT/USDT,4h,29.848,30.127,28.64,28.811,799313.575167
1639022400000,2021-12-09T04:00:00+00:00,DOT/USDT,4h,28.811,29.176,28.3,28.83,593223.928715
1639036800000,2021-12-09T08:00:00+00:00,DOT/USDT,4h,28.832,28.838,28.122,28.59,845608.423208
1639051200000,2021-12-09T12:00:00+00:00,DOT/USDT,4h,28.59,28.834,27.27,27.72,1026864.053456
1639065600000,2021-12-09T16:00:00+00:00,DOT/USDT,4h,27.722,28.052,27.0,27.265,1010881.930996
1639080000000,2021-12-09T20:00:00+00:00,DOT/USDT,4h,27.273,27.613,26.801,26.899,757510.052173
1639094400000,2021-12-10T00:00:00+00:00,DOT/USDT,4h,26.902,27.66,26.735,27.312,657371.724746
1639108800000,2021-12-10T04:00:00+00:00,DOT/USDT,4h,27.315,27.481,26.126,26.481,823518.14634
1639123200000,2021-12-10T08:00:00+00:00,DOT/USDT,4h,26.486,27.43,26.35,27.366,733468.882489
1639137600000,2021-12-10T12:00:00+00:00,DOT/USDT,4h,27.367,28.423,26.129,26.295,1416288.63217
1639152000000,2021-12-10T16:00:00+00:00,DOT/USDT,4h,26.302,26.496,25.714,26.437,977320.757975
1639166400000,2021-12-10T20:00:00+00:00,DOT/USDT,4h,26.437,27.589,26.349,26.432,1078610.254222
1639180800000,2021-12-11T00:00:00+00:00,DOT/USDT,4h,26.44,28.095,25.819,27.377,1437926.008591
1639195200000,2021-12-11T04:00:00+00:00,DOT/USDT,4h,27.378,28.178,27.378,27.668,812160.628791
1639209600000,2021-12-11T08:00:00+00:00,DOT/USDT,4h,27.661,28.086,27.1,27.162,731192.142517
1639224000000,2021-12-11T12:00:00+00:00,DOT/USDT,4h,27.17,27.652,27.01,27.531,620466.357689
1639238400000,2021-12-11T16:00:00+00:00,DOT/USDT,4h,27.529,27.998,27.48,27.792,613756.773496
1639252800000,2021-12-11T20:00:00+00:00,DOT/USDT,4h,27.792,28.043,27.274,27.807,574138.747772
1639267200000,2021-12-12T00:00:00+00:00,DOT/USDT,4h,27.81,27.992,27.559,27.738,418746.916335
1639281600000,2021-12-12T04:00:00+00:00,DOT/USDT,4h,27.726,27.918,27.3,27.753,367944.482518
1639296000000,2021-12-12T08:00:00+00:00,DOT/USDT,4h,27.759,28.45,27.346,28.321,608987.382375
1639310400000,2021-12-12T12:00:00+00:00,DOT/USDT,4h,28.323,28.817,28.24,28.595,636874.69353
1639324800000,2021-12-12T16:00:00+00:00,DOT/USDT,4h,28.595,29.717,28.523,29.497,641665.871876
1639339200000,2021-12-12T20:00:00+00:00,DOT/USDT,4h,29.498,30.0,29.074,29.533,615651.008477
1639353600000,2021-12-13T00:00:00+00:00,DOT/USDT,4h,29.538,29.844,28.376,29.015,1065886.650489
1639368000000,2021-12-13T04:00:00+00:00,DOT/USDT,4h,29.012,29.074,27.909,28.014,697464.536628
1639382400000,2021-12-13T08:00:00+00:00,DOT/USDT,4h,28.019,28.471,27.647,28.163,669542.514622
1639396800000,2021-12-13T12:00:00+00:00,DOT/USDT,4h,28.163,28.325,26.282,26.532,1216435.814146
1639411200000,2021-12-13T16:00:00+00:00,DOT/USDT,4h,26.513,27.002,25.537,26.154,1372788.083684
1639425600000,2021-12-13T20:00:00+00:00,DOT/USDT,4h,26.168,26.5,25.776,25.964,806792.617665
1639440000000,2021-12-14T00:00:00+00:00,DOT/USDT,4h,25.96,26.466,25.681,26.362,675435.545074
1639454400000,2021-12-14T04:00:00+00:00,DOT/USDT,4h,26.356,26.546,25.409,26.047,765809.079345
1639468800000,2021-12-14T08:00:00+00:00,DOT/USDT,4h,26.047,26.334,25.666,26.322,848479.240655
1639483200000,2021-12-14T12:00:00+00:00,DOT/USDT,4h,26.33,26.707,25.474,25.672,1037155.565409
1639497600000,2021-12-14T16:00:00+00:00,DOT/USDT,4h,25.672,25.988,25.0,25.371,963435.185834
1639512000000,2021-12-14T20:00:00+00:00,DOT/USDT,4h,25.366,26.474,25.36,26.152,1082958.046189
1639526400000,2021-12-15T00:00:00+00:00,DOT/USDT,4h,26.147,26.38,25.754,26.298,596324.933071
1639540800000,2021-12-15T04:00:00+00:00,DOT/USDT,4h,26.295,26.489,25.847,26.265,656589.739531
1639555200000,2021-12-15T08:00:00+00:00,DOT/USDT,4h,26.27,26.649,25.826,25.914,688595.291165
1639569600000,2021-12-15T12:00:00+00:00,DOT/USDT,4h,25.909,26.073,24.454,24.477,1093699.493589
1639584000000,2021-12-15T16:00:00+00:00,DOT/USDT,4h,24.477,27.22,24.28,27.052,1961205.689726
1639598400000,2021-12-15T20:00:00+00:00,DOT/USDT,4h,27.054,28.027,26.6,27.138,1446649.655942
1639612800000,2021-12-16T00:00:00+00:00,DOT/USDT,4h,27.143,27.84,26.816,26.901,856183.963408
1639627200000,2021-12-16T04:00:00+00:00,DOT/USDT,4h,26.902,27.299,26.64,26.908,695870.311529
1639641600000,2021-12-16T08:00:00+00:00,DOT/USDT,4h,26.906,27.737,26.787,27.553,737208.074151
1639656000000,2021-12-16T12:00:00+00:00,DOT/USDT,4h,27.555,27.681,26.726,27.401,1015964.833645
1639670400000,2021-12-16T16:00:00+00:00,DOT/USDT,4h,27.388,27.692,26.049,26.218,1270346.142682
1639684800000,2021-12-16T20:00:00+00:00,DOT/USDT,4h,26.219,27.0,25.718,26.028,1351830.908027
1639699200000,2021-12-17T00:00:00+00:00,DOT/USDT,4h,26.031,26.209,25.734,25.873,613123.40441
1639713600000,2021-12-17T04:00:00+00:00,DOT/USDT,4h,25.868,26.07,25.143,25.46,780465.168056
1639728000000,2021-12-17T08:00:00+00:00,DOT/USDT,4h,25.451,25.667,24.711,24.95,842614.833536
1639742400000,2021-12-17T12:00:00+00:00,DOT/USDT,4h,24.946,25.217,24.17,24.956,1313711.294105
1639756800000,2021-12-17T16:00:00+00:00,DOT/USDT,4h,24.975,25.506,24.665,24.818,892908.055663
1639771200000,2021-12-17T20:00:00+00:00,DOT/USDT,4h,24.816,24.981,24.245,24.646,670772.805702
1639785600000,2021-12-18T00:00:00+00:00,DOT/USDT,4h,24.644,24.935,24.225,24.704,718240.693171
1639800000000,2021-12-18T04:00:00+00:00,DOT/USDT,4h,24.706,25.139,24.566,24.944,555915.060609
1639814400000,2021-12-18T08:00:00+00:00,DOT/USDT,4h,24.94,25.535,24.852,25.265,711146.239952
1639828800000,2021-12-18T12:00:00+00:00,DOT/USDT,4h,25.262,25.44,24.911,25.257,660553.547539
1639843200000,2021-12-18T16:00:00+00:00,DOT/USDT,4h,25.26,25.494,25.013,25.444,507199.90114
1639857600000,2021-12-18T20:00:00+00:00,DOT/USDT,4h,25.448,25.725,25.277,25.488,387869.701708
1639872000000,2021-12-19T00:00:00+00:00,DOT/USDT,4h,25.49,25.743,24.85,25.591,588352.204599
1639886400000,2021-12-19T04:00:00+00:00,DOT/USDT,4h,25.589,25.854,25.371,25.401,378371.165261
1639900800000,2021-12-19T08:00:00+00:00,DOT/USDT,4h,25.407,25.454,24.857,25.112,432672.018201
1639915200000,2021-12-19T12:00:00+00:00,DOT/USDT,4h,25.102,25.525,24.92,25.074,711414.208613
1639929600000,2021-12-19T16:00:00+00:00,DOT/USDT,4h,25.08,25.271,24.684,24.75,485670.050565
1639944000000,2021-12-19T20:00:00+00:00,DOT/USDT,4h,24.75,25.136,24.637,24.781,456288.381282
1639958400000,2021-12-20T00:00:00+00:00,DOT/USDT,4h,24.781,25.01,24.415,24.584,599845.054301
1639972800000,2021-12-20T04:00:00+00:00,DOT/USDT,4h,24.583,24.9,24.2,24.377,521369.954306
1639987200000,2021-12-20T08:00:00+00:00,DOT/USDT,4h,24.386,24.487,23.681,23.972,709966.51609
1640001600000,2021-12-20T12:00:00+00:00,DOT/USDT,4h,23.969,23.974,23.264,23.553,834529.262913
1640016000000,2021-12-20T16:00:00+00:00,DOT/USDT,4h,23.556,24.175,23.468,24.147,647147.235802
1640030400000,2021-12-20T20:00:00+00:00,DOT/USDT,4h,24.147,24.65,24.019,24.069,723332.28162
1640044800000,2021-12-21T00:00:00+00:00,DOT/USDT,4h,24.063,24.515,23.733,24.459,602280.906092
1640059200000,2021-12-21T04:00:00+00:00,DOT/USDT,4h,24.464,24.839,24.288,24.498,812247.074119
1640073600000,2021-12-21T08:00:00+00:00,DOT/USDT,4h,24.498,24.96,24.435,24.958,686988.718546
1640088000000,2021-12-21T12:00:00+00:00,DOT/USDT,4h,24.96,25.361,24.668,24.807,842293.131892
1640102400000,2021-12-21T16:00:00+00:00,DOT/USDT,4h,24.806,25.13,24.738,25.13,384145.472598
1640116800000,2021-12-21T20:00:00+00:00,DOT/USDT,4h,25.127,25.587,25.0,25.154,520472.990836
1640131200000,2021-12-22T00:00:00+00:00,DOT/USDT,4h,25.153,25.914,25.0,25.82,518842.504641
1640145600000,2021-12-22T04:00:00+00:00,DOT/USDT,4h,25.823,26.155,25.549,26.07,527281.236099
1640160000000,2021-12-22T08:00:00+00:00,DOT/USDT,4h,26.075,26.843,25.947,26.648,908694.190722
1640174400000,2021-12-22T12:00:00+00:00,DOT/USDT,4h,26.656,27.351,26.008,27.319,1184894.005025
1640188800000,2021-12-22T16:00:00+00:00,DOT/USDT,4h,27.323,27.999,27.124,27.866,1147621.819907
1640203200000,2021-12-22T20:00:00+00:00,DOT/USDT,4h,27.863,28.222,26.909,27.22,813393.831614
1640217600000,2021-12-23T00:00:00+00:00,DOT/USDT,4h,27.216,28.486,26.83,28.126,1158197.631549
1640232000000,2021-12-23T04:00:00+00:00,DOT/USDT,4h,28.128,28.128,27.019,27.143,655750.896795
1640246400000,2021-12-23T08:00:00+00:00,DOT/USDT,4h,27.148,27.48,26.744,26.858,796074.218013
1640260800000,2021-12-23T12:00:00+00:00,DOT/USDT,4h,26.856,28.215,26.741,28.061,991990.882982
1640275200000,2021-12-23T16:00:00+00:00,DOT/USDT,4h,28.063,29.797,27.502,29.437,1640877.694887
1640289600000,2021-12-23T20:00:00+00:00,DOT/USDT,4h,29.438,29.533,28.888,29.155,865288.035092
1640304000000,2021-12-24T00:00:00+00:00,DOT/USDT,4h,29.162,29.29,28.681,28.951,604036.440293
1640318400000,2021-12-24T04:00:00+00:00,DOT/USDT,4h,28.949,29.192,28.566,29.073,406247.434038
1640332800000,2021-12-24T08:00:00+00:00,DOT/USDT,4h,29.075,29.664,28.984,29.136,482896.458835
1640347200000,2021-12-24T12:00:00+00:00,DOT/USDT,4h,29.142,29.48,28.408,28.953,725281.138473
1640361600000,2021-12-24T16:00:00+00:00,DOT/USDT,4h,28.949,29.505,28.678,28.829,649118.207835
1640376000000,2021-12-24T20:00:00+00:00,DOT/USDT,4h,28.828,29.03,27.831,28.136,607664.034208
1640390400000,2021-12-25T00:00:00+00:00,DOT/USDT,4h,28.136,28.569,27.945,28.189,382698.051384
1640404800000,2021-12-25T04:00:00+00:00,DOT/USDT,4h,28.189,28.712,28.128,28.544,303360.012394
1640419200000,2021-12-25T08:00:00+00:00,DOT/USDT,4h,28.545,28.777,28.252,28.325,291910.243601
1640433600000,2021-12-25T12:00:00+00:00,DOT/USDT,4h,28.325,28.486,28.122,28.397,279536.67265
1640448000000,2021-12-25T16:00:00+00:00,DOT/USDT,4h,28.402,28.77,28.052,28.715,409586.644171
1640462400000,2021-12-25T20:00:00+00:00,DOT/USDT,4h,28.717,29.125,28.611,28.844,317290.979571
1640476800000,2021-12-26T00:00:00+00:00,DOT/USDT,4h,28.85,29.453,28.259,28.402,580742.558808
1640491200000,2021-12-26T04:00:00+00:00,DOT/USDT,4h,28.386,28.786,28.293,28.589,337578.008797
1640505600000,2021-12-26T08:00:00+00:00,DOT/USDT,4h,28.591,29.541,28.537,29.159,542427.507921
1640520000000,2021-12-26T12:00:00+00:00,DOT/USDT,4h,29.152,30.0,29.049,29.874,670171.973875
1640534400000,2021-12-26T16:00:00+00:00,DOT/USDT,4h,29.875,31.25,29.875,30.853,1061022.293016
1640548800000,2021-12-26T20:00:00+00:00,DOT/USDT,4h,30.851,31.751,30.058,31.312,861829.564618
1640563200000,2021-12-27T00:00:00+00:00,DOT/USDT,4h,31.329,31.863,31.298,31.46,721328.716029
1640577600000,2021-12-27T04:00:00+00:00,DOT/USDT,4h,31.461,31.796,30.878,31.409,582095.66631
1640592000000,2021-12-27T08:00:00+00:00,DOT/USDT,4h,31.41,31.617,30.901,31.424,566582.716643
1640606400000,2021-12-27T12:00:00+00:00,DOT/USDT,4h,31.428,32.75,31.1,32.359,1006084.598667
1640620800000,2021-12-27T16:00:00+00:00,DOT/USDT,4h,32.37,32.78,32.088,32.094,733312.97427
1640635200000,2021-12-27T20:00:00+00:00,DOT/USDT,4h,32.093,32.233,30.836,30.969,677884.213912
1640649600000,2021-12-28T00:00:00+00:00,DOT/USDT,4h,30.968,30.97,29.254,29.516,1367524.750087
1640664000000,2021-12-28T04:00:00+00:00,DOT/USDT,4h,29.503,29.507,28.695,29.012,1229819.916309
1640678400000,2021-12-28T08:00:00+00:00,DOT/USDT,4h,29.012,29.795,28.877,29.741,707700.819043
1640692800000,2021-12-28T12:00:00+00:00,DOT/USDT,4h,29.741,29.901,28.634,29.451,964816.212188
1640707200000,2021-12-28T16:00:00+00:00,DOT/USDT,4h,29.453,29.504,27.469,27.972,1260645.060402
1640721600000,2021-12-28T20:00:00+00:00,DOT/USDT,4h,27.953,28.666,27.717,27.834,729183.359171
1640736000000,2021-12-29T00:00:00+00:00,DOT/USDT,4h,27.843,28.868,27.793,28.779,595662.971329
1640750400000,2021-12-29T04:00:00+00:00,DOT/USDT,4h,28.795,28.95,27.758,27.961,495109.281934
1640764800000,2021-12-29T08:00:00+00:00,DOT/USDT,4h,27.965,28.463,27.838,28.405,571167.927107
1640779200000,2021-12-29T12:00:00+00:00,DOT/USDT,4h,28.39,28.84,27.0,28.756,1222127.741466
1640793600000,2021-12-29T16:00:00+00:00,DOT/USDT,4h,28.757,28.839,27.858,27.978,550950.965442
1640808000000,2021-12-29T20:00:00+00:00,DOT/USDT,4h,27.987,28.296,26.491,26.818,938944.944272
1640822400000,2021-12-30T00:00:00+00:00,DOT/USDT,4h,26.805,26.891,26.181,26.403,825736.678828
1640836800000,2021-12-30T04:00:00+00:00,DOT/USDT,4h,26.398,27.542,26.388,27.368,544394.697935
1640851200000,2021-12-30T08:00:00+00:00,DOT/USDT,4h,27.378,27.875,27.033,27.785,563389.182702
1640865600000,2021-12-30T12:00:00+00:00,DOT/USDT,4h,27.799,28.166,27.466,27.521,878785.95474
1640880000000,2021-12-30T16:00:00+00:00,DOT/USDT,4h,27.522,28.411,27.509,28.19,740514.385185
1640894400000,2021-12-30T20:00:00+00:00,DOT/USDT,4h,28.188,28.283,27.25,27.54,728679.253825
1640908800000,2021-12-31T00:00:00+00:00,DOT/USDT,4h,27.541,27.845,26.412,26.928,1216790.27821
1640923200000,2021-12-31T04:00:00+00:00,DOT/USDT,4h,26.933,27.255,26.6,26.932,526918.295188
1640937600000,2021-12-31T08:00:00+00:00,DOT/USDT,4h,26.934,28.128,26.802,27.609,938852.360126
1640952000000,2021-12-31T12:00:00+00:00,DOT/USDT,4h,27.606,27.965,27.55,27.863,434855.555744
1640966400000,2021-12-31T16:00:00+00:00,DOT/USDT,4h,27.863,27.998,26.256,26.286,928362.968951
1640980800000,2021-12-31T20:00:00+00:00,DOT/USDT,4h,26.294,27.066,26.25,26.668,474990.316203
1640995200000,2022-01-01T00:00:00+00:00,DOT/USDT,4h,26.669,27.449,26.669,27.181,369492.01146
1641009600000,2022-01-01T04:00:00+00:00,DOT/USDT,4h,27.184,27.515,26.839,27.361,368862.863672
1641024000000,2022-01-01T08:00:00+00:00,DOT/USDT,4h,27.359,27.428,26.86,27.031,323969.558461
1641038400000,2022-01-01T12:00:00+00:00,DOT/USDT,4h,27.036,27.723,26.919,27.591,351603.625641
1641052800000,2022-01-01T16:00:00+00:00,DOT/USDT,4h,27.594,28.077,27.465,27.961,515495.237962
1641067200000,2022-01-01T20:00:00+00:00,DOT/USDT,4h,27.962,28.631,27.962,28.599,476628.544165
1641081600000,2022-01-02T00:00:00+00:00,DOT/USDT,4h,28.592,28.627,28.061,28.188,387564.807941
1641096000000,2022-01-02T04:00:00+00:00,DOT/USDT,4h,28.19,28.5,27.822,28.346,456107.016458
1641110400000,2022-01-02T08:00:00+00:00,DOT/USDT,4h,28.353,28.931,28.181,28.896,474609.969232
1641124800000,2022-01-02T12:00:00+00:00,DOT/USDT,4h,28.899,29.811,28.664,29.712,803653.053023
1641139200000,2022-01-02T16:00:00+00:00,DOT/USDT,4h,29.707,30.625,29.268,29.915,1386057.458369
1641153600000,2022-01-02T20:00:00+00:00,DOT/USDT,4h,29.915,30.141,29.585,29.689,532325.074186
1641168000000,2022-01-03T00:00:00+00:00,DOT/USDT,4h,29.689,30.289,28.748,28.813,951224.824817
1641182400000,2022-01-03T04:00:00+00:00,DOT/USDT,4h,28.791,29.111,28.626,28.895,660872.718085
1641196800000,2022-01-03T08:00:00+00:00,DOT/USDT,4h,28.901,30.081,28.778,30.013,755503.896896
1641211200000,2022-01-03T12:00:00+00:00,DOT/USDT,4h,30.014,30.901,29.775,30.163,1300056.211503
1641225600000,2022-01-03T16:00:00+00:00,DOT/USDT,4h,30.15,30.33,29.171,29.895,1096175.351142
1641240000000,2022-01-03T20:00:00+00:00,DOT/USDT,4h,29.895,30.696,29.27,30.104,1005225.372018
1641254400000,2022-01-04T00:00:00+00:00,DOT/USDT,4h,30.108,30.586,29.547,29.863,1101859.809518
1641268800000,2022-01-04T04:00:00+00:00,DOT/USDT,4h,29.869,30.158,29.672,29.836,716771.954527
1641283200000,2022-01-04T08:00:00+00:00,DOT/USDT,4h,29.836,30.064,29.25,30.021,892728.778669
1641297600000,2022-01-04T12:00:00+00:00,DOT/USDT,4h,30.029,30.308,29.484,29.74,1217886.970505
1641312000000,2022-01-04T16:00:00+00:00,DOT/USDT,4h,29.743,30.116,28.733,29.181,1245615.036286
1641326400000,2022-01-04T20:00:00+00:00,DOT/USDT,4h,29.19,29.599,28.68,28.686,633216.964093
1641340800000,2022-01-05T00:00:00+00:00,DOT/USDT,4h,28.689,29.526,28.395,29.437,694522.26111
1641355200000,2022-01-05T04:00:00+00:00,DOT/USDT,4h,29.441,29.938,29.289,29.693,458241.264474
1641369600000,2022-01-05T08:00:00+00:00,DOT/USDT,4h,29.69,30.39,29.5,29.785,851717.980512
1641384000000,2022-01-05T12:00:00+00:00,DOT/USDT,4h,29.769,30.306,29.511,30.039,970828.098013
1641398400000,2022-01-05T16:00:00+00:00,DOT/USDT,4h,30.043,30.067,27.81,28.0,1458050.601645
1641412800000,2022-01-05T20:00:00+00:00,DOT/USDT,4h,27.982,28.169,25.06,26.697,2758898.963562
1641427200000,2022-01-06T00:00:00+00:00,DOT/USDT,4h,26.716,26.961,25.57,25.59,1294592.374595
1641441600000,2022-01-06T04:00:00+00:00,DOT/USDT,4h,25.596,26.435,25.5,26.408,1236107.502753
1641456000000,2022-01-06T08:00:00+00:00,DOT/USDT,4h,26.398,26.438,25.61,25.94,1159885.467597
1641470400000,2022-01-06T12:00:00+00:00,DOT/USDT,4h,25.936,26.385,25.582,26.11,1193001.58783
1641484800000,2022-01-06T16:00:00+00:00,DOT/USDT,4h,26.115,27.309,25.939,27.173,991888.970862
1641499200000,2022-01-06T20:00:00+00:00,DOT/USDT,4h,27.177,27.347,26.596,26.706,777079.046417
1641513600000,2022-01-07T00:00:00+00:00,DOT/USDT,4h,26.711,26.852,25.0,25.083,1279733.937722
1641528000000,2022-01-07T04:00:00+00:00,DOT/USDT,4h,25.085,25.358,24.236,24.924,1737788.414384
1641542400000,2022-01-07T08:00:00+00:00,DOT/USDT,4h,24.933,26.038,24.826,25.515,1197704.842969
1641556800000,2022-01-07T12:00:00+00:00,DOT/USDT,4h,25.512,25.925,24.454,25.053,1804649.349365
1641571200000,2022-01-07T16:00:00+00:00,DOT/USDT,4h,25.05,26.024,24.592,25.491,1263836.607182
1641585600000,2022-01-07T20:00:00+00:00,DOT/USDT,4h,25.5,25.645,24.726,24.897,647762.01753
1641600000000,2022-01-08T00:00:00+00:00,DOT/USDT,4h,24.904,25.479,24.78,25.332,725426.750914
1641614400000,2022-01-08T04:00:00+00:00,DOT/USDT,4h,25.333,25.546,25.136,25.309,468356.597481
1641628800000,2022-01-08T08:00:00+00:00,DOT/USDT,4h,25.307,25.487,25.027,25.24,591514.300218
1641643200000,2022-01-08T12:00:00+00:00,DOT/USDT,4h,25.243,25.3,24.482,24.656,720374.294363
1641657600000,2022-01-08T16:00:00+00:00,DOT/USDT,4h,24.66,24.845,23.121,23.403,1698237.631715
1641672000000,2022-01-08T20:00:00+00:00,DOT/USDT,4h,23.404,24.499,23.227,23.991,1051778.843664
1641686400000,2022-01-09T00:00:00+00:00,DOT/USDT,4h,23.987,24.527,23.678,24.117,773653.049654
1641700800000,2022-01-09T04:00:00+00:00,DOT/USDT,4h,24.114,24.381,24.01,24.071,397764.407148
1641715200000,2022-01-09T08:00:00+00:00,DOT/USDT,4h,24.075,24.883,23.756,24.709,685483.507169
1641729600000,2022-01-09T12:00:00+00:00,DOT/USDT,4h,24.719,24.808,24.081,24.382,568651.584005
1641744000000,2022-01-09T16:00:00+00:00,DOT/USDT,4h,24.391,25.32,24.323,25.257,780282.560557
1641758400000,2022-01-09T20:00:00+00:00,DOT/USDT,4h,25.277,25.309,24.458,24.639,529538.318935
1641772800000,2022-01-10T00:00:00+00:00,DOT/USDT,4h,24.634,24.949,24.341,24.903,569588.42167
1641787200000,2022-01-10T04:00:00+00:00,DOT/USDT,4h,24.902,25.214,24.821,24.967,462583.477845
1641801600000,2022-01-10T08:00:00+00:00,DOT/USDT,4h,24.97,25.034,24.248,24.349,565642.700167
1641816000000,2022-01-10T12:00:00+00:00,DOT/USDT,4h,24.345,24.412,22.4,23.293,2291795.286613
1641830400000,2022-01-10T16:00:00+00:00,DOT/USDT,4h,23.296,24.035,22.796,23.23,1702027.236918
1641844800000,2022-01-10T20:00:00+00:00,DOT/USDT,4h,23.248,23.799,23.086,23.711,667058.014167
1641859200000,2022-01-11T00:00:00+00:00,DOT/USDT,4h,23.727,24.29,23.49,24.285,676319.359462
1641873600000,2022-01-11T04:00:00+00:00,DOT/USDT,4h,24.288,24.38,23.864,24.226,415659.590531
1641888000000,2022-01-11T08:00:00+00:00,DOT/USDT,4h,24.234,24.505,23.705,23.901,615040.912975
1641902400000,2022-01-11T12:00:00+00:00,DOT/USDT,4h,23.901,24.847,23.83,24.796,971410.678621
1641916800000,2022-01-11T16:00:00+00:00,DOT/USDT,4h,24.798,26.036,24.798,25.68,1312405.040441
1641931200000,2022-01-11T20:00:00+00:00,DOT/USDT,4h,25.686,25.773,25.397,25.559,396161.355494
1641945600000,2022-01-12T00:00:00+00:00,DOT/USDT,4h,25.56,25.897,25.456,25.724,467565.717181
1641960000000,2022-01-12T04:00:00+00:00,DOT/USDT,4h,25.726,26.178,25.553,25.771,474773.208929
1641974400000,2022-01-12T08:00:00+00:00,DOT/USDT,4h,25.769,26.387,25.709,26.152,782431.5781
1641988800000,2022-01-12T12:00:00+00:00,DOT/USDT,4h,26.151,27.403,26.12,27.115,1330440.32292
1642003200000,2022-01-12T16:00:00+00:00,DOT/USDT,4h,27.118,27.508,26.799,27.351,671409.389744
1642017600000,2022-01-12T20:00:00+00:00,DOT/USDT,4h,27.371,27.572,27.172,27.319,423262.747518
1642032000000,2022-01-13T00:00:00+00:00,DOT/USDT,4h,27.321,27.682,26.46,26.598,644952.164793
1642046400000,2022-01-13T04:00:00+00:00,DOT/USDT,4h,26.598,27.122,26.574,26.835,370725.478239
1642060800000,2022-01-13T08:00:00+00:00,DOT/USDT,4h,26.836,27.157,26.561,26.688,498461.508631
1642075200000,2022-01-13T12:00:00+00:00,DOT/USDT,4h,26.683,27.492,26.12,26.433,1177367.097867
1642089600000,2022-01-13T16:00:00+00:00,DOT/USDT,4h,26.438,26.76,25.94,26.08,942560.547515
1642104000000,2022-01-13T20:00:00+00:00,DOT/USDT,4h,26.085,26.255,25.714,25.798,578595.302719
1642118400000,2022-01-14T00:00:00+00:00,DOT/USDT,4h,25.792,27.698,25.537,27.296,1197627.663255
1642132800000,2022-01-14T04:00:00+00:00,DOT/USDT,4h,27.296,27.472,26.795,26.948,820820.769885
1642147200000,2022-01-14T08:00:00+00:00,DOT/USDT,4h,26.952,26.975,26.115,26.338,1019772.685128
1642161600000,2022-01-14T12:00:00+00:00,DOT/USDT,4h,26.332,27.488,26.058,27.245,1234767.932899
1642176000000,2022-01-14T16:00:00+00:00,DOT/USDT,4h,27.249,27.335,26.791,27.038,684366.82501
1642190400000,2022-01-14T20:00:00+00:00,DOT/USDT,4h,27.043,27.876,26.97,27.743,609650.801235
1642204800000,2022-01-15T00:00:00+00:00,DOT/USDT,4h,27.742,27.861,27.204,27.415,484884.92819
1642219200000,2022-01-15T04:00:00+00:00,DOT/USDT,4h,27.417,27.452,27.05,27.279,316061.398087
1642233600000,2022-01-15T08:00:00+00:00,DOT/USDT,4h,27.278,27.614,27.196,27.383,313639.101169
1642248000000,2022-01-15T12:00:00+00:00,DOT/USDT,4h,27.385,27.447,26.83,27.398,599168.374081
1642262400000,2022-01-15T16:00:00+00:00,DOT/USDT,4h,27.398,28.399,27.358,28.262,602085.892574
1642276800000,2022-01-15T20:00:00+00:00,DOT/USDT,4h,28.257,28.391,27.6,27.6,478728.212266
1642291200000,2022-01-16T00:00:00+00:00,DOT/USDT,4h,27.6,28.466,27.566,28.173,616138.065464
1642305600000,2022-01-16T04:00:00+00:00,DOT/USDT,4h,28.169,28.361,27.778,28.147,486369.639562
1642320000000,2022-01-16T08:00:00+00:00,DOT/USDT,4h,28.156,28.442,27.778,27.847,504582.160084
1642334400000,2022-01-16T12:00:00+00:00,DOT/USDT,4h,27.846,28.163,27.267,27.772,881043.336645
1642348800000,2022-01-16T16:00:00+00:00,DOT/USDT,4h,27.793,28.235,27.584,27.63,487528.88069
1642363200000,2022-01-16T20:00:00+00:00,DOT/USDT,4h,27.619,27.808,27.407,27.686,325251.949012
1642377600000,2022-01-17T00:00:00+00:00,DOT/USDT,4h,27.691,27.754,26.48,26.502,1003631.758521
1642392000000,2022-01-17T04:00:00+00:00,DOT/USDT,4h,26.51,26.919,26.23,26.647,666858.615954
1642406400000,2022-01-17T08:00:00+00:00,DOT/USDT,4h,26.65,26.878,26.485,26.539,481178.599317
1642420800000,2022-01-17T12:00:00+00:00,DOT/USDT,4h,26.535,26.652,25.877,25.983,704479.301116
1642435200000,2022-01-17T16:00:00+00:00,DOT/USDT,4h,25.981,26.226,25.511,25.804,862870.461937
1642449600000,2022-01-17T20:00:00+00:00,DOT/USDT,4h,25.81,25.884,25.102,25.688,752421.748431
1642464000000,2022-01-18T00:00:00+00:00,DOT/USDT,4h,25.694,26.066,25.317,25.437,733360.273759
1642478400000,2022-01-18T04:00:00+00:00,DOT/USDT,4h,25.429,25.557,25.108,25.367,569609.397536
1642492800000,2022-01-18T08:00:00+00:00,DOT/USDT,4h,25.366,25.372,24.458,24.933,874888.922247
1642507200000,2022-01-18T12:00:00+00:00,DOT/USDT,4h,24.931,24.997,24.25,24.603,866793.679674
1642521600000,2022-01-18T16:00:00+00:00,DOT/USDT,4h,24.6,24.961,24.472,24.87,550690.350266
1642536000000,2022-01-18T20:00:00+00:00,DOT/USDT,4h,24.874,25.366,24.661,25.136,556208.691345
1642550400000,2022-01-19T00:00:00+00:00,DOT/USDT,4h,25.131,25.304,24.458,24.601,638713.410692
1642564800000,2022-01-19T04:00:00+00:00,DOT/USDT,4h,24.616,24.767,23.686,23.861,689702.758083
1642579200000,2022-01-19T08:00:00+00:00,DOT/USDT,4h,23.862,24.418,23.736,24.411,787693.289084
1642593600000,2022-01-19T12:00:00+00:00,DOT/USDT,4h,24.41,24.8,24.152,24.32,755208.488345
1642608000000,2022-01-19T16:00:00+00:00,DOT/USDT,4h,24.312,24.49,23.932,24.288,555708.371433
1642622400000,2022-01-19T20:00:00+00:00,DOT/USDT,4h,24.279,24.37,23.988,24.056,325761.031953
1642636800000,2022-01-20T00:00:00+00:00,DOT/USDT,4h,24.061,24.564,23.957,24.409,380930.581149
1642651200000,2022-01-20T04:00:00+00:00,DOT/USDT,4h,24.416,24.795,24.383,24.619,345396.726765
1642665600000,2022-01-20T08:00:00+00:00,DOT/USDT,4h,24.62,24.686,24.301,24.515,394260.97304
1642680000000,2022-01-20T12:00:00+00:00,DOT/USDT,4h,24.519,25.602,24.356,25.389,952905.794754
1642694400000,2022-01-20T16:00:00+00:00,DOT/USDT,4h,25.408,25.544,24.935,24.984,615237.195773
1642708800000,2022-01-20T20:00:00+00:00,DOT/USDT,4h,24.979,25.027,22.845,22.993,1652238.031465
1642723200000,2022-01-21T00:00:00+00:00,DOT/USDT,4h,22.99,23.486,21.873,22.058,1779806.704785
1642737600000,2022-01-21T04:00:00+00:00,DOT/USDT,4h,22.052,22.592,22.047,22.454,922168.877144
1642752000000,2022-01-21T08:00:00+00:00,DOT/USDT,4h,22.453,22.678,22.193,22.331,762106.626288
1642766400000,2022-01-21T12:00:00+00:00,DOT/USDT,4h,22.344,22.361,21.059,22.102,1871329.551972
1642780800000,2022-01-21T16:00:00+00:00,DOT/USDT,4h,22.098,22.254,21.536,21.557,1006437.238786
1642795200000,2022-01-21T20:00:00+00:00,DOT/USDT,4h,21.565,21.757,19.041,19.672,3035862.980994
1642809600000,2022-01-22T00:00:00+00:00,DOT/USDT,4h,19.658,20.154,19.238,19.528,1621695.02868
1642824000000,2022-01-22T04:00:00+00:00,DOT/USDT,4h,19.512,19.674,17.116,17.301,2595624.393561
1642838400000,2022-01-22T08:00:00+00:00,DOT/USDT,4h,17.31,18.871,16.0,18.436,3528156.624593
1642852800000,2022-01-22T12:00:00+00:00,DOT/USDT,4h,18.434,19.309,17.526,17.595,2082802.160865
1642867200000,2022-01-22T16:00:00+00:00,DOT/USDT,4h,17.606,18.4,17.187,17.559,2151615.267961
1642881600000,2022-01-22T20:00:00+00:00,DOT/USDT,4h,17.555,18.893,17.435,18.263,1342798.580714
1642896000000,2022-01-23T00:00:00+00:00,DOT/USDT,4h,18.264,18.92,18.038,18.259,1046822.095979
1642910400000,2022-01-23T04:00:00+00:00,DOT/USDT,4h,18.262,18.857,17.917,18.708,1021433.497781
1642924800000,2022-01-23T08:00:00+00:00,DOT/USDT,4h,18.704,19.192,18.511,18.611,1498480.118687
1642939200000,2022-01-23T12:00:00+00:00,DOT/USDT,4h,18.61,18.944,17.737,18.111,1316690.026553
1642953600000,2022-01-23T16:00:00+00:00,DOT/USDT,4h,18.123,18.353,17.725,17.888,1056986.369897
1642968000000,2022-01-23T20:00:00+00:00,DOT/USDT,4h,17.887,19.058,17.774,18.814,1070405.307856
1642982400000,2022-01-24T00:00:00+00:00,DOT/USDT,4h,18.818,18.82,17.683,17.85,887204.182573
1642996800000,2022-01-24T04:00:00+00:00,DOT/USDT,4h,17.851,17.976,17.078,17.182,909629.710712
1643011200000,2022-01-24T08:00:00+00:00,DOT/USDT,4h,17.187,17.615,16.186,16.423,2849636.537032
1643025600000,2022-01-24T12:00:00+00:00,DOT/USDT,4h,16.423,17.1,15.83,17.007,3136471.21806
1643040000000,2022-01-24T16:00:00+00:00,DOT/USDT,4h,17.005,17.815,16.63,17.555,2381532.14059
1643054400000,2022-01-24T20:00:00+00:00,DOT/USDT,4h,17.55,18.375,17.491,18.012,1371217.678956
1643068800000,2022-01-25T00:00:00+00:00,DOT/USDT,4h,18.013,18.1,17.645,17.883,859157.390301
1643083200000,2022-01-25T04:00:00+00:00,DOT/USDT,4h,17.883,17.946,17.371,17.717,695728.907179
1643097600000,2022-01-25T08:00:00+00:00,DOT/USDT,4h,17.71,18.375,17.67,18.158,947815.754437
1643112000000,2022-01-25T12:00:00+00:00,DOT/USDT,4h,18.166,18.936,17.774,18.503,1658305.590263
1643126400000,2022-01-25T16:00:00+00:00,DOT/USDT,4h,18.507,19.04,18.396,18.729,1225398.394409
1643140800000,2022-01-25T20:00:00+00:00,DOT/USDT,4h,18.723,18.753,18.213,18.303,758354.904236
1643155200000,2022-01-26T00:00:00+00:00,DOT/USDT,4h,18.31,18.836,18.166,18.798,706309.834153
1643169600000,2022-01-26T04:00:00+00:00,DOT/USDT,4h,18.799,19.014,18.429,18.631,627445.60209
1643184000000,2022-01-26T08:00:00+00:00,DOT/USDT,4h,18.639,19.002,18.637,18.969,802466.255668
1643198400000,2022-01-26T12:00:00+00:00,DOT/USDT,4h,18.968,19.481,18.593,19.179,1269901.432537
1643212800000,2022-01-26T16:00:00+00:00,DOT/USDT,4h,19.179,20.066,18.388,18.927,2892681.501647
1643227200000,2022-01-26T20:00:00+00:00,DOT/USDT,4h,18.928,18.929,17.521,18.077,1691772.331578
1643241600000,2022-01-27T00:00:00+00:00,DOT/USDT,4h,18.073,18.2,17.134,17.356,1255136.087447
1643256000000,2022-01-27T04:00:00+00:00,DOT/USDT,4h,17.358,17.69,17.308,17.564,763808.531526
1643270400000,2022-01-27T08:00:00+00:00,DOT/USDT,4h,17.564,18.023,17.406,17.967,796927.874126
1643284800000,2022-01-27T12:00:00+00:00,DOT/USDT,4h,17.964,18.416,17.812,18.108,1050249.613485
1643299200000,2022-01-27T16:00:00+00:00,DOT/USDT,4h,18.108,18.285,17.709,17.902,908040.991565
1643313600000,2022-01-27T20:00:00+00:00,DOT/USDT,4h,17.907,18.194,17.268,18.116,1198017.149833
1643328000000,2022-01-28T00:00:00+00:00,DOT/USDT,4h,18.114,18.492,17.72,18.343,813422.308899
1643342400000,2022-01-28T04:00:00+00:00,DOT/USDT,4h,18.351,18.469,17.865,17.904,629765.563056
1643356800000,2022-01-28T08:00:00+00:00,DOT/USDT,4h,17.903,18.064,17.5,17.65,856371.509327
1643371200000,2022-01-28T12:00:00+00:00,DOT/USDT,4h,17.656,17.999,17.35,17.938,1133547.933311
1643385600000,2022-01-28T16:00:00+00:00,DOT/USDT,4h,17.939,18.297,17.726,17.959,873377.133425
1643400000000,2022-01-28T20:00:00+00:00,DOT/USDT,4h,17.959,18.442,17.858,18.34,671754.574731
1643414400000,2022-01-29T00:00:00+00:00,DOT/USDT,4h,18.34,18.513,18.079,18.43,428965.642466
1643428800000,2022-01-29T04:00:00+00:00,DOT/USDT,4h,18.43,18.797,18.367,18.736,370001.50179
1643443200000,2022-01-29T08:00:00+00:00,DOT/USDT,4h,18.739,18.786,18.501,18.567,262653.187183
1643457600000,2022-01-29T12:00:00+00:00,DOT/USDT,4h,18.565,18.916,18.26,18.419,614680.953375
1643472000000,2022-01-29T16:00:00+00:00,DOT/USDT,4h,18.417,18.745,18.254,18.627,482018.22047
1643486400000,2022-01-29T20:00:00+00:00,DOT/USDT,4h,18.626,19.067,18.553,18.742,681184.204084
1643500800000,2022-01-30T00:00:00+00:00,DOT/USDT,4h,18.741,18.744,18.395,18.555,375426.329951
1643515200000,2022-01-30T04:00:00+00:00,DOT/USDT,4h,18.558,19.0,18.509,18.872,514555.762595
1643529600000,2022-01-30T08:00:00+00:00,DOT/USDT,4h,18.871,18.984,18.7,18.855,446191.644122
1643544000000,2022-01-30T12:00:00+00:00,DOT/USDT,4h,18.854,18.93,18.348,18.509,433264.165456
1643558400000,2022-01-30T16:00:00+00:00,DOT/USDT,4h,18.518,18.629,17.863,17.947,546046.724742
1643572800000,2022-01-30T20:00:00+00:00,DOT/USDT,4h,17.941,18.367,17.8,18.151,605666.409548
1643587200000,2022-01-31T00:00:00+00:00,DOT/USDT,4h,18.145,18.197,17.367,17.535,812545.2626
1643601600000,2022-01-31T04:00:00+00:00,DOT/USDT,4h,17.527,17.541,17.124,17.513,524309.641374
1643616000000,2022-01-31T08:00:00+00:00,DOT/USDT,4h,17.516,17.823,17.476,17.69,418071.585865
1643630400000,2022-01-31T12:00:00+00:00,DOT/USDT,4h,17.69,18.71,17.459,18.666,907812.910382
1643644800000,2022-01-31T16:00:00+00:00,DOT/USDT,4h,18.67,19.196,18.436,19.11,1418022.633732
1643659200000,2022-01-31T20:00:00+00:00,DOT/USDT,4h,19.113,19.6,19.042,19.377,892705.240091
1643673600000,2022-02-01T00:00:00+00:00,DOT/USDT,4h,19.378,19.87,19.167,19.767,571965.586681
1643688000000,2022-02-01T04:00:00+00:00,DOT/USDT,4h,19.765,19.773,19.249,19.42,436257.226538
1643702400000,2022-02-01T08:00:00+00:00,DOT/USDT,4h,19.428,19.787,19.145,19.597,861433.515561
1643716800000,2022-02-01T12:00:00+00:00,DOT/USDT,4h,19.591,19.91,19.28,19.673,970162.276883
1643731200000,2022-02-01T16:00:00+00:00,DOT/USDT,4h,19.675,20.005,19.551,19.629,854018.784765
1643745600000,2022-02-01T20:00:00+00:00,DOT/USDT,4h,19.626,19.879,19.548,19.57,523357.857028
1643760000000,2022-02-02T00:00:00+00:00,DOT/USDT,4h,19.568,20.58,19.452,20.324,779383.341148
1643774400000,2022-02-02T04:00:00+00:00,DOT/USDT,4h,20.314,20.352,19.969,20.043,508214.432253
1643788800000,2022-02-02T08:00:00+00:00,DOT/USDT,4h,20.049,20.46,19.93,20.396,452847.274126
1643803200000,2022-02-02T12:00:00+00:00,DOT/USDT,4h,20.397,20.56,19.168,19.224,1179678.218683
1643817600000,2022-02-02T16:00:00+00:00,DOT/USDT,4h,19.221,19.607,18.824,19.499,894525.996458
1643832000000,2022-02-02T20:00:00+00:00,DOT/USDT,4h,19.495,19.524,18.527,18.763,1133852.77645
1643846400000,2022-02-03T00:00:00+00:00,DOT/USDT,4h,18.763,18.887,18.277,18.349,805058.348837
1643860800000,2022-02-03T04:00:00+00:00,DOT/USDT,4h,18.348,18.597,18.298,18.553,321308.339664
1643875200000,2022-02-03T08:00:00+00:00,DOT/USDT,4h,18.548,18.712,18.035,18.34,726342.002894
1643889600000,2022-02-03T12:00:00+00:00,DOT/USDT,4h,18.343,18.689,17.975,18.59,899640.278507
1643904000000,2022-02-03T16:00:00+00:00,DOT/USDT,4h,18.59,18.738,18.219,18.313,644998.442034
1643918400000,2022-02-03T20:00:00+00:00,DOT/USDT,4h,18.315,18.957,18.169,18.919,706073.20286
1643932800000,2022-02-04T00:00:00+00:00,DOT/USDT,4h,18.915,18.961,18.745,18.82,411082.329429
1643947200000,2022-02-04T04:00:00+00:00,DOT/USDT,4h,18.821,19.401,18.72,19.201,619523.474026
1643961600000,2022-02-04T08:00:00+00:00,DOT/USDT,4h,19.208,19.56,19.201,19.303,563517.284589
1643976000000,2022-02-04T12:00:00+00:00,DOT/USDT,4h,19.302,19.895,18.905,19.687,1443836.175177
1643990400000,2022-02-04T16:00:00+00:00,DOT/USDT,4h,19.686,20.355,19.666,20.246,1083737.488249
1644004800000,2022-02-04T20:00:00+00:00,DOT/USDT,4h,20.248,20.541,20.017,20.487,566941.266292
1644019200000,2022-02-05T00:00:00+00:00,DOT/USDT,4h,20.493,22.118,20.315,21.764,1072235.466244
1644033600000,2022-02-05T04:00:00+00:00,DOT/USDT,4h,21.764,22.285,21.674,21.699,1073503.91378
1644048000000,2022-02-05T08:00:00+00:00,DOT/USDT,4h,21.694,22.0,21.518,21.633,555309.437974
1644062400000,2022-02-05T12:00:00+00:00,DOT/USDT,4h,21.634,21.95,21.463,21.821,665081.84391
1644076800000,2022-02-05T16:00:00+00:00,DOT/USDT,4h,21.82,21.875,20.868,21.194,823560.86839
1644091200000,2022-02-05T20:00:00+00:00,DOT/USDT,4h,21.192,21.512,21.077,21.331,366853.625886
1644105600000,2022-02-06T00:00:00+00:00,DOT/USDT,4h,21.329,21.901,21.318,21.48,430977.508739
1644120000000,2022-02-06T04:00:00+00:00,DOT/USDT,4h,21.479,21.582,21.05,21.406,469560.99551
1644134400000,2022-02-06T08:00:00+00:00,DOT/USDT,4h,21.397,21.527,21.214,21.318,331536.781659
1644148800000,2022-02-06T12:00:00+00:00,DOT/USDT,4h,21.32,21.967,20.783,21.108,902652.320053
1644163200000,2022-02-06T16:00:00+00:00,DOT/USDT,4h,21.112,21.382,21.0,21.304,541849.237517
1644177600000,2022-02-06T20:00:00+00:00,DOT/USDT,4h,21.303,21.932,21.088,21.902,582642.236274
1644192000000,2022-02-07T00:00:00+00:00,DOT/USDT,4h,21.911,22.28,21.391,22.198,815164.427123
1644206400000,2022-02-07T04:00:00+00:00,DOT/USDT,4h,22.197,22.471,22.072,22.216,671285.610068
1644220800000,2022-02-07T08:00:00+00:00,DOT/USDT,4h,22.222,22.526,21.814,22.415,672827.620612
1644235200000,2022-02-07T12:00:00+00:00,DOT/USDT,4h,22.411,22.608,21.627,22.579,1213737.02195
1644249600000,2022-02-07T16:00:00+00:00,DOT/USDT,4h,22.576,22.7,22.207,22.416,903295.451523
1644264000000,2022-02-07T20:00:00+00:00,DOT/USDT,4h,22.42,22.6,22.212,22.365,523761.62321
1644278400000,2022-02-08T00:00:00+00:00,DOT/USDT,4h,22.362,22.91,21.884,22.648,915196.740995
1644292800000,2022-02-08T04:00:00+00:00,DOT/USDT,4h,22.647,23.2,22.5,22.5,1175876.368481
1644307200000,2022-02-08T08:00:00+00:00,DOT/USDT,4h,22.501,22.57,21.327,21.736,1366856.955582
1644321600000,2022-02-08T12:00:00+00:00,DOT/USDT,4h,21.735,21.735,21.087,21.423,1307759.219278
1644336000000,2022-02-08T16:00:00+00:00,DOT/USDT,4h,21.423,21.544,21.063,21.228,1008519.937896
1644350400000,2022-02-08T20:00:00+00:00,DOT/USDT,4h,21.229,21.77,21.18,21.669,905784.798134
1644364800000,2022-02-09T00:00:00+00:00,DOT/USDT,4h,21.668,21.865,21.197,21.298,484578.651495
1644379200000,2022-02-09T04:00:00+00:00,DOT/USDT,4h,21.298,21.633,21.051,21.557,404453.117236
1644393600000,2022-02-09T08:00:00+00:00,DOT/USDT,4h,21.562,21.81,21.334,21.777,501798.891088
1644408000000,2022-02-09T12:00:00+00:00,DOT/USDT,4h,21.777,22.197,21.709,21.934,763396.268509
1644422400000,2022-02-09T16:00:00+00:00,DOT/USDT,4h,21.932,22.178,21.789,22.113,541094.802533
1644436800000,2022-02-09T20:00:00+00:00,DOT/USDT,4h,22.108,22.245,21.861,21.942,416609.357471
1644451200000,2022-02-10T00:00:00+00:00,DOT/USDT,4h,21.937,22.02,21.446,21.51,462174.517268
1644465600000,2022-02-10T04:00:00+00:00,DOT/USDT,4h,21.51,21.792,21.468,21.792,276986.349488
1644480000000,2022-02-10T08:00:00+00:00,DOT/USDT,4h,21.794,22.459,21.683,22.249,684534.050001
1644494400000,2022-02-10T12:00:00+00:00,DOT/USDT,4h,22.244,22.327,20.55,21.724,2432743.028035
1644508800000,2022-02-10T16:00:00+00:00,DOT/USDT,4h,21.727,22.007,20.867,20.892,1147922.802453
1644523200000,2022-02-10T20:00:00+00:00,DOT/USDT,4h,20.898,21.054,20.49,20.503,704295.68321
1644537600000,2022-02-11T00:00:00+00:00,DOT/USDT,4h,20.509,20.698,20.032,20.441,777984.950488
1644552000000,2022-02-11T04:00:00+00:00,DOT/USDT,4h,20.439,20.55,20.167,20.521,455210.048989
1644566400000,2022-02-11T08:00:00+00:00,DOT/USDT,4h,20.521,20.691,20.266,20.447,514273.91569
1644580800000,2022-02-11T12:00:00+00:00,DOT/USDT,4h,20.449,20.723,20.334,20.526,770949.447742
1644595200000,2022-02-11T16:00:00+00:00,DOT/USDT,4h,20.521,20.563,19.3,19.541,1248933.37468
1644609600000,2022-02-11T20:00:00+00:00,DOT/USDT,4h,19.534,19.601,18.582,18.974,1017498.001917
1644624000000,2022-02-12T00:00:00+00:00,DOT/USDT,4h,18.976,19.147,18.631,18.751,448452.87017
1644638400000,2022-02-12T04:00:00+00:00,DOT/USDT,4h,18.753,18.979,18.251,18.695,610584.968441
1644652800000,2022-02-12T08:00:00+00:00,DOT/USDT,4h,18.699,18.991,18.462,18.921,655618.698275
1644667200000,2022-02-12T12:00:00+00:00,DOT/USDT,4h,18.915,18.935,18.41,18.772,567761.911564
1644681600000,2022-02-12T16:00:00+00:00,DOT/USDT,4h,18.768,19.421,18.656,18.989,797412.766545
1644696000000,2022-02-12T20:00:00+00:00,DOT/USDT,4h,18.994,19.135,18.49,18.825,620958.131616
1644710400000,2022-02-13T00:00:00+00:00,DOT/USDT,4h,18.83,19.176,18.686,19.129,398546.422622
1644724800000,2022-02-13T04:00:00+00:00,DOT/USDT,4h,19.127,19.284,18.953,19.086,271840.385478
1644739200000,2022-02-13T08:00:00+00:00,DOT/USDT,4h,19.09,19.184,18.819,19.043,298712.165047
1644753600000,2022-02-13T12:00:00+00:00,DOT/USDT,4h,19.044,19.156,18.7,19.017,363920.509345
1644768000000,2022-02-13T16:00:00+00:00,DOT/USDT,4h,19.022,19.04,18.391,18.518,574934.650869
1644782400000,2022-02-13T20:00:00+00:00,DOT/USDT,4h,18.524,18.919,18.453,18.735,413565.307797
1644796800000,2022-02-14T00:00:00+00:00,DOT/USDT,4h,18.743,18.896,18.024,18.277,644759.217264
1644811200000,2022-02-14T04:00:00+00:00,DOT/USDT,4h,18.275,18.424,18.038,18.424,455004.688686
1644825600000,2022-02-14T08:00:00+00:00,DOT/USDT,4h,18.424,18.499,18.16,18.313,489912.817337
1644840000000,2022-02-14T12:00:00+00:00,DOT/USDT,4h,18.316,18.934,18.111,18.684,793297.720475
1644854400000,2022-02-14T16:00:00+00:00,DOT/USDT,4h,18.689,18.912,18.327,18.435,784654.678462
1644868800000,2022-02-14T20:00:00+00:00,DOT/USDT,4h,18.438,18.82,18.343,18.699,404853.487811
1644883200000,2022-02-15T00:00:00+00:00,DOT/USDT,4h,18.693,19.342,18.637,19.194,571809.432155
1644897600000,2022-02-15T04:00:00+00:00,DOT/USDT,4h,19.197,19.406,19.113,19.373,402088.221422
1644912000000,2022-02-15T08:00:00+00:00,DOT/USDT,4h,19.374,19.874,19.373,19.703,712854.010247
1644926400000,2022-02-15T12:00:00+00:00,DOT/USDT,4h,19.706,20.151,19.648,19.994,562584.990362
1644940800000,2022-02-15T16:00:00+00:00,DOT/USDT,4h,19.996,20.018,19.585,19.776,407647.77618
1644955200000,2022-02-15T20:00:00+00:00,DOT/USDT,4h,19.772,20.336,19.744,20.176,339560.208881
1644969600000,2022-02-16T00:00:00+00:00,DOT/USDT,4h,20.177,20.177,19.754,19.812,294532.324294
1644984000000,2022-02-16T04:00:00+00:00,DOT/USDT,4h,19.808,19.93,19.414,19.905,284744.962592
1644998400000,2022-02-16T08:00:00+00:00,DOT/USDT,4h,19.909,19.988,19.577,19.756,253015.42837
1645012800000,2022-02-16T12:00:00+00:00,DOT/USDT,4h,19.757,19.813,19.06,19.254,638247.467027
1645027200000,2022-02-16T16:00:00+00:00,DOT/USDT,4h,19.257,20.119,19.099,20.09,546810.989413
1645041600000,2022-02-16T20:00:00+00:00,DOT/USDT,4h,20.094,20.191,19.709,19.768,475376.026758
1645056000000,2022-02-17T00:00:00+00:00,DOT/USDT,4h,19.767,20.007,19.365,19.372,281320.629509
1645070400000,2022-02-17T04:00:00+00:00,DOT/USDT,4h,19.371,19.58,19.132,19.528,315987.143745
1645084800000,2022-02-17T08:00:00+00:00,DOT/USDT,4h,19.526,19.599,18.982,19.112,662946.805279
1645099200000,2022-02-17T12:00:00+00:00,DOT/USDT,4h,19.114,19.22,18.432,18.609,874471.767633
1645113600000,2022-02-17T16:00:00+00:00,DOT/USDT,4h,18.612,18.747,17.907,18.302,1008911.463573
1645128000000,2022-02-17T20:00:00+00:00,DOT/USDT,4h,18.297,18.297,17.802,18.159,583252.891743
1645142400000,2022-02-18T00:00:00+00:00,DOT/USDT,4h,18.163,18.398,17.964,18.386,544733.329709
1645156800000,2022-02-18T04:00:00+00:00,DOT/USDT,4h,18.386,18.542,18.25,18.399,347778.875866
1645171200000,2022-02-18T08:00:00+00:00,DOT/USDT,4h,18.407,18.61,18.047,18.138,467227.542044
1645185600000,2022-02-18T12:00:00+00:00,DOT/USDT,4h,18.146,18.381,17.61,17.866,985373.43135
1645200000000,2022-02-18T16:00:00+00:00,DOT/USDT,4h,17.865,18.14,17.617,17.984,724515.900907
1645214400000,2022-02-18T20:00:00+00:00,DOT/USDT,4h,17.986,18.031,17.637,17.818,350770.387864
1645228800000,2022-02-19T00:00:00+00:00,DOT/USDT,4h,17.814,18.132,17.743,17.99,178895.138044
1645243200000,2022-02-19T04:00:00+00:00,DOT/USDT,4h,17.993,18.225,17.956,18.077,226133.244026
1645257600000,2022-02-19T08:00:00+00:00,DOT/USDT,4h,18.081,18.11,17.358,17.535,393815.607213
1645272000000,2022-02-19T12:00:00+00:00,DOT/USDT,4h,17.535,17.81,17.339,17.775,381480.190564
1645286400000,2022-02-19T16:00:00+00:00,DOT/USDT,4h,17.775,18.003,17.583,17.614,362102.968369
1645300800000,2022-02-19T20:00:00+00:00,DOT/USDT,4h,17.611,17.915,17.522,17.844,196792.838487
1645315200000,2022-02-20T00:00:00+00:00,DOT/USDT,4h,17.845,17.864,17.383,17.439,242171.245783
1645329600000,2022-02-20T04:00:00+00:00,DOT/USDT,4h,17.441,17.469,16.666,16.992,795750.084646
1645344000000,2022-02-20T08:00:00+00:00,DOT/USDT,4h,16.994,17.179,16.714,17.158,773980.753609
1645358400000,2022-02-20T12:00:00+00:00,DOT/USDT,4h,17.161,17.364,16.688,16.978,688724.178877
1645372800000,2022-02-20T16:00:00+00:00,DOT/USDT,4h,16.976,17.105,16.723,17.029,383067.550461
1645387200000,2022-02-20T20:00:00+00:00,DOT/USDT,4h,17.029,17.279,16.715,16.911,405938.911217
1645401600000,2022-02-21T00:00:00+00:00,DOT/USDT,4h,16.906,17.536,16.811,17.293,488799.722266
1645416000000,2022-02-21T04:00:00+00:00,DOT/USDT,4h,17.295,17.665,17.295,17.65,355600.926891
1645430400000,2022-02-21T08:00:00+00:00,DOT/USDT,4h,17.646,17.734,16.479,16.667,701551.129725
1645444800000,2022-02-21T12:00:00+00:00,DOT/USDT,4h,16.667,17.551,16.31,17.126,1539674.410898
1645459200000,2022-02-21T16:00:00+00:00,DOT/USDT,4h,17.126,17.298,16.38,16.67,1199265.057536
1645473600000,2022-02-21T20:00:00+00:00,DOT/USDT,4h,16.675,16.781,16.027,16.185,1425732.024526
1645488000000,2022-02-22T00:00:00+00:00,DOT/USDT,4h,16.182,16.464,15.8,15.901,1239249.735754
1645502400000,2022-02-22T04:00:00+00:00,DOT/USDT,4h,15.908,16.218,15.834,15.914,759272.333976
1645516800000,2022-02-22T08:00:00+00:00,DOT/USDT,4h,15.92,16.494,15.901,16.339,788536.086144
1645531200000,2022-02-22T12:00:00+00:00,DOT/USDT,4h,16.339,16.722,16.165,16.538,918717.789072
1645545600000,2022-02-22T16:00:00+00:00,DOT/USDT,4h,16.538,16.613,16.041,16.366,728807.127834
1645560000000,2022-02-22T20:00:00+00:00,DOT/USDT,4h,16.367,16.653,16.147,16.602,545010.155144
1645574400000,2022-02-23T00:00:00+00:00,DOT/USDT,4h,16.605,16.711,16.094,16.217,650071.276419
1645588800000,2022-02-23T04:00:00+00:00,DOT/USDT,4h,16.218,16.962,16.181,16.936,843429.002556
1645603200000,2022-02-23T08:00:00+00:00,DOT/USDT,4h,16.937,17.392,16.869,17.231,990825.195357
1645617600000,2022-02-23T12:00:00+00:00,DOT/USDT,4h,17.234,17.513,16.932,16.966,897675.132173
1645632000000,2022-02-23T16:00:00+00:00,DOT/USDT,4h,16.973,17.378,16.269,16.286,1002575.171459
1645646400000,2022-02-23T20:00:00+00:00,DOT/USDT,4h,16.285,16.325,15.919,15.973,830990.185053
1645660800000,2022-02-24T00:00:00+00:00,DOT/USDT,4h,15.974,16.175,14.666,14.824,1968808.416666
1645675200000,2022-02-24T04:00:00+00:00,DOT/USDT,4h,14.823,15.046,14.109,14.519,2663126.29654
1645689600000,2022-02-24T08:00:00+00:00,DOT/USDT,4h,14.511,14.81,14.041,14.393,1782018.782026
1645704000000,2022-02-24T12:00:00+00:00,DOT/USDT,4h,14.399,15.538,14.247,15.391,2200555.546435
1645718400000,2022-02-24T16:00:00+00:00,DOT/USDT,4h,15.391,16.112,15.121,16.068,1478304.585816
1645732800000,2022-02-24T20:00:00+00:00,DOT/USDT,4h,16.063,16.754,15.684,16.165,1565425.585765
1645747200000,2022-02-25T00:00:00+00:00,DOT/USDT,4h,16.165,16.348,15.868,16.217,902301.997025
1645761600000,2022-02-25T04:00:00+00:00,DOT/USDT,4h,16.214,16.255,15.843,16.117,667299.841852
1645776000000,2022-02-25T08:00:00+00:00,DOT/USDT,4h,16.114,16.184,15.792,16.114,859380.605494
1645790400000,2022-02-25T12:00:00+00:00,DOT/USDT,4h,16.117,16.734,16.105,16.545,1440633.426833
1645804800000,2022-02-25T16:00:00+00:00,DOT/USDT,4h,16.546,16.641,16.168,16.39,682947.134251
1645819200000,2022-02-25T20:00:00+00:00,DOT/USDT,4h,16.378,17.523,16.302,17.257,940254.349143
1645833600000,2022-02-26T00:00:00+00:00,DOT/USDT,4h,17.258,18.2,17.17,17.901,1353853.829613
1645848000000,2022-02-26T04:00:00+00:00,DOT/USDT,4h,17.901,18.249,17.628,18.029,779542.795759
1645862400000,2022-02-26T08:00:00+00:00,DOT/USDT,4h,18.027,18.779,17.569,18.401,1129054.433358
1645876800000,2022-02-26T12:00:00+00:00,DOT/USDT,4h,18.403,18.457,18.072,18.139,660517.270097
1645891200000,2022-02-26T16:00:00+00:00,DOT/USDT,4h,18.148,18.577,17.777,18.465,626840.290335
1645905600000,2022-02-26T20:00:00+00:00,DOT/USDT,4h,18.466,18.695,17.822,18.03,732132.727262
1645920000000,2022-02-27T00:00:00+00:00,DOT/USDT,4h,18.028,18.088,17.392,17.651,719602.553366
1645934400000,2022-02-27T04:00:00+00:00,DOT/USDT,4h,17.646,17.998,17.516,17.837,356090.934142
1645948800000,2022-02-27T08:00:00+00:00,DOT/USDT,4h,17.828,18.601,17.623,18.506,836611.957224
1645963200000,2022-02-27T12:00:00+00:00,DOT/USDT,4h,18.504,18.72,17.671,18.564,1280796.300278
1645977600000,2022-02-27T16:00:00+00:00,DOT/USDT,4h,18.56,18.565,17.3,17.385,947566.632708
1645992000000,2022-02-27T20:00:00+00:00,DOT/USDT,4h,17.379,17.703,17.073,17.503,1134487.517694
1646006400000,2022-02-28T00:00:00+00:00,DOT/USDT,4h,17.498,17.67,17.148,17.364,597502.215467
1646020800000,2022-02-28T04:00:00+00:00,DOT/USDT,4h,17.365,17.535,16.628,17.092,905960.882284
1646035200000,2022-02-28T08:00:00+00:00,DOT/USDT,4h,17.09,17.276,16.821,16.987,668647.578941
1646049600000,2022-02-28T12:00:00+00:00,DOT/USDT,4h,16.988,17.951,16.749,17.921,1770039.106364
1646064000000,2022-02-28T16:00:00+00:00,DOT/USDT,4h,17.925,18.094,17.524,17.735,1287235.64972
1646078400000,2022-02-28T20:00:00+00:00,DOT/USDT,4h,17.734,19.108,17.728,18.938,1736912.769064
1646092800000,2022-03-01T00:00:00+00:00,DOT/USDT,4h,18.939,19.307,18.567,18.665,1120215.633185
1646107200000,2022-03-01T04:00:00+00:00,DOT/USDT,4h,18.663,18.888,18.331,18.829,654780.30317
1646121600000,2022-03-01T08:00:00+00:00,DOT/USDT,4h,18.83,19.008,18.371,18.837,941361.98895
1646136000000,2022-03-01T12:00:00+00:00,DOT/USDT,4h,18.839,19.561,18.584,18.834,1837647.717469
1646150400000,2022-03-01T16:00:00+00:00,DOT/USDT,4h,18.836,19.031,18.478,18.688,744102.539079
1646164800000,2022-03-01T20:00:00+00:00,DOT/USDT,4h,18.687,19.002,18.662,18.895,558474.431912
1646179200000,2022-03-02T00:00:00+00:00,DOT/USDT,4h,18.895,19.21,18.391,19.097,979714.457607
1646193600000,2022-03-02T04:00:00+00:00,DOT/USDT,4h,19.096,19.258,18.568,18.74,835126.244527
1646208000000,2022-03-02T08:00:00+00:00,DOT/USDT,4h,18.745,19.069,18.564,18.951,754830.814749
1646222400000,2022-03-02T12:00:00+00:00,DOT/USDT,4h,18.948,19.171,18.356,18.657,1689074.35511
1646236800000,2022-03-02T16:00:00+00:00,DOT/USDT,4h,18.657,18.765,18.365,18.545,667924.858845
1646251200000,2022-03-02T20:00:00+00:00,DOT/USDT,4h,18.544,18.834,18.454,18.606,531139.036026
1646265600000,2022-03-03T00:00:00+00:00,DOT/USDT,4h,18.609,18.663,18.038,18.18,893705.355427
1646280000000,2022-03-03T04:00:00+00:00,DOT/USDT,4h,18.181,18.44,18.042,18.332,554783.989728
1646294400000,2022-03-03T08:00:00+00:00,DOT/USDT,4h,18.331,18.42,18.099,18.323,539753.09024
1646308800000,2022-03-03T12:00:00+00:00,DOT/USDT,4h,18.325,18.633,18.015,18.116,1010753.887399
1646323200000,2022-03-03T16:00:00+00:00,DOT/USDT,4h,18.124,18.231,17.78,18.064,927596.13321
1646337600000,2022-03-03T20:00:00+00:00,DOT/USDT,4h,18.053,18.113,17.772,18.024,536466.638465
1646352000000,2022-03-04T00:00:00+00:00,DOT/USDT,4h,18.023,18.061,17.113,17.34,933463.092796
1646366400000,2022-03-04T04:00:00+00:00,DOT/USDT,4h,17.334,17.388,17.14,17.269,472913.508367
1646380800000,2022-03-04T08:00:00+00:00,DOT/USDT,4h,17.272,17.548,16.976,17.432,630458.977348
1646395200000,2022-03-04T12:00:00+00:00,DOT/USDT,4h,17.436,17.549,16.963,17.026,986744.138667
1646409600000,2022-03-04T16:00:00+00:00,DOT/USDT,4h,17.021,17.257,16.721,16.781,534765.929532
1646424000000,2022-03-04T20:00:00+00:00,DOT/USDT,4h,16.787,16.85,16.5,16.778,595413.150004
1646438400000,2022-03-05T00:00:00+00:00,DOT/USDT,4h,16.782,16.8,16.189,16.583,602941.114955
1646452800000,2022-03-05T04:00:00+00:00,DOT/USDT,4h,16.583,16.892,16.466,16.82,349822.71563
1646467200000,2022-03-05T08:00:00+00:00,DOT/USDT,4h,16.824,17.248,16.706,17.021,364156.897694
1646481600000,2022-03-05T12:00:00+00:00,DOT/USDT,4h,17.021,17.462,16.843,17.316,549180.712684
1646496000000,2022-03-05T16:00:00+00:00,DOT/USDT,4h,17.317,17.799,17.194,17.423,552699.918135
1646510400000,2022-03-05T20:00:00+00:00,DOT/USDT,4h,17.418,17.477,17.247,17.314,255529.042197
1646524800000,2022-03-06T00:00:00+00:00,DOT/USDT,4h,17.315,17.454,16.878,16.956,291991.304518
1646539200000,2022-03-06T04:00:00+00:00,DOT/USDT,4h,16.955,17.171,16.672,17.051,368482.225083
1646553600000,2022-03-06T08:00:00+00:00,DOT/USDT,4h,17.053,17.053,16.521,16.724,569770.601994
1646568000000,2022-03-06T12:00:00+00:00,DOT/USDT,4h,16.727,16.986,16.682,16.962,373946.336686
1646582400000,2022-03-06T16:00:00+00:00,DOT/USDT,4h,16.962,17.354,16.867,17.178,601928.830355
1646596800000,2022-03-06T20:00:00+00:00,DOT/USDT,4h,17.179,17.586,16.904,16.984,688968.139765
1646611200000,2022-03-07T00:00:00+00:00,DOT/USDT,4h,16.987,16.999,16.263,16.401,845438.332905
1646625600000,2022-03-07T04:00:00+00:00,DOT/USDT,4h,16.405,16.644,16.324,16.405,390117.028954
1646640000000,2022-03-07T08:00:00+00:00,DOT/USDT,4h,16.407,16.542,16.166,16.519,445219.863325
1646654400000,2022-03-07T12:00:00+00:00,DOT/USDT,4h,16.519,17.136,16.514,16.898,751352.065989
1646668800000,2022-03-07T16:00:00+00:00,DOT/USDT,4h,16.898,17.077,16.03,16.12,1033261.845937
1646683200000,2022-03-07T20:00:00+00:00,DOT/USDT,4h,16.126,16.575,16.0,16.4,802579.31971
1646697600000,2022-03-08T00:00:00+00:00,DOT/USDT,4h,16.403,16.737,16.31,16.697,637873.123289
1646712000000,2022-03-08T04:00:00+00:00,DOT/USDT,4h,16.695,16.838,16.354,16.635,556071.728093
1646726400000,2022-03-08T08:00:00+00:00,DOT/USDT,4h,16.633,16.942,16.605,16.892,478065.2318
1646740800000,2022-03-08T12:00:00+00:00,DOT/USDT,4h,16.905,16.999,16.637,16.826,861119.079355
1646755200000,2022-03-08T16:00:00+00:00,DOT/USDT,4h,16.827,17.262,16.652,17.136,911239.845754
1646769600000,2022-03-08T20:00:00+00:00,DOT/USDT,4h,17.132,17.168,16.768,16.963,398229.412803
1646784000000,2022-03-09T00:00:00+00:00,DOT/USDT,4h,16.968,17.799,16.882,17.739,779341.71135
1646798400000,2022-03-09T04:00:00+00:00,DOT/USDT,4h,17.738,17.885,17.565,17.832,573171.857031
1646812800000,2022-03-09T08:00:00+00:00,DOT/USDT,4h,17.839,17.985,17.675,17.812,574296.842694
1646827200000,2022-03-09T12:00:00+00:00,DOT/USDT,4h,17.81,17.974,17.654,17.966,593808.828971
1646841600000,2022-03-09T16:00:00+00:00,DOT/USDT,4h,17.968,18.083,17.544,17.76,542886.30818
1646856000000,2022-03-09T20:00:00+00:00,DOT/USDT,4h,17.753,17.986,17.567,17.86,332646.491765
1646870400000,2022-03-10T00:00:00+00:00,DOT/USDT,4h,17.858,17.933,17.355,17.357,499239.038071
1646884800000,2022-03-10T04:00:00+00:00,DOT/USDT,4h,17.357,17.413,16.667,16.973,756241.159682
1646899200000,2022-03-10T08:00:00+00:00,DOT/USDT,4h,16.972,17.1,16.827,16.931,400996.890701
1646913600000,2022-03-10T12:00:00+00:00,DOT/USDT,4h,16.929,17.258,16.677,16.923,740107.354545
1646928000000,2022-03-10T16:00:00+00:00,DOT/USDT,4h,16.919,17.168,16.887,17.114,435615.78158
1646942400000,2022-03-10T20:00:00+00:00,DOT/USDT,4h,17.111,17.147,16.849,16.962,206709.742741
1646956800000,2022-03-11T00:00:00+00:00,DOT/USDT,4h,16.966,17.08,16.68,17.043,504596.564891
1646971200000,2022-03-11T04:00:00+00:00,DOT/USDT,4h,17.043,17.864,16.94,17.738,891308.355556
1646985600000,2022-03-11T08:00:00+00:00,DOT/USDT,4h,17.74,18.255,17.582,18.233,1191770.160586
1647000000000,2022-03-11T12:00:00+00:00,DOT/USDT,4h,18.231,18.489,17.743,17.896,1105599.098979
1647014400000,2022-03-11T16:00:00+00:00,DOT/USDT,4h,17.904,18.392,17.449,17.979,1039212.507385
1647028800000,2022-03-11T20:00:00+00:00,DOT/USDT,4h,17.979,18.034,17.672,17.692,538853.29638
1647043200000,2022-03-12T00:00:00+00:00,DOT/USDT,4h,17.694,18.44,17.674,18.121,695150.777651
1647057600000,2022-03-12T04:00:00+00:00,DOT/USDT,4h,18.12,18.679,18.02,18.293,595826.012544
1647072000000,2022-03-12T08:00:00+00:00,DOT/USDT,4h,18.292,18.421,18.072,18.192,456990.215134
1647086400000,2022-03-12T12:00:00+00:00,DOT/USDT,4h,18.195,18.413,17.936,18.285,488942.300739
1647100800000,2022-03-12T16:00:00+00:00,DOT/USDT,4h,18.29,18.739,18.215,18.44,621692.664347
1647115200000,2022-03-12T20:00:00+00:00,DOT/USDT,4h,18.436,18.508,18.086,18.137,438954.316859
1647129600000,2022-03-13T00:00:00+00:00,DOT/USDT,4h,18.137,18.397,18.018,18.21,528754.132459
1647144000000,2022-03-13T04:00:00+00:00,DOT/USDT,4h,18.21,18.271,18.02,18.137,238053.108483
1647158400000,2022-03-13T08:00:00+00:00,DOT/USDT,4h,18.135,18.16,17.816,17.876,297032.816007
1647172800000,2022-03-13T12:00:00+00:00,DOT/USDT,4h,17.876,17.967,17.586,17.758,462966.756243
1647187200000,2022-03-13T16:00:00+00:00,DOT/USDT,4h,17.757,18.054,17.714,17.863,341738.409362
1647201600000,2022-03-13T20:00:00+00:00,DOT/USDT,4h,17.847,17.938,17.128,17.224,639488.887233
1647216000000,2022-03-14T00:00:00+00:00,DOT/USDT,4h,17.217,17.375,17.012,17.34,532208.522476
1647230400000,2022-03-14T04:00:00+00:00,DOT/USDT,4h,17.343,17.734,17.339,17.703,497733.62397
1647244800000,2022-03-14T08:00:00+00:00,DOT/USDT,4h,17.705,17.857,17.551,17.556,311154.815477
1647259200000,2022-03-14T12:00:00+00:00,DOT/USDT,4h,17.55,17.662,17.384,17.541,399300.411353
1647273600000,2022-03-14T16:00:00+00:00,DOT/USDT,4h,17.538,17.627,17.162,17.321,390749.12196
1647288000000,2022-03-14T20:00:00+00:00,DOT/USDT,4h,17.328,17.805,17.232,17.694,381047.348098
1647302400000,2022-03-15T00:00:00+00:00,DOT/USDT,4h,17.695,17.795,17.377,17.421,455436.456683
1647316800000,2022-03-15T04:00:00+00:00,DOT/USDT,4h,17.418,17.45,17.061,17.195,423872.553924
1647331200000,2022-03-15T08:00:00+00:00,DOT/USDT,4h,17.194,17.326,17.052,17.26,341765.851988
1647345600000,2022-03-15T12:00:00+00:00,DOT/USDT,4h,17.262,17.566,17.13,17.475,436359.283365
1647360000000,2022-03-15T16:00:00+00:00,DOT/USDT,4h,17.474,18.006,17.441,17.95,555119.026072
1647374400000,2022-03-15T20:00:00+00:00,DOT/USDT,4h,17.947,18.05,17.757,17.805,373450.382106
1647388800000,2022-03-16T00:00:00+00:00,DOT/USDT,4h,17.805,18.675,17.732,17.964,1152290.151848
1647403200000,2022-03-16T04:00:00+00:00,DOT/USDT,4h,17.963,18.249,17.846,18.206,385628.839367
1647417600000,2022-03-16T08:00:00+00:00,DOT/USDT,4h,18.205,18.477,18.076,18.262,498422.47621
1647432000000,2022-03-16T12:00:00+00:00,DOT/USDT,4h,18.263,18.413,18.096,18.246,471873.308037
1647446400000,2022-03-16T16:00:00+00:00,DOT/USDT,4h,18.246,18.59,17.692,18.582,1048072.294234
1647460800000,2022-03-16T20:00:00+00:00,DOT/USDT,4h,18.581,19.185,18.518,19.046,665608.40998
1647475200000,2022-03-17T00:00:00+00:00,DOT/USDT,4h,19.044,19.343,18.741,19.115,497425.978342
1647489600000,2022-03-17T04:00:00+00:00,DOT/USDT,4h,19.113,19.3,18.866,18.968,367251.05329
1647504000000,2022-03-17T08:00:00+00:00,DOT/USDT,4h,18.966,19.072,18.742,18.803,347529.468189
1647518400000,2022-03-17T12:00:00+00:00,DOT/USDT,4h,18.8,19.127,18.768,18.864,563787.164886
1647532800000,2022-03-17T16:00:00+00:00,DOT/USDT,4h,18.866,18.924,18.631,18.859,368352.007428
1647547200000,2022-03-17T20:00:00+00:00,DOT/USDT,4h,18.863,18.863,18.666,18.747,288577.9762
1647561600000,2022-03-18T00:00:00+00:00,DOT/USDT,4h,18.748,18.841,18.367,18.423,378473.93007
1647576000000,2022-03-18T04:00:00+00:00,DOT/USDT,4h,18.417,18.665,18.369,18.476,196840.84462
1647590400000,2022-03-18T08:00:00+00:00,DOT/USDT,4h,18.477,18.655,18.331,18.39,273341.147659
1647604800000,2022-03-18T12:00:00+00:00,DOT/USDT,4h,18.391,18.635,18.133,18.577,497491.098097
1647619200000,2022-03-18T16:00:00+00:00,DOT/USDT,4h,18.573,19.081,18.559,19.075,444012.483144
1647633600000,2022-03-18T20:00:00+00:00,DOT/USDT,4h,19.075,19.2,18.848,18.946,256386.153124
1647648000000,2022-03-19T00:00:00+00:00,DOT/USDT,4h,18.945,19.317,18.86,19.036,367885.067254
1647662400000,2022-03-19T04:00:00+00:00,DOT/USDT,4h,19.036,19.085,18.88,18.912,192531.206717
1647676800000,2022-03-19T08:00:00+00:00,DOT/USDT,4h,18.915,19.325,18.888,19.255,236987.284971
1647691200000,2022-03-19T12:00:00+00:00,DOT/USDT,4h,19.258,19.75,19.231,19.581,654574.809201
1647705600000,2022-03-19T16:00:00+00:00,DOT/USDT,4h,19.578,19.794,19.4,19.492,347581.291804
1647720000000,2022-03-19T20:00:00+00:00,DOT/USDT,4h,19.494,19.7,19.175,19.396,378861.06506
1647734400000,2022-03-20T00:00:00+00:00,DOT/USDT,4h,19.397,19.468,19.086,19.241,269238.88356
1647748800000,2022-03-20T04:00:00+00:00,DOT/USDT,4h,19.243,19.396,19.046,19.157,212721.323226
1647763200000,2022-03-20T08:00:00+00:00,DOT/USDT,4h,19.161,19.222,18.671,18.701,404853.872444
1647777600000,2022-03-20T12:00:00+00:00,DOT/USDT,4h,18.702,18.871,18.538,18.604,361803.254563
1647792000000,2022-03-20T16:00:00+00:00,DOT/USDT,4h,18.605,18.786,18.326,18.77,439170.662175
1647806400000,2022-03-20T20:00:00+00:00,DOT/USDT,4h,18.768,18.87,18.503,18.65,267995.651824
1647820800000,2022-03-21T00:00:00+00:00,DOT/USDT,4h,18.652,18.917,18.402,18.609,416393.04287
1647835200000,2022-03-21T04:00:00+00:00,DOT/USDT,4h,18.609,18.942,18.494,18.898,307197.853668
1647849600000,2022-03-21T08:00:00+00:00,DOT/USDT,4h,18.898,19.067,18.817,18.876,281137.114634
1647864000000,2022-03-21T12:00:00+00:00,DOT/USDT,4h,18.879,19.05,18.604,18.994,648224.972355
1647878400000,2022-03-21T16:00:00+00:00,DOT/USDT,4h,18.991,19.001,18.6,18.806,360219.470004
1647892800000,2022-03-21T20:00:00+00:00,DOT/USDT,4h,18.805,18.888,18.667,18.745,161539.829913
1647907200000,2022-03-22T00:00:00+00:00,DOT/USDT,4h,18.744,19.677,18.677,19.601,691483.36664
1647921600000,2022-03-22T04:00:00+00:00,DOT/USDT,4h,19.601,19.95,19.574,19.747,828141.487274
1647936000000,2022-03-22T08:00:00+00:00,DOT/USDT,4h,19.75,20.206,19.688,20.146,581036.387689
1647950400000,2022-03-22T12:00:00+00:00,DOT/USDT,4h,20.146,20.184,19.801,19.934,564590.416487
1647964800000,2022-03-22T16:00:00+00:00,DOT/USDT,4h,19.933,20.055,19.786,19.791,315806.019159
1647979200000,2022-03-22T20:00:00+00:00,DOT/USDT,4h,19.792,20.484,19.78,20.221,649369.164523
1647993600000,2022-03-23T00:00:00+00:00,DOT/USDT,4h,20.214,20.737,19.8,20.265,793846.128288
1648008000000,2022-03-23T04:00:00+00:00,DOT/USDT,4h,20.263,20.496,20.075,20.288,471930.265044
1648022400000,2022-03-23T08:00:00+00:00,DOT/USDT,4h,20.289,20.419,19.964,20.226,441198.405109
1648036800000,2022-03-23T12:00:00+00:00,DOT/USDT,4h,20.227,20.98,20.116,20.856,830492.657024
1648051200000,2022-03-23T16:00:00+00:00,DOT/USDT,4h,20.856,20.954,20.384,20.668,562690.266133
1648065600000,2022-03-23T20:00:00+00:00,DOT/USDT,4h,20.665,21.133,20.65,21.022,474431.997277
1648080000000,2022-03-24T00:00:00+00:00,DOT/USDT,4h,21.023,21.226,20.708,20.819,638826.474209
1648094400000,2022-03-24T04:00:00+00:00,DOT/USDT,4h,20.815,21.164,20.78,20.963,420509.133029
1648108800000,2022-03-24T08:00:00+00:00,DOT/USDT,4h,20.964,20.977,20.5,20.697,567875.376253
1648123200000,2022-03-24T12:00:00+00:00,DOT/USDT,4h,20.695,21.177,20.252,21.147,979830.362045
1648137600000,2022-03-24T16:00:00+00:00,DOT/USDT,4h,21.143,21.5,20.96,21.179,672440.631481
1648152000000,2022-03-24T20:00:00+00:00,DOT/USDT,4h,21.183,21.384,21.069,21.255,386469.986353
1648166400000,2022-03-25T00:00:00+00:00,DOT/USDT,4h,21.252,21.383,20.968,21.077,593722.957903
1648180800000,2022-03-25T04:00:00+00:00,DOT/USDT,4h,21.079,21.224,20.762,20.805,467829.785319
1648195200000,2022-03-25T08:00:00+00:00,DOT/USDT,4h,20.805,21.201,20.552,21.123,490786.386843
1648209600000,2022-03-25T12:00:00+00:00,DOT/USDT,4h,21.123,21.178,20.571,20.686,598529.595641
1648224000000,2022-03-25T16:00:00+00:00,DOT/USDT,4h,20.685,20.791,20.195,20.617,474426.375768
1648238400000,2022-03-25T20:00:00+00:00,DOT/USDT,4h,20.621,20.793,20.454,20.536,174673.165104
1648252800000,2022-03-26T00:00:00+00:00,DOT/USDT,4h,20.538,20.649,20.247,20.47,269337.774413
1648267200000,2022-03-26T04:00:00+00:00,DOT/USDT,4h,20.471,20.913,20.449,20.842,222021.05331
1648281600000,2022-03-26T08:00:00+00:00,DOT/USDT,4h,20.844,20.98,20.687,20.894,264841.936915
1648296000000,2022-03-26T12:00:00+00:00,DOT/USDT,4h,20.887,20.958,20.717,20.847,205709.579959
1648310400000,2022-03-26T16:00:00+00:00,DOT/USDT,4h,20.851,20.977,20.807,20.853,147393.177949
1648324800000,2022-03-26T20:00:00+00:00,DOT/USDT,4h,20.852,21.027,20.716,20.911,205021.342347
1648339200000,2022-03-27T00:00:00+00:00,DOT/USDT,4h,20.912,21.16,20.868,21.003,211113.990238
1648353600000,2022-03-27T04:00:00+00:00,DOT/USDT,4h,21.003,21.207,20.915,21.162,202536.539701
1648368000000,2022-03-27T08:00:00+00:00,DOT/USDT,4h,21.161,21.172,20.94,20.993,174499.345993
1648382400000,2022-03-27T12:00:00+00:00,DOT/USDT,4h,20.993,21.15,20.719,21.114,266299.129752
1648396800000,2022-03-27T16:00:00+00:00,DOT/USDT,4h,21.116,21.5,21.038,21.461,267182.214346
1648411200000,2022-03-27T20:00:00+00:00,DOT/USDT,4h,21.463,22.489,21.3,22.466,742021.730811
1648425600000,2022-03-28T00:00:00+00:00,DOT/USDT,4h,22.467,22.973,22.231,22.928,668848.973389
1648440000000,2022-03-28T04:00:00+00:00,DOT/USDT,4h,22.93,22.985,22.622,22.831,461794.903786
1648454400000,2022-03-28T08:00:00+00:00,DOT/USDT,4h,22.836,23.328,22.7,22.997,565221.35315
1648468800000,2022-03-28T12:00:00+00:00,DOT/USDT,4h,22.999,23.287,22.82,22.824,633944.95325
1648483200000,2022-03-28T16:00:00+00:00,DOT/USDT,4h,22.825,22.967,22.571,22.763,516669.145694
1648497600000,2022-03-28T20:00:00+00:00,DOT/USDT,4h,22.76,22.877,21.797,21.975,620177.202039
1648512000000,2022-03-29T00:00:00+00:00,DOT/USDT,4h,21.976,22.395,21.925,22.21,473966.925532
1648526400000,2022-03-29T04:00:00+00:00,DOT/USDT,4h,22.21,22.765,22.151,22.452,419564.949169
1648540800000,2022-03-29T08:00:00+00:00,DOT/USDT,4h,22.446,22.841,22.391,22.837,363798.792774
1648555200000,2022-03-29T12:00:00+00:00,DOT/USDT,4h,22.839,22.949,22.191,22.256,702274.413723
1648569600000,2022-03-29T16:00:00+00:00,DOT/USDT,4h,22.262,22.637,21.858,22.462,731874.441961
1648584000000,2022-03-29T20:00:00+00:00,DOT/USDT,4h,22.46,22.529,21.881,22.452,499875.474564
1648598400000,2022-03-30T00:00:00+00:00,DOT/USDT,4h,22.435,22.537,21.627,22.257,608040.277382
1648612800000,2022-03-30T04:00:00+00:00,DOT/USDT,4h,22.261,22.492,22.051,22.38,388161.280309
1648627200000,2022-03-30T08:00:00+00:00,DOT/USDT,4h,22.381,22.474,22.147,22.32,481752.992911
1648641600000,2022-03-30T12:00:00+00:00,DOT/USDT,4h,22.321,22.392,21.86,22.125,656120.744022
1648656000000,2022-03-30T16:00:00+00:00,DOT/USDT,4h,22.115,23.0,22.048,22.27,859610.397938
1648670400000,2022-03-30T20:00:00+00:00,DOT/USDT,4h,22.279,22.636,22.173,22.456,384989.912956
1648684800000,2022-03-31T00:00:00+00:00,DOT/USDT,4h,22.46,22.928,22.343,22.601,452931.295858
1648699200000,2022-03-31T04:00:00+00:00,DOT/USDT,4h,22.601,22.862,22.526,22.804,320003.137209
1648713600000,2022-03-31T08:00:00+00:00,DOT/USDT,4h,22.796,23.063,22.73,22.751,525747.066474
1648728000000,2022-03-31T12:00:00+00:00,DOT/USDT,4h,22.751,22.939,21.643,21.848,1099483.994832
1648742400000,2022-03-31T16:00:00+00:00,DOT/USDT,4h,21.848,21.887,21.244,21.32,840933.287654
1648756800000,2022-03-31T20:00:00+00:00,DOT/USDT,4h,21.326,21.625,21.088,21.335,417095.766831
1648771200000,2022-04-01T00:00:00+00:00,DOT/USDT,4h,21.329,21.648,20.601,20.928,930142.495973
1648785600000,2022-04-01T04:00:00+00:00,DOT/USDT,4h,20.931,21.413,20.893,21.387,423087.910385
1648800000000,2022-04-01T08:00:00+00:00,DOT/USDT,4h,21.385,21.504,21.043,21.067,494684.576258
1648814400000,2022-04-01T12:00:00+00:00,DOT/USDT,4h,21.063,22.057,20.627,21.981,938071.460591
1648828800000,2022-04-01T16:00:00+00:00,DOT/USDT,4h,21.982,22.103,21.698,22.012,554871.750265
1648843200000,2022-04-01T20:00:00+00:00,DOT/USDT,4h,22.008,22.164,21.807,22.068,290969.30239
1648857600000,2022-04-02T00:00:00+00:00,DOT/USDT,4h,22.068,22.5,21.949,22.285,543869.730198
1648872000000,2022-04-02T04:00:00+00:00,DOT/USDT,4h,22.287,22.505,22.206,22.389,294371.986281
1648886400000,2022-04-02T08:00:00+00:00,DOT/USDT,4h,22.393,23.4,22.326,23.203,564469.818028
1648900800000,2022-04-02T12:00:00+00:00,DOT/USDT,4h,23.195,23.86,22.618,22.766,1473719.138749
1648915200000,2022-04-02T16:00:00+00:00,DOT/USDT,4h,22.766,23.167,22.436,22.935,758443.973757
1648929600000,2022-04-02T20:00:00+00:00,DOT/USDT,4h,22.932,23.417,22.548,22.613,557536.279287
1648944000000,2022-04-03T00:00:00+00:00,DOT/USDT,4h,22.599,23.393,22.516,22.68,836405.351865
1648958400000,2022-04-03T04:00:00+00:00,DOT/USDT,4h,22.687,23.295,22.624,23.133,498913.955542
1648972800000,2022-04-03T08:00:00+00:00,DOT/USDT,4h,23.148,23.432,22.887,23.121,449192.894513
1648987200000,2022-04-03T12:00:00+00:00,DOT/USDT,4h,23.117,23.371,22.951,23.09,445724.800598
1649001600000,2022-04-03T16:00:00+00:00,DOT/USDT,4h,23.09,23.203,22.931,23.056,329494.848314
1649016000000,2022-04-03T20:00:00+00:00,DOT/USDT,4h,23.058,23.57,23.033,23.208,408558.71411
1649030400000,2022-04-04T00:00:00+00:00,DOT/USDT,4h,23.206,23.22,22.717,22.814,474774.036623
1649044800000,2022-04-04T04:00:00+00:00,DOT/USDT,4h,22.82,22.988,22.667,22.869,329240.961206
1649059200000,2022-04-04T08:00:00+00:00,DOT/USDT,4h,22.872,22.877,22.259,22.657,488583.138127
1649073600000,2022-04-04T12:00:00+00:00,DOT/USDT,4h,22.656,22.737,21.925,22.054,834389.47853
1649088000000,2022-04-04T16:00:00+00:00,DOT/USDT,4h,22.058,22.39,21.612,22.347,727760.510613
1649102400000,2022-04-04T20:00:00+00:00,DOT/USDT,4h,22.358,22.9,22.203,22.9,427989.979197
1649116800000,2022-04-05T00:00:00+00:00,DOT/USDT,4h,22.9,23.097,22.772,22.821,403090.087339
1649131200000,2022-04-05T04:00:00+00:00,DOT/USDT,4h,22.835,23.048,22.724,22.93,228376.588087
1649145600000,2022-04-05T08:00:00+00:00,DOT/USDT,4h,22.932,23.0,22.759,22.915,268982.74377
1649160000000,2022-04-05T12:00:00+00:00,DOT/USDT,4h,22.917,23.114,22.112,22.325,787854.809453
1649174400000,2022-04-05T16:00:00+00:00,DOT/USDT,4h,22.324,22.394,22.043,22.31,574284.198023
1649188800000,2022-04-05T20:00:00+00:00,DOT/USDT,4h,22.309,22.345,21.7,21.782,334486.02006
1649203200000,2022-04-06T00:00:00+00:00,DOT/USDT,4h,21.782,21.819,20.828,21.481,810380.810002
1649217600000,2022-04-06T04:00:00+00:00,DOT/USDT,4h,21.486,21.752,21.367,21.507,317290.169613
1649232000000,2022-04-06T08:00:00+00:00,DOT/USDT,4h,21.509,21.577,20.822,20.937,589750.339146
1649246400000,2022-04-06T12:00:00+00:00,DOT/USDT,4h,20.934,21.138,20.06,20.329,994818.196972
1649260800000,2022-04-06T16:00:00+00:00,DOT/USDT,4h,20.33,20.425,19.71,20.351,973226.950064
1649275200000,2022-04-06T20:00:00+00:00,DOT/USDT,4h,20.349,20.441,19.753,19.836,440014.134658
1649289600000,2022-04-07T00:00:00+00:00,DOT/USDT,4h,19.836,20.178,19.458,19.963,750540.417179
1649304000000,2022-04-07T04:00:00+00:00,DOT/USDT,4h,19.969,20.283,19.859,20.225,309674.42004
1649318400000,2022-04-07T08:00:00+00:00,DOT/USDT,4h,20.221,20.5,20.025,20.413,419554.192833
1649332800000,2022-04-07T12:00:00+00:00,DOT/USDT,4h,20.414,20.514,19.718,19.997,566509.646734
1649347200000,2022-04-07T16:00:00+00:00,DOT/USDT,4h,19.997,20.5,19.966,20.352,378171.662023
1649361600000,2022-04-07T20:00:00+00:00,DOT/USDT,4h,20.352,20.648,20.204,20.392,266545.9606
1649376000000,2022-04-08T00:00:00+00:00,DOT/USDT,4h,20.389,20.574,20.28,20.487,294469.916801
1649390400000,2022-04-08T04:00:00+00:00,DOT/USDT,4h,20.488,20.54,20.211,20.445,223391.865502
1649404800000,2022-04-08T08:00:00+00:00,DOT/USDT,4h,20.445,20.515,20.027,20.075,333406.995622
1649419200000,2022-04-08T12:00:00+00:00,DOT/USDT,4h,20.078,20.366,19.72,20.309,742144.919031
1649433600000,2022-04-08T16:00:00+00:00,DOT/USDT,4h,20.313,20.363,19.706,19.858,460533.291234
1649448000000,2022-04-08T20:00:00+00:00,DOT/USDT,4h,19.858,19.943,19.134,19.418,435649.933788
1649462400000,2022-04-09T00:00:00+00:00,DOT/USDT,4h,19.416,19.669,19.285,19.54,346304.420046
1649476800000,2022-04-09T04:00:00+00:00,DOT/USDT,4h,19.537,19.75,19.52,19.671,205246.180478
1649491200000,2022-04-09T08:00:00+00:00,DOT/USDT,4h,19.673,19.725,19.52,19.646,185352.175597
1649505600000,2022-04-09T12:00:00+00:00,DOT/USDT,4h,19.65,19.781,19.4,19.426,268506.178863
1649520000000,2022-04-09T16:00:00+00:00,DOT/USDT,4h,19.413,19.686,19.4,19.525,224955.934764
1649534400000,2022-04-09T20:00:00+00:00,DOT/USDT,4h,19.521,19.823,19.415,19.75,178912.713688
1649548800000,2022-04-10T00:00:00+00:00,DOT/USDT,4h,19.757,19.97,19.592,19.841,214720.008453
1649563200000,2022-04-10T04:00:00+00:00,DOT/USDT,4h,19.837,19.897,19.659,19.683,164250.702591
1649577600000,2022-04-10T08:00:00+00:00,DOT/USDT,4h,19.683,19.763,19.448,19.562,227752.673899
1649592000000,2022-04-10T12:00:00+00:00,DOT/USDT,4h,19.563,19.668,19.36,19.559,257284.806159
1649606400000,2022-04-10T16:00:00+00:00,DOT/USDT,4h,19.559,20.248,19.472,20.109,485979.26064
1649620800000,2022-04-10T20:00:00+00:00,DOT/USDT,4h,20.109,20.211,19.151,19.221,515407.039872
1649635200000,2022-04-11T00:00:00+00:00,DOT/USDT,4h,19.219,19.288,18.743,18.895,589542.090036
1649649600000,2022-04-11T04:00:00+00:00,DOT/USDT,4h,18.896,19.054,18.801,18.858,238663.770954
1649664000000,2022-04-11T08:00:00+00:00,DOT/USDT,4h,18.861,18.898,17.705,17.951,938153.062932
1649678400000,2022-04-11T12:00:00+00:00,DOT/USDT,4h,17.947,18.058,17.551,17.648,726355.759579
1649692800000,2022-04-11T16:00:00+00:00,DOT/USDT,4h,17.643,17.915,17.54,17.622,572920.789359
1649707200000,2022-04-11T20:00:00+00:00,DOT/USDT,4h,17.621,17.669,16.989,17.2,666868.634349
1649721600000,2022-04-12T00:00:00+00:00,DOT/USDT,4h,17.2,17.515,17.172,17.311,468805.682485
1649736000000,2022-04-12T04:00:00+00:00,DOT/USDT,4h,17.305,17.813,17.269,17.714,368846.052633
1649750400000,2022-04-12T08:00:00+00:00,DOT/USDT,4h,17.726,17.863,17.531,17.807,420596.595013
1649764800000,2022-04-12T12:00:00+00:00,DOT/USDT,4h,17.807,18.038,17.573,17.729,751325.69026
1649779200000,2022-04-12T16:00:00+00:00,DOT/USDT,4h,17.731,17.836,17.164,17.203,411248.200234
1649793600000,2022-04-12T20:00:00+00:00,DOT/USDT,4h,17.197,17.886,17.171,17.772,401243.381688
1649808000000,2022-04-13T00:00:00+00:00,DOT/USDT,4h,17.773,17.935,17.582,17.826,345989.636904
1649822400000,2022-04-13T04:00:00+00:00,DOT/USDT,4h,17.828,18.0,17.742,17.85,364988.510583
1649836800000,2022-04-13T08:00:00+00:00,DOT/USDT,4h,17.851,17.916,17.457,17.475,316371.092787
1649851200000,2022-04-13T12:00:00+00:00,DOT/USDT,4h,17.472,18.283,17.373,18.111,758147.870901
1649865600000,2022-04-13T16:00:00+00:00,DOT/USDT,4h,18.111,18.285,18.016,18.106,427826.972382
1649880000000,2022-04-13T20:00:00+00:00,DOT/USDT,4h,18.109,18.301,18.083,18.197,284030.913316
1649894400000,2022-04-14T00:00:00+00:00,DOT/USDT,4h,18.197,18.482,18.123,18.326,288732.624695
1649908800000,2022-04-14T04:00:00+00:00,DOT/USDT,4h,18.328,18.396,18.114,18.25,211067.82409
1649923200000,2022-04-14T08:00:00+00:00,DOT/USDT,4h,18.249,18.335,17.979,18.035,293913.399344
1649937600000,2022-04-14T12:00:00+00:00,DOT/USDT,4h,18.038,18.406,17.625,17.667,644611.10911
1649952000000,2022-04-14T16:00:00+00:00,DOT/USDT,4h,17.662,17.79,17.474,17.599,426387.820618
1649966400000,2022-04-14T20:00:00+00:00,DOT/USDT,4h,17.592,17.975,17.554,17.916,232708.908609
1649980800000,2022-04-15T00:00:00+00:00,DOT/USDT,4h,17.914,18.286,17.789,18.243,292239.40852
1649995200000,2022-04-15T04:00:00+00:00,DOT/USDT,4h,18.241,18.282,17.974,18.16,342478.85031
1650009600000,2022-04-15T08:00:00+00:00,DOT/USDT,4h,18.158,18.337,18.065,18.219,284527.700644
1650024000000,2022-04-15T12:00:00+00:00,DOT/USDT,4h,18.221,18.451,17.91,18.146,401534.101402
1650038400000,2022-04-15T16:00:00+00:00,DOT/USDT,4h,18.146,18.291,18.031,18.159,241315.863125
1650052800000,2022-04-15T20:00:00+00:00,DOT/USDT,4h,18.155,18.394,18.115,18.344,164652.965432
1650067200000,2022-04-16T00:00:00+00:00,DOT/USDT,4h,18.349,18.595,18.27,18.327,243039.528464
1650081600000,2022-04-16T04:00:00+00:00,DOT/USDT,4h,18.333,18.423,18.267,18.346,155864.559898
1650096000000,2022-04-16T08:00:00+00:00,DOT/USDT,4h,18.338,18.411,18.242,18.343,153243.389682
1650110400000,2022-04-16T12:00:00+00:00,DOT/USDT,4h,18.337,18.552,18.202,18.252,271379.558628
1650124800000,2022-04-16T16:00:00+00:00,DOT/USDT,4h,18.246,18.637,18.177,18.347,254883.792205
1650139200000,2022-04-16T20:00:00+00:00,DOT/USDT,4h,18.349,18.697,18.303,18.6,220446.315681
1650153600000,2022-04-17T00:00:00+00:00,DOT/USDT,4h,18.599,18.819,18.502,18.538,272802.861457
1650168000000,2022-04-17T04:00:00+00:00,DOT/USDT,4h,18.536,18.611,18.506,18.554,154746.539915
1650182400000,2022-04-17T08:00:00+00:00,DOT/USDT,4h,18.555,18.737,18.539,18.601,152027.721659
1650196800000,2022-04-17T12:00:00+00:00,DOT/USDT,4h,18.597,18.678,18.42,18.561,204655.996424
1650211200000,2022-04-17T16:00:00+00:00,DOT/USDT,4h,18.565,18.585,18.071,18.256,307091.179747
1650225600000,2022-04-17T20:00:00+00:00,DOT/USDT,4h,18.263,18.34,17.659,17.733,423369.42428
1650240000000,2022-04-18T00:00:00+00:00,DOT/USDT,4h,17.734,17.987,17.674,17.888,298340.727683
1650254400000,2022-04-18T04:00:00+00:00,DOT/USDT,4h,17.887,17.924,17.106,17.231,531970.714459
1650268800000,2022-04-18T08:00:00+00:00,DOT/USDT,4h,17.226,17.509,17.125,17.425,353053.196728
1650283200000,2022-04-18T12:00:00+00:00,DOT/USDT,4h,17.428,17.768,17.428,17.588,454007.259159
1650297600000,2022-04-18T16:00:00+00:00,DOT/USDT,4h,17.588,18.369,17.399,18.265,568996.564268
1650312000000,2022-04-18T20:00:00+00:00,DOT/USDT,4h,18.268,18.365,18.127,18.152,278780.671592
1650326400000,2022-04-19T00:00:00+00:00,DOT/USDT,4h,18.153,18.349,18.075,18.162,308257.001055
1650340800000,2022-04-19T04:00:00+00:00,DOT/USDT,4h,18.16,18.287,18.083,18.1,192814.795603
1650355200000,2022-04-19T08:00:00+00:00,DOT/USDT,4h,18.102,18.403,18.045,18.249,241776.476053
1650369600000,2022-04-19T12:00:00+00:00,DOT/USDT,4h,18.246,18.785,18.221,18.575,597545.651098
1650384000000,2022-04-19T16:00:00+00:00,DOT/USDT,4h,18.576,18.888,18.532,18.812,397129.514183
1650398400000,2022-04-19T20:00:00+00:00,DOT/USDT,4h,18.806,18.946,18.753,18.881,295852.386575
1650412800000,2022-04-20T00:00:00+00:00,DOT/USDT,4h,18.882,18.911,18.57,18.666,361249.42169
1650427200000,2022-04-20T04:00:00+00:00,DOT/USDT,4h,18.665,19.16,18.547,19.123,406253.428392
1650441600000,2022-04-20T08:00:00+00:00,DOT/USDT,4h,19.123,19.394,19.06,19.275,557130.244226
1650456000000,2022-04-20T12:00:00+00:00,DOT/USDT,4h,19.279,19.547,18.881,19.089,755030.001436
1650470400000,2022-04-20T16:00:00+00:00,DOT/USDT,4h,19.085,19.135,18.648,18.83,465278.271861
1650484800000,2022-04-20T20:00:00+00:00,DOT/USDT,4h,18.837,19.396,18.752,19.095,390586.138358
1650499200000,2022-04-21T00:00:00+00:00,DOT/USDT,4h,19.091,19.45,19.039,19.339,362583.911907
1650513600000,2022-04-21T04:00:00+00:00,DOT/USDT,4h,19.342,19.399,18.982,19.31,328759.367351
1650528000000,2022-04-21T08:00:00+00:00,DOT/USDT,4h,19.316,19.527,19.107,19.409,428652.67054
1650542400000,2022-04-21T12:00:00+00:00,DOT/USDT,4h,19.414,19.675,19.235,19.307,550520.732464
1650556800000,2022-04-21T16:00:00+00:00,DOT/USDT,4h,19.306,19.319,18.702,18.747,477401.545153
1650571200000,2022-04-21T20:00:00+00:00,DOT/USDT,4h,18.746,18.795,18.03,18.176,582921.524583
1650585600000,2022-04-22T00:00:00+00:00,DOT/USDT,4h,18.174,18.389,18.074,18.277,369652.052401
1650600000000,2022-04-22T04:00:00+00:00,DOT/USDT,4h,18.276,18.525,18.161,18.344,252022.427602
1650614400000,2022-04-22T08:00:00+00:00,DOT/USDT,4h,18.342,18.51,18.127,18.403,330725.04752
1650628800000,2022-04-22T12:00:00+00:00,DOT/USDT,4h,18.402,18.497,18.071,18.208,519016.527801
1650643200000,2022-04-22T16:00:00+00:00,DOT/USDT,4h,18.207,18.43,18.125,18.256,321977.140853
1650657600000,2022-04-22T20:00:00+00:00,DOT/USDT,4h,18.255,18.414,18.218,18.278,171819.61105
1650672000000,2022-04-23T00:00:00+00:00,DOT/USDT,4h,18.279,18.396,18.156,18.222,221509.039277
1650686400000,2022-04-23T04:00:00+00:00,DOT/USDT,4h,18.231,18.395,17.949,18.372,276899.132904
1650700800000,2022-04-23T08:00:00+00:00,DOT/USDT,4h,18.371,18.795,18.329,18.641,314952.355459
1650715200000,2022-04-23T12:00:00+00:00,DOT/USDT,4h,18.639,18.988,18.52,18.902,391340.772157
1650729600000,2022-04-23T16:00:00+00:00,DOT/USDT,4h,18.908,19.258,18.859,18.913,404544.699813
1650744000000,2022-04-23T20:00:00+00:00,DOT/USDT,4h,18.913,19.092,18.642,18.698,241290.246927
1650758400000,2022-04-24T00:00:00+00:00,DOT/USDT,4h,18.699,19.159,18.67,19.053,298587.41403
1650772800000,2022-04-24T04:00:00+00:00,DOT/USDT,4h,19.056,19.117,18.859,18.935,172440.049563
1650787200000,2022-04-24T08:00:00+00:00,DOT/USDT,4h,18.937,18.954,18.593,18.636,222077.242568
1650801600000,2022-04-24T12:00:00+00:00,DOT/USDT,4h,18.633,18.667,18.367,18.479,405122.936272
1650816000000,2022-04-24T16:00:00+00:00,DOT/USDT,4h,18.483,18.497,18.07,18.373,407093.952929
1650830400000,2022-04-24T20:00:00+00:00,DOT/USDT,4h,18.377,18.456,18.132,18.163,219020.397397
1650844800000,2022-04-25T00:00:00+00:00,DOT/USDT,4h,18.164,18.2,17.55,17.836,538496.708029
1650859200000,2022-04-25T04:00:00+00:00,DOT/USDT,4h,17.836,17.858,17.099,17.199,570833.317965
1650873600000,2022-04-25T08:00:00+00:00,DOT/USDT,4h,17.196,17.455,17.12,17.451,459119.693927
1650888000000,2022-04-25T12:00:00+00:00,DOT/USDT,4h,17.456,17.713,17.352,17.498,612770.860824
1650902400000,2022-04-25T16:00:00+00:00,DOT/USDT,4h,17.497,18.017,17.479,18.016,507084.350204
1650916800000,2022-04-25T20:00:00+00:00,DOT/USDT,4h,18.008,18.244,17.917,18.103,287638.118506
1650931200000,2022-04-26T00:00:00+00:00,DOT/USDT,4h,18.105,18.316,17.965,17.998,351015.768067
1650945600000,2022-04-26T04:00:00+00:00,DOT/USDT,4h,18.002,18.126,17.789,17.896,267109.359015
1650960000000,2022-04-26T08:00:00+00:00,DOT/USDT,4h,17.896,18.071,17.771,17.856,349891.349263
1650974400000,2022-04-26T12:00:00+00:00,DOT/USDT,4h,17.854,17.949,16.961,17.088,707705.318605
1650988800000,2022-04-26T16:00:00+00:00,DOT/USDT,4h,17.095,17.208,16.617,16.855,681226.811086
1651003200000,2022-04-26T20:00:00+00:00,DOT/USDT,4h,16.853,16.988,16.403,16.671,418279.152493
1651017600000,2022-04-27T00:00:00+00:00,DOT/USDT,4h,16.673,16.922,16.477,16.796,315829.561348
1651032000000,2022-04-27T04:00:00+00:00,DOT/USDT,4h,16.793,17.254,16.775,17.228,246478.905812
1651046400000,2022-04-27T08:00:00+00:00,DOT/USDT,4h,17.228,17.276,16.776,16.974,395002.153641
1651060800000,2022-04-27T12:00:00+00:00,DOT/USDT,4h,16.969,17.243,16.661,16.934,641788.032606
1651075200000,2022-04-27T16:00:00+00:00,DOT/USDT,4h,16.935,17.081,16.732,16.817,327677.696162
1651089600000,2022-04-27T20:00:00+00:00,DOT/USDT,4h,16.826,17.032,16.803,16.943,168097.487525
1651104000000,2022-04-28T00:00:00+00:00,DOT/USDT,4h,16.944,17.168,16.817,16.913,284191.018171
1651118400000,2022-04-28T04:00:00+00:00,DOT/USDT,4h,16.915,17.061,16.821,16.943,188976.32971
1651132800000,2022-04-28T08:00:00+00:00,DOT/USDT,4h,16.943,17.404,16.921,17.189,316489.598223
1651147200000,2022-04-28T12:00:00+00:00,DOT/USDT,4h,17.19,17.326,16.75,16.881,607596.235029
1651161600000,2022-04-28T16:00:00+00:00,DOT/USDT,4h,16.878,17.275,16.759,17.06,391471.731246
1651176000000,2022-04-28T20:00:00+00:00,DOT/USDT,4h,17.061,17.228,16.901,16.987,213878.125416
1651190400000,2022-04-29T00:00:00+00:00,DOT/USDT,4h,16.986,17.068,16.766,16.891,217393.392633
1651204800000,2022-04-29T04:00:00+00:00,DOT/USDT,4h,16.893,16.977,16.723,16.954,172539.166958
1651219200000,2022-04-29T08:00:00+00:00,DOT/USDT,4h,16.953,16.963,16.247,16.358,399876.729624
1651233600000,2022-04-29T12:00:00+00:00,DOT/USDT,4h,16.362,16.668,16.288,16.591,466332.979124
1651248000000,2022-04-29T16:00:00+00:00,DOT/USDT,4h,16.59,16.636,16.0,16.127,474099.268431
1651262400000,2022-04-29T20:00:00+00:00,DOT/USDT,4h,16.121,16.23,16.0,16.188,235088.436356
1651276800000,2022-04-30T00:00:00+00:00,DOT/USDT,4h,16.189,16.447,16.17,16.261,214449.685427
1651291200000,2022-04-30T04:00:00+00:00,DOT/USDT,4h,16.267,16.379,16.205,16.224,121816.593969
1651305600000,2022-04-30T08:00:00+00:00,DOT/USDT,4h,16.222,16.276,16.024,16.109,227072.833498
1651320000000,2022-04-30T12:00:00+00:00,DOT/USDT,4h,16.105,16.151,15.534,15.785,531538.396569
1651334400000,2022-04-30T16:00:00+00:00,DOT/USDT,4h,15.78,15.893,15.527,15.687,388878.812863
1651348800000,2022-04-30T20:00:00+00:00,DOT/USDT,4h,15.68,15.687,14.136,14.497,1051306.052883
1651363200000,2022-05-01T00:00:00+00:00,DOT/USDT,4h,14.494,14.971,14.487,14.891,675486.075714
1651377600000,2022-05-01T04:00:00+00:00,DOT/USDT,4h,14.892,15.07,14.755,14.911,336567.120964
1651392000000,2022-05-01T08:00:00+00:00,DOT/USDT,4h,14.912,15.096,14.885,14.897,326842.912635
1651406400000,2022-05-01T12:00:00+00:00,DOT/USDT,4h,14.896,15.388,14.844,15.312,419755.571044
1651420800000,2022-05-01T16:00:00+00:00,DOT/USDT,4h,15.317,15.523,14.876,14.994,459261.856456
1651435200000,2022-05-01T20:00:00+00:00,DOT/USDT,4h,14.991,15.484,14.932,15.352,372735.626374
1651449600000,2022-05-02T00:00:00+00:00,DOT/USDT,4h,15.353,15.592,15.263,15.384,307309.259579
1651464000000,2022-05-02T04:00:00+00:00,DOT/USDT,4h,15.385,15.577,15.284,15.335,263517.006938
1651478400000,2022-05-02T08:00:00+00:00,DOT/USDT,4h,15.336,15.366,14.792,14.838,353785.707082
1651492800000,2022-05-02T12:00:00+00:00,DOT/USDT,4h,14.836,15.106,14.66,14.965,803982.32729
1651507200000,2022-05-02T16:00:00+00:00,DOT/USDT,4h,14.964,15.071,14.561,14.91,595367.101268
1651521600000,2022-05-02T20:00:00+00:00,DOT/USDT,4h,14.915,15.273,14.771,14.965,271858.947083
1651536000000,2022-05-03T00:00:00+00:00,DOT/USDT,4h,14.969,15.234,14.88,15.156,233318.893075
1651550400000,2022-05-03T04:00:00+00:00,DOT/USDT,4h,15.158,15.194,15.012,15.164,213326.061696
1651564800000,2022-05-03T08:00:00+00:00,DOT/USDT,4h,15.163,15.207,14.861,15.151,287393.107854
1651579200000,2022-05-03T12:00:00+00:00,DOT/USDT,4h,15.147,15.17,14.86,15.011,378779.706192
1651593600000,2022-05-03T16:00:00+00:00,DOT/USDT,4h,15.013,15.053,14.539,14.617,437120.395363
1651608000000,2022-05-03T20:00:00+00:00,DOT/USDT,4h,14.628,14.877,14.512,14.728,233464.491985
1651622400000,2022-05-04T00:00:00+00:00,DOT/USDT,4h,14.73,15.046,14.662,14.995,166168.857795
1651636800000,2022-05-04T04:00:00+00:00,DOT/USDT,4h,14.999,15.33,14.918,15.266,331764.89196
1651651200000,2022-05-04T08:00:00+00:00,DOT/USDT,4h,15.266,15.51,15.248,15.417,455870.200164
1651665600000,2022-05-04T12:00:00+00:00,DOT/USDT,4h,15.415,15.472,14.974,15.113,368820.76422
1651680000000,2022-05-04T16:00:00+00:00,DOT/USDT,4h,15.111,16.145,15.04,16.057,1331395.093629
1651694400000,2022-05-04T20:00:00+00:00,DOT/USDT,4h,16.062,16.346,16.053,16.33,340821.778062
1651708800000,2022-05-05T00:00:00+00:00,DOT/USDT,4h,16.33,16.45,16.224,16.317,319185.077926
1651723200000,2022-05-05T04:00:00+00:00,DOT/USDT,4h,16.319,16.375,16.077,16.173,233837.690485
1651737600000,2022-05-05T08:00:00+00:00,DOT/USDT,4h,16.174,16.218,15.783,15.907,378095.383586
1651752000000,2022-05-05T12:00:00+00:00,DOT/USDT,4h,15.909,16.035,14.208,14.468,1500006.728613
1651766400000,2022-05-05T16:00:00+00:00,DOT/USDT,4h,14.471,14.663,14.022,14.447,1354970.305999
1651780800000,2022-05-05T20:00:00+00:00,DOT/USDT,4h,14.445,14.656,14.325,14.582,548373.522282
1651795200000,2022-05-06T00:00:00+00:00,DOT/USDT,4h,14.579,14.611,14.267,14.523,405094.818959
1651809600000,2022-05-06T04:00:00+00:00,DOT/USDT,4h,14.524,14.663,14.125,14.377,529935.64562
1651824000000,2022-05-06T08:00:00+00:00,DOT/USDT,4h,14.375,14.566,14.017,14.138,686041.645465
1651838400000,2022-05-06T12:00:00+00:00,DOT/USDT,4h,14.137,14.53,13.8,14.213,1737787.446587
1651852800000,2022-05-06T16:00:00+00:00,DOT/USDT,4h,14.216,14.401,14.134,14.291,474244.049605
1651867200000,2022-05-06T20:00:00+00:00,DOT/USDT,4h,14.296,14.493,14.173,14.331,253341.091102
1651881600000,2022-05-07T00:00:00+00:00,DOT/USDT,4h,14.329,14.376,14.036,14.065,319499.863614
1651896000000,2022-05-07T04:00:00+00:00,DOT/USDT,4h,14.068,14.246,13.909,14.194,366625.529407
1651910400000,2022-05-07T08:00:00+00:00,DOT/USDT,4h,14.196,14.335,14.14,14.229,252909.8424
1651924800000,2022-05-07T12:00:00+00:00,DOT/USDT,4h,14.229,14.259,14.085,14.183,205273.235312
1651939200000,2022-05-07T16:00:00+00:00,DOT/USDT,4h,14.186,14.198,14.062,14.112,174401.884764
1651953600000,2022-05-07T20:00:00+00:00,DOT/USDT,4h,14.111,14.153,13.372,13.745,668520.299736
1651968000000,2022-05-08T00:00:00+00:00,DOT/USDT,4h,13.748,13.88,13.266,13.497,783082.621807
1651982400000,2022-05-08T04:00:00+00:00,DOT/USDT,4h,13.495,13.723,13.445,13.457,306696.776407
1651996800000,2022-05-08T08:00:00+00:00,DOT/USDT,4h,13.457,13.636,13.341,13.562,320677.366202
1652011200000,2022-05-08T12:00:00+00:00,DOT/USDT,4h,13.562,13.609,13.23,13.38,486150.402066
1652025600000,2022-05-08T16:00:00+00:00,DOT/USDT,4h,13.381,13.555,13.035,13.462,679047.191032
1652040000000,2022-05-08T20:00:00+00:00,DOT/USDT,4h,13.46,13.531,13.157,13.252,340031.395858
1652054400000,2022-05-09T00:00:00+00:00,DOT/USDT,4h,13.252,13.485,12.849,13.013,664166.813955
1652068800000,2022-05-09T04:00:00+00:00,DOT/USDT,4h,13.013,13.152,12.598,12.629,576949.112598
1652083200000,2022-05-09T08:00:00+00:00,DOT/USDT,4h,12.626,12.663,11.788,12.033,1373458.438758
1652097600000,2022-05-09T12:00:00+00:00,DOT/USDT,4h,12.034,12.161,11.37,11.487,1579152.161457
1652112000000,2022-05-09T16:00:00+00:00,DOT/USDT,4h,11.493,11.677,10.72,11.087,2315313.370984
1652126400000,2022-05-09T20:00:00+00:00,DOT/USDT,4h,11.091,11.57,10.503,10.628,1373999.334893
1652140800000,2022-05-10T00:00:00+00:00,DOT/USDT,4h,10.625,11.338,10.305,10.94,1888524.359371
1652155200000,2022-05-10T04:00:00+00:00,DOT/USDT,4h,10.937,12.445,10.889,11.701,1631536.925858
1652169600000,2022-05-10T08:00:00+00:00,DOT/USDT,4h,11.7,11.987,11.549,11.91,923331.730646
1652184000000,2022-05-10T12:00:00+00:00,DOT/USDT,4h,11.909,12.347,11.297,11.686,1582231.729389
1652198400000,2022-05-10T16:00:00+00:00,DOT/USDT,4h,11.691,12.109,11.438,11.554,1001406.392102
1652212800000,2022-05-10T20:00:00+00:00,DOT/USDT,4h,11.554,11.565,10.789,11.352,1042819.592856
1652227200000,2022-05-11T00:00:00+00:00,DOT/USDT,4h,11.351,11.653,11.016,11.298,1052693.240829
1652241600000,2022-05-11T04:00:00+00:00,DOT/USDT,4h,11.301,11.415,10.211,10.497,1826705.446342
1652256000000,2022-05-11T08:00:00+00:00,DOT/USDT,4h,10.496,11.295,10.377,10.456,1450256.33589
1652270400000,2022-05-11T12:00:00+00:00,DOT/USDT,4h,10.455,10.777,8.0,9.829,7647484.831003
1652284800000,2022-05-11T16:00:00+00:00,DOT/USDT,4h,9.826,10.0,8.735,8.779,3280195.60005
1652299200000,2022-05-11T20:00:00+00:00,DOT/USDT,4h,8.777,9.166,8.181,9.088,2393507.258666
1652313600000,2022-05-12T00:00:00+00:00,DOT/USDT,4h,9.087,9.528,8.231,8.268,1893767.783955
1652328000000,2022-05-12T04:00:00+00:00,DOT/USDT,4h,8.267,8.491,7.32,8.077,3178315.806697
1652342400000,2022-05-12T08:00:00+00:00,DOT/USDT,4h,8.082,8.7,7.786,8.216,1873076.661058
1652356800000,2022-05-12T12:00:00+00:00,DOT/USDT,4h,8.214,9.28,7.946,8.791,1773622.584616
1652371200000,2022-05-12T16:00:00+00:00,DOT/USDT,4h,8.784,9.258,8.552,8.791,1097590.344599
1652385600000,2022-05-12T20:00:00+00:00,DOT/USDT,4h,8.782,9.17,8.2,8.711,919625.50524
1652400000000,2022-05-13T00:00:00+00:00,DOT/USDT,4h,8.703,9.838,8.559,9.697,1760787.427767
1652414400000,2022-05-13T04:00:00+00:00,DOT/USDT,4h,9.696,10.345,9.526,9.979,1757962.427744
1652428800000,2022-05-13T08:00:00+00:00,DOT/USDT,4h,9.977,11.393,9.977,11.282,1512316.995382
1652443200000,2022-05-13T12:00:00+00:00,DOT/USDT,4h,11.285,11.778,10.883,11.183,1056384.677765
1652457600000,2022-05-13T16:00:00+00:00,DOT/USDT,4h,11.185,11.36,10.559,10.664,635358.871912
1652472000000,2022-05-13T20:00:00+00:00,DOT/USDT,4h,10.666,11.222,10.233,10.452,481636.610102
1652486400000,2022-05-14T00:00:00+00:00,DOT/USDT,4h,10.455,11.077,10.326,10.736,549486.826826
1652500800000,2022-05-14T04:00:00+00:00,DOT/USDT,4h,10.736,10.736,10.18,10.491,433308.242313
1652515200000,2022-05-14T08:00:00+00:00,DOT/USDT,4h,10.496,10.954,9.872,10.275,603570.196993
1652529600000,2022-05-14T12:00:00+00:00,DOT/USDT,4h,10.266,10.35,9.762,9.868,553867.143238
1652544000000,2022-05-14T16:00:00+00:00,DOT/USDT,4h,9.866,11.35,9.812,10.867,759498.613736
1652558400000,2022-05-14T20:00:00+00:00,DOT/USDT,4h,10.872,11.562,10.868,11.302,492411.20673
1652572800000,2022-05-15T00:00:00+00:00,DOT/USDT,4h,11.304,11.486,10.762,10.941,531027.704151
1652587200000,2022-05-15T04:00:00+00:00,DOT/USDT,4h,10.937,11.293,10.87,10.964,426479.659392
1652601600000,2022-05-15T08:00:00+00:00,DOT/USDT,4h,10.964,11.266,10.853,11.181,521491.474201
1652616000000,2022-05-15T12:00:00+00:00,DOT/USDT,4h,11.185,11.28,10.578,10.781,680433.121368
1652630400000,2022-05-15T16:00:00+00:00,DOT/USDT,4h,10.786,11.534,10.685,11.446,417052.389267
1652644800000,2022-05-15T20:00:00+00:00,DOT/USDT,4h,11.45,11.86,11.369,11.808,553390.370453
1652659200000,2022-05-16T00:00:00+00:00,DOT/USDT,4h,11.806,11.808,11.161,11.239,493621.251522
1652673600000,2022-05-16T04:00:00+00:00,DOT/USDT,4h,11.244,11.46,10.616,10.872,549477.987998
1652688000000,2022-05-16T08:00:00+00:00,DOT/USDT,4h,10.867,11.16,10.631,10.863,433830.656717
1652702400000,2022-05-16T12:00:00+00:00,DOT/USDT,4h,10.87,11.126,10.366,10.607,635363.985743
1652716800000,2022-05-16T16:00:00+00:00,DOT/USDT,4h,10.61,10.822,10.401,10.63,449588.823591
1652731200000,2022-05-16T20:00:00+00:00,DOT/USDT,4h,10.631,10.982,10.53,10.632,309787.122398
1652745600000,2022-05-17T00:00:00+00:00,DOT/USDT,4h,10.632,11.08,10.597,11.015,350973.55835
1652760000000,2022-05-17T04:00:00+00:00,DOT/USDT,4h,11.005,11.249,10.921,11.068,362749.522303
1652774400000,2022-05-17T08:00:00+00:00,DOT/USDT,4h,11.063,11.298,10.874,10.9,478770.195488
1652788800000,2022-05-17T12:00:00+00:00,DOT/USDT,4h,10.899,11.336,10.657,10.798,602306.58878
1652803200000,2022-05-17T16:00:00+00:00,DOT/USDT,4h,10.801,10.955,10.434,10.788,582699.936503
1652817600000,2022-05-17T20:00:00+00:00,DOT/USDT,4h,10.784,11.178,10.756,11.042,387887.724207
1652832000000,2022-05-18T00:00:00+00:00,DOT/USDT,4h,11.033,11.175,10.471,10.546,458515.835344
1652846400000,2022-05-18T04:00:00+00:00,DOT/USDT,4h,10.541,10.628,10.375,10.49,594564.176713
1652860800000,2022-05-18T08:00:00+00:00,DOT/USDT,4h,10.494,10.53,10.281,10.378,544814.550729
1652875200000,2022-05-18T12:00:00+00:00,DOT/USDT,4h,10.383,10.392,9.676,9.867,791444.218738
1652889600000,2022-05-18T16:00:00+00:00,DOT/USDT,4h,9.867,10.147,9.717,10.075,498616.398881
1652904000000,2022-05-18T20:00:00+00:00,DOT/USDT,4h,10.068,10.079,9.435,9.484,500582.348608
1652918400000,2022-05-19T00:00:00+00:00,DOT/USDT,4h,9.483,9.767,9.222,9.7,598542.706529
1652932800000,2022-05-19T04:00:00+00:00,DOT/USDT,4h,9.696,9.885,9.533,9.724,257840.582523
1652947200000,2022-05-19T08:00:00+00:00,DOT/USDT,4h,9.722,10.085,9.4,10.038,244362.823619
1652961600000,2022-05-19T12:00:00+00:00,DOT/USDT,4h,10.04,10.41,9.71,10.219,522411.797896
1652976000000,2022-05-19T16:00:00+00:00,DOT/USDT,4h,10.222,10.253,9.947,9.95,196899.672711
1652990400000,2022-05-19T20:00:00+00:00,DOT/USDT,4h,9.947,10.126,9.818,10.025,252655.712668
1653004800000,2022-05-20T00:00:00+00:00,DOT/USDT,4h,10.027,10.262,9.9,9.954,211747.676465
1653019200000,2022-05-20T04:00:00+00:00,DOT/USDT,4h,9.966,10.115,9.644,9.916,321859.120086
1653033600000,2022-05-20T08:00:00+00:00,DOT/USDT,4h,9.91,10.185,9.87,10.141,212415.3855
1653048000000,2022-05-20T12:00:00+00:00,DOT/USDT,4h,10.144,10.154,9.526,9.622,376730.419658
1653062400000,2022-05-20T16:00:00+00:00,DOT/USDT,4h,9.617,9.784,9.444,9.767,228327.311268
1653076800000,2022-05-20T20:00:00+00:00,DOT/USDT,4h,9.76,9.813,9.645,9.662,156269.822914
1653091200000,2022-05-21T00:00:00+00:00,DOT/USDT,4h,9.663,9.771,9.468,9.744,186811.397587
1653105600000,2022-05-21T04:00:00+00:00,DOT/USDT,4h,9.745,9.857,9.666,9.818,85045.255865
1653120000000,2022-05-21T08:00:00+00:00,DOT/USDT,4h,9.825,9.876,9.713,9.765,95612.582826
1653134400000,2022-05-21T12:00:00+00:00,DOT/USDT,4h,9.766,9.918,9.67,9.911,142901.750735
1653148800000,2022-05-21T16:00:00+00:00,DOT/USDT,4h,9.909,10.1,9.848,9.918,173555.570349
1653163200000,2022-05-21T20:00:00+00:00,DOT/USDT,4h,9.92,10.056,9.844,9.99,70266.483497
1653177600000,2022-05-22T00:00:00+00:00,DOT/USDT,4h,9.992,10.065,9.87,9.977,100794.588427
1653192000000,2022-05-22T04:00:00+00:00,DOT/USDT,4h,9.975,10.125,9.95,10.071,121969.798494
1653206400000,2022-05-22T08:00:00+00:00,DOT/USDT,4h,10.071,10.332,10.036,10.091,251734.89752
1653220800000,2022-05-22T12:00:00+00:00,DOT/USDT,4h,10.092,10.26,10.01,10.077,113957.157777
1653235200000,2022-05-22T16:00:00+00:00,DOT/USDT,4h,10.074,10.165,9.938,9.982,90734.490273
1653249600000,2022-05-22T20:00:00+00:00,DOT/USDT,4h,9.978,10.248,9.978,10.167,169302.462822
1653264000000,2022-05-23T00:00:00+00:00,DOT/USDT,4h,10.155,10.296,9.984,10.075,115707.228697
1653278400000,2022-05-23T04:00:00+00:00,DOT/USDT,4h,10.069,10.44,10.049,10.341,164869.141452
1653292800000,2022-05-23T08:00:00+00:00,DOT/USDT,4h,10.335,10.465,10.24,10.409,164836.85602
1653307200000,2022-05-23T12:00:00+00:00,DOT/USDT,4h,10.42,10.66,10.253,10.593,308297.236583
1653321600000,2022-05-23T16:00:00+00:00,DOT/USDT,4h,10.594,10.737,10.057,10.186,306364.147817
1653336000000,2022-05-23T20:00:00+00:00,DOT/USDT,4h,10.182,10.495,9.802,9.888,299554.555591
1653350400000,2022-05-24T00:00:00+00:00,DOT/USDT,4h,9.889,10.055,9.833,10.013,120535.947808
1653364800000,2022-05-24T04:00:00+00:00,DOT/USDT,4h,10.013,10.029,9.87,9.989,92498.615081
1653379200000,2022-05-24T08:00:00+00:00,DOT/USDT,4h,9.986,9.996,9.686,9.866,160456.147724
1653393600000,2022-05-24T12:00:00+00:00,DOT/USDT,4h,9.865,10.078,9.564,9.988,256828.857586
1653408000000,2022-05-24T16:00:00+00:00,DOT/USDT,4h,9.982,10.146,9.877,10.022,354318.2225
1653422400000,2022-05-24T20:00:00+00:00,DOT/USDT,4h,10.021,10.27,9.955,10.185,137292.300149
1653436800000,2022-05-25T00:00:00+00:00,DOT/USDT,4h,10.188,10.335,10.017,10.279,152631.608927
1653451200000,2022-05-25T04:00:00+00:00,DOT/USDT,4h,10.287,10.288,9.887,9.988,155462.46324
1653465600000,2022-05-25T08:00:00+00:00,DOT/USDT,4h,9.988,10.141,9.868,9.962,143909.420231
1653480000000,2022-05-25T12:00:00+00:00,DOT/USDT,4h,9.956,10.145,9.816,9.939,261200.447872
1653494400000,2022-05-25T16:00:00+00:00,DOT/USDT,4h,9.933,10.035,9.776,9.93,156066.871063
1653508800000,2022-05-25T20:00:00+00:00,DOT/USDT,4h,9.93,10.057,9.832,9.874,91166.504615
1653523200000,2022-05-26T00:00:00+00:00,DOT/USDT,4h,9.872,10.004,9.787,9.907,118019.133688
1653537600000,2022-05-26T04:00:00+00:00,DOT/USDT,4h,9.904,9.907,9.553,9.735,234093.796959
1653552000000,2022-05-26T08:00:00+00:00,DOT/USDT,4h,9.735,9.741,9.085,9.207,419452.177093
1653566400000,2022-05-26T12:00:00+00:00,DOT/USDT,4h,9.207,9.508,8.826,9.374,648715.849561
1653580800000,2022-05-26T16:00:00+00:00,DOT/USDT,4h,9.372,9.555,9.143,9.157,236490.387887
1653595200000,2022-05-26T20:00:00+00:00,DOT/USDT,4h,9.156,9.422,9.115,9.138,180656.914143
1653609600000,2022-05-27T00:00:00+00:00,DOT/USDT,4h,9.135,9.214,8.696,9.014,410848.058176
1653624000000,2022-05-27T04:00:00+00:00,DOT/USDT,4h,9.018,9.066,8.569,8.859,499481.787491
1653638400000,2022-05-27T08:00:00+00:00,DOT/USDT,4h,8.854,10.0,8.764,9.672,1025838.461395
1653652800000,2022-05-27T12:00:00+00:00,DOT/USDT,4h,9.671,10.002,9.434,9.556,594770.144003
1653667200000,2022-05-27T16:00:00+00:00,DOT/USDT,4h,9.549,9.624,9.021,9.26,606520.339331
1653681600000,2022-05-27T20:00:00+00:00,DOT/USDT,4h,9.262,9.379,9.039,9.119,225039.911305
1653696000000,2022-05-28T00:00:00+00:00,DOT/USDT,4h,9.12,9.343,8.96,9.25,213251.832485
1653710400000,2022-05-28T04:00:00+00:00,DOT/USDT,4h,9.254,9.431,9.105,9.176,306123.57462
1653724800000,2022-05-28T08:00:00+00:00,DOT/USDT,4h,9.176,9.505,9.138,9.379,313815.038455
1653739200000,2022-05-28T12:00:00+00:00,DOT/USDT,4h,9.372,9.6,9.328,9.455,204590.787369
1653753600000,2022-05-28T16:00:00+00:00,DOT/USDT,4h,9.453,9.707,9.337,9.647,175817.972849
1653768000000,2022-05-28T20:00:00+00:00,DOT/USDT,4h,9.651,9.8,9.57,9.645,122443.202022
1653782400000,2022-05-29T00:00:00+00:00,DOT/USDT,4h,9.649,9.69,9.328,9.417,256729.890664
1653796800000,2022-05-29T04:00:00+00:00,DOT/USDT,4h,9.414,9.498,9.343,9.44,96631.623536
1653811200000,2022-05-29T08:00:00+00:00,DOT/USDT,4h,9.444,9.644,9.4,9.625,213011.674471
1653825600000,2022-05-29T12:00:00+00:00,DOT/USDT,4h,9.627,10.03,9.61,9.812,413133.554352
1653840000000,2022-05-29T16:00:00+00:00,DOT/USDT,4h,9.814,9.943,9.804,9.857,120014.312752
1653854400000,2022-05-29T20:00:00+00:00,DOT/USDT,4h,9.845,10.027,9.761,9.987,190535.533899
1653868800000,2022-05-30T00:00:00+00:00,DOT/USDT,4h,9.985,10.435,9.912,10.254,310891.325945
1653883200000,2022-05-30T04:00:00+00:00,DOT/USDT,4h,10.255,10.677,10.177,10.462,348161.194822
1653897600000,2022-05-30T08:00:00+00:00,DOT/USDT,4h,10.459,10.482,10.113,10.178,270231.903148
1653912000000,2022-05-30T12:00:00+00:00,DOT/USDT,4h,10.172,10.406,10.023,10.3,235884.934887
1653926400000,2022-05-30T16:00:00+00:00,DOT/USDT,4h,10.302,10.394,10.168,10.296,148904.232549
1653940800000,2022-05-30T20:00:00+00:00,DOT/USDT,4h,10.293,10.79,10.254,10.469,382793.321616
1653955200000,2022-05-31T00:00:00+00:00,DOT/USDT,4h,10.471,10.649,10.31,10.519,286716.196768
1653969600000,2022-05-31T04:00:00+00:00,DOT/USDT,4h,10.518,10.597,10.232,10.376,217334.408913
1653984000000,2022-05-31T08:00:00+00:00,DOT/USDT,4h,10.379,10.492,10.195,10.407,181000.00018
1653998400000,2022-05-31T12:00:00+00:00,DOT/USDT,4h,10.407,10.494,9.957,10.415,425983.856767
1654012800000,2022-05-31T16:00:00+00:00,DOT/USDT,4h,10.412,10.497,10.177,10.271,258312.906315
1654027200000,2022-05-31T20:00:00+00:00,DOT/USDT,4h,10.268,10.574,10.268,10.353,172493.680562
1654041600000,2022-06-01T00:00:00+00:00,DOT/USDT,4h,10.357,10.4,10.094,10.117,220326.412884
1654056000000,2022-06-01T04:00:00+00:00,DOT/USDT,4h,10.107,10.5,10.034,10.308,253575.897295
1654070400000,2022-06-01T08:00:00+00:00,DOT/USDT,4h,10.308,10.583,10.235,10.385,225152.301452
1654084800000,2022-06-01T12:00:00+00:00,DOT/USDT,4h,10.398,10.747,10.016,10.036,489513.199319
1654099200000,2022-06-01T16:00:00+00:00,DOT/USDT,4h,10.03,10.03,9.575,9.61,446250.763917
1654113600000,2022-06-01T20:00:00+00:00,DOT/USDT,4h,9.606,9.621,9.257,9.458,320074.093406
1654128000000,2022-06-02T00:00:00+00:00,DOT/USDT,4h,9.457,9.583,9.297,9.41,277901.215059
1654142400000,2022-06-02T04:00:00+00:00,DOT/USDT,4h,9.414,9.544,9.35,9.482,151297.195838
1654156800000,2022-06-02T08:00:00+00:00,DOT/USDT,4h,9.487,9.642,9.436,9.633,174363.250743
1654171200000,2022-06-02T12:00:00+00:00,DOT/USDT,4h,9.631,9.672,9.378,9.598,312044.556157
1654185600000,2022-06-02T16:00:00+00:00,DOT/USDT,4h,9.6,9.954,9.568,9.872,272545.295442
1654200000000,2022-06-02T20:00:00+00:00,DOT/USDT,4h,9.875,10.058,9.812,9.882,215613.805265
1654214400000,2022-06-03T00:00:00+00:00,DOT/USDT,4h,9.88,9.919,9.734,9.797,124744.932046
1654228800000,2022-06-03T04:00:00+00:00,DOT/USDT,4h,9.8,9.914,9.752,9.773,168961.005609
1654243200000,2022-06-03T08:00:00+00:00,DOT/USDT,4h,9.777,9.853,9.3,9.326,372228.274398
1654257600000,2022-06-03T12:00:00+00:00,DOT/USDT,4h,9.331,9.41,9.203,9.255,275635.113762
1654272000000,2022-06-03T16:00:00+00:00,DOT/USDT,4h,9.253,9.45,9.23,9.321,190173.581436
1654286400000,2022-06-03T20:00:00+00:00,DOT/USDT,4h,9.322,9.503,9.294,9.371,95969.386038
1654300800000,2022-06-04T00:00:00+00:00,DOT/USDT,4h,9.373,9.421,9.127,9.212,189919.948919
1654315200000,2022-06-04T04:00:00+00:00,DOT/USDT,4h,9.208,9.417,9.202,9.38,113948.479228
1654329600000,2022-06-04T08:00:00+00:00,DOT/USDT,4h,9.383,9.458,9.304,9.322,70189.056836
1654344000000,2022-06-04T12:00:00+00:00,DOT/USDT,4h,9.326,9.491,9.206,9.438,124202.245422
1654358400000,2022-06-04T16:00:00+00:00,DOT/USDT,4h,9.434,9.481,9.346,9.372,64711.423317
1654372800000,2022-06-04T20:00:00+00:00,DOT/USDT,4h,9.372,9.56,9.366,9.446,70298.364536
1654387200000,2022-06-05T00:00:00+00:00,DOT/USDT,4h,9.449,9.488,9.265,9.389,92712.72506
1654401600000,2022-06-05T04:00:00+00:00,DOT/USDT,4h,9.39,9.403,9.308,9.317,63891.520449
1654416000000,2022-06-05T08:00:00+00:00,DOT/USDT,4h,9.316,9.382,9.251,9.326,93816.947728
1654430400000,2022-06-05T12:00:00+00:00,DOT/USDT,4h,9.326,9.456,9.276,9.45,88696.880491
1654444800000,2022-06-05T16:00:00+00:00,DOT/USDT,4h,9.446,9.542,9.375,9.501,131587.408459
1654459200000,2022-06-05T20:00:00+00:00,DOT/USDT,4h,9.505,9.554,9.316,9.348,76597.197236
1654473600000,2022-06-06T00:00:00+00:00,DOT/USDT,4h,9.35,9.846,9.32,9.828,212693.8534
1654488000000,2022-06-06T04:00:00+00:00,DOT/USDT,4h,9.829,9.886,9.689,9.867,173300.165969
1654502400000,2022-06-06T08:00:00+00:00,DOT/USDT,4h,9.871,9.937,9.767,9.775,180250.850432
1654516800000,2022-06-06T12:00:00+00:00,DOT/USDT,4h,9.776,9.861,9.633,9.704,244526.60754
1654531200000,2022-06-06T16:00:00+00:00,DOT/USDT,4h,9.707,9.71,9.443,9.575,122362.719686
1654545600000,2022-06-06T20:00:00+00:00,DOT/USDT,4h,9.573,9.579,9.398,9.504,90390.655644
1654560000000,2022-06-07T00:00:00+00:00,DOT/USDT,4h,9.505,9.517,8.833,9.092,585244.688686
1654574400000,2022-06-07T04:00:00+00:00,DOT/USDT,4h,9.095,9.138,9.025,9.07,103247.829276
1654588800000,2022-06-07T08:00:00+00:00,DOT/USDT,4h,9.07,9.161,8.957,9.001,131782.122808
1654603200000,2022-06-07T12:00:00+00:00,DOT/USDT,4h,9.001,9.228,8.935,9.112,136926.454419
1654617600000,2022-06-07T16:00:00+00:00,DOT/USDT,4h,9.11,9.454,9.048,9.339,131635.334587
1654632000000,2022-06-07T20:00:00+00:00,DOT/USDT,4h,9.337,9.5,8.986,9.223,245941.463092
1654646400000,2022-06-08T00:00:00+00:00,DOT/USDT,4h,9.227,9.397,8.971,9.033,246037.861198
1654660800000,2022-06-08T04:00:00+00:00,DOT/USDT,4h,9.03,9.212,8.974,9.146,171001.235135
1654675200000,2022-06-08T08:00:00+00:00,DOT/USDT,4h,9.145,9.189,9.05,9.093,121926.524875
1654689600000,2022-06-08T12:00:00+00:00,DOT/USDT,4h,9.093,9.243,8.98,9.144,165593.033107
1654704000000,2022-06-08T16:00:00+00:00,DOT/USDT,4h,9.14,9.167,8.891,9.016,123448.462098
1654718400000,2022-06-08T20:00:00+00:00,DOT/USDT,4h,9.012,9.115,8.965,8.999,70172.296586
1654732800000,2022-06-09T00:00:00+00:00,DOT/USDT,4h,9.006,9.112,8.914,9.09,83655.776126
1654747200000,2022-06-09T04:00:00+00:00,DOT/USDT,4h,9.09,9.3,9.062,9.244,177949.0905
1654761600000,2022-06-09T08:00:00+00:00,DOT/USDT,4h,9.249,9.377,9.167,9.178,145653.147168
1654776000000,2022-06-09T12:00:00+00:00,DOT/USDT,4h,9.177,9.371,9.075,9.264,273075.018978
1654790400000,2022-06-09T16:00:00+00:00,DOT/USDT,4h,9.266,9.468,9.17,9.187,234524.642245
1654804800000,2022-06-09T20:00:00+00:00,DOT/USDT,4h,9.189,9.318,9.16,9.233,86898.73771
1654819200000,2022-06-10T00:00:00+00:00,DOT/USDT,4h,9.234,9.37,9.013,9.277,187967.347391
1654833600000,2022-06-10T04:00:00+00:00,DOT/USDT,4h,9.28,9.373,9.153,9.226,165914.288748
1654848000000,2022-06-10T08:00:00+00:00,DOT/USDT,4h,9.225,9.24,9.007,9.115,163335.82227
1654862400000,2022-06-10T12:00:00+00:00,DOT/USDT,4h,9.112,9.197,8.642,8.857,625926.513617
1654876800000,2022-06-10T16:00:00+00:00,DOT/USDT,4h,8.85,8.858,8.58,8.702,268140.039073
1654891200000,2022-06-10T20:00:00+00:00,DOT/USDT,4h,8.704,8.819,8.52,8.662,98688.83345
1654905600000,2022-06-11T00:00:00+00:00,DOT/USDT,4h,8.661,8.799,8.632,8.754,94417.292728
1654920000000,2022-06-11T04:00:00+00:00,DOT/USDT,4h,8.755,8.85,8.687,8.833,85026.396154
1654934400000,2022-06-11T08:00:00+00:00,DOT/USDT,4h,8.833,8.85,8.247,8.349,334840.593682
1654948800000,2022-06-11T12:00:00+00:00,DOT/USDT,4h,8.348,8.398,7.906,8.047,447839.921007
1654963200000,2022-06-11T16:00:00+00:00,DOT/USDT,4h,8.052,8.318,8.003,8.158,203299.679121
1654977600000,2022-06-11T20:00:00+00:00,DOT/USDT,4h,8.159,8.221,7.949,8.038,107388.034393
1654992000000,2022-06-12T00:00:00+00:00,DOT/USDT,4h,8.041,8.11,7.553,7.678,387999.911776
1655006400000,2022-06-12T04:00:00+00:00,DOT/USDT,4h,7.677,7.778,7.5,7.714,215993.867277
1655020800000,2022-06-12T08:00:00+00:00,DOT/USDT,4h,7.716,7.795,7.543,7.681,202142.96018
1655035200000,2022-06-12T12:00:00+00:00,DOT/USDT,4h,7.678,8.113,7.462,7.993,349887.949082
1655049600000,2022-06-12T16:00:00+00:00,DOT/USDT,4h,7.993,8.039,7.745,7.791,166925.730441
1655064000000,2022-06-12T20:00:00+00:00,DOT/USDT,4h,7.779,7.836,7.388,7.4,172413.414891
1655078400000,2022-06-13T00:00:00+00:00,DOT/USDT,4h,7.4,7.483,6.901,7.091,973304.13353
1655092800000,2022-06-13T04:00:00+00:00,DOT/USDT,4h,7.096,7.331,6.661,6.763,570464.829245
1655107200000,2022-06-13T08:00:00+00:00,DOT/USDT,4h,6.768,6.812,6.35,6.553,936845.849364
1655121600000,2022-06-13T12:00:00+00:00,DOT/USDT,4h,6.554,7.023,6.553,6.959,737804.007472
1655136000000,2022-06-13T16:00:00+00:00,DOT/USDT,4h,6.96,7.219,6.842,7.018,561685.08604
1655150400000,2022-06-13T20:00:00+00:00,DOT/USDT,4h,7.018,7.216,6.777,7.045,519039.779815
1655164800000,2022-06-14T00:00:00+00:00,DOT/USDT,4h,7.042,7.408,6.678,7.25,1317923.948383
1655179200000,2022-06-14T04:00:00+00:00,DOT/USDT,4h,7.251,7.555,7.043,7.512,854073.784882
1655193600000,2022-06-14T08:00:00+00:00,DOT/USDT,4h,7.514,7.532,7.151,7.212,517470.284955
1655208000000,2022-06-14T12:00:00+00:00,DOT/USDT,4h,7.219,7.514,7.085,7.46,553409.716037
1655222400000,2022-06-14T16:00:00+00:00,DOT/USDT,4h,7.458,7.506,7.234,7.298,224879.623599
1655236800000,2022-06-14T20:00:00+00:00,DOT/USDT,4h,7.299,7.443,7.053,7.365,234883.059714
1655251200000,2022-06-15T00:00:00+00:00,DOT/USDT,4h,7.367,7.698,7.335,7.403,460148.275545
1655265600000,2022-06-15T04:00:00+00:00,DOT/USDT,4h,7.405,7.405,7.002,7.076,446463.796042
1655280000000,2022-06-15T08:00:00+00:00,DOT/USDT,4h,7.073,7.349,6.841,7.192,687442.722651
1655294400000,2022-06-15T12:00:00+00:00,DOT/USDT,4h,7.19,7.413,7.113,7.304,530124.840017
1655308800000,2022-06-15T16:00:00+00:00,DOT/USDT,4h,7.303,8.15,6.875,7.867,1234846.50917
1655323200000,2022-06-15T20:00:00+00:00,DOT/USDT,4h,7.872,8.813,7.817,8.505,824341.09848
1655337600000,2022-06-16T00:00:00+00:00,DOT/USDT,4h,8.498,8.556,8.197,8.21,459659.900986
1655352000000,2022-06-16T04:00:00+00:00,DOT/USDT,4h,8.21,8.333,7.823,7.874,299564.720302
1655366400000,2022-06-16T08:00:00+00:00,DOT/USDT,4h,7.881,7.939,7.409,7.518,390989.973888
1655380800000,2022-06-16T12:00:00+00:00,DOT/USDT,4h,7.518,7.716,7.232,7.426,496509.156435
1655395200000,2022-06-16T16:00:00+00:00,DOT/USDT,4h,7.427,7.552,7.138,7.208,368296.407959
1655409600000,2022-06-16T20:00:00+00:00,DOT/USDT,4h,7.208,7.417,6.973,7.127,304095.643608
1655424000000,2022-06-17T00:00:00+00:00,DOT/USDT,4h,7.125,7.397,7.032,7.113,290826.318605
1655438400000,2022-06-17T04:00:00+00:00,DOT/USDT,4h,7.114,7.432,7.071,7.328,271439.973768
1655452800000,2022-06-17T08:00:00+00:00,DOT/USDT,4h,7.329,7.44,7.186,7.331,295390.954588
1655467200000,2022-06-17T12:00:00+00:00,DOT/USDT,4h,7.33,7.461,7.187,7.302,295293.84546
1655481600000,2022-06-17T16:00:00+00:00,DOT/USDT,4h,7.299,7.343,7.157,7.275,141365.75156
1655496000000,2022-06-17T20:00:00+00:00,DOT/USDT,4h,7.274,7.421,7.254,7.277,143055.870102
1655510400000,2022-06-18T00:00:00+00:00,DOT/USDT,4h,7.275,7.415,7.098,7.223,216469.855497
1655524800000,2022-06-18T04:00:00+00:00,DOT/USDT,4h,7.225,7.261,6.753,6.786,429532.424516
1655539200000,2022-06-18T08:00:00+00:00,DOT/USDT,4h,6.782,6.869,6.624,6.769,568278.753626
1655553600000,2022-06-18T12:00:00+00:00,DOT/USDT,4h,6.769,6.914,6.75,6.83,261859.68553
1655568000000,2022-06-18T16:00:00+00:00,DOT/USDT,4h,6.827,6.935,6.546,6.566,294592.27777
1655582400000,2022-06-18T20:00:00+00:00,DOT/USDT,4h,6.571,7.232,6.461,7.051,501778.330678
1655596800000,2022-06-19T00:00:00+00:00,DOT/USDT,4h,7.049,7.153,6.768,6.883,406426.017714
1655611200000,2022-06-19T04:00:00+00:00,DOT/USDT,4h,6.88,7.092,6.802,6.926,392501.101944
1655625600000,2022-06-19T08:00:00+00:00,DOT/USDT,4h,6.929,7.341,6.882,7.228,512549.122357
1655640000000,2022-06-19T12:00:00+00:00,DOT/USDT,4h,7.228,7.375,7.102,7.36,312337.960657
1655654400000,2022-06-19T16:00:00+00:00,DOT/USDT,4h,7.351,7.58,7.143,7.421,331388.415701
1655668800000,2022-06-19T20:00:00+00:00,DOT/USDT,4h,7.421,7.643,7.414,7.527,260443.056352
1655683200000,2022-06-20T00:00:00+00:00,DOT/USDT,4h,7.527,7.57,7.164,7.314,247194.67513
1655697600000,2022-06-20T04:00:00+00:00,DOT/USDT,4h,7.314,7.4,7.209,7.354,157200.89064
1655712000000,2022-06-20T08:00:00+00:00,DOT/USDT,4h,7.353,8.022,7.338,7.974,570521.909707
1655726400000,2022-06-20T12:00:00+00:00,DOT/USDT,4h,7.974,7.99,7.723,7.842,332005.156533
1655740800000,2022-06-20T16:00:00+00:00,DOT/USDT,4h,7.843,7.856,7.624,7.745,161576.347238
1655755200000,2022-06-20T20:00:00+00:00,DOT/USDT,4h,7.747,7.958,7.631,7.877,133613.133398
1655769600000,2022-06-21T00:00:00+00:00,DOT/USDT,4h,7.876,7.936,7.709,7.924,177357.317069
1655784000000,2022-06-21T04:00:00+00:00,DOT/USDT,4h,7.924,8.27,7.908,8.092,404734.974559
1655798400000,2022-06-21T08:00:00+00:00,DOT/USDT,4h,8.092,8.245,7.939,7.959,332859.718307
1655812800000,2022-06-21T12:00:00+00:00,DOT/USDT,4h,7.959,8.277,7.945,8.083,291497.163922
1655827200000,2022-06-21T16:00:00+00:00,DOT/USDT,4h,8.084,8.164,7.789,7.805,173019.215683
1655841600000,2022-06-21T20:00:00+00:00,DOT/USDT,4h,7.804,7.881,7.676,7.76,150088.632041
1655856000000,2022-06-22T00:00:00+00:00,DOT/USDT,4h,7.76,7.775,7.455,7.476,228607.897678
1655870400000,2022-06-22T04:00:00+00:00,DOT/USDT,4h,7.473,7.63,7.383,7.402,174389.853559
1655884800000,2022-06-22T08:00:00+00:00,DOT/USDT,4h,7.404,7.664,7.357,7.593,162910.091081
1655899200000,2022-06-22T12:00:00+00:00,DOT/USDT,4h,7.595,7.819,7.458,7.52,216338.231032
1655913600000,2022-06-22T16:00:00+00:00,DOT/USDT,4h,7.519,7.672,7.422,7.557,145714.802342
1655928000000,2022-06-22T20:00:00+00:00,DOT/USDT,4h,7.558,7.602,7.382,7.39,103090.386778
1655942400000,2022-06-23T00:00:00+00:00,DOT/USDT,4h,7.392,7.649,7.36,7.503,134300.995289
1655956800000,2022-06-23T04:00:00+00:00,DOT/USDT,4h,7.502,7.708,7.491,7.572,143981.953277
1655971200000,2022-06-23T08:00:00+00:00,DOT/USDT,4h,7.572,7.693,7.512,7.612,214861.153225
1655985600000,2022-06-23T12:00:00+00:00,DOT/USDT,4h,7.611,7.777,7.484,7.56,227988.260022
1656000000000,2022-06-23T16:00:00+00:00,DOT/USDT,4h,7.561,7.746,7.455,7.729,189147.763188
1656014400000,2022-06-23T20:00:00+00:00,DOT/USDT,4h,7.729,7.818,7.618,7.781,187133.581877
1656028800000,2022-06-24T00:00:00+00:00,DOT/USDT,4h,7.78,8.1,7.723,7.989,289096.773462
1656043200000,2022-06-24T04:00:00+00:00,DOT/USDT,4h,7.987,8.03,7.803,7.914,222231.79877
1656057600000,2022-06-24T08:00:00+00:00,DOT/USDT,4h,7.914,8.168,7.909,8.06,278945.985552
1656072000000,2022-06-24T12:00:00+00:00,DOT/USDT,4h,8.052,8.2,7.99,8.083,489365.55847
1656086400000,2022-06-24T16:00:00+00:00,DOT/USDT,4h,8.083,8.192,8.0,8.186,108167.266844
1656100800000,2022-06-24T20:00:00+00:00,DOT/USDT,4h,8.186,8.35,8.114,8.191,173824.386482
1656115200000,2022-06-25T00:00:00+00:00,DOT/USDT,4h,8.189,8.303,8.066,8.184,105169.623223
1656129600000,2022-06-25T04:00:00+00:00,DOT/USDT,4h,8.184,8.32,8.118,8.28,108706.26943
1656144000000,2022-06-25T08:00:00+00:00,DOT/USDT,4h,8.279,8.375,8.156,8.173,120518.247418
1656158400000,2022-06-25T12:00:00+00:00,DOT/USDT,4h,8.172,8.204,7.797,7.81,210935.486613
1656172800000,2022-06-25T16:00:00+00:00,DOT/USDT,4h,7.809,8.049,7.796,8.018,66407.939764
1656187200000,2022-06-25T20:00:00+00:00,DOT/USDT,4h,8.018,8.179,7.963,8.137,80958.108287
1656201600000,2022-06-26T00:00:00+00:00,DOT/USDT,4h,8.137,8.221,7.994,8.08,136191.846775
1656216000000,2022-06-26T04:00:00+00:00,DOT/USDT,4h,8.081,8.288,8.041,8.222,165436.307798
1656230400000,2022-06-26T08:00:00+00:00,DOT/USDT,4h,8.222,8.497,8.149,8.381,249477.471017
1656244800000,2022-06-26T12:00:00+00:00,DOT/USDT,4h,8.38,8.492,8.029,8.129,257069.457918
1656259200000,2022-06-26T16:00:00+00:00,DOT/USDT,4h,8.127,8.164,7.912,8.036,140367.019562
1656273600000,2022-06-26T20:00:00+00:00,DOT/USDT,4h,8.035,8.278,7.813,7.834,160980.572678
1656288000000,2022-06-27T00:00:00+00:00,DOT/USDT,4h,7.838,8.028,7.806,8.0,139054.067085
1656302400000,2022-06-27T04:00:00+00:00,DOT/USDT,4h,8.0,8.098,7.926,8.086,111656.201642
1656316800000,2022-06-27T08:00:00+00:00,DOT/USDT,4h,8.085,8.206,8.078,8.09,137945.263544
1656331200000,2022-06-27T12:00:00+00:00,DOT/USDT,4h,8.091,8.169,7.801,7.952,235943.64727
1656345600000,2022-06-27T16:00:00+00:00,DOT/USDT,4h,7.95,7.951,7.689,7.776,175661.313078
1656360000000,2022-06-27T20:00:00+00:00,DOT/USDT,4h,7.776,7.899,7.71,7.747,107008.035207
1656374400000,2022-06-28T00:00:00+00:00,DOT/USDT,4h,7.744,7.841,7.474,7.573,280829.889913
1656388800000,2022-06-28T04:00:00+00:00,DOT/USDT,4h,7.574,7.748,7.549,7.719,157888.039504
1656403200000,2022-06-28T08:00:00+00:00,DOT/USDT,4h,7.718,7.899,7.695,7.86,220233.423867
1656417600000,2022-06-28T12:00:00+00:00,DOT/USDT,4h,7.86,7.998,7.581,7.582,299557.95253
1656432000000,2022-06-28T16:00:00+00:00,DOT/USDT,4h,7.583,7.656,7.42,7.469,320539.20839
1656446400000,2022-06-28T20:00:00+00:00,DOT/USDT,4h,7.468,7.531,7.26,7.316,164573.32866
1656460800000,2022-06-29T00:00:00+00:00,DOT/USDT,4h,7.315,7.458,7.263,7.305,323733.077251
1656475200000,2022-06-29T04:00:00+00:00,DOT/USDT,4h,7.3,7.329,7.053,7.249,455745.99495
1656489600000,2022-06-29T08:00:00+00:00,DOT/USDT,4h,7.248,7.31,7.124,7.206,240986.14774
1656504000000,2022-06-29T12:00:00+00:00,DOT/USDT,4h,7.207,7.269,7.014,7.192,326223.98122
1656518400000,2022-06-29T16:00:00+00:00,DOT/USDT,4h,7.192,7.209,7.035,7.149,245015.671341
1656532800000,2022-06-29T20:00:00+00:00,DOT/USDT,4h,7.15,7.221,6.954,7.039,342951.71584
1656547200000,2022-06-30T00:00:00+00:00,DOT/USDT,4h,7.039,7.046,6.832,6.926,332241.417431
1656561600000,2022-06-30T04:00:00+00:00,DOT/USDT,4h,6.926,6.977,6.769,6.812,452063.709536
1656576000000,2022-06-30T08:00:00+00:00,DOT/USDT,4h,6.812,6.816,6.644,6.753,365153.874764
1656590400000,2022-06-30T12:00:00+00:00,DOT/USDT,4h,6.752,6.918,6.64,6.83,368132.812231
1656604800000,2022-06-30T16:00:00+00:00,DOT/USDT,4h,6.83,6.948,6.733,6.815,181238.374854
1656619200000,2022-06-30T20:00:00+00:00,DOT/USDT,4h,6.814,7.102,6.672,7.065,431138.649675
1656633600000,2022-07-01T00:00:00+00:00,DOT/USDT,4h,7.065,7.256,6.828,6.846,953147.83295
1656648000000,2022-07-01T04:00:00+00:00,DOT/USDT,4h,6.846,6.865,6.543,6.795,677701.138465
1656662400000,2022-07-01T08:00:00+00:00,DOT/USDT,4h,6.796,6.884,6.633,6.708,476661.366526
1656676800000,2022-07-01T12:00:00+00:00,DOT/USDT,4h,6.708,6.841,6.649,6.707,362010.388036
1656691200000,2022-07-01T16:00:00+00:00,DOT/USDT,4h,6.708,6.843,6.688,6.829,234113.101559
1656705600000,2022-07-01T20:00:00+00:00,DOT/USDT,4h,6.83,6.937,6.703,6.757,196486.180235
1656720000000,2022-07-02T00:00:00+00:00,DOT/USDT,4h,6.753,6.819,6.627,6.666,283778.462288
1656734400000,2022-07-02T04:00:00+00:00,DOT/USDT,4h,6.666,6.756,6.663,6.686,145621.706091
1656748800000,2022-07-02T08:00:00+00:00,DOT/USDT,4h,6.685,6.84,6.638,6.806,211436.766021
1656763200000,2022-07-02T12:00:00+00:00,DOT/USDT,4h,6.806,6.87,6.709,6.754,264587.766475
1656777600000,2022-07-02T16:00:00+00:00,DOT/USDT,4h,6.754,6.91,6.729,6.852,142971.170358
1656792000000,2022-07-02T20:00:00+00:00,DOT/USDT,4h,6.852,6.903,6.804,6.824,71565.182071
1656806400000,2022-07-03T00:00:00+00:00,DOT/USDT,4h,6.823,6.871,6.73,6.786,113164.604191
1656820800000,2022-07-03T04:00:00+00:00,DOT/USDT,4h,6.783,6.855,6.613,6.714,234889.85545
1656835200000,2022-07-03T08:00:00+00:00,DOT/USDT,4h,6.714,6.747,6.663,6.719,101744.625727
1656849600000,2022-07-03T12:00:00+00:00,DOT/USDT,4h,6.72,6.763,6.631,6.681,111162.245803
1656864000000,2022-07-03T16:00:00+00:00,DOT/USDT,4h,6.68,6.918,6.663,6.909,175528.773836
1656878400000,2022-07-03T20:00:00+00:00,DOT/USDT,4h,6.91,6.986,6.801,6.854,164635.914912
1656892800000,2022-07-04T00:00:00+00:00,DOT/USDT,4h,6.853,6.896,6.666,6.705,179363.580218
1656907200000,2022-07-04T04:00:00+00:00,DOT/USDT,4h,6.704,6.784,6.66,6.725,109957.225223
1656921600000,2022-07-04T08:00:00+00:00,DOT/USDT,4h,6.723,6.988,6.703,6.961,236309.68794
1656936000000,2022-07-04T12:00:00+00:00,DOT/USDT,4h,6.962,7.151,6.925,7.0,485166.879154
1656950400000,2022-07-04T16:00:00+00:00,DOT/USDT,4h,6.998,7.087,6.964,7.013,194723.999276
1656964800000,2022-07-04T20:00:00+00:00,DOT/USDT,4h,7.014,7.219,6.977,7.17,272671.777814
1656979200000,2022-07-05T00:00:00+00:00,DOT/USDT,4h,7.17,7.225,6.777,7.047,467495.39094
1656993600000,2022-07-05T04:00:00+00:00,DOT/USDT,4h,7.046,7.124,6.981,7.041,232758.728808
1657008000000,2022-07-05T08:00:00+00:00,DOT/USDT,4h,7.042,7.044,6.79,6.817,443082.118324
1657022400000,2022-07-05T12:00:00+00:00,DOT/USDT,4h,6.817,6.822,6.6,6.725,526946.660883
1657036800000,2022-07-05T16:00:00+00:00,DOT/USDT,4h,6.725,6.948,6.675,6.891,384538.14595
1657051200000,2022-07-05T20:00:00+00:00,DOT/USDT,4h,6.891,6.988,6.804,6.842,301121.48496
1657065600000,2022-07-06T00:00:00+00:00,DOT/USDT,4h,6.841,6.933,6.693,6.816,377085.863797
1657080000000,2022-07-06T04:00:00+00:00,DOT/USDT,4h,6.815,6.899,6.771,6.841,267896.701969
1657094400000,2022-07-06T08:00:00+00:00,DOT/USDT,4h,6.841,6.979,6.797,6.879,295738.558409
1657108800000,2022-07-06T12:00:00+00:00,DOT/USDT,4h,6.879,6.968,6.845,6.902,247073.577358
1657123200000,2022-07-06T16:00:00+00:00,DOT/USDT,4h,6.902,6.96,6.797,6.871,241379.346531
1657137600000,2022-07-06T20:00:00+00:00,DOT/USDT,4h,6.871,7.014,6.837,6.926,242207.343404
1657152000000,2022-07-07T00:00:00+00:00,DOT/USDT,4h,6.925,7.015,6.889,6.932,205611.645052
1657166400000,2022-07-07T04:00:00+00:00,DOT/USDT,4h,6.932,6.97,6.881,6.963,127911.676927
1657180800000,2022-07-07T08:00:00+00:00,DOT/USDT,4h,6.963,7.075,6.961,7.038,273125.784924
1657195200000,2022-07-07T12:00:00+00:00,DOT/USDT,4h,7.035,7.158,6.969,7.12,383590.727093
1657209600000,2022-07-07T16:00:00+00:00,DOT/USDT,4h,7.121,7.32,7.115,7.306,397204.314722
1657224000000,2022-07-07T20:00:00+00:00,DOT/USDT,4h,7.306,7.353,7.216,7.304,223199.553011
1657238400000,2022-07-08T00:00:00+00:00,DOT/USDT,4h,7.305,7.465,7.247,7.341,300109.531596
1657252800000,2022-07-08T04:00:00+00:00,DOT/USDT,4h,7.342,7.386,7.158,7.22,269548.128531
1657267200000,2022-07-08T08:00:00+00:00,DOT/USDT,4h,7.219,7.23,6.968,7.041,345559.236453
1657281600000,2022-07-08T12:00:00+00:00,DOT/USDT,4h,7.041,7.173,6.939,7.119,592230.693719
1657296000000,2022-07-08T16:00:00+00:00,DOT/USDT,4h,7.118,7.168,7.022,7.127,220250.225575
1657310400000,2022-07-08T20:00:00+00:00,DOT/USDT,4h,7.126,7.193,7.017,7.04,167440.526895
1657324800000,2022-07-09T00:00:00+00:00,DOT/USDT,4h,7.039,7.145,7.039,7.102,161389.782171
1657339200000,2022-07-09T04:00:00+00:00,DOT/USDT,4h,7.102,7.3,7.071,7.267,263694.773851
1657353600000,2022-07-09T08:00:00+00:00,DOT/USDT,4h,7.267,7.361,7.211,7.222,250404.468034
1657368000000,2022-07-09T12:00:00+00:00,DOT/USDT,4h,7.221,7.264,7.183,7.216,185672.731425
1657382400000,2022-07-09T16:00:00+00:00,DOT/USDT,4h,7.215,7.345,7.209,7.263,159289.838102
1657396800000,2022-07-09T20:00:00+00:00,DOT/USDT,4h,7.26,7.322,7.24,7.256,100558.152156
1657411200000,2022-07-10T00:00:00+00:00,DOT/USDT,4h,7.256,7.271,7.013,7.047,293716.743565
1657425600000,2022-07-10T04:00:00+00:00,DOT/USDT,4h,7.046,7.1,6.973,7.091,181928.309968
1657440000000,2022-07-10T08:00:00+00:00,DOT/USDT,4h,7.091,7.12,6.958,7.021,154342.459994
1657454400000,2022-07-10T12:00:00+00:00,DOT/USDT,4h,7.021,7.043,6.751,6.817,828701.548073
1657468800000,2022-07-10T16:00:00+00:00,DOT/USDT,4h,6.818,6.897,6.757,6.884,159229.089254
1657483200000,2022-07-10T20:00:00+00:00,DOT/USDT,4h,6.884,6.921,6.809,6.857,143139.098293
1657497600000,2022-07-11T00:00:00+00:00,DOT/USDT,4h,6.858,6.861,6.695,6.786,283277.179084
1657512000000,2022-07-11T04:00:00+00:00,DOT/USDT,4h,6.785,6.811,6.71,6.771,175191.138895
1657526400000,2022-07-11T08:00:00+00:00,DOT/USDT,4h,6.764,6.903,6.758,6.813,175015.788737
1657540800000,2022-07-11T12:00:00+00:00,DOT/USDT,4h,6.812,6.91,6.701,6.795,430448.862305
1657555200000,2022-07-11T16:00:00+00:00,DOT/USDT,4h,6.795,6.896,6.774,6.837,155888.603519
1657569600000,2022-07-11T20:00:00+00:00,DOT/USDT,4h,6.837,6.841,6.5,6.525,536202.971407
1657584000000,2022-07-12T00:00:00+00:00,DOT/USDT,4h,6.525,6.621,6.5,6.542,459167.570808
1657598400000,2022-07-12T04:00:00+00:00,DOT/USDT,4h,6.543,6.622,6.424,6.462,298642.714302
1657612800000,2022-07-12T08:00:00+00:00,DOT/USDT,4h,6.462,6.508,6.328,6.478,720869.126075
1657627200000,2022-07-12T12:00:00+00:00,DOT/USDT,4h,6.478,6.555,6.446,6.515,243973.007231
1657641600000,2022-07-12T16:00:00+00:00,DOT/USDT,4h,6.514,6.562,6.333,6.379,281785.039051
1657656000000,2022-07-12T20:00:00+00:00,DOT/USDT,4h,6.378,6.426,6.25,6.28,252756.643657
1657670400000,2022-07-13T00:00:00+00:00,DOT/USDT,4h,6.28,6.395,6.223,6.363,186357.586038
1657684800000,2022-07-13T04:00:00+00:00,DOT/USDT,4h,6.364,6.46,6.352,6.458,180732.804994
1657699200000,2022-07-13T08:00:00+00:00,DOT/USDT,4h,6.459,6.51,6.43,6.47,188662.73033
1657713600000,2022-07-13T12:00:00+00:00,DOT/USDT,4h,6.47,6.55,5.973,6.239,1855079.295764
1657728000000,2022-07-13T16:00:00+00:00,DOT/USDT,4h,6.239,6.4,6.179,6.282,282111.440217
1657742400000,2022-07-13T20:00:00+00:00,DOT/USDT,4h,6.284,6.49,6.273,6.464,286391.520668
1657756800000,2022-07-14T00:00:00+00:00,DOT/USDT,4h,6.465,6.516,6.435,6.462,242974.372294
1657771200000,2022-07-14T04:00:00+00:00,DOT/USDT,4h,6.461,6.514,6.41,6.438,681262.996409
1657785600000,2022-07-14T08:00:00+00:00,DOT/USDT,4h,6.437,6.453,6.291,6.341,183578.236029
1657800000000,2022-07-14T12:00:00+00:00,DOT/USDT,4h,6.344,6.544,6.289,6.536,354614.158448
1657814400000,2022-07-14T16:00:00+00:00,DOT/USDT,4h,6.536,6.767,6.495,6.719,383207.97397
1657828800000,2022-07-14T20:00:00+00:00,DOT/USDT,4h,6.72,6.764,6.634,6.724,162267.69208
1657843200000,2022-07-15T00:00:00+00:00,DOT/USDT,4h,6.724,6.811,6.655,6.72,237661.793761
1657857600000,2022-07-15T04:00:00+00:00,DOT/USDT,4h,6.72,6.799,6.674,6.784,231837.095207
1657872000000,2022-07-15T08:00:00+00:00,DOT/USDT,4h,6.784,6.942,6.778,6.838,359892.845224
1657886400000,2022-07-15T12:00:00+00:00,DOT/USDT,4h,6.838,6.943,6.804,6.822,304606.771509
1657900800000,2022-07-15T16:00:00+00:00,DOT/USDT,4h,6.821,6.954,6.751,6.945,305936.826688
1657915200000,2022-07-15T20:00:00+00:00,DOT/USDT,4h,6.946,6.99,6.774,6.797,195420.301589
1657929600000,2022-07-16T00:00:00+00:00,DOT/USDT,4h,6.797,6.814,6.688,6.758,243781.689275
1657944000000,2022-07-16T04:00:00+00:00,DOT/USDT,4h,6.758,6.768,6.56,6.588,226262.97846
1657958400000,2022-07-16T08:00:00+00:00,DOT/USDT,4h,6.587,6.644,6.578,6.62,146231.520324
1657972800000,2022-07-16T12:00:00+00:00,DOT/USDT,4h,6.62,6.849,6.609,6.84,281141.710543
1657987200000,2022-07-16T16:00:00+00:00,DOT/USDT,4h,6.838,7.184,6.833,7.093,762185.170419
1658001600000,2022-07-16T20:00:00+00:00,DOT/USDT,4h,7.094,7.219,7.035,7.192,246174.235114
1658016000000,2022-07-17T00:00:00+00:00,DOT/USDT,4h,7.191,7.256,7.074,7.171,302417.080251
1658030400000,2022-07-17T04:00:00+00:00,DOT/USDT,4h,7.172,7.329,7.139,7.208,288948.304093
1658044800000,2022-07-17T08:00:00+00:00,DOT/USDT,4h,7.209,7.235,7.07,7.137,313936.194894
1658059200000,2022-07-17T12:00:00+00:00,DOT/USDT,4h,7.137,7.158,6.995,7.025,221199.954135
1658073600000,2022-07-17T16:00:00+00:00,DOT/USDT,4h,7.025,7.141,6.878,7.008,264621.536644
1658088000000,2022-07-17T20:00:00+00:00,DOT/USDT,4h,7.008,7.058,6.907,6.92,138611.746336
1658102400000,2022-07-18T00:00:00+00:00,DOT/USDT,4h,6.92,7.256,6.904,7.196,434269.391446
1658116800000,2022-07-18T04:00:00+00:00,DOT/USDT,4h,7.196,7.57,7.134,7.527,644560.919642
1658131200000,2022-07-18T08:00:00+00:00,DOT/USDT,4h,7.527,7.63,7.384,7.443,568859.765829
1658145600000,2022-07-18T12:00:00+00:00,DOT/USDT,4h,7.443,7.727,7.361,7.68,520909.542279
1658160000000,2022-07-18T16:00:00+00:00,DOT/USDT,4h,7.679,7.687,7.238,7.326,491396.387978
1658174400000,2022-07-18T20:00:00+00:00,DOT/USDT,4h,7.327,7.721,7.268,7.657,397925.525508
1658188800000,2022-07-19T00:00:00+00:00,DOT/USDT,4h,7.656,7.99,7.562,7.602,1632190.894119
1658203200000,2022-07-19T04:00:00+00:00,DOT/USDT,4h,7.603,7.708,7.488,7.563,598382.806461
1658217600000,2022-07-19T08:00:00+00:00,DOT/USDT,4h,7.564,7.814,7.531,7.726,415978.457246
1658232000000,2022-07-19T12:00:00+00:00,DOT/USDT,4h,7.725,7.921,7.628,7.801,708495.721223
1658246400000,2022-07-19T16:00:00+00:00,DOT/USDT,4h,7.805,8.033,7.786,7.843,740253.693407
1658260800000,2022-07-19T20:00:00+00:00,DOT/USDT,4h,7.843,7.976,7.748,7.793,301150.234319
1658275200000,2022-07-20T00:00:00+00:00,DOT/USDT,4h,7.793,7.929,7.65,7.894,334786.701332
1658289600000,2022-07-20T04:00:00+00:00,DOT/USDT,4h,7.895,8.081,7.817,7.822,467479.734135
1658304000000,2022-07-20T08:00:00+00:00,DOT/USDT,4h,7.82,7.972,7.694,7.837,416047.170996
1658318400000,2022-07-20T12:00:00+00:00,DOT/USDT,4h,7.836,8.0,7.708,7.945,1056205.06155
1658332800000,2022-07-20T16:00:00+00:00,DOT/USDT,4h,7.945,7.966,7.61,7.686,503988.757534
1658347200000,2022-07-20T20:00:00+00:00,DOT/USDT,4h,7.685,7.732,7.362,7.47,576987.512572
1658361600000,2022-07-21T00:00:00+00:00,DOT/USDT,4h,7.467,7.545,7.194,7.257,427111.104981
1658376000000,2022-07-21T04:00:00+00:00,DOT/USDT,4h,7.257,7.414,7.172,7.361,242120.218934
1658390400000,2022-07-21T08:00:00+00:00,DOT/USDT,4h,7.36,7.434,7.271,7.321,211514.95434
1658404800000,2022-07-21T12:00:00+00:00,DOT/USDT,4h,7.321,7.437,7.21,7.325,631450.158538
1658419200000,2022-07-21T16:00:00+00:00,DOT/USDT,4h,7.325,7.548,7.32,7.547,298507.747597
1658433600000,2022-07-21T20:00:00+00:00,DOT/USDT,4h,7.544,7.594,7.453,7.527,216035.133275
1658448000000,2022-07-22T00:00:00+00:00,DOT/USDT,4h,7.527,7.639,7.405,7.432,479647.040862
1658462400000,2022-07-22T04:00:00+00:00,DOT/USDT,4h,7.435,7.721,7.366,7.674,366932.946569
1658476800000,2022-07-22T08:00:00+00:00,DOT/USDT,4h,7.675,7.851,7.642,7.811,463857.895573
1658491200000,2022-07-22T12:00:00+00:00,DOT/USDT,4h,7.811,7.835,7.5,7.526,443349.323175
1658505600000,2022-07-22T16:00:00+00:00,DOT/USDT,4h,7.525,7.613,7.311,7.334,403293.909506
1658520000000,2022-07-22T20:00:00+00:00,DOT/USDT,4h,7.335,7.383,7.262,7.292,213171.111463
1658534400000,2022-07-23T00:00:00+00:00,DOT/USDT,4h,7.292,7.455,7.214,7.354,464777.75944
1658548800000,2022-07-23T04:00:00+00:00,DOT/USDT,4h,7.354,7.496,7.353,7.409,222959.652033
1658563200000,2022-07-23T08:00:00+00:00,DOT/USDT,4h,7.409,7.455,7.164,7.168,412289.22601
1658577600000,2022-07-23T12:00:00+00:00,DOT/USDT,4h,7.169,7.294,7.131,7.253,273390.13074
1658592000000,2022-07-23T16:00:00+00:00,DOT/USDT,4h,7.251,7.28,7.081,7.205,303782.185936
1658606400000,2022-07-23T20:00:00+00:00,DOT/USDT,4h,7.204,7.372,7.195,7.326,172722.002128
1658620800000,2022-07-24T00:00:00+00:00,DOT/USDT,4h,7.325,7.54,7.306,7.34,369709.951683
1658635200000,2022-07-24T04:00:00+00:00,DOT/USDT,4h,7.34,7.5,7.333,7.461,406325.237777
1658649600000,2022-07-24T08:00:00+00:00,DOT/USDT,4h,7.46,7.543,7.37,7.446,559059.354949
1658664000000,2022-07-24T12:00:00+00:00,DOT/USDT,4h,7.443,7.493,7.317,7.491,433307.880659
1658678400000,2022-07-24T16:00:00+00:00,DOT/USDT,4h,7.491,7.497,7.38,7.423,141903.529889
1658692800000,2022-07-24T20:00:00+00:00,DOT/USDT,4h,7.422,7.583,7.359,7.397,222605.07612
1658707200000,2022-07-25T00:00:00+00:00,DOT/USDT,4h,7.397,7.441,7.018,7.06,763705.616318
1658721600000,2022-07-25T04:00:00+00:00,DOT/USDT,4h,7.06,7.125,7.014,7.109,189106.041223
1658736000000,2022-07-25T08:00:00+00:00,DOT/USDT,4h,7.108,7.197,7.067,7.136,184879.58302
1658750400000,2022-07-25T12:00:00+00:00,DOT/USDT,4h,7.136,7.139,6.957,7.053,816489.23341
1658764800000,2022-07-25T16:00:00+00:00,DOT/USDT,4h,7.053,7.116,6.827,6.953,353468.639946
1658779200000,2022-07-25T20:00:00+00:00,DOT/USDT,4h,6.954,7.087,6.723,6.753,519202.409505
1658793600000,2022-07-26T00:00:00+00:00,DOT/USDT,4h,6.754,6.767,6.6,6.714,458999.168807
1658808000000,2022-07-26T04:00:00+00:00,DOT/USDT,4h,6.714,6.76,6.62,6.666,235584.083155
1658822400000,2022-07-26T08:00:00+00:00,DOT/USDT,4h,6.663,6.72,6.61,6.671,345711.978824
1658836800000,2022-07-26T12:00:00+00:00,DOT/USDT,4h,6.67,6.718,6.525,6.543,456184.232227
1658851200000,2022-07-26T16:00:00+00:00,DOT/USDT,4h,6.544,6.647,6.521,6.593,239636.234369
1658865600000,2022-07-26T20:00:00+00:00,DOT/USDT,4h,6.592,6.791,6.562,6.776,249576.579737
1658880000000,2022-07-27T00:00:00+00:00,DOT/USDT,4h,6.777,6.799,6.649,6.66,189332.222362
1658894400000,2022-07-27T04:00:00+00:00,DOT/USDT,4h,6.662,6.852,6.662,6.803,238413.708367
1658908800000,2022-07-27T08:00:00+00:00,DOT/USDT,4h,6.804,6.847,6.713,6.729,167307.477103
1658923200000,2022-07-27T12:00:00+00:00,DOT/USDT,4h,6.73,6.862,6.71,6.82,495870.437081
1658937600000,2022-07-27T16:00:00+00:00,DOT/USDT,4h,6.82,7.283,6.717,7.243,1215454.697437
1658952000000,2022-07-27T20:00:00+00:00,DOT/USDT,4h,7.243,7.761,7.23,7.701,1525279.372679
1658966400000,2022-07-28T00:00:00+00:00,DOT/USDT,4h,7.7,7.937,7.667,7.708,1262549.326784
1658980800000,2022-07-28T04:00:00+00:00,DOT/USDT,4h,7.708,7.762,7.557,7.568,734278.456089
1658995200000,2022-07-28T08:00:00+00:00,DOT/USDT,4h,7.568,7.691,7.515,7.683,485237.309649
1659009600000,2022-07-28T12:00:00+00:00,DOT/USDT,4h,7.683,7.966,7.454,7.863,1283130.741017
1659024000000,2022-07-28T16:00:00+00:00,DOT/USDT,4h,7.863,7.978,7.821,7.89,546253.926747
1659038400000,2022-07-28T20:00:00+00:00,DOT/USDT,4h,7.891,8.076,7.827,7.856,417801.630336
1659052800000,2022-07-29T00:00:00+00:00,DOT/USDT,4h,7.856,8.17,7.755,8.127,773964.751021
1659067200000,2022-07-29T04:00:00+00:00,DOT/USDT,4h,8.128,8.259,7.924,7.996,732933.400535
1659081600000,2022-07-29T08:00:00+00:00,DOT/USDT,4h,7.996,8.148,7.814,7.915,416721.247024
1659096000000,2022-07-29T12:00:00+00:00,DOT/USDT,4h,7.914,8.335,7.77,8.255,844670.980597
1659110400000,2022-07-29T16:00:00+00:00,DOT/USDT,4h,8.256,8.29,7.98,8.221,518096.550074
1659124800000,2022-07-29T20:00:00+00:00,DOT/USDT,4h,8.221,8.418,8.141,8.183,367494.292154
1659139200000,2022-07-30T00:00:00+00:00,DOT/USDT,4h,8.184,8.442,8.154,8.386,503860.7474
1659153600000,2022-07-30T04:00:00+00:00,DOT/USDT,4h,8.387,8.52,8.229,8.46,392822.568358
1659168000000,2022-07-30T08:00:00+00:00,DOT/USDT,4h,8.462,8.845,8.444,8.634,708942.621564
1659182400000,2022-07-30T12:00:00+00:00,DOT/USDT,4h,8.634,8.707,8.515,8.658,559891.881462
1659196800000,2022-07-30T16:00:00+00:00,DOT/USDT,4h,8.659,8.813,8.42,8.45,514794.178425
1659211200000,2022-07-30T20:00:00+00:00,DOT/USDT,4h,8.449,8.486,8.159,8.2,750430.968537
1659225600000,2022-07-31T00:00:00+00:00,DOT/USDT,4h,8.2,8.357,8.15,8.188,1105760.784018
1659240000000,2022-07-31T04:00:00+00:00,DOT/USDT,4h,8.188,8.331,8.188,8.252,252340.630847
1659254400000,2022-07-31T08:00:00+00:00,DOT/USDT,4h,8.25,8.357,8.077,8.314,307910.111985
1659268800000,2022-07-31T12:00:00+00:00,DOT/USDT,4h,8.313,8.394,8.254,8.367,409892.122723
1659283200000,2022-07-31T16:00:00+00:00,DOT/USDT,4h,8.368,9.187,8.334,8.997,1839532.796034
1659297600000,2022-07-31T20:00:00+00:00,DOT/USDT,4h,8.997,9.207,8.614,8.624,701598.494785
1659312000000,2022-08-01T00:00:00+00:00,DOT/USDT,4h,8.624,8.988,8.573,8.909,513490.760897
1659326400000,2022-08-01T04:00:00+00:00,DOT/USDT,4h,8.913,8.945,8.609,8.801,447842.850999
1659340800000,2022-08-01T08:00:00+00:00,DOT/USDT,4h,8.801,8.839,8.375,8.495,455991.568663
1659355200000,2022-08-01T12:00:00+00:00,DOT/USDT,4h,8.492,8.591,8.282,8.462,693411.774213
1659369600000,2022-08-01T16:00:00+00:00,DOT/USDT,4h,8.462,8.478,8.083,8.19,506706.518801
1659384000000,2022-08-01T20:00:00+00:00,DOT/USDT,4h,8.19,8.264,8.02,8.179,348613.993534
1659398400000,2022-08-02T00:00:00+00:00,DOT/USDT,4h,8.177,8.276,7.68,7.695,864446.226701
1659412800000,2022-08-02T04:00:00+00:00,DOT/USDT,4h,7.694,7.872,7.671,7.828,405706.023438
1659427200000,2022-08-02T08:00:00+00:00,DOT/USDT,4h,7.827,7.972,7.712,7.899,419806.475774
1659441600000,2022-08-02T12:00:00+00:00,DOT/USDT,4h,7.899,8.099,7.746,8.005,671175.58704
1659456000000,2022-08-02T16:00:00+00:00,DOT/USDT,4h,8.005,8.225,7.874,7.93,623535.860705
1659470400000,2022-08-02T20:00:00+00:00,DOT/USDT,4h,7.931,8.038,7.875,7.927,231685.022121
1659484800000,2022-08-03T00:00:00+00:00,DOT/USDT,4h,7.927,7.973,7.672,7.914,562704.788285
1659499200000,2022-08-03T04:00:00+00:00,DOT/USDT,4h,7.914,8.046,7.888,7.986,329247.567285
1659513600000,2022-08-03T08:00:00+00:00,DOT/USDT,4h,7.987,8.183,7.986,8.152,320355.87065
1659528000000,2022-08-03T12:00:00+00:00,DOT/USDT,4h,8.153,8.328,8.138,8.276,380321.879052
1659542400000,2022-08-03T16:00:00+00:00,DOT/USDT,4h,8.276,8.412,8.253,8.378,297474.198782
1659556800000,2022-08-03T20:00:00+00:00,DOT/USDT,4h,8.378,8.445,7.948,7.992,439291.189542
1659571200000,2022-08-04T00:00:00+00:00,DOT/USDT,4h,7.992,8.246,7.974,8.185,311229.853657
1659585600000,2022-08-04T04:00:00+00:00,DOT/USDT,4h,8.185,8.273,7.966,8.091,297015.008834
1659600000000,2022-08-04T08:00:00+00:00,DOT/USDT,4h,8.091,8.112,8.005,8.056,290043.776635
1659614400000,2022-08-04T12:00:00+00:00,DOT/USDT,4h,8.055,8.239,7.965,8.14,352132.38378
1659628800000,2022-08-04T16:00:00+00:00,DOT/USDT,4h,8.14,8.21,7.88,7.965,452873.61709
1659643200000,2022-08-04T20:00:00+00:00,DOT/USDT,4h,7.965,8.104,7.96,8.092,122189.673823
1659657600000,2022-08-05T00:00:00+00:00,DOT/USDT,4h,8.092,8.415,8.066,8.383,367759.624748
1659672000000,2022-08-05T04:00:00+00:00,DOT/USDT,4h,8.383,8.512,8.344,8.368,253226.329995
1659686400000,2022-08-05T08:00:00+00:00,DOT/USDT,4h,8.366,8.55,8.344,8.529,273653.619802
1659700800000,2022-08-05T12:00:00+00:00,DOT/USDT,4h,8.529,8.557,8.264,8.372,493465.598266
1659715200000,2022-08-05T16:00:00+00:00,DOT/USDT,4h,8.372,8.68,8.337,8.517,453180.782002
1659729600000,2022-08-05T20:00:00+00:00,DOT/USDT,4h,8.515,8.84,8.481,8.807,249445.822392
1659744000000,2022-08-06T00:00:00+00:00,DOT/USDT,4h,8.807,8.833,8.605,8.641,238201.84719
1659758400000,2022-08-06T04:00:00+00:00,DOT/USDT,4h,8.642,8.81,8.628,8.781,239929.22551
1659772800000,2022-08-06T08:00:00+00:00,DOT/USDT,4h,8.782,8.88,8.658,8.686,228502.955381
1659787200000,2022-08-06T12:00:00+00:00,DOT/USDT,4h,8.686,8.777,8.644,8.703,218425.275649
1659801600000,2022-08-06T16:00:00+00:00,DOT/USDT,4h,8.702,8.738,8.54,8.622,493505.165587
1659816000000,2022-08-06T20:00:00+00:00,DOT/USDT,4h,8.622,8.631,8.488,8.522,146458.65254
1659830400000,2022-08-07T00:00:00+00:00,DOT/USDT,4h,8.521,8.571,8.347,8.53,178851.498548
1659844800000,2022-08-07T04:00:00+00:00,DOT/USDT,4h,8.53,8.569,8.418,8.487,113619.598175
1659859200000,2022-08-07T08:00:00+00:00,DOT/USDT,4h,8.487,8.536,8.409,8.535,133181.785484
1659873600000,2022-08-07T12:00:00+00:00,DOT/USDT,4h,8.535,8.63,8.509,8.548,189192.027024
1659888000000,2022-08-07T16:00:00+00:00,DOT/USDT,4h,8.55,8.934,8.51,8.76,326168.545973
1659902400000,2022-08-07T20:00:00+00:00,DOT/USDT,4h,8.758,8.844,8.592,8.653,200798.965672
1659916800000,2022-08-08T00:00:00+00:00,DOT/USDT,4h,8.651,8.849,8.633,8.778,241538.098267
1659931200000,2022-08-08T04:00:00+00:00,DOT/USDT,4h,8.778,9.098,8.773,9.074,281460.673827
1659945600000,2022-08-08T08:00:00+00:00,DOT/USDT,4h,9.071,9.385,9.068,9.326,987756.71711
1659960000000,2022-08-08T12:00:00+00:00,DOT/USDT,4h,9.328,9.362,9.129,9.192,362872.646826
1659974400000,2022-08-08T16:00:00+00:00,DOT/USDT,4h,9.192,9.299,9.089,9.266,216609.027829
1659988800000,2022-08-08T20:00:00+00:00,DOT/USDT,4h,9.266,9.36,9.057,9.271,308910.684212
1660003200000,2022-08-09T00:00:00+00:00,DOT/USDT,4h,9.27,9.473,9.102,9.202,344950.480278
1660017600000,2022-08-09T04:00:00+00:00,DOT/USDT,4h,9.202,9.274,9.076,9.16,228313.865936
1660032000000,2022-08-09T08:00:00+00:00,DOT/USDT,4h,9.159,9.161,8.829,8.881,446819.371112
1660046400000,2022-08-09T12:00:00+00:00,DOT/USDT,4h,8.881,9.045,8.645,8.699,520690.563088
1660060800000,2022-08-09T16:00:00+00:00,DOT/USDT,4h,8.698,8.816,8.673,8.778,225243.437693
1660075200000,2022-08-09T20:00:00+00:00,DOT/USDT,4h,8.777,8.968,8.771,8.9,200364.888748
1660089600000,2022-08-10T00:00:00+00:00,DOT/USDT,4h,8.899,8.92,8.547,8.614,412080.84016
1660104000000,2022-08-10T04:00:00+00:00,DOT/USDT,4h,8.617,8.73,8.571,8.689,260113.617065
1660118400000,2022-08-10T08:00:00+00:00,DOT/USDT,4h,8.689,8.808,8.673,8.785,195759.97461
1660132800000,2022-08-10T12:00:00+00:00,DOT/USDT,4h,8.785,9.646,8.709,9.527,1458689.707053
1660147200000,2022-08-10T16:00:00+00:00,DOT/USDT,4h,9.528,9.639,9.441,9.507,335571.453095
1660161600000,2022-08-10T20:00:00+00:00,DOT/USDT,4h,9.508,9.611,9.441,9.526,169517.357525
1660176000000,2022-08-11T00:00:00+00:00,DOT/USDT,4h,9.527,9.648,9.439,9.485,424183.993462
1660190400000,2022-08-11T04:00:00+00:00,DOT/USDT,4h,9.486,9.535,9.318,9.375,367943.521997
1660204800000,2022-08-11T08:00:00+00:00,DOT/USDT,4h,9.379,9.447,9.303,9.378,212440.886618
1660219200000,2022-08-11T12:00:00+00:00,DOT/USDT,4h,9.377,9.565,9.252,9.278,506143.209996
1660233600000,2022-08-11T16:00:00+00:00,DOT/USDT,4h,9.277,9.364,9.21,9.3,203679.211954
1660248000000,2022-08-11T20:00:00+00:00,DOT/USDT,4h,9.301,9.323,9.126,9.199,172249.658659
1660262400000,2022-08-12T00:00:00+00:00,DOT/USDT,4h,9.199,9.285,9.031,9.245,204016.63946
1660276800000,2022-08-12T04:00:00+00:00,DOT/USDT,4h,9.244,9.277,9.11,9.228,132742.01385
1660291200000,2022-08-12T08:00:00+00:00,DOT/USDT,4h,9.228,9.381,9.043,9.106,366013.030099
1660305600000,2022-08-12T12:00:00+00:00,DOT/USDT,4h,9.107,9.465,9.098,9.377,375161.910785
1660320000000,2022-08-12T16:00:00+00:00,DOT/USDT,4h,9.376,9.467,9.315,9.404,151140.501259
1660334400000,2022-08-12T20:00:00+00:00,DOT/USDT,4h,9.403,9.5,9.307,9.476,169898.111596
1660348800000,2022-08-13T00:00:00+00:00,DOT/USDT,4h,9.476,9.59,9.39,9.57,268079.04907
1660363200000,2022-08-13T04:00:00+00:00,DOT/USDT,4h,9.57,9.687,9.467,9.475,224007.621303
1660377600000,2022-08-13T08:00:00+00:00,DOT/USDT,4h,9.475,9.553,9.427,9.494,194449.456785
1660392000000,2022-08-13T12:00:00+00:00,DOT/USDT,4h,9.493,9.55,9.403,9.481,229117.175124
1660406400000,2022-08-13T16:00:00+00:00,DOT/USDT,4h,9.481,9.52,9.343,9.35,185093.515689
1660420800000,2022-08-13T20:00:00+00:00,DOT/USDT,4h,9.349,9.413,9.249,9.299,123242.612919
1660435200000,2022-08-14T00:00:00+00:00,DOT/USDT,4h,9.301,9.386,9.222,9.354,228882.5583
1660449600000,2022-08-14T04:00:00+00:00,DOT/USDT,4h,9.354,9.56,9.32,9.502,187005.780516
1660464000000,2022-08-14T08:00:00+00:00,DOT/USDT,4h,9.501,9.517,9.339,9.365,157345.875607
1660478400000,2022-08-14T12:00:00+00:00,DOT/USDT,4h,9.364,9.364,9.114,9.188,304989.769584
1660492800000,2022-08-14T16:00:00+00:00,DOT/USDT,4h,9.189,9.218,8.815,8.959,506072.333826
1660507200000,2022-08-14T20:00:00+00:00,DOT/USDT,4h,8.958,9.023,8.885,8.951,144674.325469
1660521600000,2022-08-15T00:00:00+00:00,DOT/USDT,4h,8.953,9.383,8.874,9.264,369154.546064
1660536000000,2022-08-15T04:00:00+00:00,DOT/USDT,4h,9.267,9.284,8.71,8.748,451357.612495
1660550400000,2022-08-15T08:00:00+00:00,DOT/USDT,4h,8.749,8.896,8.691,8.788,212289.624461
1660564800000,2022-08-15T12:00:00+00:00,DOT/USDT,4h,8.788,8.935,8.71,8.92,179486.989267
1660579200000,2022-08-15T16:00:00+00:00,DOT/USDT,4h,8.92,8.971,8.765,8.788,176083.735483
1660593600000,2022-08-15T20:00:00+00:00,DOT/USDT,4h,8.789,8.846,8.624,8.786,253175.698357
1660608000000,2022-08-16T00:00:00+00:00,DOT/USDT,4h,8.786,8.895,8.635,8.795,201864.513294
1660622400000,2022-08-16T04:00:00+00:00,DOT/USDT,4h,8.796,8.827,8.643,8.754,115648.163604
1660636800000,2022-08-16T08:00:00+00:00,DOT/USDT,4h,8.755,8.906,8.709,8.868,156316.446321
1660651200000,2022-08-16T12:00:00+00:00,DOT/USDT,4h,8.868,8.957,8.641,8.802,277504.965052
1660665600000,2022-08-16T16:00:00+00:00,DOT/USDT,4h,8.801,8.939,8.682,8.846,209323.680417
1660680000000,2022-08-16T20:00:00+00:00,DOT/USDT,4h,8.846,8.936,8.775,8.836,119430.006135
1660694400000,2022-08-17T00:00:00+00:00,DOT/USDT,4h,8.836,9.027,8.819,8.962,271505.759708
1660708800000,2022-08-17T04:00:00+00:00,DOT/USDT,4h,8.963,9.168,8.808,8.819,396556.651549
1660723200000,2022-08-17T08:00:00+00:00,DOT/USDT,4h,8.818,8.903,8.722,8.754,261695.857981
1660737600000,2022-08-17T12:00:00+00:00,DOT/USDT,4h,8.754,8.754,8.316,8.401,564752.966644
1660752000000,2022-08-17T16:00:00+00:00,DOT/USDT,4h,8.401,8.532,8.367,8.413,239782.823554
1660766400000,2022-08-17T20:00:00+00:00,DOT/USDT,4h,8.414,8.503,8.32,8.376,160294.980733
1660780800000,2022-08-18T00:00:00+00:00,DOT/USDT,4h,8.376,8.49,8.26,8.426,263734.535154
1660795200000,2022-08-18T04:00:00+00:00,DOT/USDT,4h,8.426,8.503,8.375,8.484,115563.433553
1660809600000,2022-08-18T08:00:00+00:00,DOT/USDT,4h,8.484,8.513,8.405,8.488,138614.421787
1660824000000,2022-08-18T12:00:00+00:00,DOT/USDT,4h,8.488,8.6,8.429,8.491,170979.14698
1660838400000,2022-08-18T16:00:00+00:00,DOT/USDT,4h,8.49,8.502,8.3,8.378,189361.734795
1660852800000,2022-08-18T20:00:00+00:00,DOT/USDT,4h,8.376,8.447,7.98,8.085,468618.865302
1660867200000,2022-08-19T00:00:00+00:00,DOT/USDT,4h,8.085,8.09,7.755,7.805,472064.569844
1660881600000,2022-08-19T04:00:00+00:00,DOT/USDT,4h,7.804,7.87,7.284,7.518,833539.897623
1660896000000,2022-08-19T08:00:00+00:00,DOT/USDT,4h,7.518,7.603,7.36,7.483,475691.537028
1660910400000,2022-08-19T12:00:00+00:00,DOT/USDT,4h,7.483,7.57,7.375,7.533,274996.060154
1660924800000,2022-08-19T16:00:00+00:00,DOT/USDT,4h,7.533,7.682,7.4,7.493,265380.419909
1660939200000,2022-08-19T20:00:00+00:00,DOT/USDT,4h,7.493,7.521,7.224,7.305,522594.916522
1660953600000,2022-08-20T00:00:00+00:00,DOT/USDT,4h,7.305,7.475,7.273,7.405,387777.694467
1660968000000,2022-08-20T04:00:00+00:00,DOT/USDT,4h,7.404,7.521,7.372,7.484,335651.499254
1660982400000,2022-08-20T08:00:00+00:00,DOT/USDT,4h,7.484,7.49,7.387,7.418,144305.832302
1660996800000,2022-08-20T12:00:00+00:00,DOT/USDT,4h,7.417,7.453,7.371,7.417,176680.304146
1661011200000,2022-08-20T16:00:00+00:00,DOT/USDT,4h,7.417,7.433,7.087,7.143,454733.890518
1661025600000,2022-08-20T20:00:00+00:00,DOT/USDT,4h,7.144,7.276,7.032,7.228,391217.170654
1661040000000,2022-08-21T00:00:00+00:00,DOT/USDT,4h,7.228,7.305,7.2,7.227,163533.350773
1661054400000,2022-08-21T04:00:00+00:00,DOT/USDT,4h,7.227,7.392,7.169,7.372,176003.217612
1661068800000,2022-08-21T08:00:00+00:00,DOT/USDT,4h,7.372,7.5,7.318,7.444,361445.061201
1661083200000,2022-08-21T12:00:00+00:00,DOT/USDT,4h,7.444,7.469,7.339,7.4,136502.890342
1661097600000,2022-08-21T16:00:00+00:00,DOT/USDT,4h,7.4,7.479,7.369,7.437,135698.755645
1661112000000,2022-08-21T20:00:00+00:00,DOT/USDT,4h,7.438,7.529,7.3,7.438,279269.147705
1661126400000,2022-08-22T00:00:00+00:00,DOT/USDT,4h,7.438,7.446,7.335,7.337,121502.747658
1661140800000,2022-08-22T04:00:00+00:00,DOT/USDT,4h,7.336,7.379,7.11,7.136,295568.641002
1661155200000,2022-08-22T08:00:00+00:00,DOT/USDT,4h,7.136,7.258,7.0,7.169,460853.016055
1661169600000,2022-08-22T12:00:00+00:00,DOT/USDT,4h,7.17,7.284,7.064,7.263,240692.891824
1661184000000,2022-08-22T16:00:00+00:00,DOT/USDT,4h,7.263,7.305,7.139,7.202,172475.816425
1661198400000,2022-08-22T20:00:00+00:00,DOT/USDT,4h,7.203,7.413,7.203,7.402,183294.102462
1661212800000,2022-08-23T00:00:00+00:00,DOT/USDT,4h,7.402,7.475,7.364,7.401,181099.816539
1661227200000,2022-08-23T04:00:00+00:00,DOT/USDT,4h,7.4,7.43,7.185,7.394,235379.454147
1661241600000,2022-08-23T08:00:00+00:00,DOT/USDT,4h,7.394,7.715,7.393,7.627,476132.713807
1661256000000,2022-08-23T12:00:00+00:00,DOT/USDT,4h,7.628,7.687,7.509,7.59,340787.732664
1661270400000,2022-08-23T16:00:00+00:00,DOT/USDT,4h,7.59,7.653,7.523,7.623,136156.82115
1661284800000,2022-08-23T20:00:00+00:00,DOT/USDT,4h,7.624,7.693,7.58,7.643,197874.956569
1661299200000,2022-08-24T00:00:00+00:00,DOT/USDT,4h,7.644,7.688,7.429,7.468,218574.421624
1661313600000,2022-08-24T04:00:00+00:00,DOT/USDT,4h,7.467,7.573,7.417,7.482,117259.755404
1661328000000,2022-08-24T08:00:00+00:00,DOT/USDT,4h,7.481,7.63,7.479,7.597,152187.681314
1661342400000,2022-08-24T12:00:00+00:00,DOT/USDT,4h,7.598,7.689,7.508,7.668,180307.209108
1661356800000,2022-08-24T16:00:00+00:00,DOT/USDT,4h,7.669,7.774,7.646,7.67,247592.896371
1661371200000,2022-08-24T20:00:00+00:00,DOT/USDT,4h,7.669,7.723,7.558,7.564,157575.720177
1661385600000,2022-08-25T00:00:00+00:00,DOT/USDT,4h,7.564,7.699,7.525,7.56,128506.98582
1661400000000,2022-08-25T04:00:00+00:00,DOT/USDT,4h,7.559,7.759,7.553,7.728,287850.194359
1661414400000,2022-08-25T08:00:00+00:00,DOT/USDT,4h,7.729,7.742,7.631,7.682,174693.896241
1661428800000,2022-08-25T12:00:00+00:00,DOT/USDT,4h,7.681,7.705,7.45,7.536,264164.685794
1661443200000,2022-08-25T16:00:00+00:00,DOT/USDT,4h,7.537,7.593,7.485,7.59,153882.621443
1661457600000,2022-08-25T20:00:00+00:00,DOT/USDT,4h,7.591,7.644,7.518,7.582,95015.549312
1661472000000,2022-08-26T00:00:00+00:00,DOT/USDT,4h,7.582,7.582,7.469,7.555,156408.962058
1661486400000,2022-08-26T04:00:00+00:00,DOT/USDT,4h,7.554,7.57,7.365,7.442,120822.086548
1661500800000,2022-08-26T08:00:00+00:00,DOT/USDT,4h,7.442,7.497,7.294,7.379,245949.092755
1661515200000,2022-08-26T12:00:00+00:00,DOT/USDT,4h,7.379,7.685,7.129,7.198,924319.910216
1661529600000,2022-08-26T16:00:00+00:00,DOT/USDT,4h,7.197,7.207,7.023,7.096,272259.491204
1661544000000,2022-08-26T20:00:00+00:00,DOT/USDT,4h,7.095,7.146,6.863,6.924,510091.19105
1661558400000,2022-08-27T00:00:00+00:00,DOT/USDT,4h,6.923,6.99,6.871,6.938,236219.391523
1661572800000,2022-08-27T04:00:00+00:00,DOT/USDT,4h,6.937,7.042,6.798,7.036,286874.700052
1661587200000,2022-08-27T08:00:00+00:00,DOT/USDT,4h,7.038,7.064,6.978,7.029,224871.170576
1661601600000,2022-08-27T12:00:00+00:00,DOT/USDT,4h,7.029,7.07,6.905,6.982,210420.981396
1661616000000,2022-08-27T16:00:00+00:00,DOT/USDT,4h,6.982,7.07,6.897,7.026,237570.8542
1661630400000,2022-08-27T20:00:00+00:00,DOT/USDT,4h,7.025,7.104,6.983,7.045,169761.607889
1661644800000,2022-08-28T00:00:00+00:00,DOT/USDT,4h,7.045,7.127,6.975,7.037,157975.301064
1661659200000,2022-08-28T04:00:00+00:00,DOT/USDT,4h,7.038,7.118,7.01,7.088,117255.31308
1661673600000,2022-08-28T08:00:00+00:00,DOT/USDT,4h,7.088,7.112,7.035,7.068,103223.82811
1661688000000,2022-08-28T12:00:00+00:00,DOT/USDT,4h,7.069,7.092,6.947,7.089,194524.185977
1661702400000,2022-08-28T16:00:00+00:00,DOT/USDT,4h,7.09,7.151,7.049,7.067,186620.021112
1661716800000,2022-08-28T20:00:00+00:00,DOT/USDT,4h,7.066,7.104,6.811,6.863,288693.693196
1661731200000,2022-08-29T00:00:00+00:00,DOT/USDT,4h,6.863,7.005,6.781,6.964,245865.874511
1661745600000,2022-08-29T04:00:00+00:00,DOT/USDT,4h,6.965,6.982,6.897,6.968,103972.066492
1661760000000,2022-08-29T08:00:00+00:00,DOT/USDT,4h,6.968,6.971,6.908,6.944,106849.752934
1661774400000,2022-08-29T12:00:00+00:00,DOT/USDT,4h,6.945,7.285,6.938,7.223,440063.525409
1661788800000,2022-08-29T16:00:00+00:00,DOT/USDT,4h,7.224,7.256,7.137,7.164,142911.886896
1661803200000,2022-08-29T20:00:00+00:00,DOT/USDT,4h,7.165,7.315,7.155,7.272,143370.006228
1661817600000,2022-08-30T00:00:00+00:00,DOT/USDT,4h,7.272,7.29,7.183,7.255,118308.497552
1661832000000,2022-08-30T04:00:00+00:00,DOT/USDT,4h,7.256,7.363,7.252,7.306,124070.60704
1661846400000,2022-08-30T08:00:00+00:00,DOT/USDT,4h,7.305,7.377,7.225,7.258,160053.051638
1661860800000,2022-08-30T12:00:00+00:00,DOT/USDT,4h,7.258,7.276,6.957,7.032,327958.154585
1661875200000,2022-08-30T16:00:00+00:00,DOT/USDT,4h,7.033,7.103,6.879,7.02,256467.327851
1661889600000,2022-08-30T20:00:00+00:00,DOT/USDT,4h,7.021,7.093,6.977,7.009,129793.801922
1661904000000,2022-08-31T00:00:00+00:00,DOT/USDT,4h,7.01,7.277,7.01,7.247,187085.724137
1661918400000,2022-08-31T04:00:00+00:00,DOT/USDT,4h,7.247,7.29,7.162,7.173,160101.313569
1661932800000,2022-08-31T08:00:00+00:00,DOT/USDT,4h,7.174,7.261,7.111,7.2,129807.138071
1661947200000,2022-08-31T12:00:00+00:00,DOT/USDT,4h,7.201,7.245,6.999,7.104,232125.049274
1661961600000,2022-08-31T16:00:00+00:00,DOT/USDT,4h,7.103,7.148,6.981,7.096,167329.704423
1661976000000,2022-08-31T20:00:00+00:00,DOT/USDT,4h,7.097,7.138,6.981,7.032,114979.578869
1661990400000,2022-09-01T00:00:00+00:00,DOT/USDT,4h,7.032,7.084,6.942,6.992,140402.432942
1662004800000,2022-09-01T04:00:00+00:00,DOT/USDT,4h,6.992,7.048,6.912,6.959,184938.653721
1662019200000,2022-09-01T08:00:00+00:00,DOT/USDT,4h,6.959,7.087,6.923,7.066,149853.329114
1662033600000,2022-09-01T12:00:00+00:00,DOT/USDT,4h,7.066,7.08,6.86,6.959,288088.369506
1662048000000,2022-09-01T16:00:00+00:00,DOT/USDT,4h,6.959,7.072,6.925,7.058,148396.643836
1662062400000,2022-09-01T20:00:00+00:00,DOT/USDT,4h,7.058,7.207,7.058,7.182,152643.938326
1662076800000,2022-09-02T00:00:00+00:00,DOT/USDT,4h,7.183,7.299,7.118,7.261,194147.801214
1662091200000,2022-09-02T04:00:00+00:00,DOT/USDT,4h,7.261,7.303,7.195,7.278,158132.00931
1662105600000,2022-09-02T08:00:00+00:00,DOT/USDT,4h,7.276,7.305,7.204,7.261,164433.692683
1662120000000,2022-09-02T12:00:00+00:00,DOT/USDT,4h,7.262,7.571,7.246,7.547,631464.601731
1662134400000,2022-09-02T16:00:00+00:00,DOT/USDT,4h,7.548,7.568,7.26,7.309,309182.408383
1662148800000,2022-09-02T20:00:00+00:00,DOT/USDT,4h,7.309,7.379,7.273,7.299,127659.017711
1662163200000,2022-09-03T00:00:00+00:00,DOT/USDT,4h,7.299,7.31,7.174,7.226,199150.414319
1662177600000,2022-09-03T04:00:00+00:00,DOT/USDT,4h,7.227,7.312,7.18,7.232,195664.764699
1662192000000,2022-09-03T08:00:00+00:00,DOT/USDT,4h,7.232,7.276,7.209,7.223,110833.934164
1662206400000,2022-09-03T12:00:00+00:00,DOT/USDT,4h,7.223,7.295,7.218,7.25,102955.619603
1662220800000,2022-09-03T16:00:00+00:00,DOT/USDT,4h,7.251,7.303,7.2,7.248,93742.311388
1662235200000,2022-09-03T20:00:00+00:00,DOT/USDT,4h,7.247,7.289,7.236,7.287,45931.277244
1662249600000,2022-09-04T00:00:00+00:00,DOT/USDT,4h,7.288,7.407,7.274,7.306,150781.201381
1662264000000,2022-09-04T04:00:00+00:00,DOT/USDT,4h,7.306,7.338,7.2,7.201,280476.679713
1662278400000,2022-09-04T08:00:00+00:00,DOT/USDT,4h,7.2,7.281,7.14,7.277,213192.966832
1662292800000,2022-09-04T12:00:00+00:00,DOT/USDT,4h,7.277,7.333,7.156,7.242,188839.610391
1662307200000,2022-09-04T16:00:00+00:00,DOT/USDT,4h,7.241,7.299,7.207,7.278,302544.991006
1662321600000,2022-09-04T20:00:00+00:00,DOT/USDT,4h,7.278,7.414,7.253,7.378,147175.551038
1662336000000,2022-09-05T00:00:00+00:00,DOT/USDT,4h,7.379,7.591,7.379,7.585,299857.547312
1662350400000,2022-09-05T04:00:00+00:00,DOT/USDT,4h,7.586,7.636,7.446,7.469,268135.914558
1662364800000,2022-09-05T08:00:00+00:00,DOT/USDT,4h,7.47,7.548,7.44,7.488,151450.462505
1662379200000,2022-09-05T12:00:00+00:00,DOT/USDT,4h,7.488,7.581,7.47,7.522,232150.409423
1662393600000,2022-09-05T16:00:00+00:00,DOT/USDT,4h,7.522,7.56,7.265,7.275,225012.298327
1662408000000,2022-09-05T20:00:00+00:00,DOT/USDT,4h,7.275,7.4,7.264,7.371,184540.626027
1662422400000,2022-09-06T00:00:00+00:00,DOT/USDT,4h,7.371,7.671,7.367,7.529,446917.186922
1662436800000,2022-09-06T04:00:00+00:00,DOT/USDT,4h,7.529,7.623,7.513,7.58,161163.437592
1662451200000,2022-09-06T08:00:00+00:00,DOT/USDT,4h,7.581,7.69,7.535,7.62,162154.909454
1662465600000,2022-09-06T12:00:00+00:00,DOT/USDT,4h,7.619,7.658,7.461,7.572,299744.799642
1662480000000,2022-09-06T16:00:00+00:00,DOT/USDT,4h,7.573,7.593,6.875,6.925,889342.362427
1662494400000,2022-09-06T20:00:00+00:00,DOT/USDT,4h,6.925,6.962,6.813,6.876,310333.607483
1662508800000,2022-09-07T00:00:00+00:00,DOT/USDT,4h,6.876,6.933,6.752,6.875,378920.046632
1662523200000,2022-09-07T04:00:00+00:00,DOT/USDT,4h,6.874,6.978,6.849,6.972,193062.376624
1662537600000,2022-09-07T08:00:00+00:00,DOT/USDT,4h,6.971,7.001,6.936,6.968,204582.388995
1662552000000,2022-09-07T12:00:00+00:00,DOT/USDT,4h,6.969,7.175,6.936,7.11,508498.096117
1662566400000,2022-09-07T16:00:00+00:00,DOT/USDT,4h,7.11,7.226,7.07,7.127,271519.774363
1662580800000,2022-09-07T20:00:00+00:00,DOT/USDT,4h,7.126,7.296,7.126,7.197,311395.238405
1662595200000,2022-09-08T00:00:00+00:00,DOT/USDT,4h,7.199,7.249,7.163,7.18,196891.695615
1662609600000,2022-09-08T04:00:00+00:00,DOT/USDT,4h,7.18,7.232,7.059,7.117,213385.491332
1662624000000,2022-09-08T08:00:00+00:00,DOT/USDT,4h,7.114,7.326,7.035,7.235,576173.193124
1662638400000,2022-09-08T12:00:00+00:00,DOT/USDT,4h,7.235,7.329,7.073,7.251,557492.464145
1662652800000,2022-09-08T16:00:00+00:00,DOT/USDT,4h,7.252,7.428,7.169,7.422,286110.466268
1662667200000,2022-09-08T20:00:00+00:00,DOT/USDT,4h,7.424,7.45,7.355,7.386,183702.160663
1662681600000,2022-09-09T00:00:00+00:00,DOT/USDT,4h,7.387,7.575,7.358,7.546,289446.445082
1662696000000,2022-09-09T04:00:00+00:00,DOT/USDT,4h,7.546,7.732,7.524,7.712,497391.791961
1662710400000,2022-09-09T08:00:00+00:00,DOT/USDT,4h,7.713,7.878,7.69,7.795,570166.281175
1662724800000,2022-09-09T12:00:00+00:00,DOT/USDT,4h,7.794,7.943,7.759,7.793,695561.254441
1662739200000,2022-09-09T16:00:00+00:00,DOT/USDT,4h,7.792,7.928,7.666,7.74,418150.766787
1662753600000,2022-09-09T20:00:00+00:00,DOT/USDT,4h,7.739,7.874,7.668,7.756,266277.459844
1662768000000,2022-09-10T00:00:00+00:00,DOT/USDT,4h,7.757,7.84,7.703,7.735,225874.931688
1662782400000,2022-09-10T04:00:00+00:00,DOT/USDT,4h,7.737,7.879,7.627,7.673,320087.013528
1662796800000,2022-09-10T08:00:00+00:00,DOT/USDT,4h,7.673,7.749,7.635,7.696,227780.345516
1662811200000,2022-09-10T12:00:00+00:00,DOT/USDT,4h,7.697,7.75,7.584,7.657,261313.137813
1662825600000,2022-09-10T16:00:00+00:00,DOT/USDT,4h,7.658,7.756,7.633,7.727,198528.680411
1662840000000,2022-09-10T20:00:00+00:00,DOT/USDT,4h,7.728,7.839,7.676,7.776,234632.149969
1662854400000,2022-09-11T00:00:00+00:00,DOT/USDT,4h,7.775,7.837,7.711,7.721,141337.775011
1662868800000,2022-09-11T04:00:00+00:00,DOT/USDT,4h,7.72,7.777,7.61,7.714,160548.489614
1662883200000,2022-09-11T08:00:00+00:00,DOT/USDT,4h,7.714,7.741,7.675,7.707,138907.934295
1662897600000,2022-09-11T12:00:00+00:00,DOT/USDT,4h,7.705,7.9,7.681,7.733,326723.982508
1662912000000,2022-09-11T16:00:00+00:00,DOT/USDT,4h,7.735,7.832,7.71,7.73,158384.804299
1662926400000,2022-09-11T20:00:00+00:00,DOT/USDT,4h,7.729,7.745,7.542,7.701,305666.912231
1662940800000,2022-09-12T00:00:00+00:00,DOT/USDT,4h,7.702,7.883,7.565,7.616,502523.17595
1662955200000,2022-09-12T04:00:00+00:00,DOT/USDT,4h,7.617,7.78,7.607,7.764,196955.489936
1662969600000,2022-09-12T08:00:00+00:00,DOT/USDT,4h,7.763,8.022,7.726,7.918,666505.725093
1662984000000,2022-09-12T12:00:00+00:00,DOT/USDT,4h,7.917,8.051,7.661,7.714,511401.558428
1662998400000,2022-09-12T16:00:00+00:00,DOT/USDT,4h,7.712,7.761,7.607,7.747,287040.76558
1663012800000,2022-09-12T20:00:00+00:00,DOT/USDT,4h,7.746,7.786,7.634,7.663,181029.476289
1663027200000,2022-09-13T00:00:00+00:00,DOT/USDT,4h,7.663,7.674,7.464,7.62,371092.470541
1663041600000,2022-09-13T04:00:00+00:00,DOT/USDT,4h,7.621,7.715,7.582,7.662,298154.53406
1663056000000,2022-09-13T08:00:00+00:00,DOT/USDT,4h,7.662,7.896,7.611,7.884,359904.349823
1663070400000,2022-09-13T12:00:00+00:00,DOT/USDT,4h,7.884,7.954,7.205,7.233,1233132.301129
1663084800000,2022-09-13T16:00:00+00:00,DOT/USDT,4h,7.232,7.28,7.055,7.161,337869.617249
1663099200000,2022-09-13T20:00:00+00:00,DOT/USDT,4h,7.162,7.214,7.03,7.069,256759.821509
1663113600000,2022-09-14T00:00:00+00:00,DOT/USDT,4h,7.066,7.225,7.028,7.195,283101.952538
1663128000000,2022-09-14T04:00:00+00:00,DOT/USDT,4h,7.194,7.231,7.063,7.146,168376.785393
1663142400000,2022-09-14T08:00:00+00:00,DOT/USDT,4h,7.146,7.203,7.09,7.166,205870.769097
1663156800000,2022-09-14T12:00:00+00:00,DOT/USDT,4h,7.167,7.301,7.098,7.207,390368.620964
1663171200000,2022-09-14T16:00:00+00:00,DOT/USDT,4h,7.208,7.243,7.012,7.154,298214.833853
1663185600000,2022-09-14T20:00:00+00:00,DOT/USDT,4h,7.151,7.245,7.115,7.207,189568.98258
1663200000000,2022-09-15T00:00:00+00:00,DOT/USDT,4h,7.205,7.238,6.955,7.041,390103.84053
1663214400000,2022-09-15T04:00:00+00:00,DOT/USDT,4h,7.042,7.221,6.927,7.172,556764.311846
1663228800000,2022-09-15T08:00:00+00:00,DOT/USDT,4h,7.172,7.172,7.05,7.096,145247.982015
1663243200000,2022-09-15T12:00:00+00:00,DOT/USDT,4h,7.096,7.143,6.887,6.945,661122.207428
1663257600000,2022-09-15T16:00:00+00:00,DOT/USDT,4h,6.947,7.038,6.908,6.971,224474.079361
1663272000000,2022-09-15T20:00:00+00:00,DOT/USDT,4h,6.973,7.004,6.873,6.931,248521.766387
1663286400000,2022-09-16T00:00:00+00:00,DOT/USDT,4h,6.932,6.974,6.845,6.915,283146.024363
1663300800000,2022-09-16T04:00:00+00:00,DOT/USDT,4h,6.915,6.941,6.885,6.889,161388.300825
1663315200000,2022-09-16T08:00:00+00:00,DOT/USDT,4h,6.89,6.921,6.813,6.921,197426.541396
1663329600000,2022-09-16T12:00:00+00:00,DOT/USDT,4h,6.921,6.923,6.753,6.844,323367.575795
1663344000000,2022-09-16T16:00:00+00:00,DOT/USDT,4h,6.843,6.892,6.7,6.817,326180.981632
1663358400000,2022-09-16T20:00:00+00:00,DOT/USDT,4h,6.817,6.909,6.816,6.905,138024.154781
1663372800000,2022-09-17T00:00:00+00:00,DOT/USDT,4h,6.906,7.06,6.904,6.987,240978.331656
1663387200000,2022-09-17T04:00:00+00:00,DOT/USDT,4h,6.986,7.029,6.968,7.024,105651.235963
1663401600000,2022-09-17T08:00:00+00:00,DOT/USDT,4h,7.024,7.035,6.949,6.955,96445.171971
1663416000000,2022-09-17T12:00:00+00:00,DOT/USDT,4h,6.955,7.089,6.924,7.076,99575.671085
1663430400000,2022-09-17T16:00:00+00:00,DOT/USDT,4h,7.076,7.151,7.076,7.112,117940.452589
1663444800000,2022-09-17T20:00:00+00:00,DOT/USDT,4h,7.116,7.16,7.009,7.06,125313.433461
1663459200000,2022-09-18T00:00:00+00:00,DOT/USDT,4h,7.06,7.065,6.958,6.973,161174.493211
1663473600000,2022-09-18T04:00:00+00:00,DOT/USDT,4h,6.974,7.046,6.972,6.994,128332.324546
1663488000000,2022-09-18T08:00:00+00:00,DOT/USDT,4h,6.994,7.022,6.851,6.901,200556.204713
1663502400000,2022-09-18T12:00:00+00:00,DOT/USDT,4h,6.901,6.909,6.794,6.811,188947.843805
1663516800000,2022-09-18T16:00:00+00:00,DOT/USDT,4h,6.811,6.831,6.708,6.781,236568.625837
1663531200000,2022-09-18T20:00:00+00:00,DOT/USDT,4h,6.777,6.78,6.3,6.444,657416.191121
1663545600000,2022-09-19T00:00:00+00:00,DOT/USDT,4h,6.444,6.555,6.255,6.303,508517.557979
1663560000000,2022-09-19T04:00:00+00:00,DOT/USDT,4h,6.302,6.336,6.106,6.197,570410.677015
1663574400000,2022-09-19T08:00:00+00:00,DOT/USDT,4h,6.197,6.278,6.15,6.255,294625.668398
1663588800000,2022-09-19T12:00:00+00:00,DOT/USDT,4h,6.255,6.45,6.254,6.343,435260.690503
1663603200000,2022-09-19T16:00:00+00:00,DOT/USDT,4h,6.343,6.407,6.232,6.395,192251.832366
1663617600000,2022-09-19T20:00:00+00:00,DOT/USDT,4h,6.396,6.444,6.369,6.385,141690.926951
1663632000000,2022-09-20T00:00:00+00:00,DOT/USDT,4h,6.386,6.418,6.254,6.325,164720.033666
1663646400000,2022-09-20T04:00:00+00:00,DOT/USDT,4h,6.325,6.408,6.281,6.326,120325.464893
1663660800000,2022-09-20T08:00:00+00:00,DOT/USDT,4h,6.324,6.357,6.239,6.29,151751.884834
1663675200000,2022-09-20T12:00:00+00:00,DOT/USDT,4h,6.291,6.367,6.169,6.358,308137.331724
1663689600000,2022-09-20T16:00:00+00:00,DOT/USDT,4h,6.359,6.383,6.212,6.301,229336.099349
1663704000000,2022-09-20T20:00:00+00:00,DOT/USDT,4h,6.302,6.323,6.207,6.287,104855.745864
1663718400000,2022-09-21T00:00:00+00:00,DOT/USDT,4h,6.287,6.36,6.258,6.329,102193.399706
1663732800000,2022-09-21T04:00:00+00:00,DOT/USDT,4h,6.329,6.38,6.141,6.249,226847.875259
1663747200000,2022-09-21T08:00:00+00:00,DOT/USDT,4h,6.249,6.363,6.223,6.353,190346.184553
1663761600000,2022-09-21T12:00:00+00:00,DOT/USDT,4h,6.354,6.417,6.257,6.282,294469.200539
1663776000000,2022-09-21T16:00:00+00:00,DOT/USDT,4h,6.282,6.578,6.147,6.259,1018633.33494
1663790400000,2022-09-21T20:00:00+00:00,DOT/USDT,4h,6.259,6.273,5.969,6.124,591009.934678
1663804800000,2022-09-22T00:00:00+00:00,DOT/USDT,4h,6.123,6.247,6.08,6.214,203482.508728
1663819200000,2022-09-22T04:00:00+00:00,DOT/USDT,4h,6.215,6.349,6.212,6.342,147875.156301
1663833600000,2022-09-22T08:00:00+00:00,DOT/USDT,4h,6.341,6.477,6.328,6.467,199570.057655
1663848000000,2022-09-22T12:00:00+00:00,DOT/USDT,4h,6.467,6.486,6.315,6.371,242423.855334
1663862400000,2022-09-22T16:00:00+00:00,DOT/USDT,4h,6.371,6.523,6.313,6.455,163046.646854
1663876800000,2022-09-22T20:00:00+00:00,DOT/USDT,4h,6.457,6.522,6.397,6.445,162110.900564
1663891200000,2022-09-23T00:00:00+00:00,DOT/USDT,4h,6.446,6.625,6.388,6.556,260497.259876
1663905600000,2022-09-23T04:00:00+00:00,DOT/USDT,4h,6.556,6.64,6.459,6.477,294510.022672
1663920000000,2022-09-23T08:00:00+00:00,DOT/USDT,4h,6.477,6.509,6.257,6.289,399510.461562
1663934400000,2022-09-23T12:00:00+00:00,DOT/USDT,4h,6.288,6.436,6.192,6.306,383021.337041
1663948800000,2022-09-23T16:00:00+00:00,DOT/USDT,4h,6.305,6.341,6.235,6.333,204459.457415
1663963200000,2022-09-23T20:00:00+00:00,DOT/USDT,4h,6.332,6.483,6.293,6.434,219942.862228
1663977600000,2022-09-24T00:00:00+00:00,DOT/USDT,4h,6.434,6.515,6.383,6.433,312714.616596
1663992000000,2022-09-24T04:00:00+00:00,DOT/USDT,4h,6.433,6.498,6.384,6.409,161925.934008
1664006400000,2022-09-24T08:00:00+00:00,DOT/USDT,4h,6.409,6.461,6.371,6.416,101421.672845
1664020800000,2022-09-24T12:00:00+00:00,DOT/USDT,4h,6.415,6.478,6.41,6.452,109215.801668
1664035200000,2022-09-24T16:00:00+00:00,DOT/USDT,4h,6.452,6.472,6.408,6.427,107923.092726
1664049600000,2022-09-24T20:00:00+00:00,DOT/USDT,4h,6.427,6.444,6.238,6.271,211933.825758
1664064000000,2022-09-25T00:00:00+00:00,DOT/USDT,4h,6.27,6.339,6.255,6.338,139522.451267
1664078400000,2022-09-25T04:00:00+00:00,DOT/USDT,4h,6.337,6.355,6.28,6.345,80387.887765
1664092800000,2022-09-25T08:00:00+00:00,DOT/USDT,4h,6.345,6.378,6.261,6.337,130885.290712
1664107200000,2022-09-25T12:00:00+00:00,DOT/USDT,4h,6.337,6.344,6.216,6.275,161025.493158
1664121600000,2022-09-25T16:00:00+00:00,DOT/USDT,4h,6.275,6.316,6.167,6.237,145868.60472
1664136000000,2022-09-25T20:00:00+00:00,DOT/USDT,4h,6.235,6.244,6.082,6.203,154102.983934
1664150400000,2022-09-26T00:00:00+00:00,DOT/USDT,4h,6.203,6.399,6.176,6.308,290408.079198
1664164800000,2022-09-26T04:00:00+00:00,DOT/USDT,4h,6.308,6.333,6.154,6.267,503849.56468
1664179200000,2022-09-26T08:00:00+00:00,DOT/USDT,4h,6.268,6.448,6.263,6.4,386245.390548
1664193600000,2022-09-26T12:00:00+00:00,DOT/USDT,4h,6.396,6.559,6.372,6.542,441719.908301
1664208000000,2022-09-26T16:00:00+00:00,DOT/USDT,4h,6.541,6.579,6.448,6.53,208498.812142
1664222400000,2022-09-26T20:00:00+00:00,DOT/USDT,4h,6.531,6.574,6.495,6.558,149240.817728
1664236800000,2022-09-27T00:00:00+00:00,DOT/USDT,4h,6.558,6.786,6.54,6.753,402849.082202
1664251200000,2022-09-27T04:00:00+00:00,DOT/USDT,4h,6.754,6.805,6.731,6.736,224745.697298
1664265600000,2022-09-27T08:00:00+00:00,DOT/USDT,4h,6.736,6.764,6.681,6.717,229119.115225
1664280000000,2022-09-27T12:00:00+00:00,DOT/USDT,4h,6.716,6.772,6.634,6.639,224244.762868
1664294400000,2022-09-27T16:00:00+00:00,DOT/USDT,4h,6.64,6.659,6.247,6.355,470637.617614
1664308800000,2022-09-27T20:00:00+00:00,DOT/USDT,4h,6.354,6.406,6.314,6.373,115350.360826
1664323200000,2022-09-28T00:00:00+00:00,DOT/USDT,4h,6.374,6.417,6.171,6.262,313996.800879
1664337600000,2022-09-28T04:00:00+00:00,DOT/USDT,4h,6.263,6.314,6.234,6.307,151991.29734
1664352000000,2022-09-28T08:00:00+00:00,DOT/USDT,4h,6.307,6.354,6.219,6.332,181730.471029
1664366400000,2022-09-28T12:00:00+00:00,DOT/USDT,4h,6.332,6.447,6.304,6.44,224480.244389
1664380800000,2022-09-28T16:00:00+00:00,DOT/USDT,4h,6.439,6.467,6.349,6.427,161908.396513
1664395200000,2022-09-28T20:00:00+00:00,DOT/USDT,4h,6.428,6.468,6.37,6.388,162306.167525
1664409600000,2022-09-29T00:00:00+00:00,DOT/USDT,4h,6.389,6.454,6.366,6.435,164141.910454
1664424000000,2022-09-29T04:00:00+00:00,DOT/USDT,4h,6.436,6.476,6.344,6.389,145498.927199
1664438400000,2022-09-29T08:00:00+00:00,DOT/USDT,4h,6.388,6.49,6.372,6.448,166729.160148
1664452800000,2022-09-29T12:00:00+00:00,DOT/USDT,4h,6.447,6.448,6.259,6.364,345627.772223
1664467200000,2022-09-29T16:00:00+00:00,DOT/USDT,4h,6.364,6.411,6.326,6.376,138010.088502
1664481600000,2022-09-29T20:00:00+00:00,DOT/USDT,4h,6.377,6.443,6.37,6.436,127763.327832
1664496000000,2022-09-30T00:00:00+00:00,DOT/USDT,4h,6.434,6.476,6.397,6.41,180181.488096
1664510400000,2022-09-30T04:00:00+00:00,DOT/USDT,4h,6.411,6.53,6.406,6.512,174600.32888
1664524800000,2022-09-30T08:00:00+00:00,DOT/USDT,4h,6.512,6.536,6.409,6.425,158290.553666
1664539200000,2022-09-30T12:00:00+00:00,DOT/USDT,4h,6.423,6.571,6.348,6.449,428888.925958
1664553600000,2022-09-30T16:00:00+00:00,DOT/USDT,4h,6.449,6.483,6.235,6.24,298995.512472
1664568000000,2022-09-30T20:00:00+00:00,DOT/USDT,4h,6.239,6.331,6.219,6.323,235846.670101
1664582400000,2022-10-01T00:00:00+00:00,DOT/USDT,4h,6.323,6.335,6.286,6.322,162230.695962
1664596800000,2022-10-01T04:00:00+00:00,DOT/USDT,4h,6.321,6.327,6.27,6.322,90770.806136
1664611200000,2022-10-01T08:00:00+00:00,DOT/USDT,4h,6.323,6.328,6.27,6.303,116818.528942
1664625600000,2022-10-01T12:00:00+00:00,DOT/USDT,4h,6.302,6.319,6.274,6.293,97724.313658
1664640000000,2022-10-01T16:00:00+00:00,DOT/USDT,4h,6.292,6.298,6.213,6.273,129164.631036
1664654400000,2022-10-01T20:00:00+00:00,DOT/USDT,4h,6.272,6.294,6.237,6.272,69484.810113
1664668800000,2022-10-02T00:00:00+00:00,DOT/USDT,4h,6.272,6.321,6.259,6.309,106735.2411
1664683200000,2022-10-02T04:00:00+00:00,DOT/USDT,4h,6.309,6.326,6.277,6.298,65416.172806
1664697600000,2022-10-02T08:00:00+00:00,DOT/USDT,4h,6.298,6.312,6.15,6.221,154182.006948
1664712000000,2022-10-02T12:00:00+00:00,DOT/USDT,4h,6.219,6.233,6.186,6.223,85139.009947
1664726400000,2022-10-02T16:00:00+00:00,DOT/USDT,4h,6.222,6.319,6.217,6.301,126803.381925
1664740800000,2022-10-02T20:00:00+00:00,DOT/USDT,4h,6.302,6.315,6.127,6.158,185750.338732
1664755200000,2022-10-03T00:00:00+00:00,DOT/USDT,4h,6.157,6.264,6.086,6.234,193062.040711
1664769600000,2022-10-03T04:00:00+00:00,DOT/USDT,4h,6.235,6.269,6.182,6.226,163149.869156
1664784000000,2022-10-03T08:00:00+00:00,DOT/USDT,4h,6.226,6.307,6.212,6.296,87925.537672
1664798400000,2022-10-03T12:00:00+00:00,DOT/USDT,4h,6.296,6.368,6.253,6.319,209236.51884
1664812800000,2022-10-03T16:00:00+00:00,DOT/USDT,4h,6.32,6.375,6.295,6.327,132211.538337
1664827200000,2022-10-03T20:00:00+00:00,DOT/USDT,4h,6.329,6.403,6.327,6.368,156739.781168
1664841600000,2022-10-04T00:00:00+00:00,DOT/USDT,4h,6.368,6.405,6.345,6.384,86518.098985
1664856000000,2022-10-04T04:00:00+00:00,DOT/USDT,4h,6.385,6.45,6.345,6.437,160369.304526
1664870400000,2022-10-04T08:00:00+00:00,DOT/USDT,4h,6.438,6.471,6.398,6.445,105205.058887
1664884800000,2022-10-04T12:00:00+00:00,DOT/USDT,4h,6.446,6.51,6.446,6.472,184404.268196
1664899200000,2022-10-04T16:00:00+00:00,DOT/USDT,4h,6.473,6.492,6.397,6.483,137724.466091
1664913600000,2022-10-04T20:00:00+00:00,DOT/USDT,4h,6.484,6.535,6.469,6.491,114853.223829
1664928000000,2022-10-05T00:00:00+00:00,DOT/USDT,4h,6.492,6.505,6.379,6.395,114693.067349
1664942400000,2022-10-05T04:00:00+00:00,DOT/USDT,4h,6.396,6.47,6.394,6.421,86291.220828
1664956800000,2022-10-05T08:00:00+00:00,DOT/USDT,4h,6.421,6.425,6.321,6.335,110244.10204
1664971200000,2022-10-05T12:00:00+00:00,DOT/USDT,4h,6.334,6.339,6.27,6.333,209281.516445
1664985600000,2022-10-05T16:00:00+00:00,DOT/USDT,4h,6.335,6.414,6.318,6.388,141622.387245
1665000000000,2022-10-05T20:00:00+00:00,DOT/USDT,4h,6.389,6.443,6.377,6.436,94493.838771
1665014400000,2022-10-06T00:00:00+00:00,DOT/USDT,4h,6.435,6.52,6.435,6.487,218629.813255
1665028800000,2022-10-06T04:00:00+00:00,DOT/USDT,4h,6.487,6.52,6.424,6.448,169933.025907
1665043200000,2022-10-06T08:00:00+00:00,DOT/USDT,4h,6.447,6.471,6.409,6.466,119508.53587
1665057600000,2022-10-06T12:00:00+00:00,DOT/USDT,4h,6.467,6.492,6.353,6.376,163841.649649
1665072000000,2022-10-06T16:00:00+00:00,DOT/USDT,4h,6.375,6.42,6.353,6.386,119243.836977
1665086400000,2022-10-06T20:00:00+00:00,DOT/USDT,4h,6.386,6.386,6.317,6.343,107574.333
1665100800000,2022-10-07T00:00:00+00:00,DOT/USDT,4h,6.343,6.387,6.338,6.371,82343.764041
1665115200000,2022-10-07T04:00:00+00:00,DOT/USDT,4h,6.371,6.393,6.342,6.364,94126.873492
1665129600000,2022-10-07T08:00:00+00:00,DOT/USDT,4h,6.364,6.389,6.351,6.374,76854.332833
1665144000000,2022-10-07T12:00:00+00:00,DOT/USDT,4h,6.373,6.387,6.26,6.305,324245.567918
1665158400000,2022-10-07T16:00:00+00:00,DOT/USDT,4h,6.305,6.317,6.255,6.314,82580.743849
1665172800000,2022-10-07T20:00:00+00:00,DOT/USDT,4h,6.312,6.34,6.305,6.328,48373.532046
1665187200000,2022-10-08T00:00:00+00:00,DOT/USDT,4h,6.329,6.393,6.326,6.366,89499.488598
1665201600000,2022-10-08T04:00:00+00:00,DOT/USDT,4h,6.367,6.376,6.337,6.358,61470.354954
1665216000000,2022-10-08T08:00:00+00:00,DOT/USDT,4h,6.359,6.369,6.336,6.367,53015.354805
1665230400000,2022-10-08T12:00:00+00:00,DOT/USDT,4h,6.366,6.367,6.316,6.335,48627.885134
1665244800000,2022-10-08T16:00:00+00:00,DOT/USDT,4h,6.335,6.358,6.315,6.32,34850.392756
1665259200000,2022-10-08T20:00:00+00:00,DOT/USDT,4h,6.32,6.337,6.269,6.309,49351.003926
1665273600000,2022-10-09T00:00:00+00:00,DOT/USDT,4h,6.309,6.325,6.284,6.302,54781.685029
1665288000000,2022-10-09T04:00:00+00:00,DOT/USDT,4h,6.302,6.363,6.289,6.352,89843.112448
1665302400000,2022-10-09T08:00:00+00:00,DOT/USDT,4h,6.353,6.412,6.338,6.394,98219.813619
1665316800000,2022-10-09T12:00:00+00:00,DOT/USDT,4h,6.396,6.464,6.379,6.462,106342.078887
1665331200000,2022-10-09T16:00:00+00:00,DOT/USDT,4h,6.463,6.492,6.453,6.472,113521.380698
1665345600000,2022-10-09T20:00:00+00:00,DOT/USDT,4h,6.472,6.483,6.432,6.476,58651.484673
1665360000000,2022-10-10T00:00:00+00:00,DOT/USDT,4h,6.478,6.544,6.435,6.445,182408.927316
1665374400000,2022-10-10T04:00:00+00:00,DOT/USDT,4h,6.444,6.472,6.392,6.413,92326.077543
1665388800000,2022-10-10T08:00:00+00:00,DOT/USDT,4h,6.413,6.417,6.28,6.359,179638.196229
1665403200000,2022-10-10T12:00:00+00:00,DOT/USDT,4h,6.358,6.403,6.321,6.345,110750.424321
1665417600000,2022-10-10T16:00:00+00:00,DOT/USDT,4h,6.346,6.38,6.298,6.351,98729.260851
1665432000000,2022-10-10T20:00:00+00:00,DOT/USDT,4h,6.35,6.369,6.241,6.253,166376.554499
1665446400000,2022-10-11T00:00:00+00:00,DOT/USDT,4h,6.253,6.253,6.123,6.196,193499.852732
1665460800000,2022-10-11T04:00:00+00:00,DOT/USDT,4h,6.195,6.213,6.173,6.201,94057.750129
1665475200000,2022-10-11T08:00:00+00:00,DOT/USDT,4h,6.201,6.219,6.163,6.211,78512.190279
1665489600000,2022-10-11T12:00:00+00:00,DOT/USDT,4h,6.213,6.244,6.139,6.227,92904.225332
1665504000000,2022-10-11T16:00:00+00:00,DOT/USDT,4h,6.228,6.248,6.169,6.196,88282.537768
1665518400000,2022-10-11T20:00:00+00:00,DOT/USDT,4h,6.195,6.208,6.155,6.18,46198.840071
1665532800000,2022-10-12T00:00:00+00:00,DOT/USDT,4h,6.18,6.221,6.165,6.185,97615.145773
1665547200000,2022-10-12T04:00:00+00:00,DOT/USDT,4h,6.185,6.234,6.184,6.204,73900.82952
1665561600000,2022-10-12T08:00:00+00:00,DOT/USDT,4h,6.204,6.244,6.194,6.205,59309.079314
1665576000000,2022-10-12T12:00:00+00:00,DOT/USDT,4h,6.205,6.224,6.143,6.188,145835.089979
1665590400000,2022-10-12T16:00:00+00:00,DOT/USDT,4h,6.188,6.193,6.126,6.164,57091.631694
1665604800000,2022-10-12T20:00:00+00:00,DOT/USDT,4h,6.164,6.188,6.147,6.174,44273.377024
1665619200000,2022-10-13T00:00:00+00:00,DOT/USDT,4h,6.172,6.179,6.019,6.095,186765.541531
1665633600000,2022-10-13T04:00:00+00:00,DOT/USDT,4h,6.094,6.103,5.821,5.885,381738.413881
1665648000000,2022-10-13T08:00:00+00:00,DOT/USDT,4h,5.884,5.93,5.705,5.864,498427.489316
1665662400000,2022-10-13T12:00:00+00:00,DOT/USDT,4h,5.864,6.021,5.617,6.007,709744.308078
1665676800000,2022-10-13T16:00:00+00:00,DOT/USDT,4h,6.007,6.147,5.989,6.117,193235.512192
1665691200000,2022-10-13T20:00:00+00:00,DOT/USDT,4h,6.117,6.157,6.109,6.111,71528.545621
1665705600000,2022-10-14T00:00:00+00:00,DOT/USDT,4h,6.11,6.272,6.087,6.237,274555.308828
1665720000000,2022-10-14T04:00:00+00:00,DOT/USDT,4h,6.238,6.247,6.19,6.203,79687.2983
1665734400000,2022-10-14T08:00:00+00:00,DOT/USDT,4h,6.204,6.244,6.178,6.178,133609.345645
1665748800000,2022-10-14T12:00:00+00:00,DOT/USDT,4h,6.18,6.263,6.106,6.11,223394.328701
1665763200000,2022-10-14T16:00:00+00:00,DOT/USDT,4h,6.11,6.12,6.031,6.052,135918.826363
1665777600000,2022-10-14T20:00:00+00:00,DOT/USDT,4h,6.052,6.067,6.012,6.043,58745.517565
1665792000000,2022-10-15T00:00:00+00:00,DOT/USDT,4h,6.043,6.073,6.037,6.066,61156.345139
1665806400000,2022-10-15T04:00:00+00:00,DOT/USDT,4h,6.066,6.096,6.049,6.081,59881.60646
1665820800000,2022-10-15T08:00:00+00:00,DOT/USDT,4h,6.078,6.083,6.022,6.079,65590.461095
1665835200000,2022-10-15T12:00:00+00:00,DOT/USDT,4h,6.079,6.1,6.049,6.076,78052.981011
1665849600000,2022-10-15T16:00:00+00:00,DOT/USDT,4h,6.077,6.097,6.035,6.075,72397.990067
1665864000000,2022-10-15T20:00:00+00:00,DOT/USDT,4h,6.075,6.092,6.031,6.052,56051.270194
1665878400000,2022-10-16T00:00:00+00:00,DOT/USDT,4h,6.052,6.149,6.049,6.122,127626.11002
1665892800000,2022-10-16T04:00:00+00:00,DOT/USDT,4h,6.123,6.154,6.121,6.129,69794.353936
1665907200000,2022-10-16T08:00:00+00:00,DOT/USDT,4h,6.13,6.189,6.13,6.155,73397.091238
1665921600000,2022-10-16T12:00:00+00:00,DOT/USDT,4h,6.155,6.169,6.126,6.163,79950.177663
1665936000000,2022-10-16T16:00:00+00:00,DOT/USDT,4h,6.164,6.238,6.134,6.232,76798.020364
1665950400000,2022-10-16T20:00:00+00:00,DOT/USDT,4h,6.233,6.247,6.126,6.185,89254.37086
1665964800000,2022-10-17T00:00:00+00:00,DOT/USDT,4h,6.184,6.207,6.126,6.142,84459.917491
1665979200000,2022-10-17T04:00:00+00:00,DOT/USDT,4h,6.142,6.216,6.134,6.188,95185.752703
1665993600000,2022-10-17T08:00:00+00:00,DOT/USDT,4h,6.187,6.232,6.158,6.211,93306.353789
1666008000000,2022-10-17T12:00:00+00:00,DOT/USDT,4h,6.212,6.27,6.191,6.226,167277.773014
1666022400000,2022-10-17T16:00:00+00:00,DOT/USDT,4h,6.228,6.241,6.182,6.219,83085.39459
1666036800000,2022-10-17T20:00:00+00:00,DOT/USDT,4h,6.22,6.293,6.207,6.252,108719.089209
1666051200000,2022-10-18T00:00:00+00:00,DOT/USDT,4h,6.253,6.299,6.2,6.243,134451.546482
1666065600000,2022-10-18T04:00:00+00:00,DOT/USDT,4h,6.244,6.271,6.22,6.262,84354.607125
1666080000000,2022-10-18T08:00:00+00:00,DOT/USDT,4h,6.261,6.261,6.136,6.186,143647.338816
1666094400000,2022-10-18T12:00:00+00:00,DOT/USDT,4h,6.187,6.223,6.089,6.14,180544.718399
1666108800000,2022-10-18T16:00:00+00:00,DOT/USDT,4h,6.139,6.167,6.067,6.149,123676.251465
1666123200000,2022-10-18T20:00:00+00:00,DOT/USDT,4h,6.149,6.197,6.132,6.155,76679.732885
1666137600000,2022-10-19T00:00:00+00:00,DOT/USDT,4h,6.155,6.175,6.106,6.135,88600.736238
1666152000000,2022-10-19T04:00:00+00:00,DOT/USDT,4h,6.135,6.137,6.065,6.108,76459.47878
1666166400000,2022-10-19T08:00:00+00:00,DOT/USDT,4h,6.107,6.147,6.073,6.107,99129.290408
1666180800000,2022-10-19T12:00:00+00:00,DOT/USDT,4h,6.107,6.241,6.082,6.236,162644.712337
1666195200000,2022-10-19T16:00:00+00:00,DOT/USDT,4h,6.236,6.254,6.168,6.229,122654.320785
1666209600000,2022-10-19T20:00:00+00:00,DOT/USDT,4h,6.23,6.244,6.068,6.105,224886.426954
1666224000000,2022-10-20T00:00:00+00:00,DOT/USDT,4h,6.103,6.11,5.992,6.07,188770.217884
1666238400000,2022-10-20T04:00:00+00:00,DOT/USDT,4h,6.069,6.153,6.068,6.113,121567.378456
1666252800000,2022-10-20T08:00:00+00:00,DOT/USDT,4h,6.114,6.145,6.089,6.127,70354.838214
1666267200000,2022-10-20T12:00:00+00:00,DOT/USDT,4h,6.127,6.147,6.085,6.113,172039.8429
1666281600000,2022-10-20T16:00:00+00:00,DOT/USDT,4h,6.113,6.113,5.895,5.962,219495.181309
1666296000000,2022-10-20T20:00:00+00:00,DOT/USDT,4h,5.961,5.972,5.824,5.882,239054.384807
1666310400000,2022-10-21T00:00:00+00:00,DOT/USDT,4h,5.883,5.89,5.783,5.865,229472.198467
1666324800000,2022-10-21T04:00:00+00:00,DOT/USDT,4h,5.865,5.881,5.823,5.835,104857.449453
1666339200000,2022-10-21T08:00:00+00:00,DOT/USDT,4h,5.836,5.864,5.727,5.82,423831.798149
1666353600000,2022-10-21T12:00:00+00:00,DOT/USDT,4h,5.821,5.898,5.74,5.856,487234.129101
1666368000000,2022-10-21T16:00:00+00:00,DOT/USDT,4h,5.857,5.891,5.788,5.867,207691.429872
1666382400000,2022-10-21T20:00:00+00:00,DOT/USDT,4h,5.866,5.878,5.823,5.836,132216.981476
1666396800000,2022-10-22T00:00:00+00:00,DOT/USDT,4h,5.837,5.851,5.789,5.81,123885.606003
1666411200000,2022-10-22T04:00:00+00:00,DOT/USDT,4h,5.809,5.831,5.77,5.814,133471.960257
1666425600000,2022-10-22T08:00:00+00:00,DOT/USDT,4h,5.813,5.871,5.805,5.847,149327.761875
1666440000000,2022-10-22T12:00:00+00:00,DOT/USDT,4h,5.847,5.875,5.818,5.837,252226.871589
1666454400000,2022-10-22T16:00:00+00:00,DOT/USDT,4h,5.837,5.843,5.8,5.83,117001.373622
1666468800000,2022-10-22T20:00:00+00:00,DOT/USDT,4h,5.83,5.86,5.817,5.844,92657.757497
1666483200000,2022-10-23T00:00:00+00:00,DOT/USDT,4h,5.845,5.881,5.806,5.861,161374.0364
1666497600000,2022-10-23T04:00:00+00:00,DOT/USDT,4h,5.861,5.87,5.828,5.839,96354.721305
1666512000000,2022-10-23T08:00:00+00:00,DOT/USDT,4h,5.839,5.856,5.78,5.794,127672.447375
1666526400000,2022-10-23T12:00:00+00:00,DOT/USDT,4h,5.794,5.831,5.754,5.824,130799.609961
1666540800000,2022-10-23T16:00:00+00:00,DOT/USDT,4h,5.823,5.949,5.812,5.921,115855.624126
1666555200000,2022-10-23T20:00:00+00:00,DOT/USDT,4h,5.923,5.977,5.896,5.96,177620.494424
1666569600000,2022-10-24T00:00:00+00:00,DOT/USDT,4h,5.962,5.99,5.864,5.869,161431.695408
1666584000000,2022-10-24T04:00:00+00:00,DOT/USDT,4h,5.869,5.869,5.806,5.837,174200.993839
1666598400000,2022-10-24T08:00:00+00:00,DOT/USDT,4h,5.837,5.91,5.816,5.907,165156.679639
1666612800000,2022-10-24T12:00:00+00:00,DOT/USDT,4h,5.907,5.908,5.807,5.867,256446.537712
1666627200000,2022-10-24T16:00:00+00:00,DOT/USDT,4h,5.866,5.911,5.85,5.887,125821.077175
1666641600000,2022-10-24T20:00:00+00:00,DOT/USDT,4h,5.887,5.949,5.869,5.914,82029.410186
1666656000000,2022-10-25T00:00:00+00:00,DOT/USDT,4h,5.916,5.956,5.896,5.934,155464.486254
1666670400000,2022-10-25T04:00:00+00:00,DOT/USDT,4h,5.935,5.965,5.909,5.947,75957.686977
1666684800000,2022-10-25T08:00:00+00:00,DOT/USDT,4h,5.947,5.965,5.916,5.952,82807.28583
1666699200000,2022-10-25T12:00:00+00:00,DOT/USDT,4h,5.952,6.181,5.939,6.152,347254.229816
1666713600000,2022-10-25T16:00:00+00:00,DOT/USDT,4h,6.151,6.625,6.151,6.546,1156254.407799
1666728000000,2022-10-25T20:00:00+00:00,DOT/USDT,4h,6.545,6.559,6.402,6.436,243493.811551
1666742400000,2022-10-26T00:00:00+00:00,DOT/USDT,4h,6.436,6.522,6.429,6.49,162090.640496
1666756800000,2022-10-26T04:00:00+00:00,DOT/USDT,4h,6.49,6.549,6.468,6.517,217338.311478
1666771200000,2022-10-26T08:00:00+00:00,DOT/USDT,4h,6.517,6.613,6.484,6.518,221845.511978
1666785600000,2022-10-26T12:00:00+00:00,DOT/USDT,4h,6.518,6.589,6.412,6.476,381923.568674
1666800000000,2022-10-26T16:00:00+00:00,DOT/USDT,4h,6.476,6.504,6.431,6.464,178935.219482
1666814400000,2022-10-26T20:00:00+00:00,DOT/USDT,4h,6.465,6.5,6.428,6.466,138284.612961
1666828800000,2022-10-27T00:00:00+00:00,DOT/USDT,4h,6.465,6.54,6.451,6.505,226001.497253
1666843200000,2022-10-27T04:00:00+00:00,DOT/USDT,4h,6.505,6.642,6.462,6.52,295271.425086
1666857600000,2022-10-27T08:00:00+00:00,DOT/USDT,4h,6.52,6.537,6.43,6.457,201410.909497
1666872000000,2022-10-27T12:00:00+00:00,DOT/USDT,4h,6.455,6.543,6.401,6.43,322846.452265
1666886400000,2022-10-27T16:00:00+00:00,DOT/USDT,4h,6.428,6.472,6.377,6.452,149987.195346
1666900800000,2022-10-27T20:00:00+00:00,DOT/USDT,4h,6.451,6.457,6.28,6.33,211522.70632
1666915200000,2022-10-28T00:00:00+00:00,DOT/USDT,4h,6.33,6.404,6.263,6.374,291860.159875
1666929600000,2022-10-28T04:00:00+00:00,DOT/USDT,4h,6.374,6.419,6.325,6.365,218564.219695
1666944000000,2022-10-28T08:00:00+00:00,DOT/USDT,4h,6.366,6.41,6.362,6.377,161812.181253
1666958400000,2022-10-28T12:00:00+00:00,DOT/USDT,4h,6.376,6.492,6.33,6.445,448649.606517
1666972800000,2022-10-28T16:00:00+00:00,DOT/USDT,4h,6.446,6.552,6.441,6.518,208060.65022
1666987200000,2022-10-28T20:00:00+00:00,DOT/USDT,4h,6.519,6.585,6.498,6.515,103927.355211
1667001600000,2022-10-29T00:00:00+00:00,DOT/USDT,4h,6.516,6.668,6.496,6.664,187046.689702
1667016000000,2022-10-29T04:00:00+00:00,DOT/USDT,4h,6.664,6.688,6.557,6.599,189335.540791
1667030400000,2022-10-29T08:00:00+00:00,DOT/USDT,4h,6.598,6.697,6.529,6.567,345173.837675
1667044800000,2022-10-29T12:00:00+00:00,DOT/USDT,4h,6.567,6.594,6.491,6.531,233122.478143
1667059200000,2022-10-29T16:00:00+00:00,DOT/USDT,4h,6.531,6.775,6.513,6.675,552190.427114
1667073600000,2022-10-29T20:00:00+00:00,DOT/USDT,4h,6.676,6.699,6.564,6.636,129309.880801
1667088000000,2022-10-30T00:00:00+00:00,DOT/USDT,4h,6.635,6.653,6.575,6.631,180134.108324
1667102400000,2022-10-30T04:00:00+00:00,DOT/USDT,4h,6.631,6.74,6.588,6.737,166964.517465
1667116800000,2022-10-30T08:00:00+00:00,DOT/USDT,4h,6.736,6.743,6.542,6.615,274207.949725
1667131200000,2022-10-30T12:00:00+00:00,DOT/USDT,4h,6.614,6.63,6.526,6.541,206692.969618
1667145600000,2022-10-30T16:00:00+00:00,DOT/USDT,4h,6.54,6.631,6.518,6.612,143886.724609
1667160000000,2022-10-30T20:00:00+00:00,DOT/USDT,4h,6.612,6.661,6.541,6.654,112213.785104
1667174400000,2022-10-31T00:00:00+00:00,DOT/USDT,4h,6.653,6.794,6.573,6.758,306824.014062
1667188800000,2022-10-31T04:00:00+00:00,DOT/USDT,4h,6.758,6.764,6.635,6.734,232261.489737
1667203200000,2022-10-31T08:00:00+00:00,DOT/USDT,4h,6.734,6.833,6.652,6.787,299930.508502
1667217600000,2022-10-31T12:00:00+00:00,DOT/USDT,4h,6.788,6.805,6.587,6.647,415645.102789
1667232000000,2022-10-31T16:00:00+00:00,DOT/USDT,4h,6.647,6.703,6.605,6.638,195411.810183
1667246400000,2022-10-31T20:00:00+00:00,DOT/USDT,4h,6.639,6.665,6.57,6.622,163233.852469
1667260800000,2022-11-01T00:00:00+00:00,DOT/USDT,4h,6.622,6.695,6.596,6.627,119932.817377
1667275200000,2022-11-01T04:00:00+00:00,DOT/USDT,4h,6.626,6.713,6.6,6.688,139157.370721
1667289600000,2022-11-01T08:00:00+00:00,DOT/USDT,4h,6.688,6.714,6.598,6.628,152402.253069
1667304000000,2022-11-01T12:00:00+00:00,DOT/USDT,4h,6.628,6.637,6.477,6.516,281011.688537
1667318400000,2022-11-01T16:00:00+00:00,DOT/USDT,4h,6.515,6.529,6.462,6.494,79727.772607
1667332800000,2022-11-01T20:00:00+00:00,DOT/USDT,4h,6.493,6.496,6.453,6.457,65095.10465
1667347200000,2022-11-02T00:00:00+00:00,DOT/USDT,4h,6.456,6.467,6.4,6.445,138082.329278
1667361600000,2022-11-02T04:00:00+00:00,DOT/USDT,4h,6.445,6.466,6.325,6.362,131173.902931
1667376000000,2022-11-02T08:00:00+00:00,DOT/USDT,4h,6.361,6.468,6.285,6.355,245306.706607
1667390400000,2022-11-02T12:00:00+00:00,DOT/USDT,4h,6.355,6.399,6.32,6.327,150506.991834
1667404800000,2022-11-02T16:00:00+00:00,DOT/USDT,4h,6.326,6.528,6.253,6.29,646170.304843
1667419200000,2022-11-02T20:00:00+00:00,DOT/USDT,4h,6.288,6.319,6.162,6.255,215450.779961
1667433600000,2022-11-03T00:00:00+00:00,DOT/USDT,4h,6.255,6.442,6.229,6.431,184412.160866
1667448000000,2022-11-03T04:00:00+00:00,DOT/USDT,4h,6.432,6.534,6.424,6.436,285745.561952
1667462400000,2022-11-03T08:00:00+00:00,DOT/USDT,4h,6.438,6.496,6.35,6.386,199605.643977
1667476800000,2022-11-03T12:00:00+00:00,DOT/USDT,4h,6.386,6.483,6.324,6.446,251349.41715
1667491200000,2022-11-03T16:00:00+00:00,DOT/USDT,4h,6.447,6.522,6.441,6.499,232816.177941
1667505600000,2022-11-03T20:00:00+00:00,DOT/USDT,4h,6.5,6.506,6.411,6.423,167429.756223
1667520000000,2022-11-04T00:00:00+00:00,DOT/USDT,4h,6.422,6.629,6.389,6.595,390701.043418
1667534400000,2022-11-04T04:00:00+00:00,DOT/USDT,4h,6.595,6.725,6.576,6.689,381382.574016
1667548800000,2022-11-04T08:00:00+00:00,DOT/USDT,4h,6.689,6.78,6.677,6.687,293039.06892
1667563200000,2022-11-04T12:00:00+00:00,DOT/USDT,4h,6.686,6.966,6.597,6.747,904232.291369
1667577600000,2022-11-04T16:00:00+00:00,DOT/USDT,4h,6.746,7.003,6.713,6.991,382213.448358
1667592000000,2022-11-04T20:00:00+00:00,DOT/USDT,4h,6.992,7.097,6.952,7.056,357468.745203
1667606400000,2022-11-05T00:00:00+00:00,DOT/USDT,4h,7.057,7.239,7.016,7.076,591133.615535
1667620800000,2022-11-05T04:00:00+00:00,DOT/USDT,4h,7.076,7.1,7.016,7.066,143142.089086
1667635200000,2022-11-05T08:00:00+00:00,DOT/USDT,4h,7.065,7.094,6.961,7.064,187672.462026
1667649600000,2022-11-05T12:00:00+00:00,DOT/USDT,4h,7.064,7.137,6.973,7.114,161128.199665
1667664000000,2022-11-05T16:00:00+00:00,DOT/USDT,4h,7.113,7.248,7.048,7.133,234861.858959
1667678400000,2022-11-05T20:00:00+00:00,DOT/USDT,4h,7.132,7.132,6.939,7.027,158857.805925
1667692800000,2022-11-06T00:00:00+00:00,DOT/USDT,4h,7.025,7.073,6.949,7.07,177542.740365
1667707200000,2022-11-06T04:00:00+00:00,DOT/USDT,4h,7.07,7.07,6.952,7.006,86952.558027
1667721600000,2022-11-06T08:00:00+00:00,DOT/USDT,4h,7.006,7.137,6.987,7.102,133968.868159
1667736000000,2022-11-06T12:00:00+00:00,DOT/USDT,4h,7.103,7.147,7.021,7.096,143077.027734
1667750400000,2022-11-06T16:00:00+00:00,DOT/USDT,4h,7.096,7.141,6.975,7.022,189246.309164
1667764800000,2022-11-06T20:00:00+00:00,DOT/USDT,4h,7.022,7.04,6.79,6.813,196896.953879
1667779200000,2022-11-07T00:00:00+00:00,DOT/USDT,4h,6.812,6.939,6.79,6.872,162412.970168
1667793600000,2022-11-07T04:00:00+00:00,DOT/USDT,4h,6.872,6.918,6.663,6.666,218286.704741
1667808000000,2022-11-07T08:00:00+00:00,DOT/USDT,4h,6.668,6.847,6.656,6.812,147040.400227
1667822400000,2022-11-07T12:00:00+00:00,DOT/USDT,4h,6.813,7.139,6.806,7.136,345047.359177
1667836800000,2022-11-07T16:00:00+00:00,DOT/USDT,4h,7.136,7.415,7.084,7.346,448538.638683
1667851200000,2022-11-07T20:00:00+00:00,DOT/USDT,4h,7.345,7.361,7.037,7.117,317618.082116
1667865600000,2022-11-08T00:00:00+00:00,DOT/USDT,4h,7.118,7.2,6.705,6.729,598907.307656
1667880000000,2022-11-08T04:00:00+00:00,DOT/USDT,4h,6.729,6.788,6.362,6.643,764809.355809
1667894400000,2022-11-08T08:00:00+00:00,DOT/USDT,4h,6.64,6.673,6.524,6.569,262191.321991
1667908800000,2022-11-08T12:00:00+00:00,DOT/USDT,4h,6.568,6.623,6.411,6.583,244826.507071
1667923200000,2022-11-08T16:00:00+00:00,DOT/USDT,4h,6.582,6.969,5.81,6.204,2441285.983807
1667937600000,2022-11-08T20:00:00+00:00,DOT/USDT,4h,6.204,6.393,6.049,6.311,1058920.196534
1667952000000,2022-11-09T00:00:00+00:00,DOT/USDT,4h,6.312,6.384,6.07,6.196,830495.580239
1667966400000,2022-11-09T04:00:00+00:00,DOT/USDT,4h,6.196,6.327,6.103,6.275,719146.526211
1667980800000,2022-11-09T08:00:00+00:00,DOT/USDT,4h,6.276,6.28,5.893,6.253,1040775.678783
1667995200000,2022-11-09T12:00:00+00:00,DOT/USDT,4h,6.254,6.322,5.964,5.993,733727.773994
1668009600000,2022-11-09T16:00:00+00:00,DOT/USDT,4h,5.992,6.082,5.8,5.936,659662.07076
1668024000000,2022-11-09T20:00:00+00:00,DOT/USDT,4h,5.935,5.991,5.346,5.415,746316.353303
1668038400000,2022-11-10T00:00:00+00:00,DOT/USDT,4h,5.415,5.687,5.33,5.592,660896.631898
1668052800000,2022-11-10T04:00:00+00:00,DOT/USDT,4h,5.592,5.824,5.543,5.758,664363.410837
1668067200000,2022-11-10T08:00:00+00:00,DOT/USDT,4h,5.758,5.784,5.587,5.654,522562.771608
1668081600000,2022-11-10T12:00:00+00:00,DOT/USDT,4h,5.654,6.163,5.642,6.058,1134201.358783
1668096000000,2022-11-10T16:00:00+00:00,DOT/USDT,4h,6.057,6.172,5.842,5.952,382793.687976
1668110400000,2022-11-10T20:00:00+00:00,DOT/USDT,4h,5.951,6.067,5.885,5.973,274208.917271
1668124800000,2022-11-11T00:00:00+00:00,DOT/USDT,4h,5.973,6.002,5.672,5.718,371596.415213
1668139200000,2022-11-11T04:00:00+00:00,DOT/USDT,4h,5.719,5.846,5.681,5.826,218615.942696
1668153600000,2022-11-11T08:00:00+00:00,DOT/USDT,4h,5.825,5.862,5.763,5.827,240997.522254
1668168000000,2022-11-11T12:00:00+00:00,DOT/USDT,4h,5.826,5.921,5.531,5.633,497102.256334
1668182400000,2022-11-11T16:00:00+00:00,DOT/USDT,4h,5.634,5.671,5.51,5.636,350442.650343
1668196800000,2022-11-11T20:00:00+00:00,DOT/USDT,4h,5.636,5.784,5.568,5.749,193802.206851
1668211200000,2022-11-12T00:00:00+00:00,DOT/USDT,4h,5.749,5.834,5.706,5.787,203578.450207
1668225600000,2022-11-12T04:00:00+00:00,DOT/USDT,4h,5.787,5.791,5.563,5.696,284887.124017
1668240000000,2022-11-12T08:00:00+00:00,DOT/USDT,4h,5.696,5.735,5.641,5.72,142442.890964
1668254400000,2022-11-12T12:00:00+00:00,DOT/USDT,4h,5.72,5.809,5.67,5.777,221688.891197
1668268800000,2022-11-12T16:00:00+00:00,DOT/USDT,4h,5.778,5.851,5.762,5.832,148542.554973
1668283200000,2022-11-12T20:00:00+00:00,DOT/USDT,4h,5.831,5.875,5.731,5.78,189062.298878
1668297600000,2022-11-13T00:00:00+00:00,DOT/USDT,4h,5.78,5.873,5.757,5.847,147513.75104
1668312000000,2022-11-13T04:00:00+00:00,DOT/USDT,4h,5.848,5.968,5.798,5.883,260215.997584
1668326400000,2022-11-13T08:00:00+00:00,DOT/USDT,4h,5.883,5.889,5.673,5.787,208762.079836
1668340800000,2022-11-13T12:00:00+00:00,DOT/USDT,4h,5.786,5.895,5.732,5.837,287118.847483
1668355200000,2022-11-13T16:00:00+00:00,DOT/USDT,4h,5.838,5.845,5.72,5.799,146385.264805
1668369600000,2022-11-13T20:00:00+00:00,DOT/USDT,4h,5.799,5.803,5.626,5.75,154064.816476
1668384000000,2022-11-14T00:00:00+00:00,DOT/USDT,4h,5.751,5.788,5.467,5.535,358269.324674
1668398400000,2022-11-14T04:00:00+00:00,DOT/USDT,4h,5.535,5.808,5.448,5.795,291661.36509
1668412800000,2022-11-14T08:00:00+00:00,DOT/USDT,4h,5.792,5.843,5.757,5.789,251549.21771
1668427200000,2022-11-14T12:00:00+00:00,DOT/USDT,4h,5.788,5.894,5.672,5.823,327246.901756
1668441600000,2022-11-14T16:00:00+00:00,DOT/USDT,4h,5.824,5.876,5.692,5.718,166114.408691
1668456000000,2022-11-14T20:00:00+00:00,DOT/USDT,4h,5.718,5.883,5.706,5.864,115828.343642
1668470400000,2022-11-15T00:00:00+00:00,DOT/USDT,4h,5.864,5.904,5.8,5.879,126665.923068
1668484800000,2022-11-15T04:00:00+00:00,DOT/USDT,4h,5.878,5.915,5.824,5.909,81416.664267
1668499200000,2022-11-15T08:00:00+00:00,DOT/USDT,4h,5.906,5.955,5.879,5.934,96696.545126
1668513600000,2022-11-15T12:00:00+00:00,DOT/USDT,4h,5.934,6.047,5.931,6.008,217485.804233
1668528000000,2022-11-15T16:00:00+00:00,DOT/USDT,4h,6.007,6.033,5.888,5.921,140731.202772
1668542400000,2022-11-15T20:00:00+00:00,DOT/USDT,4h,5.922,5.938,5.889,5.923,55469.323819
1668556800000,2022-11-16T00:00:00+00:00,DOT/USDT,4h,5.923,5.989,5.874,5.989,111540.71142
1668571200000,2022-11-16T04:00:00+00:00,DOT/USDT,4h,5.99,5.992,5.923,5.937,55362.135075
1668585600000,2022-11-16T08:00:00+00:00,DOT/USDT,4h,5.937,5.944,5.796,5.802,193380.659839
1668600000000,2022-11-16T12:00:00+00:00,DOT/USDT,4h,5.8,5.81,5.632,5.661,184701.744957
1668614400000,2022-11-16T16:00:00+00:00,DOT/USDT,4h,5.66,5.726,5.616,5.676,110790.227875
1668628800000,2022-11-16T20:00:00+00:00,DOT/USDT,4h,5.674,5.736,5.642,5.708,100288.432432
1668643200000,2022-11-17T00:00:00+00:00,DOT/USDT,4h,5.707,5.731,5.65,5.664,92927.137926
1668657600000,2022-11-17T04:00:00+00:00,DOT/USDT,4h,5.665,5.707,5.596,5.68,123658.850467
1668672000000,2022-11-17T08:00:00+00:00,DOT/USDT,4h,5.68,5.688,5.614,5.65,74534.281209
1668686400000,2022-11-17T12:00:00+00:00,DOT/USDT,4h,5.651,5.699,5.57,5.652,138511.540391
1668700800000,2022-11-17T16:00:00+00:00,DOT/USDT,4h,5.652,5.717,5.636,5.679,72384.425547
1668715200000,2022-11-17T20:00:00+00:00,DOT/USDT,4h,5.68,5.711,5.651,5.673,60502.961715
1668729600000,2022-11-18T00:00:00+00:00,DOT/USDT,4h,5.672,5.775,5.67,5.745,125354.641218
1668744000000,2022-11-18T04:00:00+00:00,DOT/USDT,4h,5.744,5.748,5.708,5.713,60158.57534
1668758400000,2022-11-18T08:00:00+00:00,DOT/USDT,4h,5.713,5.736,5.677,5.733,71842.625653
1668772800000,2022-11-18T12:00:00+00:00,DOT/USDT,4h,5.732,5.75,5.681,5.705,71234.657506
1668787200000,2022-11-18T16:00:00+00:00,DOT/USDT,4h,5.705,5.717,5.627,5.659,80408.335972
1668801600000,2022-11-18T20:00:00+00:00,DOT/USDT,4h,5.66,5.66,5.61,5.643,48177.554196
1668816000000,2022-11-19T00:00:00+00:00,DOT/USDT,4h,5.643,5.658,5.59,5.608,51515.403013
1668830400000,2022-11-19T04:00:00+00:00,DOT/USDT,4h,5.611,5.614,5.529,5.555,117940.323839
1668844800000,2022-11-19T08:00:00+00:00,DOT/USDT,4h,5.554,5.579,5.542,5.579,46303.255985
1668859200000,2022-11-19T12:00:00+00:00,DOT/USDT,4h,5.58,5.607,5.55,5.593,81540.417725
1668873600000,2022-11-19T16:00:00+00:00,DOT/USDT,4h,5.594,5.609,5.569,5.569,43281.444122
1668888000000,2022-11-19T20:00:00+00:00,DOT/USDT,4h,5.571,5.639,5.56,5.603,54371.51607
1668902400000,2022-11-20T00:00:00+00:00,DOT/USDT,4h,5.604,5.657,5.594,5.597,46958.060533
1668916800000,2022-11-20T04:00:00+00:00,DOT/USDT,4h,5.599,5.63,5.597,5.616,46760.615668
1668931200000,2022-11-20T08:00:00+00:00,DOT/USDT,4h,5.616,5.622,5.43,5.465,208645.086605
1668945600000,2022-11-20T12:00:00+00:00,DOT/USDT,4h,5.459,5.5,5.426,5.469,158755.135781
1668960000000,2022-11-20T16:00:00+00:00,DOT/USDT,4h,5.469,5.471,5.4,5.453,115354.553648
1668974400000,2022-11-20T20:00:00+00:00,DOT/USDT,4h,5.455,5.455,5.252,5.294,195208.620938
1668988800000,2022-11-21T00:00:00+00:00,DOT/USDT,4h,5.294,5.298,5.142,5.24,255406.863017
1669003200000,2022-11-21T04:00:00+00:00,DOT/USDT,4h,5.239,5.288,5.185,5.214,151260.851476
1669017600000,2022-11-21T08:00:00+00:00,DOT/USDT,4h,5.215,5.236,5.172,5.206,146032.320357
1669032000000,2022-11-21T12:00:00+00:00,DOT/USDT,4h,5.207,5.276,5.187,5.236,150219.020371
1669046400000,2022-11-21T16:00:00+00:00,DOT/USDT,4h,5.238,5.246,5.066,5.136,193877.140636
1669060800000,2022-11-21T20:00:00+00:00,DOT/USDT,4h,5.135,5.233,5.127,5.187,157130.25776
1669075200000,2022-11-22T00:00:00+00:00,DOT/USDT,4h,5.187,5.258,5.162,5.18,164924.865588
1669089600000,2022-11-22T04:00:00+00:00,DOT/USDT,4h,5.181,5.192,4.981,5.058,292385.574836
1669104000000,2022-11-22T08:00:00+00:00,DOT/USDT,4h,5.059,5.059,4.995,5.019,123893.316202
1669118400000,2022-11-22T12:00:00+00:00,DOT/USDT,4h,5.02,5.313,5.009,5.297,336454.696502
1669132800000,2022-11-22T16:00:00+00:00,DOT/USDT,4h,5.296,5.318,5.214,5.241,137605.411659
1669147200000,2022-11-22T20:00:00+00:00,DOT/USDT,4h,5.242,5.295,5.241,5.284,70673.027658
1669161600000,2022-11-23T00:00:00+00:00,DOT/USDT,4h,5.285,5.414,5.253,5.399,204864.652779
1669176000000,2022-11-23T04:00:00+00:00,DOT/USDT,4h,5.401,5.447,5.377,5.445,124165.425622
1669190400000,2022-11-23T08:00:00+00:00,DOT/USDT,4h,5.446,5.483,5.374,5.396,208451.697522
1669204800000,2022-11-23T12:00:00+00:00,DOT/USDT,4h,5.396,5.401,5.315,5.377,200601.154955
1669219200000,2022-11-23T16:00:00+00:00,DOT/USDT,4h,5.376,5.443,5.316,5.396,137595.235126
1669233600000,2022-11-23T20:00:00+00:00,DOT/USDT,4h,5.397,5.455,5.375,5.437,136915.66417
1669248000000,2022-11-24T00:00:00+00:00,DOT/USDT,4h,5.437,5.48,5.392,5.472,258450.303022
1669262400000,2022-11-24T04:00:00+00:00,DOT/USDT,4h,5.473,5.518,5.448,5.479,267739.925578
1669276800000,2022-11-24T08:00:00+00:00,DOT/USDT,4h,5.479,5.483,5.37,5.392,236459.510454
1669291200000,2022-11-24T12:00:00+00:00,DOT/USDT,4h,5.391,5.4,5.35,5.379,140832.534196
1669305600000,2022-11-24T16:00:00+00:00,DOT/USDT,4h,5.379,5.423,5.362,5.377,106751.823783
1669320000000,2022-11-24T20:00:00+00:00,DOT/USDT,4h,5.378,5.411,5.333,5.389,101984.860696
1669334400000,2022-11-25T00:00:00+00:00,DOT/USDT,4h,5.388,5.39,5.27,5.289,149277.67735
1669348800000,2022-11-25T04:00:00+00:00,DOT/USDT,4h,5.29,5.31,5.248,5.298,105430.843807
1669363200000,2022-11-25T08:00:00+00:00,DOT/USDT,4h,5.3,5.385,5.275,5.334,108557.117932
1669377600000,2022-11-25T12:00:00+00:00,DOT/USDT,4h,5.334,5.37,5.26,5.286,204222.355801
1669392000000,2022-11-25T16:00:00+00:00,DOT/USDT,4h,5.285,5.31,5.252,5.286,71458.491519
1669406400000,2022-11-25T20:00:00+00:00,DOT/USDT,4h,5.285,5.315,5.263,5.266,63381.32084
1669420800000,2022-11-26T00:00:00+00:00,DOT/USDT,4h,5.268,5.354,5.241,5.314,157934.206458
1669435200000,2022-11-26T04:00:00+00:00,DOT/USDT,4h,5.313,5.349,5.3,5.347,89032.865052
1669449600000,2022-11-26T08:00:00+00:00,DOT/USDT,4h,5.348,5.438,5.337,5.399,181111.008483
1669464000000,2022-11-26T12:00:00+00:00,DOT/USDT,4h,5.4,5.456,5.335,5.394,204995.502299
1669478400000,2022-11-26T16:00:00+00:00,DOT/USDT,4h,5.395,5.416,5.299,5.334,112907.609037
1669492800000,2022-11-26T20:00:00+00:00,DOT/USDT,4h,5.334,5.342,5.261,5.302,49907.684044
1669507200000,2022-11-27T00:00:00+00:00,DOT/USDT,4h,5.302,5.378,5.299,5.376,57253.26037
1669521600000,2022-11-27T04:00:00+00:00,DOT/USDT,4h,5.377,5.439,5.365,5.407,71130.777893
1669536000000,2022-11-27T08:00:00+00:00,DOT/USDT,4h,5.408,5.419,5.319,5.36,160486.603717
1669550400000,2022-11-27T12:00:00+00:00,DOT/USDT,4h,5.361,5.42,5.36,5.414,90616.199932
1669564800000,2022-11-27T16:00:00+00:00,DOT/USDT,4h,5.414,5.43,5.38,5.404,69132.594904
1669579200000,2022-11-27T20:00:00+00:00,DOT/USDT,4h,5.404,5.411,5.26,5.3,144819.414514
1669593600000,2022-11-28T00:00:00+00:00,DOT/USDT,4h,5.3,5.317,5.058,5.122,458317.359755
1669608000000,2022-11-28T04:00:00+00:00,DOT/USDT,4h,5.121,5.186,5.114,5.179,118630.377764
1669622400000,2022-11-28T08:00:00+00:00,DOT/USDT,4h,5.18,5.204,5.158,5.197,106634.879619
1669636800000,2022-11-28T12:00:00+00:00,DOT/USDT,4h,5.196,5.207,5.105,5.124,154166.888377
1669651200000,2022-11-28T16:00:00+00:00,DOT/USDT,4h,5.127,5.231,5.08,5.165,156720.447959
1669665600000,2022-11-28T20:00:00+00:00,DOT/USDT,4h,5.165,5.185,5.104,5.133,78227.699333
1669680000000,2022-11-29T00:00:00+00:00,DOT/USDT,4h,5.133,5.194,5.096,5.17,236004.950587
1669694400000,2022-11-29T04:00:00+00:00,DOT/USDT,4h,5.171,5.286,5.169,5.265,216250.963125
1669708800000,2022-11-29T08:00:00+00:00,DOT/USDT,4h,5.265,5.311,5.26,5.294,93177.067817
1669723200000,2022-11-29T12:00:00+00:00,DOT/USDT,4h,5.293,5.318,5.245,5.277,176413.069228
1669737600000,2022-11-29T16:00:00+00:00,DOT/USDT,4h,5.277,5.354,5.227,5.3,136278.984817
1669752000000,2022-11-29T20:00:00+00:00,DOT/USDT,4h,5.3,5.341,5.293,5.308,79589.684201
1669766400000,2022-11-30T00:00:00+00:00,DOT/USDT,4h,5.308,5.504,5.308,5.355,333156.840991
1669780800000,2022-11-30T04:00:00+00:00,DOT/USDT,4h,5.355,5.432,5.353,5.426,113757.212762
1669795200000,2022-11-30T08:00:00+00:00,DOT/USDT,4h,5.427,5.449,5.36,5.403,105959.111692
1669809600000,2022-11-30T12:00:00+00:00,DOT/USDT,4h,5.406,5.421,5.36,5.421,126262.542215
1669824000000,2022-11-30T16:00:00+00:00,DOT/USDT,4h,5.422,5.462,5.294,5.417,248236.340454
1669838400000,2022-11-30T20:00:00+00:00,DOT/USDT,4h,5.418,5.494,5.416,5.467,131714.567396
1669852800000,2022-12-01T00:00:00+00:00,DOT/USDT,4h,5.467,5.481,5.394,5.434,146468.300758
1669867200000,2022-12-01T04:00:00+00:00,DOT/USDT,4h,5.434,5.439,5.374,5.374,104422.465512
1669881600000,2022-12-01T08:00:00+00:00,DOT/USDT,4h,5.373,5.403,5.368,5.403,80104.898045
1669896000000,2022-12-01T12:00:00+00:00,DOT/USDT,4h,5.401,5.446,5.318,5.382,239272.692719
1669910400000,2022-12-01T16:00:00+00:00,DOT/USDT,4h,5.381,5.402,5.351,5.382,80023.399934
1669924800000,2022-12-01T20:00:00+00:00,DOT/USDT,4h,5.38,5.41,5.353,5.41,76815.397212
1669939200000,2022-12-02T00:00:00+00:00,DOT/USDT,4h,5.408,5.485,5.37,5.426,252707.15779
1669953600000,2022-12-02T04:00:00+00:00,DOT/USDT,4h,5.423,5.445,5.386,5.427,114507.715326
1669968000000,2022-12-02T08:00:00+00:00,DOT/USDT,4h,5.428,5.62,5.424,5.615,354892.879596
1669982400000,2022-12-02T12:00:00+00:00,DOT/USDT,4h,5.613,5.683,5.528,5.645,444050.052812
1669996800000,2022-12-02T16:00:00+00:00,DOT/USDT,4h,5.644,5.657,5.592,5.624,137930.611768
1670011200000,2022-12-02T20:00:00+00:00,DOT/USDT,4h,5.624,5.65,5.611,5.623,157693.945979
1670025600000,2022-12-03T00:00:00+00:00,DOT/USDT,4h,5.623,5.708,5.582,5.594,291552.671729
1670040000000,2022-12-03T04:00:00+00:00,DOT/USDT,4h,5.593,5.622,5.553,5.556,185249.837576
1670054400000,2022-12-03T08:00:00+00:00,DOT/USDT,4h,5.556,5.598,5.536,5.593,151728.444197
1670068800000,2022-12-03T12:00:00+00:00,DOT/USDT,4h,5.592,5.597,5.548,5.557,80906.161396
1670083200000,2022-12-03T16:00:00+00:00,DOT/USDT,4h,5.557,5.586,5.534,5.554,68502.557626
1670097600000,2022-12-03T20:00:00+00:00,DOT/USDT,4h,5.553,5.555,5.481,5.493,101097.639536
1670112000000,2022-12-04T00:00:00+00:00,DOT/USDT,4h,5.494,5.555,5.488,5.524,62061.603411
1670126400000,2022-12-04T04:00:00+00:00,DOT/USDT,4h,5.525,5.602,5.519,5.584,99229.278785
1670140800000,2022-12-04T08:00:00+00:00,DOT/USDT,4h,5.584,5.593,5.508,5.518,119412.283752
1670155200000,2022-12-04T12:00:00+00:00,DOT/USDT,4h,5.518,5.555,5.511,5.546,63651.010372
1670169600000,2022-12-04T16:00:00+00:00,DOT/USDT,4h,5.547,5.585,5.536,5.555,80234.755025
1670184000000,2022-12-04T20:00:00+00:00,DOT/USDT,4h,5.555,5.611,5.523,5.592,111420.399508
1670198400000,2022-12-05T00:00:00+00:00,DOT/USDT,4h,5.592,5.698,5.581,5.68,150724.617583
1670212800000,2022-12-05T04:00:00+00:00,DOT/USDT,4h,5.681,5.73,5.674,5.702,145221.744427
1670227200000,2022-12-05T08:00:00+00:00,DOT/USDT,4h,5.704,5.728,5.666,5.672,115712.944281
1670241600000,2022-12-05T12:00:00+00:00,DOT/USDT,4h,5.672,5.672,5.53,5.544,160667.32436
1670256000000,2022-12-05T16:00:00+00:00,DOT/USDT,4h,5.544,5.568,5.439,5.474,185208.831311
1670270400000,2022-12-05T20:00:00+00:00,DOT/USDT,4h,5.473,5.504,5.45,5.487,95700.944924
1670284800000,2022-12-06T00:00:00+00:00,DOT/USDT,4h,5.487,5.515,5.467,5.498,84307.88538
1670299200000,2022-12-06T04:00:00+00:00,DOT/USDT,4h,5.495,5.502,5.469,5.489,66312.586122
1670313600000,2022-12-06T08:00:00+00:00,DOT/USDT,4h,5.489,5.503,5.425,5.468,99425.708593
1670328000000,2022-12-06T12:00:00+00:00,DOT/USDT,4h,5.467,5.496,5.444,5.479,128439.864299
1670342400000,2022-12-06T16:00:00+00:00,DOT/USDT,4h,5.479,5.488,5.447,5.47,63165.184555
1670356800000,2022-12-06T20:00:00+00:00,DOT/USDT,4h,5.469,5.516,5.437,5.501,97542.648964
1670371200000,2022-12-07T00:00:00+00:00,DOT/USDT,4h,5.502,5.522,5.464,5.477,140480.855398
1670385600000,2022-12-07T04:00:00+00:00,DOT/USDT,4h,5.477,5.485,5.245,5.254,369076.936386
1670400000000,2022-12-07T08:00:00+00:00,DOT/USDT,4h,5.254,5.333,5.237,5.305,239292.153975
1670414400000,2022-12-07T12:00:00+00:00,DOT/USDT,4h,5.304,5.351,5.296,5.325,218169.434553
1670428800000,2022-12-07T16:00:00+00:00,DOT/USDT,4h,5.326,5.328,5.266,5.281,157410.81971
1670443200000,2022-12-07T20:00:00+00:00,DOT/USDT,4h,5.28,5.308,5.256,5.296,125011.502414
1670457600000,2022-12-08T00:00:00+00:00,DOT/USDT,4h,5.297,5.325,5.264,5.305,171710.096792
1670472000000,2022-12-08T04:00:00+00:00,DOT/USDT,4h,5.306,5.309,5.276,5.299,124658.275651
1670486400000,2022-12-08T08:00:00+00:00,DOT/USDT,4h,5.299,5.323,5.252,5.316,157817.2835
1670500800000,2022-12-08T12:00:00+00:00,DOT/USDT,4h,5.316,5.337,5.29,5.317,127461.617244
1670515200000,2022-12-08T16:00:00+00:00,DOT/USDT,4h,5.317,5.459,5.304,5.451,156368.98932
1670529600000,2022-12-08T20:00:00+00:00,DOT/USDT,4h,5.453,5.455,5.404,5.429,88156.599067
1670544000000,2022-12-09T00:00:00+00:00,DOT/USDT,4h,5.429,5.44,5.395,5.404,84856.468503
1670558400000,2022-12-09T04:00:00+00:00,DOT/USDT,4h,5.405,5.417,5.385,5.411,82772.577028
1670572800000,2022-12-09T08:00:00+00:00,DOT/USDT,4h,5.411,5.419,5.387,5.397,88422.897383
1670587200000,2022-12-09T12:00:00+00:00,DOT/USDT,4h,5.397,5.423,5.316,5.355,237730.413454
1670601600000,2022-12-09T16:00:00+00:00,DOT/USDT,4h,5.355,5.36,5.26,5.282,129020.960392
1670616000000,2022-12-09T20:00:00+00:00,DOT/USDT,4h,5.281,5.303,5.269,5.3,51043.441969
1670630400000,2022-12-10T00:00:00+00:00,DOT/USDT,4h,5.299,5.302,5.28,5.296,60337.131879
1670644800000,2022-12-10T04:00:00+00:00,DOT/USDT,4h,5.297,5.3,5.283,5.286,46071.158252
1670659200000,2022-12-10T08:00:00+00:00,DOT/USDT,4h,5.287,5.302,5.26,5.298,62583.904989
1670673600000,2022-12-10T12:00:00+00:00,DOT/USDT,4h,5.299,5.321,5.275,5.32,67513.189652
1670688000000,2022-12-10T16:00:00+00:00,DOT/USDT,4h,5.32,5.328,5.293,5.304,43919.958653
1670702400000,2022-12-10T20:00:00+00:00,DOT/USDT,4h,5.305,5.306,5.261,5.279,48182.255395
1670716800000,2022-12-11T00:00:00+00:00,DOT/USDT,4h,5.278,5.294,5.272,5.291,46819.763191
1670731200000,2022-12-11T04:00:00+00:00,DOT/USDT,4h,5.291,5.302,5.278,5.281,80706.12359
1670745600000,2022-12-11T08:00:00+00:00,DOT/USDT,4h,5.28,5.282,5.272,5.281,47320.308084
1670760000000,2022-12-11T12:00:00+00:00,DOT/USDT,4h,5.281,5.299,5.27,5.297,51466.628841
1670774400000,2022-12-11T16:00:00+00:00,DOT/USDT,4h,5.296,5.322,5.28,5.294,177680.988216
1670788800000,2022-12-11T20:00:00+00:00,DOT/USDT,4h,5.294,5.294,5.128,5.165,266129.124037
1670803200000,2022-12-12T00:00:00+00:00,DOT/USDT,4h,5.162,5.163,5.011,5.094,357294.288418
1670817600000,2022-12-12T04:00:00+00:00,DOT/USDT,4h,5.096,5.146,5.086,5.126,131654.974854
1670832000000,2022-12-12T08:00:00+00:00,DOT/USDT,4h,5.127,5.16,5.117,5.158,89271.83625
1670846400000,2022-12-12T12:00:00+00:00,DOT/USDT,4h,5.159,5.161,5.117,5.127,235345.947123
1670860800000,2022-12-12T16:00:00+00:00,DOT/USDT,4h,5.13,5.145,5.119,5.132,83676.863339
1670875200000,2022-12-12T20:00:00+00:00,DOT/USDT,4h,5.133,5.204,5.124,5.176,175366.511802
1670889600000,2022-12-13T00:00:00+00:00,DOT/USDT,4h,5.177,5.189,5.114,5.118,189682.448215
1670904000000,2022-12-13T04:00:00+00:00,DOT/USDT,4h,5.119,5.13,4.995,5.066,373413.950747
1670918400000,2022-12-13T08:00:00+00:00,DOT/USDT,4h,5.065,5.162,5.06,5.153,234735.051675
1670932800000,2022-12-13T12:00:00+00:00,DOT/USDT,4h,5.154,5.341,5.145,5.264,667502.61208
1670947200000,2022-12-13T16:00:00+00:00,DOT/USDT,4h,5.264,5.283,5.216,5.256,190023.860396
1670961600000,2022-12-13T20:00:00+00:00,DOT/USDT,4h,5.256,5.289,5.252,5.287,107552.436552
1670976000000,2022-12-14T00:00:00+00:00,DOT/USDT,4h,5.287,5.312,5.261,5.283,174274.902728
1670990400000,2022-12-14T04:00:00+00:00,DOT/USDT,4h,5.283,5.309,5.265,5.295,255371.525274
1671004800000,2022-12-14T08:00:00+00:00,DOT/USDT,4h,5.295,5.312,5.269,5.305,206364.803102
1671019200000,2022-12-14T12:00:00+00:00,DOT/USDT,4h,5.305,5.35,5.292,5.342,227443.621371
1671033600000,2022-12-14T16:00:00+00:00,DOT/USDT,4h,5.343,5.359,5.164,5.212,476601.236288
1671048000000,2022-12-14T20:00:00+00:00,DOT/USDT,4h,5.209,5.241,5.176,5.214,261932.035039
1671062400000,2022-12-15T00:00:00+00:00,DOT/USDT,4h,5.215,5.22,5.118,5.175,271891.854113
1671076800000,2022-12-15T04:00:00+00:00,DOT/USDT,4h,5.176,5.192,5.163,5.179,142302.363407
1671091200000,2022-12-15T08:00:00+00:00,DOT/USDT,4h,5.18,5.223,5.174,5.219,118988.171982
1671105600000,2022-12-15T12:00:00+00:00,DOT/USDT,4h,5.219,5.253,5.198,5.219,176551.464478
1671120000000,2022-12-15T16:00:00+00:00,DOT/USDT,4h,5.219,5.225,5.148,5.216,111428.116133
1671134400000,2022-12-15T20:00:00+00:00,DOT/USDT,4h,5.215,5.247,5.199,5.23,144773.646572
1671148800000,2022-12-16T00:00:00+00:00,DOT/USDT,4h,5.231,5.25,5.205,5.216,158699.30234
1671163200000,2022-12-16T04:00:00+00:00,DOT/USDT,4h,5.216,5.24,5.185,5.233,105981.18277
1671177600000,2022-12-16T08:00:00+00:00,DOT/USDT,4h,5.234,5.251,5.066,5.098,528821.671514
1671192000000,2022-12-16T12:00:00+00:00,DOT/USDT,4h,5.095,5.1,5.016,5.053,325442.781409
1671206400000,2022-12-16T16:00:00+00:00,DOT/USDT,4h,5.053,5.054,4.997,5.04,291979.746025
1671220800000,2022-12-16T20:00:00+00:00,DOT/USDT,4h,5.04,5.055,4.502,4.653,1099371.318972
1671235200000,2022-12-17T00:00:00+00:00,DOT/USDT,4h,4.653,4.705,4.582,4.654,589388.592778
1671249600000,2022-12-17T04:00:00+00:00,DOT/USDT,4h,4.654,4.706,4.644,4.698,260932.313891
1671264000000,2022-12-17T08:00:00+00:00,DOT/USDT,4h,4.699,4.703,4.662,4.675,251074.446853
1671278400000,2022-12-17T12:00:00+00:00,DOT/USDT,4h,4.676,4.698,4.663,4.688,212866.621903
1671292800000,2022-12-17T16:00:00+00:00,DOT/USDT,4h,4.688,4.692,4.651,4.671,156863.334712
1671307200000,2022-12-17T20:00:00+00:00,DOT/USDT,4h,4.671,4.726,4.664,4.709,112880.575161
1671321600000,2022-12-18T00:00:00+00:00,DOT/USDT,4h,4.709,4.717,4.671,4.687,67592.802615
1671336000000,2022-12-18T04:00:00+00:00,DOT/USDT,4h,4.702,4.711,4.684,4.684,11139.816378
1671350400000,2022-12-18T08:00:00+00:00,DOT/USDT,4h,4.684,4.687,4.684,4.687,187.654939
1671364800000,2022-12-18T12:00:00+00:00,DOT/USDT,4h,4.687,4.687,4.687,4.687,0.0
1671379200000,2022-12-18T16:00:00+00:00,DOT/USDT,4h,4.687,4.687,4.644,4.666,66694.542759
1671393600000,2022-12-18T20:00:00+00:00,DOT/USDT,4h,4.666,4.698,4.646,4.656,80962.047864
1671408000000,2022-12-19T00:00:00+00:00,DOT/USDT,4h,4.656,4.705,4.57,4.605,131787.05165
1671422400000,2022-12-19T04:00:00+00:00,DOT/USDT,4h,4.605,4.64,4.598,4.618,84434.579801
1671436800000,2022-12-19T08:00:00+00:00,DOT/USDT,4h,4.618,4.639,4.609,4.624,148619.362785
1671451200000,2022-12-19T12:00:00+00:00,DOT/USDT,4h,4.624,4.653,4.6,4.621,120511.936865
1671465600000,2022-12-19T16:00:00+00:00,DOT/USDT,4h,4.621,4.625,4.46,4.517,328965.242759
1671480000000,2022-12-19T20:00:00+00:00,DOT/USDT,4h,4.519,4.546,4.413,4.481,165141.927455
1671494400000,2022-12-20T00:00:00+00:00,DOT/USDT,4h,4.48,4.598,4.461,4.558,275707.466084
1671508800000,2022-12-20T04:00:00+00:00,DOT/USDT,4h,4.558,4.623,4.548,4.605,221414.995557
1671523200000,2022-12-20T08:00:00+00:00,DOT/USDT,4h,4.606,4.624,4.588,4.611,124362.686456
1671537600000,2022-12-20T12:00:00+00:00,DOT/USDT,4h,4.612,4.655,4.563,4.621,194118.79641
1671552000000,2022-12-20T16:00:00+00:00,DOT/USDT,4h,4.621,4.627,4.577,4.599,81459.382419
1671566400000,2022-12-20T20:00:00+00:00,DOT/USDT,4h,4.6,4.622,4.582,4.607,53484.420734
1671580800000,2022-12-21T00:00:00+00:00,DOT/USDT,4h,4.608,4.617,4.516,4.529,96975.150731
1671595200000,2022-12-21T04:00:00+00:00,DOT/USDT,4h,4.527,4.53,4.484,4.519,105362.136888
1671609600000,2022-12-21T08:00:00+00:00,DOT/USDT,4h,4.518,4.536,4.471,4.524,146275.02556
1671624000000,2022-12-21T12:00:00+00:00,DOT/USDT,4h,4.528,4.528,4.45,4.492,233541.821212
1671638400000,2022-12-21T16:00:00+00:00,DOT/USDT,4h,4.492,4.5,4.445,4.457,79579.754124
1671652800000,2022-12-21T20:00:00+00:00,DOT/USDT,4h,4.454,4.487,4.447,4.487,52101.366759
1671667200000,2022-12-22T00:00:00+00:00,DOT/USDT,4h,4.486,4.501,4.465,4.487,52469.842055
1671681600000,2022-12-22T04:00:00+00:00,DOT/USDT,4h,4.487,4.488,4.419,4.436,95600.530141
1671696000000,2022-12-22T08:00:00+00:00,DOT/USDT,4h,4.435,4.499,4.427,4.48,152737.628778
1671710400000,2022-12-22T12:00:00+00:00,DOT/USDT,4h,4.483,4.496,4.374,4.392,189447.464818
1671724800000,2022-12-22T16:00:00+00:00,DOT/USDT,4h,4.392,4.419,4.372,4.41,150854.004151
1671739200000,2022-12-22T20:00:00+00:00,DOT/USDT,4h,4.413,4.537,4.409,4.533,165029.234629
1671753600000,2022-12-23T00:00:00+00:00,DOT/USDT,4h,4.533,4.55,4.484,4.521,245567.454246
1671768000000,2022-12-23T04:00:00+00:00,DOT/USDT,4h,4.523,4.539,4.496,4.518,124292.726299
1671782400000,2022-12-23T08:00:00+00:00,DOT/USDT,4h,4.519,4.532,4.5,4.51,96667.384094
1671796800000,2022-12-23T12:00:00+00:00,DOT/USDT,4h,4.509,4.52,4.456,4.49,199791.778841
1671811200000,2022-12-23T16:00:00+00:00,DOT/USDT,4h,4.49,4.503,4.48,4.486,67004.698164
1671825600000,2022-12-23T20:00:00+00:00,DOT/USDT,4h,4.485,4.496,4.461,4.474,55988.466449
1671840000000,2022-12-24T00:00:00+00:00,DOT/USDT,4h,4.474,4.493,4.472,4.481,57411.649617
1671854400000,2022-12-24T04:00:00+00:00,DOT/USDT,4h,4.482,4.487,4.451,4.473,101925.853468
1671868800000,2022-12-24T08:00:00+00:00,DOT/USDT,4h,4.473,4.473,4.431,4.446,56418.599666
1671883200000,2022-12-24T12:00:00+00:00,DOT/USDT,4h,4.445,4.461,4.44,4.46,27587.596165
1671897600000,2022-12-24T16:00:00+00:00,DOT/USDT,4h,4.461,4.473,4.455,4.462,33024.94269
1671912000000,2022-12-24T20:00:00+00:00,DOT/USDT,4h,4.463,4.467,4.441,4.453,32280.149966
1671926400000,2022-12-25T00:00:00+00:00,DOT/USDT,4h,4.453,4.472,4.448,4.456,49178.840799
1671940800000,2022-12-25T04:00:00+00:00,DOT/USDT,4h,4.456,4.46,4.434,4.44,58140.654924
1671955200000,2022-12-25T08:00:00+00:00,DOT/USDT,4h,4.441,4.449,4.432,4.443,43065.677249
1671969600000,2022-12-25T12:00:00+00:00,DOT/USDT,4h,4.441,4.464,4.403,4.44,130358.036258
1671984000000,2022-12-25T16:00:00+00:00,DOT/USDT,4h,4.44,4.442,4.396,4.432,101112.790273
1671998400000,2022-12-25T20:00:00+00:00,DOT/USDT,4h,4.433,4.498,4.423,4.494,94369.987821
1672012800000,2022-12-26T00:00:00+00:00,DOT/USDT,4h,4.493,4.503,4.468,4.493,82641.358884
1672027200000,2022-12-26T04:00:00+00:00,DOT/USDT,4h,4.495,4.501,4.477,4.483,66390.136509
1672041600000,2022-12-26T08:00:00+00:00,DOT/USDT,4h,4.483,4.51,4.467,4.505,80682.214885
1672056000000,2022-12-26T12:00:00+00:00,DOT/USDT,4h,4.507,4.52,4.5,4.506,77505.915804
1672070400000,2022-12-26T16:00:00+00:00,DOT/USDT,4h,4.505,4.54,4.504,4.531,68037.526447
1672084800000,2022-12-26T20:00:00+00:00,DOT/USDT,4h,4.531,4.579,4.52,4.573,65526.99409
1672099200000,2022-12-27T00:00:00+00:00,DOT/USDT,4h,4.573,4.584,4.508,4.511,68290.203523
1672113600000,2022-12-27T04:00:00+00:00,DOT/USDT,4h,4.514,4.532,4.511,4.526,34945.60431
1672128000000,2022-12-27T08:00:00+00:00,DOT/USDT,4h,4.526,4.576,4.499,4.536,156582.534567
1672142400000,2022-12-27T12:00:00+00:00,DOT/USDT,4h,4.536,4.539,4.475,4.493,226313.331923
1672156800000,2022-12-27T16:00:00+00:00,DOT/USDT,4h,4.493,4.504,4.457,4.49,259540.761741
1672171200000,2022-12-27T20:00:00+00:00,DOT/USDT,4h,4.492,4.493,4.464,4.479,262822.9528
1672185600000,2022-12-28T00:00:00+00:00,DOT/USDT,4h,4.479,4.483,4.405,4.435,193294.74869
1672200000000,2022-12-28T04:00:00+00:00,DOT/USDT,4h,4.435,4.445,4.263,4.355,484079.147008
1672214400000,2022-12-28T08:00:00+00:00,DOT/USDT,4h,4.355,4.364,4.335,4.35,336344.577266
1672228800000,2022-12-28T12:00:00+00:00,DOT/USDT,4h,4.35,4.388,4.32,4.32,326879.943561
1672243200000,2022-12-28T16:00:00+00:00,DOT/USDT,4h,4.32,4.363,4.29,4.296,416532.680061
1672257600000,2022-12-28T20:00:00+00:00,DOT/USDT,4h,4.299,4.318,4.242,4.287,167219.577514
1672272000000,2022-12-29T00:00:00+00:00,DOT/USDT,4h,4.287,4.309,4.226,4.307,238701.812
1672286400000,2022-12-29T04:00:00+00:00,DOT/USDT,4h,4.308,4.324,4.292,4.322,87424.843162
1672300800000,2022-12-29T08:00:00+00:00,DOT/USDT,4h,4.323,4.348,4.295,4.336,96663.367184
1672315200000,2022-12-29T12:00:00+00:00,DOT/USDT,4h,4.336,4.355,4.322,4.337,97030.66385
1672329600000,2022-12-29T16:00:00+00:00,DOT/USDT,4h,4.338,4.347,4.296,4.312,90639.299521
1672344000000,2022-12-29T20:00:00+00:00,DOT/USDT,4h,4.311,4.321,4.239,4.307,180296.39216
1672358400000,2022-12-30T00:00:00+00:00,DOT/USDT,4h,4.307,4.326,4.276,4.295,94236.619059
1672372800000,2022-12-30T04:00:00+00:00,DOT/USDT,4h,4.295,4.3,4.225,4.251,299352.389722
1672387200000,2022-12-30T08:00:00+00:00,DOT/USDT,4h,4.25,4.284,4.248,4.275,103894.296599
1672401600000,2022-12-30T12:00:00+00:00,DOT/USDT,4h,4.274,4.302,4.238,4.293,152461.534175
1672416000000,2022-12-30T16:00:00+00:00,DOT/USDT,4h,4.293,4.334,4.287,4.321,52728.948429
1672430400000,2022-12-30T20:00:00+00:00,DOT/USDT,4h,4.322,4.342,4.291,4.325,64989.40674
1672444800000,2022-12-31T00:00:00+00:00,DOT/USDT,4h,4.325,4.334,4.307,4.312,56161.816406
1672459200000,2022-12-31T04:00:00+00:00,DOT/USDT,4h,4.312,4.348,4.312,4.342,58454.640796
1672473600000,2022-12-31T08:00:00+00:00,DOT/USDT,4h,4.341,4.364,4.336,4.348,58855.585341
1672488000000,2022-12-31T12:00:00+00:00,DOT/USDT,4h,4.348,4.394,4.34,4.367,158320.57045
1672502400000,2022-12-31T16:00:00+00:00,DOT/USDT,4h,4.368,4.374,4.336,4.347,72500.242958
1672516800000,2022-12-31T20:00:00+00:00,DOT/USDT,4h,4.347,4.349,4.3,4.311,105109.026623
1672531200000,2023-01-01T00:00:00+00:00,DOT/USDT,4h,4.31,4.315,4.278,4.304,142501.496902
1672545600000,2023-01-01T04:00:00+00:00,DOT/USDT,4h,4.303,4.31,4.278,4.306,118372.70335
1672560000000,2023-01-01T08:00:00+00:00,DOT/USDT,4h,4.307,4.345,4.29,4.337,110549.893445
1672574400000,2023-01-01T12:00:00+00:00,DOT/USDT,4h,4.338,4.344,4.318,4.339,38344.22155
1672588800000,2023-01-01T16:00:00+00:00,DOT/USDT,4h,4.34,4.379,4.334,4.357,58305.460229
1672603200000,2023-01-01T20:00:00+00:00,DOT/USDT,4h,4.359,4.387,4.358,4.371,65559.349426
1672617600000,2023-01-02T00:00:00+00:00,DOT/USDT,4h,4.372,4.452,4.317,4.445,232858.829713
1672632000000,2023-01-02T04:00:00+00:00,DOT/USDT,4h,4.444,4.495,4.425,4.471,289177.965565
1672646400000,2023-01-02T08:00:00+00:00,DOT/USDT,4h,4.473,4.521,4.471,4.488,143078.587158
1672660800000,2023-01-02T12:00:00+00:00,DOT/USDT,4h,4.487,4.515,4.47,4.5,115170.778013
1672675200000,2023-01-02T16:00:00+00:00,DOT/USDT,4h,4.5,4.539,4.488,4.517,114200.4493
1672689600000,2023-01-02T20:00:00+00:00,DOT/USDT,4h,4.518,4.524,4.477,4.493,55785.276936
1672704000000,2023-01-03T00:00:00+00:00,DOT/USDT,4h,4.492,4.509,4.465,4.493,81244.411888
1672718400000,2023-01-03T04:00:00+00:00,DOT/USDT,4h,4.495,4.544,4.483,4.512,128184.994403
1672732800000,2023-01-03T08:00:00+00:00,DOT/USDT,4h,4.512,4.54,4.49,4.522,71373.581138
1672747200000,2023-01-03T12:00:00+00:00,DOT/USDT,4h,4.523,4.546,4.489,4.511,181099.199172
1672761600000,2023-01-03T16:00:00+00:00,DOT/USDT,4h,4.511,4.524,4.48,4.511,68853.745443
1672776000000,2023-01-03T20:00:00+00:00,DOT/USDT,4h,4.51,4.53,4.503,4.526,47152.579661
1672790400000,2023-01-04T00:00:00+00:00,DOT/USDT,4h,4.526,4.688,4.526,4.677,369205.773048
1672804800000,2023-01-04T04:00:00+00:00,DOT/USDT,4h,4.678,4.682,4.642,4.664,158834.543317
1672819200000,2023-01-04T08:00:00+00:00,DOT/USDT,4h,4.662,4.675,4.626,4.634,98236.572494
1672833600000,2023-01-04T12:00:00+00:00,DOT/USDT,4h,4.633,4.661,4.609,4.659,105341.304195
1672848000000,2023-01-04T16:00:00+00:00,DOT/USDT,4h,4.659,4.671,4.613,4.621,123310.580289
1672862400000,2023-01-04T20:00:00+00:00,DOT/USDT,4h,4.618,4.634,4.586,4.633,69765.513971
1672876800000,2023-01-05T00:00:00+00:00,DOT/USDT,4h,4.632,4.65,4.585,4.6,112685.636237
1672891200000,2023-01-05T04:00:00+00:00,DOT/USDT,4h,4.601,4.64,4.567,4.588,106592.14011
1672905600000,2023-01-05T08:00:00+00:00,DOT/USDT,4h,4.589,4.591,4.55,4.583,113948.409804
1672920000000,2023-01-05T12:00:00+00:00,DOT/USDT,4h,4.582,4.596,4.545,4.578,77415.114561
1672934400000,2023-01-05T16:00:00+00:00,DOT/USDT,4h,4.576,4.607,4.562,4.604,46965.432218
1672948800000,2023-01-05T20:00:00+00:00,DOT/USDT,4h,4.605,4.639,4.595,4.621,96344.225033
1672963200000,2023-01-06T00:00:00+00:00,DOT/USDT,4h,4.621,4.664,4.616,4.638,164899.634935
1672977600000,2023-01-06T04:00:00+00:00,DOT/USDT,4h,4.635,4.646,4.549,4.577,229213.567733
1672992000000,2023-01-06T08:00:00+00:00,DOT/USDT,4h,4.578,4.609,4.563,4.603,127213.147421
1673006400000,2023-01-06T12:00:00+00:00,DOT/USDT,4h,4.603,4.68,4.563,4.67,228521.814344
1673020800000,2023-01-06T16:00:00+00:00,DOT/USDT,4h,4.672,4.686,4.651,4.677,99692.834271
1673035200000,2023-01-06T20:00:00+00:00,DOT/USDT,4h,4.678,4.706,4.649,4.683,88414.220276
1673049600000,2023-01-07T00:00:00+00:00,DOT/USDT,4h,4.685,4.705,4.672,4.687,106771.524785
1673064000000,2023-01-07T04:00:00+00:00,DOT/USDT,4h,4.687,4.691,4.656,4.671,53727.384982
1673078400000,2023-01-07T08:00:00+00:00,DOT/USDT,4h,4.671,4.676,4.647,4.647,37244.611365
1673092800000,2023-01-07T12:00:00+00:00,DOT/USDT,4h,4.648,4.666,4.634,4.662,54744.833649
1673107200000,2023-01-07T16:00:00+00:00,DOT/USDT,4h,4.662,4.679,4.642,4.674,72117.050294
1673121600000,2023-01-07T20:00:00+00:00,DOT/USDT,4h,4.675,4.68,4.649,4.666,48852.690958
1673136000000,2023-01-08T00:00:00+00:00,DOT/USDT,4h,4.667,4.678,4.604,4.635,97190.286685
1673150400000,2023-01-08T04:00:00+00:00,DOT/USDT,4h,4.635,4.645,4.628,4.637,35983.217862
1673164800000,2023-01-08T08:00:00+00:00,DOT/USDT,4h,4.637,4.69,4.636,4.665,175208.19018
1673179200000,2023-01-08T12:00:00+00:00,DOT/USDT,4h,4.665,4.759,4.664,4.75,166300.123804
1673193600000,2023-01-08T16:00:00+00:00,DOT/USDT,4h,4.753,4.757,4.706,4.729,98941.35331
1673208000000,2023-01-08T20:00:00+00:00,DOT/USDT,4h,4.729,4.826,4.72,4.825,207696.128359
1673222400000,2023-01-09T00:00:00+00:00,DOT/USDT,4h,4.825,4.923,4.8,4.904,512557.221531
1673236800000,2023-01-09T04:00:00+00:00,DOT/USDT,4h,4.904,4.958,4.886,4.911,267435.246221
1673251200000,2023-01-09T08:00:00+00:00,DOT/USDT,4h,4.91,5.06,4.886,4.97,485960.776323
1673265600000,2023-01-09T12:00:00+00:00,DOT/USDT,4h,4.972,5.079,4.938,5.038,463707.972444
1673280000000,2023-01-09T16:00:00+00:00,DOT/USDT,4h,5.039,5.055,4.938,4.945,375801.209716
1673294400000,2023-01-09T20:00:00+00:00,DOT/USDT,4h,4.944,4.955,4.862,4.887,315038.889768
1673308800000,2023-01-10T00:00:00+00:00,DOT/USDT,4h,4.887,4.939,4.824,4.889,190520.399801
1673323200000,2023-01-10T04:00:00+00:00,DOT/USDT,4h,4.889,4.912,4.872,4.886,87994.279959
1673337600000,2023-01-10T08:00:00+00:00,DOT/USDT,4h,4.887,4.929,4.875,4.903,97167.485144
1673352000000,2023-01-10T12:00:00+00:00,DOT/USDT,4h,4.902,4.933,4.862,4.92,174751.973187
1673366400000,2023-01-10T16:00:00+00:00,DOT/USDT,4h,4.921,4.962,4.886,4.956,108421.312515
1673380800000,2023-01-10T20:00:00+00:00,DOT/USDT,4h,4.958,4.972,4.889,4.92,123390.795502
1673395200000,2023-01-11T00:00:00+00:00,DOT/USDT,4h,4.92,4.941,4.84,4.864,116139.881012
1673409600000,2023-01-11T04:00:00+00:00,DOT/USDT,4h,4.863,4.891,4.85,4.883,110015.55251
1673424000000,2023-01-11T08:00:00+00:00,DOT/USDT,4h,4.883,4.915,4.86,4.904,177099.034649
1673438400000,2023-01-11T12:00:00+00:00,DOT/USDT,4h,4.903,4.912,4.835,4.849,177105.508917
1673452800000,2023-01-11T16:00:00+00:00,DOT/USDT,4h,4.847,5.026,4.828,5.022,218068.906147
1673467200000,2023-01-11T20:00:00+00:00,DOT/USDT,4h,5.023,5.14,4.947,5.131,368974.62201
1673481600000,2023-01-12T00:00:00+00:00,DOT/USDT,4h,5.133,5.178,5.093,5.144,319310.011594
1673496000000,2023-01-12T04:00:00+00:00,DOT/USDT,4h,5.146,5.169,5.086,5.12,195019.391537
1673510400000,2023-01-12T08:00:00+00:00,DOT/USDT,4h,5.12,5.121,5.043,5.082,112449.014825
1673524800000,2023-01-12T12:00:00+00:00,DOT/USDT,4h,5.082,5.181,5.016,5.073,529047.021986
1673539200000,2023-01-12T16:00:00+00:00,DOT/USDT,4h,5.072,5.236,5.059,5.199,322430.124327
1673553600000,2023-01-12T20:00:00+00:00,DOT/USDT,4h,5.201,5.257,5.183,5.233,177605.279153
1673568000000,2023-01-13T00:00:00+00:00,DOT/USDT,4h,5.233,5.249,5.166,5.232,121767.857106
1673582400000,2023-01-13T04:00:00+00:00,DOT/USDT,4h,5.233,5.27,5.208,5.217,183325.335205
1673596800000,2023-01-13T08:00:00+00:00,DOT/USDT,4h,5.22,5.283,5.207,5.213,238197.309687
1673611200000,2023-01-13T12:00:00+00:00,DOT/USDT,4h,5.214,5.3,5.162,5.284,254720.687012
1673625600000,2023-01-13T16:00:00+00:00,DOT/USDT,4h,5.286,5.292,5.223,5.272,330108.708823
1673640000000,2023-01-13T20:00:00+00:00,DOT/USDT,4h,5.275,5.421,5.256,5.398,445426.479196
1673654400000,2023-01-14T00:00:00+00:00,DOT/USDT,4h,5.399,5.726,5.396,5.636,1014453.169914
1673668800000,2023-01-14T04:00:00+00:00,DOT/USDT,4h,5.636,6.556,5.595,6.214,1561915.474815
1673683200000,2023-01-14T08:00:00+00:00,DOT/USDT,4h,6.211,6.393,5.838,6.05,1386068.613545
1673697600000,2023-01-14T12:00:00+00:00,DOT/USDT,4h,6.049,6.263,5.94,6.115,765965.239182
1673712000000,2023-01-14T16:00:00+00:00,DOT/USDT,4h,6.114,6.159,5.971,6.005,477939.762829
1673726400000,2023-01-14T20:00:00+00:00,DOT/USDT,4h,6.007,6.063,5.939,6.03,299522.308101
1673740800000,2023-01-15T00:00:00+00:00,DOT/USDT,4h,6.028,6.066,5.778,5.886,684889.103938
1673755200000,2023-01-15T04:00:00+00:00,DOT/USDT,4h,5.887,5.927,5.803,5.871,175125.393389
1673769600000,2023-01-15T08:00:00+00:00,DOT/USDT,4h,5.872,5.978,5.771,5.944,293412.191024
1673784000000,2023-01-15T12:00:00+00:00,DOT/USDT,4h,5.943,6.053,5.889,6.025,420507.345668
1673798400000,2023-01-15T16:00:00+00:00,DOT/USDT,4h,6.025,6.03,5.848,5.914,392849.358856
1673812800000,2023-01-15T20:00:00+00:00,DOT/USDT,4h,5.914,5.973,5.879,5.93,162337.139364
1673827200000,2023-01-16T00:00:00+00:00,DOT/USDT,4h,5.929,6.088,5.862,5.964,401855.218908
1673841600000,2023-01-16T04:00:00+00:00,DOT/USDT,4h,5.966,6.052,5.93,5.966,236562.594093
1673856000000,2023-01-16T08:00:00+00:00,DOT/USDT,4h,5.968,5.975,5.64,5.777,650736.775631
1673870400000,2023-01-16T12:00:00+00:00,DOT/USDT,4h,5.778,5.816,5.609,5.766,465242.354101
1673884800000,2023-01-16T16:00:00+00:00,DOT/USDT,4h,5.764,5.888,5.734,5.866,300056.750515
1673899200000,2023-01-16T20:00:00+00:00,DOT/USDT,4h,5.867,5.91,5.783,5.811,200582.56158
1673913600000,2023-01-17T00:00:00+00:00,DOT/USDT,4h,5.811,5.857,5.692,5.785,303591.334363
1673928000000,2023-01-17T04:00:00+00:00,DOT/USDT,4h,5.785,6.107,5.78,6.006,520156.256762
1673942400000,2023-01-17T08:00:00+00:00,DOT/USDT,4h,6.005,6.036,5.925,5.988,309908.360671
1673956800000,2023-01-17T12:00:00+00:00,DOT/USDT,4h,5.989,6.213,5.92,6.008,972984.593847
1673971200000,2023-01-17T16:00:00+00:00,DOT/USDT,4h,6.009,6.123,5.931,6.122,451370.350292
1673985600000,2023-01-17T20:00:00+00:00,DOT/USDT,4h,6.122,6.127,5.93,5.954,246257.799761
1674000000000,2023-01-18T00:00:00+00:00,DOT/USDT,4h,5.955,6.073,5.936,6.029,286817.648685
1674014400000,2023-01-18T04:00:00+00:00,DOT/USDT,4h,6.03,6.068,5.991,6.013,212445.586863
1674028800000,2023-01-18T08:00:00+00:00,DOT/USDT,4h,6.017,6.018,5.872,5.917,284197.473197
1674043200000,2023-01-18T12:00:00+00:00,DOT/USDT,4h,5.916,6.217,5.675,5.831,1187250.87923
1674057600000,2023-01-18T16:00:00+00:00,DOT/USDT,4h,5.829,5.866,5.538,5.741,1128467.645985
1674072000000,2023-01-18T20:00:00+00:00,DOT/USDT,4h,5.74,5.882,5.566,5.652,1596886.923126
1674086400000,2023-01-19T00:00:00+00:00,DOT/USDT,4h,5.647,5.759,5.643,5.74,198432.692519
1674100800000,2023-01-19T04:00:00+00:00,DOT/USDT,4h,5.742,5.797,5.735,5.74,141107.341851
1674115200000,2023-01-19T08:00:00+00:00,DOT/USDT,4h,5.743,5.799,5.702,5.725,195556.830061
1674129600000,2023-01-19T12:00:00+00:00,DOT/USDT,4h,5.724,5.8,5.661,5.741,348176.430122
1674144000000,2023-01-19T16:00:00+00:00,DOT/USDT,4h,5.741,5.818,5.707,5.799,233192.904658
1674158400000,2023-01-19T20:00:00+00:00,DOT/USDT,4h,5.798,5.842,5.77,5.803,112316.788276
1674172800000,2023-01-20T00:00:00+00:00,DOT/USDT,4h,5.803,5.883,5.77,5.853,227317.259429
1674187200000,2023-01-20T04:00:00+00:00,DOT/USDT,4h,5.854,5.881,5.797,5.838,233372.311649
1674201600000,2023-01-20T08:00:00+00:00,DOT/USDT,4h,5.838,5.84,5.756,5.763,119619.97111
1674216000000,2023-01-20T12:00:00+00:00,DOT/USDT,4h,5.763,5.916,5.754,5.853,277875.279665
1674230400000,2023-01-20T16:00:00+00:00,DOT/USDT,4h,5.854,6.007,5.842,5.992,289518.639979
1674244800000,2023-01-20T20:00:00+00:00,DOT/USDT,4h,5.992,6.298,5.992,6.248,644059.39852
1674259200000,2023-01-21T00:00:00+00:00,DOT/USDT,4h,6.249,6.315,6.158,6.236,561898.334065
1674273600000,2023-01-21T04:00:00+00:00,DOT/USDT,4h,6.234,6.289,6.194,6.256,220363.268134
1674288000000,2023-01-21T08:00:00+00:00,DOT/USDT,4h,6.257,6.344,6.0,6.198,949360.489745
1674302400000,2023-01-21T12:00:00+00:00,DOT/USDT,4h,6.197,6.255,6.112,6.147,458886.783819
1674316800000,2023-01-21T16:00:00+00:00,DOT/USDT,4h,6.148,6.407,6.148,6.36,794315.115729
1674331200000,2023-01-21T20:00:00+00:00,DOT/USDT,4h,6.36,6.466,6.212,6.239,599764.922706
1674345600000,2023-01-22T00:00:00+00:00,DOT/USDT,4h,6.24,6.308,6.138,6.209,323815.89961
1674360000000,2023-01-22T04:00:00+00:00,DOT/USDT,4h,6.209,6.296,6.202,6.257,143955.184399
1674374400000,2023-01-22T08:00:00+00:00,DOT/USDT,4h,6.256,6.311,6.221,6.254,192261.830227
1674388800000,2023-01-22T12:00:00+00:00,DOT/USDT,4h,6.254,6.419,6.202,6.307,483803.864764
1674403200000,2023-01-22T16:00:00+00:00,DOT/USDT,4h,6.31,6.682,6.258,6.297,564814.398545
1674417600000,2023-01-22T20:00:00+00:00,DOT/USDT,4h,6.295,6.299,6.08,6.207,628717.773915
1674432000000,2023-01-23T00:00:00+00:00,DOT/USDT,4h,6.206,6.372,6.198,6.29,327008.031309
1674446400000,2023-01-23T04:00:00+00:00,DOT/USDT,4h,6.294,6.346,6.246,6.282,203948.515812
1674460800000,2023-01-23T08:00:00+00:00,DOT/USDT,4h,6.284,6.42,6.261,6.419,595327.232931
1674475200000,2023-01-23T12:00:00+00:00,DOT/USDT,4h,6.419,6.605,6.3,6.547,1622134.354241
1674489600000,2023-01-23T16:00:00+00:00,DOT/USDT,4h,6.55,6.826,6.479,6.68,1197522.622009
1674504000000,2023-01-23T20:00:00+00:00,DOT/USDT,4h,6.68,6.766,6.547,6.561,728480.75411
1674518400000,2023-01-24T00:00:00+00:00,DOT/USDT,4h,6.561,6.71,6.531,6.659,445849.517005
1674532800000,2023-01-24T04:00:00+00:00,DOT/USDT,4h,6.662,6.678,6.577,6.607,173847.696877
1674547200000,2023-01-24T08:00:00+00:00,DOT/USDT,4h,6.609,6.649,6.476,6.51,270338.932571
1674561600000,2023-01-24T12:00:00+00:00,DOT/USDT,4h,6.515,6.522,6.416,6.485,309350.316557
1674576000000,2023-01-24T16:00:00+00:00,DOT/USDT,4h,6.487,6.519,6.374,6.511,230957.199325
1674590400000,2023-01-24T20:00:00+00:00,DOT/USDT,4h,6.508,6.523,6.101,6.19,562745.53702
1674604800000,2023-01-25T00:00:00+00:00,DOT/USDT,4h,6.192,6.207,6.01,6.193,515581.296866
1674619200000,2023-01-25T04:00:00+00:00,DOT/USDT,4h,6.192,6.281,6.165,6.261,166366.450247
1674633600000,2023-01-25T08:00:00+00:00,DOT/USDT,4h,6.261,6.294,6.149,6.175,218117.16992
1674648000000,2023-01-25T12:00:00+00:00,DOT/USDT,4h,6.175,6.296,6.109,6.169,466867.424321
1674662400000,2023-01-25T16:00:00+00:00,DOT/USDT,4h,6.168,6.248,6.131,6.243,190490.248453
1674676800000,2023-01-25T20:00:00+00:00,DOT/USDT,4h,6.243,6.569,6.242,6.399,701856.457656
1674691200000,2023-01-26T00:00:00+00:00,DOT/USDT,4h,6.402,6.5,6.391,6.425,213306.661623
1674705600000,2023-01-26T04:00:00+00:00,DOT/USDT,4h,6.427,6.499,6.357,6.396,229623.321808
1674720000000,2023-01-26T08:00:00+00:00,DOT/USDT,4h,6.396,6.433,6.302,6.352,162050.750469
1674734400000,2023-01-26T12:00:00+00:00,DOT/USDT,4h,6.354,6.562,6.325,6.406,744589.360523
1674748800000,2023-01-26T16:00:00+00:00,DOT/USDT,4h,6.407,6.492,6.318,6.456,334968.150649
1674763200000,2023-01-26T20:00:00+00:00,DOT/USDT,4h,6.455,6.516,6.436,6.47,218323.408576
1674777600000,2023-01-27T00:00:00+00:00,DOT/USDT,4h,6.471,6.513,6.269,6.377,373411.009901
1674792000000,2023-01-27T04:00:00+00:00,DOT/USDT,4h,6.378,6.462,6.362,6.451,123750.207934
1674806400000,2023-01-27T08:00:00+00:00,DOT/USDT,4h,6.454,6.477,6.373,6.428,141356.547541
1674820800000,2023-01-27T12:00:00+00:00,DOT/USDT,4h,6.426,6.469,6.342,6.406,234792.183003
1674835200000,2023-01-27T16:00:00+00:00,DOT/USDT,4h,6.404,6.533,6.402,6.533,220964.737495
1674849600000,2023-01-27T20:00:00+00:00,DOT/USDT,4h,6.532,6.622,6.48,6.585,318448.032432
1674864000000,2023-01-28T00:00:00+00:00,DOT/USDT,4h,6.587,6.665,6.557,6.59,284754.823953
1674878400000,2023-01-28T04:00:00+00:00,DOT/USDT,4h,6.591,6.64,6.458,6.517,222441.090458
1674892800000,2023-01-28T08:00:00+00:00,DOT/USDT,4h,6.518,6.53,6.466,6.502,141688.528737
1674907200000,2023-01-28T12:00:00+00:00,DOT/USDT,4h,6.501,6.508,6.329,6.441,328029.747794
1674921600000,2023-01-28T16:00:00+00:00,DOT/USDT,4h,6.441,6.459,6.379,6.422,98627.162454
1674936000000,2023-01-28T20:00:00+00:00,DOT/USDT,4h,6.423,6.426,6.322,6.398,122189.98352
1674950400000,2023-01-29T00:00:00+00:00,DOT/USDT,4h,6.395,6.523,6.326,6.492,292379.489126
1674964800000,2023-01-29T04:00:00+00:00,DOT/USDT,4h,6.495,6.517,6.478,6.499,148968.30975
1674979200000,2023-01-29T08:00:00+00:00,DOT/USDT,4h,6.499,6.624,6.484,6.59,177180.863797
1674993600000,2023-01-29T12:00:00+00:00,DOT/USDT,4h,6.59,6.617,6.553,6.571,205008.975452
1675008000000,2023-01-29T16:00:00+00:00,DOT/USDT,4h,6.571,6.698,6.518,6.685,309374.162809
1675022400000,2023-01-29T20:00:00+00:00,DOT/USDT,4h,6.684,6.688,6.577,6.611,178928.056653
1675036800000,2023-01-30T00:00:00+00:00,DOT/USDT,4h,6.612,6.649,6.519,6.558,208850.150164
1675051200000,2023-01-30T04:00:00+00:00,DOT/USDT,4h,6.559,6.589,6.46,6.479,140362.081942
1675065600000,2023-01-30T08:00:00+00:00,DOT/USDT,4h,6.476,6.502,6.219,6.27,548168.261971
1675080000000,2023-01-30T12:00:00+00:00,DOT/USDT,4h,6.27,6.333,6.236,6.286,231731.163001
1675094400000,2023-01-30T16:00:00+00:00,DOT/USDT,4h,6.284,6.34,6.009,6.142,532970.63617
1675108800000,2023-01-30T20:00:00+00:00,DOT/USDT,4h,6.138,6.195,6.056,6.19,192944.697758
1675123200000,2023-01-31T00:00:00+00:00,DOT/USDT,4h,6.189,6.262,6.143,6.218,234504.66447
1675137600000,2023-01-31T04:00:00+00:00,DOT/USDT,4h,6.218,6.268,6.162,6.258,133399.134386
1675152000000,2023-01-31T08:00:00+00:00,DOT/USDT,4h,6.257,6.27,6.16,6.205,138813.084628
1675166400000,2023-01-31T12:00:00+00:00,DOT/USDT,4h,6.207,6.312,6.192,6.275,291407.61397
1675180800000,2023-01-31T16:00:00+00:00,DOT/USDT,4h,6.276,6.322,6.261,6.305,174216.914732
1675195200000,2023-01-31T20:00:00+00:00,DOT/USDT,4h,6.305,6.316,6.191,6.26,368435.981963
1675209600000,2023-02-01T00:00:00+00:00,DOT/USDT,4h,6.259,6.283,6.221,6.245,118121.38277
1675224000000,2023-02-01T04:00:00+00:00,DOT/USDT,4h,6.242,6.272,6.153,6.209,123012.318683
1675238400000,2023-02-01T08:00:00+00:00,DOT/USDT,4h,6.209,6.215,6.109,6.157,217390.269745
1675252800000,2023-02-01T12:00:00+00:00,DOT/USDT,4h,6.158,6.209,6.031,6.062,222529.024925
1675267200000,2023-02-01T16:00:00+00:00,DOT/USDT,4h,6.062,6.349,6.028,6.299,550789.465847
1675281600000,2023-02-01T20:00:00+00:00,DOT/USDT,4h,6.304,6.49,6.286,6.466,439436.823482
1675296000000,2023-02-02T00:00:00+00:00,DOT/USDT,4h,6.468,6.586,6.452,6.54,431954.538998
1675310400000,2023-02-02T04:00:00+00:00,DOT/USDT,4h,6.541,6.587,6.472,6.493,203572.191934
1675324800000,2023-02-02T08:00:00+00:00,DOT/USDT,4h,6.492,6.573,6.486,6.561,219982.598808
1675339200000,2023-02-02T12:00:00+00:00,DOT/USDT,4h,6.558,6.668,6.521,6.634,445922.23354
1675353600000,2023-02-02T16:00:00+00:00,DOT/USDT,4h,6.634,6.93,6.63,6.714,768399.45563
1675368000000,2023-02-02T20:00:00+00:00,DOT/USDT,4h,6.711,6.734,6.466,6.544,388063.614592
1675382400000,2023-02-03T00:00:00+00:00,DOT/USDT,4h,6.546,6.646,6.507,6.628,244985.794072
1675396800000,2023-02-03T04:00:00+00:00,DOT/USDT,4h,6.628,6.773,6.614,6.68,239993.864135
1675411200000,2023-02-03T08:00:00+00:00,DOT/USDT,4h,6.681,6.847,6.647,6.817,449002.462814
1675425600000,2023-02-03T12:00:00+00:00,DOT/USDT,4h,6.819,7.05,6.728,6.96,1056341.316254
1675440000000,2023-02-03T16:00:00+00:00,DOT/USDT,4h,6.961,7.128,6.928,6.982,605728.28193
1675454400000,2023-02-03T20:00:00+00:00,DOT/USDT,4h,6.982,7.039,6.924,7.007,226989.036138
1675468800000,2023-02-04T00:00:00+00:00,DOT/USDT,4h,7.007,7.04,6.87,6.88,237705.403854
1675483200000,2023-02-04T04:00:00+00:00,DOT/USDT,4h,6.88,6.893,6.818,6.874,159406.097348
1675497600000,2023-02-04T08:00:00+00:00,DOT/USDT,4h,6.872,6.912,6.853,6.897,108816.873189
1675512000000,2023-02-04T12:00:00+00:00,DOT/USDT,4h,6.898,7.073,6.898,6.947,270988.152982
1675526400000,2023-02-04T16:00:00+00:00,DOT/USDT,4h,6.945,6.969,6.888,6.937,131189.543252
1675540800000,2023-02-04T20:00:00+00:00,DOT/USDT,4h,6.935,6.985,6.841,6.873,144239.809131
1675555200000,2023-02-05T00:00:00+00:00,DOT/USDT,4h,6.875,6.895,6.77,6.814,271046.995775
1675569600000,2023-02-05T04:00:00+00:00,DOT/USDT,4h,6.814,6.89,6.809,6.856,80940.750723
1675584000000,2023-02-05T08:00:00+00:00,DOT/USDT,4h,6.855,6.885,6.797,6.814,147429.456197
1675598400000,2023-02-05T12:00:00+00:00,DOT/USDT,4h,6.812,6.84,6.6,6.629,537426.632189
1675612800000,2023-02-05T16:00:00+00:00,DOT/USDT,4h,6.629,6.671,6.53,6.592,288097.191008
1675627200000,2023-02-05T20:00:00+00:00,DOT/USDT,4h,6.59,6.653,6.514,6.639,104536.362457
1675641600000,2023-02-06T00:00:00+00:00,DOT/USDT,4h,6.638,6.79,6.628,6.666,159904.862125
1675656000000,2023-02-06T04:00:00+00:00,DOT/USDT,4h,6.663,6.784,6.563,6.746,204572.236341
1675670400000,2023-02-06T08:00:00+00:00,DOT/USDT,4h,6.747,6.774,6.605,6.708,138089.555654
1675684800000,2023-02-06T12:00:00+00:00,DOT/USDT,4h,6.708,6.755,6.611,6.755,170843.722391
1675699200000,2023-02-06T16:00:00+00:00,DOT/USDT,4h,6.755,6.776,6.643,6.655,176066.032132
1675713600000,2023-02-06T20:00:00+00:00,DOT/USDT,4h,6.656,6.656,6.419,6.497,262145.792394
1675728000000,2023-02-07T00:00:00+00:00,DOT/USDT,4h,6.494,6.61,6.475,6.599,135218.464862
1675742400000,2023-02-07T04:00:00+00:00,DOT/USDT,4h,6.6,6.666,6.591,6.624,104793.950135
1675756800000,2023-02-07T08:00:00+00:00,DOT/USDT,4h,6.624,6.73,6.595,6.711,164267.5031
1675771200000,2023-02-07T12:00:00+00:00,DOT/USDT,4h,6.711,6.748,6.652,6.684,192972.095422
1675785600000,2023-02-07T16:00:00+00:00,DOT/USDT,4h,6.684,6.85,6.59,6.775,423019.380588
1675800000000,2023-02-07T20:00:00+00:00,DOT/USDT,4h,6.777,6.948,6.749,6.939,259482.544545
1675814400000,2023-02-08T00:00:00+00:00,DOT/USDT,4h,6.939,7.018,6.923,6.938,205827.879286
1675828800000,2023-02-08T04:00:00+00:00,DOT/USDT,4h,6.938,6.951,6.848,6.904,138402.363452
1675843200000,2023-02-08T08:00:00+00:00,DOT/USDT,4h,6.903,6.904,6.829,6.892,114641.374663
1675857600000,2023-02-08T12:00:00+00:00,DOT/USDT,4h,6.893,6.911,6.754,6.761,252944.164082
1675872000000,2023-02-08T16:00:00+00:00,DOT/USDT,4h,6.76,6.81,6.618,6.723,326588.484349
1675886400000,2023-02-08T20:00:00+00:00,DOT/USDT,4h,6.722,6.772,6.654,6.757,127525.31867
1675900800000,2023-02-09T00:00:00+00:00,DOT/USDT,4h,6.759,6.869,6.513,6.561,527404.126023
1675915200000,2023-02-09T04:00:00+00:00,DOT/USDT,4h,6.559,6.693,6.519,6.686,296937.836921
1675929600000,2023-02-09T08:00:00+00:00,DOT/USDT,4h,6.686,6.992,6.681,6.828,594301.14869
1675944000000,2023-02-09T12:00:00+00:00,DOT/USDT,4h,6.824,6.953,6.768,6.85,511687.285376
1675958400000,2023-02-09T16:00:00+00:00,DOT/USDT,4h,6.85,6.892,6.266,6.409,1039244.276057
1675972800000,2023-02-09T20:00:00+00:00,DOT/USDT,4h,6.405,6.405,6.085,6.235,651353.909037
1675987200000,2023-02-10T00:00:00+00:00,DOT/USDT,4h,6.234,6.282,6.207,6.247,173331.625363
1676001600000,2023-02-10T04:00:00+00:00,DOT/USDT,4h,6.248,6.288,6.167,6.287,231976.130018
1676016000000,2023-02-10T08:00:00+00:00,DOT/USDT,4h,6.287,6.306,6.203,6.21,213056.078667
1676030400000,2023-02-10T12:00:00+00:00,DOT/USDT,4h,6.214,6.277,6.127,6.201,263527.668243
1676044800000,2023-02-10T16:00:00+00:00,DOT/USDT,4h,6.202,6.306,6.146,6.289,169197.665495
1676059200000,2023-02-10T20:00:00+00:00,DOT/USDT,4h,6.29,6.295,6.118,6.183,144496.395773
1676073600000,2023-02-11T00:00:00+00:00,DOT/USDT,4h,6.183,6.236,6.156,6.222,77640.699223
1676088000000,2023-02-11T04:00:00+00:00,DOT/USDT,4h,6.223,6.241,6.178,6.206,58617.361478
1676102400000,2023-02-11T08:00:00+00:00,DOT/USDT,4h,6.208,6.223,6.193,6.206,43041.341279
1676116800000,2023-02-11T12:00:00+00:00,DOT/USDT,4h,6.208,6.256,6.187,6.234,107149.885263
1676131200000,2023-02-11T16:00:00+00:00,DOT/USDT,4h,6.236,6.236,6.168,6.212,85604.333265
1676145600000,2023-02-11T20:00:00+00:00,DOT/USDT,4h,6.213,6.291,6.195,6.277,55930.135197
1676160000000,2023-02-12T00:00:00+00:00,DOT/USDT,4h,6.275,6.277,6.235,6.236,55560.341364
1676174400000,2023-02-12T04:00:00+00:00,DOT/USDT,4h,6.236,6.259,6.222,6.246,35703.359542
1676188800000,2023-02-12T08:00:00+00:00,DOT/USDT,4h,6.247,6.333,6.242,6.326,118960.6637
1676203200000,2023-02-12T12:00:00+00:00,DOT/USDT,4h,6.326,6.341,6.262,6.326,142359.127968
1676217600000,2023-02-12T16:00:00+00:00,DOT/USDT,4h,6.325,6.383,6.318,6.356,139046.693899
1676232000000,2023-02-12T20:00:00+00:00,DOT/USDT,4h,6.357,6.372,6.069,6.182,228918.522637
1676246400000,2023-02-13T00:00:00+00:00,DOT/USDT,4h,6.182,6.217,6.038,6.172,305470.94257
1676260800000,2023-02-13T04:00:00+00:00,DOT/USDT,4h,6.172,6.242,6.166,6.218,192104.697656
1676275200000,2023-02-13T08:00:00+00:00,DOT/USDT,4h,6.216,6.217,5.954,6.045,521978.474634
1676289600000,2023-02-13T12:00:00+00:00,DOT/USDT,4h,6.045,6.091,5.995,6.0,225306.097878
1676304000000,2023-02-13T16:00:00+00:00,DOT/USDT,4h,6.0,6.051,5.879,6.023,268903.685042
1676318400000,2023-02-13T20:00:00+00:00,DOT/USDT,4h,6.022,6.144,5.998,6.144,113204.681697
1676332800000,2023-02-14T00:00:00+00:00,DOT/USDT,4h,6.142,6.153,6.075,6.088,130293.949507
1676347200000,2023-02-14T04:00:00+00:00,DOT/USDT,4h,6.088,6.127,6.083,6.117,127267.46186
1676361600000,2023-02-14T08:00:00+00:00,DOT/USDT,4h,6.122,6.152,6.057,6.094,94279.262705
1676376000000,2023-02-14T12:00:00+00:00,DOT/USDT,4h,6.096,6.262,6.009,6.201,866048.961089
1676390400000,2023-02-14T16:00:00+00:00,DOT/USDT,4h,6.201,6.256,6.142,6.254,278393.716487
1676404800000,2023-02-14T20:00:00+00:00,DOT/USDT,4h,6.254,6.26,6.204,6.228,100713.134305
1676419200000,2023-02-15T00:00:00+00:00,DOT/USDT,4h,6.227,6.239,6.159,6.181,174478.803903
1676433600000,2023-02-15T04:00:00+00:00,DOT/USDT,4h,6.181,6.211,6.174,6.19,73831.030239
1676448000000,2023-02-15T08:00:00+00:00,DOT/USDT,4h,6.189,6.269,6.164,6.268,211351.430681
1676462400000,2023-02-15T12:00:00+00:00,DOT/USDT,4h,6.268,6.352,6.267,6.303,341941.336033
1676476800000,2023-02-15T16:00:00+00:00,DOT/USDT,4h,6.305,6.423,6.273,6.423,172343.456538
1676491200000,2023-02-15T20:00:00+00:00,DOT/USDT,4h,6.423,6.617,6.412,6.611,420813.791955
1676505600000,2023-02-16T00:00:00+00:00,DOT/USDT,4h,6.613,6.684,6.556,6.628,394358.38211
1676520000000,2023-02-16T04:00:00+00:00,DOT/USDT,4h,6.629,6.667,6.565,6.598,228318.881665
1676534400000,2023-02-16T08:00:00+00:00,DOT/USDT,4h,6.599,6.624,6.532,6.559,159592.656323
1676548800000,2023-02-16T12:00:00+00:00,DOT/USDT,4h,6.56,6.653,6.468,6.65,302678.070765
1676563200000,2023-02-16T16:00:00+00:00,DOT/USDT,4h,6.652,6.731,6.54,6.678,448994.966435
1676577600000,2023-02-16T20:00:00+00:00,DOT/USDT,4h,6.677,6.742,6.318,6.328,421332.715589
1676592000000,2023-02-17T00:00:00+00:00,DOT/USDT,4h,6.329,6.573,6.291,6.571,220419.137935
1676606400000,2023-02-17T04:00:00+00:00,DOT/USDT,4h,6.571,6.824,6.571,6.644,932849.504236
1676620800000,2023-02-17T08:00:00+00:00,DOT/USDT,4h,6.644,6.787,6.617,6.759,399211.815372
1676635200000,2023-02-17T12:00:00+00:00,DOT/USDT,4h,6.759,6.9,6.683,6.838,640415.244965
1676649600000,2023-02-17T16:00:00+00:00,DOT/USDT,4h,6.836,7.396,6.811,7.375,1702553.565869
1676664000000,2023-02-17T20:00:00+00:00,DOT/USDT,4h,7.377,7.416,7.147,7.285,631210.141449
1676678400000,2023-02-18T00:00:00+00:00,DOT/USDT,4h,7.284,7.375,7.158,7.318,422167.340332
1676692800000,2023-02-18T04:00:00+00:00,DOT/USDT,4h,7.317,7.341,7.207,7.246,335080.802692
1676707200000,2023-02-18T08:00:00+00:00,DOT/USDT,4h,7.243,7.256,7.112,7.189,261910.322996
1676721600000,2023-02-18T12:00:00+00:00,DOT/USDT,4h,7.188,7.293,7.176,7.212,362030.526862
1676736000000,2023-02-18T16:00:00+00:00,DOT/USDT,4h,7.21,7.308,7.141,7.217,328169.597444
1676750400000,2023-02-18T20:00:00+00:00,DOT/USDT,4h,7.218,7.267,7.168,7.233,131257.276895
1676764800000,2023-02-19T00:00:00+00:00,DOT/USDT,4h,7.232,7.323,7.184,7.202,289783.262979
1676779200000,2023-02-19T04:00:00+00:00,DOT/USDT,4h,7.201,7.552,7.188,7.395,739265.206211
1676793600000,2023-02-19T08:00:00+00:00,DOT/USDT,4h,7.399,7.789,7.351,7.652,891046.619742
1676808000000,2023-02-19T12:00:00+00:00,DOT/USDT,4h,7.654,7.796,7.601,7.727,786564.117328
1676822400000,2023-02-19T16:00:00+00:00,DOT/USDT,4h,7.729,7.897,7.422,7.55,1058991.356181
1676836800000,2023-02-19T20:00:00+00:00,DOT/USDT,4h,7.549,7.608,7.415,7.441,312184.894358
1676851200000,2023-02-20T00:00:00+00:00,DOT/USDT,4h,7.442,7.52,7.243,7.492,464334.650846
1676865600000,2023-02-20T04:00:00+00:00,DOT/USDT,4h,7.494,7.543,7.435,7.499,279348.190519
1676880000000,2023-02-20T08:00:00+00:00,DOT/USDT,4h,7.499,7.563,7.404,7.537,373731.514434
1676894400000,2023-02-20T12:00:00+00:00,DOT/USDT,4h,7.539,7.57,7.449,7.51,314974.401325
1676908800000,2023-02-20T16:00:00+00:00,DOT/USDT,4h,7.511,7.565,7.381,7.516,345139.867935
1676923200000,2023-02-20T20:00:00+00:00,DOT/USDT,4h,7.517,7.57,7.477,7.551,158098.281762
1676937600000,2023-02-21T00:00:00+00:00,DOT/USDT,4h,7.55,7.573,7.436,7.455,186414.162954
1676952000000,2023-02-21T04:00:00+00:00,DOT/USDT,4h,7.453,7.499,7.416,7.478,135325.077946
1676966400000,2023-02-21T08:00:00+00:00,DOT/USDT,4h,7.482,7.532,7.242,7.281,488529.775503
1676980800000,2023-02-21T12:00:00+00:00,DOT/USDT,4h,7.285,7.353,7.239,7.274,281932.211797
1676995200000,2023-02-21T16:00:00+00:00,DOT/USDT,4h,7.272,7.367,7.22,7.311,206318.189502
1677009600000,2023-02-21T20:00:00+00:00,DOT/USDT,4h,7.311,7.321,7.117,7.248,223457.654774
1677024000000,2023-02-22T00:00:00+00:00,DOT/USDT,4h,7.249,7.268,7.026,7.194,351292.670011
1677038400000,2023-02-22T04:00:00+00:00,DOT/USDT,4h,7.195,7.199,7.044,7.115,319324.662152
1677052800000,2023-02-22T08:00:00+00:00,DOT/USDT,4h,7.115,7.377,6.844,7.099,782148.936001
1677067200000,2023-02-22T12:00:00+00:00,DOT/USDT,4h,7.099,7.132,6.882,6.928,502653.094219
1677081600000,2023-02-22T16:00:00+00:00,DOT/USDT,4h,6.924,7.091,6.884,7.034,308338.571691
1677096000000,2023-02-22T20:00:00+00:00,DOT/USDT,4h,7.038,7.187,7.008,7.184,168372.888801
1677110400000,2023-02-23T00:00:00+00:00,DOT/USDT,4h,7.185,7.36,7.17,7.33,291510.24252
1677124800000,2023-02-23T04:00:00+00:00,DOT/USDT,4h,7.332,7.382,7.262,7.319,267397.516187
1677139200000,2023-02-23T08:00:00+00:00,DOT/USDT,4h,7.319,7.335,7.119,7.156,301144.388253
1677153600000,2023-02-23T12:00:00+00:00,DOT/USDT,4h,7.154,7.328,7.122,7.205,336254.256411
1677168000000,2023-02-23T16:00:00+00:00,DOT/USDT,4h,7.206,7.21,7.039,7.115,201107.044032
1677182400000,2023-02-23T20:00:00+00:00,DOT/USDT,4h,7.113,7.157,7.012,7.093,108789.566424
1677196800000,2023-02-24T00:00:00+00:00,DOT/USDT,4h,7.096,7.145,7.045,7.052,184082.581663
1677211200000,2023-02-24T04:00:00+00:00,DOT/USDT,4h,7.053,7.086,7.01,7.051,163874.145065
1677225600000,2023-02-24T08:00:00+00:00,DOT/USDT,4h,7.051,7.072,6.919,7.007,177224.65487
1677240000000,2023-02-24T12:00:00+00:00,DOT/USDT,4h,7.007,7.039,6.6,6.71,788756.034133
1677254400000,2023-02-24T16:00:00+00:00,DOT/USDT,4h,6.712,6.729,6.53,6.646,823670.343798
1677268800000,2023-02-24T20:00:00+00:00,DOT/USDT,4h,6.645,6.685,6.469,6.614,317542.207512
1677283200000,2023-02-25T00:00:00+00:00,DOT/USDT,4h,6.613,6.651,6.59,6.609,113091.185974
1677297600000,2023-02-25T04:00:00+00:00,DOT/USDT,4h,6.611,6.615,6.531,6.6,96913.902779
1677312000000,2023-02-25T08:00:00+00:00,DOT/USDT,4h,6.599,6.641,6.54,6.592,122394.305194
1677326400000,2023-02-25T12:00:00+00:00,DOT/USDT,4h,6.589,6.619,6.519,6.575,183895.711465
1677340800000,2023-02-25T16:00:00+00:00,DOT/USDT,4h,6.575,6.609,6.413,6.467,198128.124995
1677355200000,2023-02-25T20:00:00+00:00,DOT/USDT,4h,6.467,6.547,6.34,6.545,251808.814495
1677369600000,2023-02-26T00:00:00+00:00,DOT/USDT,4h,6.545,6.619,6.503,6.607,139207.928699
1677384000000,2023-02-26T04:00:00+00:00,DOT/USDT,4h,6.608,6.618,6.544,6.58,92139.45886
1677398400000,2023-02-26T08:00:00+00:00,DOT/USDT,4h,6.58,6.617,6.559,6.599,90853.395126
1677412800000,2023-02-26T12:00:00+00:00,DOT/USDT,4h,6.598,6.612,6.538,6.606,112772.641911
1677427200000,2023-02-26T16:00:00+00:00,DOT/USDT,4h,6.607,6.703,6.56,6.696,149303.893932
1677441600000,2023-02-26T20:00:00+00:00,DOT/USDT,4h,6.693,6.727,6.61,6.693,208206.877321
1677456000000,2023-02-27T00:00:00+00:00,DOT/USDT,4h,6.693,6.706,6.643,6.668,101705.929771
1677470400000,2023-02-27T04:00:00+00:00,DOT/USDT,4h,6.669,6.671,6.586,6.611,137960.850098
1677484800000,2023-02-27T08:00:00+00:00,DOT/USDT,4h,6.61,6.626,6.545,6.604,103540.178747
1677499200000,2023-02-27T12:00:00+00:00,DOT/USDT,4h,6.608,6.782,6.572,6.692,357132.654732
1677513600000,2023-02-27T16:00:00+00:00,DOT/USDT,4h,6.693,6.705,6.491,6.529,330265.615486
1677528000000,2023-02-27T20:00:00+00:00,DOT/USDT,4h,6.524,6.608,6.489,6.581,108494.830275
1677542400000,2023-02-28T00:00:00+00:00,DOT/USDT,4h,6.581,6.599,6.525,6.582,92659.435231
1677556800000,2023-02-28T04:00:00+00:00,DOT/USDT,4h,6.585,6.588,6.443,6.447,136755.543659
1677571200000,2023-02-28T08:00:00+00:00,DOT/USDT,4h,6.446,6.484,6.42,6.469,135886.344848
1677585600000,2023-02-28T12:00:00+00:00,DOT/USDT,4h,6.468,6.52,6.433,6.482,186308.689539
1677600000000,2023-02-28T16:00:00+00:00,DOT/USDT,4h,6.48,6.512,6.365,6.389,171649.053049
1677614400000,2023-02-28T20:00:00+00:00,DOT/USDT,4h,6.388,6.426,6.275,6.348,179759.305602
1677628800000,2023-03-01T00:00:00+00:00,DOT/USDT,4h,6.349,6.532,6.313,6.526,189294.659065
1677643200000,2023-03-01T04:00:00+00:00,DOT/USDT,4h,6.526,6.592,6.514,6.536,333076.393768
1677657600000,2023-03-01T08:00:00+00:00,DOT/USDT,4h,6.536,6.598,6.519,6.547,166001.174605
1677672000000,2023-03-01T12:00:00+00:00,DOT/USDT,4h,6.548,6.572,6.483,6.525,257130.798401
1677686400000,2023-03-01T16:00:00+00:00,DOT/USDT,4h,6.523,6.524,6.376,6.392,143286.258738
1677700800000,2023-03-01T20:00:00+00:00,DOT/USDT,4h,6.385,6.541,6.379,6.534,102682.362677
1677715200000,2023-03-02T00:00:00+00:00,DOT/USDT,4h,6.534,6.557,6.351,6.401,207650.673264
1677729600000,2023-03-02T04:00:00+00:00,DOT/USDT,4h,6.4,6.439,6.363,6.387,75337.159897
1677744000000,2023-03-02T08:00:00+00:00,DOT/USDT,4h,6.387,6.402,6.336,6.357,103810.722001
1677758400000,2023-03-02T12:00:00+00:00,DOT/USDT,4h,6.359,6.37,6.222,6.312,229444.32719
1677772800000,2023-03-02T16:00:00+00:00,DOT/USDT,4h,6.311,6.341,6.25,6.327,135465.947144
1677787200000,2023-03-02T20:00:00+00:00,DOT/USDT,4h,6.327,6.336,6.268,6.333,77758.741475
1677801600000,2023-03-03T00:00:00+00:00,DOT/USDT,4h,6.334,6.338,5.773,6.039,1312595.298741
1677816000000,2023-03-03T04:00:00+00:00,DOT/USDT,4h,6.042,6.116,6.011,6.042,290187.639837
1677830400000,2023-03-03T08:00:00+00:00,DOT/USDT,4h,6.043,6.084,6.033,6.039,160825.960887
1677844800000,2023-03-03T12:00:00+00:00,DOT/USDT,4h,6.037,6.09,6.004,6.048,229630.036053
1677859200000,2023-03-03T16:00:00+00:00,DOT/USDT,4h,6.047,6.08,6.022,6.046,110747.394385
1677873600000,2023-03-03T20:00:00+00:00,DOT/USDT,4h,6.046,6.06,5.983,6.037,129558.865822
1677888000000,2023-03-04T00:00:00+00:00,DOT/USDT,4h,6.036,6.055,5.969,5.978,134970.360143
1677902400000,2023-03-04T04:00:00+00:00,DOT/USDT,4h,5.977,6.0,5.914,5.988,116563.752564
1677916800000,2023-03-04T08:00:00+00:00,DOT/USDT,4h,5.988,6.033,5.976,6.014,63601.199917
1677931200000,2023-03-04T12:00:00+00:00,DOT/USDT,4h,6.014,6.022,5.968,5.971,52217.532586
1677945600000,2023-03-04T16:00:00+00:00,DOT/USDT,4h,5.97,5.982,5.866,5.882,92216.52656
1677960000000,2023-03-04T20:00:00+00:00,DOT/USDT,4h,5.885,5.917,5.722,5.916,252713.00553
1677974400000,2023-03-05T00:00:00+00:00,DOT/USDT,4h,5.917,6.04,5.885,5.999,287311.329475
1677988800000,2023-03-05T04:00:00+00:00,DOT/USDT,4h,6.001,6.024,5.964,5.978,54762.784504
1678003200000,2023-03-05T08:00:00+00:00,DOT/USDT,4h,5.98,6.022,5.944,6.007,80614.26175
1678017600000,2023-03-05T12:00:00+00:00,DOT/USDT,4h,6.008,6.061,6.007,6.038,75989.986341
1678032000000,2023-03-05T16:00:00+00:00,DOT/USDT,4h,6.037,6.039,5.99,6.018,53828.397981
1678046400000,2023-03-05T20:00:00+00:00,DOT/USDT,4h,6.017,6.051,5.936,5.974,109967.094966
1678060800000,2023-03-06T00:00:00+00:00,DOT/USDT,4h,5.976,5.997,5.858,5.933,191134.419281
1678075200000,2023-03-06T04:00:00+00:00,DOT/USDT,4h,5.932,5.948,5.871,5.93,125780.996898
1678089600000,2023-03-06T08:00:00+00:00,DOT/USDT,4h,5.927,5.97,5.893,5.929,117239.876214
1678104000000,2023-03-06T12:00:00+00:00,DOT/USDT,4h,5.928,6.038,5.908,6.03,136973.778794
1678118400000,2023-03-06T16:00:00+00:00,DOT/USDT,4h,6.031,6.04,5.946,5.957,87889.379234
1678132800000,2023-03-06T20:00:00+00:00,DOT/USDT,4h,5.954,5.96,5.894,5.92,92182.224846
1678147200000,2023-03-07T00:00:00+00:00,DOT/USDT,4h,5.921,6.017,5.888,5.956,152925.052144
1678161600000,2023-03-07T04:00:00+00:00,DOT/USDT,4h,5.957,5.962,5.917,5.925,43789.42197
1678176000000,2023-03-07T08:00:00+00:00,DOT/USDT,4h,5.925,5.934,5.814,5.815,243859.695498
1678190400000,2023-03-07T12:00:00+00:00,DOT/USDT,4h,5.819,5.886,5.738,5.857,410420.309801
1678204800000,2023-03-07T16:00:00+00:00,DOT/USDT,4h,5.855,5.911,5.8,5.815,172395.180249
1678219200000,2023-03-07T20:00:00+00:00,DOT/USDT,4h,5.813,5.86,5.743,5.846,138553.518952
1678233600000,2023-03-08T00:00:00+00:00,DOT/USDT,4h,5.846,5.942,5.805,5.832,163094.971062
1678248000000,2023-03-08T04:00:00+00:00,DOT/USDT,4h,5.833,5.845,5.631,5.687,327015.764389
1678262400000,2023-03-08T08:00:00+00:00,DOT/USDT,4h,5.693,5.744,5.678,5.702,155694.510611
1678276800000,2023-03-08T12:00:00+00:00,DOT/USDT,4h,5.702,5.71,5.559,5.683,584616.891326
1678291200000,2023-03-08T16:00:00+00:00,DOT/USDT,4h,5.681,5.711,5.623,5.686,208940.284362
1678305600000,2023-03-08T20:00:00+00:00,DOT/USDT,4h,5.687,5.766,5.5,5.599,310404.778598
1678320000000,2023-03-09T00:00:00+00:00,DOT/USDT,4h,5.597,5.649,5.564,5.636,199555.926261
1678334400000,2023-03-09T04:00:00+00:00,DOT/USDT,4h,5.638,5.667,5.592,5.611,131186.083971
1678348800000,2023-03-09T08:00:00+00:00,DOT/USDT,4h,5.611,5.7,5.564,5.687,182569.283154
1678363200000,2023-03-09T12:00:00+00:00,DOT/USDT,4h,5.687,5.794,5.664,5.74,309908.374176
1678377600000,2023-03-09T16:00:00+00:00,DOT/USDT,4h,5.739,5.8,5.463,5.497,565070.840026
1678392000000,2023-03-09T20:00:00+00:00,DOT/USDT,4h,5.498,5.499,5.245,5.385,1172780.571553
1678406400000,2023-03-10T00:00:00+00:00,DOT/USDT,4h,5.386,5.457,5.287,5.378,303266.269762
1678420800000,2023-03-10T04:00:00+00:00,DOT/USDT,4h,5.379,5.452,5.351,5.379,373186.047768
1678435200000,2023-03-10T08:00:00+00:00,DOT/USDT,4h,5.379,5.381,5.144,5.288,636885.628416
1678449600000,2023-03-10T12:00:00+00:00,DOT/USDT,4h,5.288,5.563,5.266,5.475,803512.963443
1678464000000,2023-03-10T16:00:00+00:00,DOT/USDT,4h,5.475,5.548,5.442,5.529,240802.036136
1678478400000,2023-03-10T20:00:00+00:00,DOT/USDT,4h,5.524,5.583,5.437,5.55,207818.408064
1678492800000,2023-03-11T00:00:00+00:00,DOT/USDT,4h,5.548,5.678,5.535,5.587,642377.436759
1678507200000,2023-03-11T04:00:00+00:00,DOT/USDT,4h,5.589,5.599,5.272,5.314,728896.807148
1678521600000,2023-03-11T08:00:00+00:00,DOT/USDT,4h,5.315,5.42,5.284,5.308,399934.630632
1678536000000,2023-03-11T12:00:00+00:00,DOT/USDT,4h,5.307,5.345,5.232,5.255,263585.428572
1678550400000,2023-03-11T16:00:00+00:00,DOT/USDT,4h,5.254,5.396,5.224,5.366,729626.924258
1678564800000,2023-03-11T20:00:00+00:00,DOT/USDT,4h,5.367,5.473,5.36,5.463,327628.768865
1678579200000,2023-03-12T00:00:00+00:00,DOT/USDT,4h,5.461,5.498,5.405,5.459,187838.003972
1678593600000,2023-03-12T04:00:00+00:00,DOT/USDT,4h,5.46,5.506,5.432,5.455,137449.58165
1678608000000,2023-03-12T08:00:00+00:00,DOT/USDT,4h,5.454,5.514,5.446,5.472,154898.955168
1678622400000,2023-03-12T12:00:00+00:00,DOT/USDT,4h,5.472,5.474,5.362,5.391,191167.504833
1678636800000,2023-03-12T16:00:00+00:00,DOT/USDT,4h,5.39,5.666,5.367,5.576,601589.999802
1678651200000,2023-03-12T20:00:00+00:00,DOT/USDT,4h,5.577,5.906,5.572,5.894,743436.191317
1678665600000,2023-03-13T00:00:00+00:00,DOT/USDT,4h,5.896,6.04,5.849,5.876,800881.408382
1678680000000,2023-03-13T04:00:00+00:00,DOT/USDT,4h,5.878,5.941,5.878,5.906,320111.021627
1678694400000,2023-03-13T08:00:00+00:00,DOT/USDT,4h,5.904,5.911,5.718,5.784,836813.517761
1678708800000,2023-03-13T12:00:00+00:00,DOT/USDT,4h,5.779,6.111,5.708,6.024,1805210.794692
1678723200000,2023-03-13T16:00:00+00:00,DOT/USDT,4h,6.024,6.124,5.968,6.082,589139.128215
1678737600000,2023-03-13T20:00:00+00:00,DOT/USDT,4h,6.081,6.144,6.03,6.101,193647.811285
1678752000000,2023-03-14T00:00:00+00:00,DOT/USDT,4h,6.102,6.149,6.057,6.14,219256.290015
1678766400000,2023-03-14T04:00:00+00:00,DOT/USDT,4h,6.139,6.197,6.031,6.042,670303.394198
1678780800000,2023-03-14T08:00:00+00:00,DOT/USDT,4h,6.042,6.129,5.98,6.084,254840.758268
1678795200000,2023-03-14T12:00:00+00:00,DOT/USDT,4h,6.083,6.538,6.054,6.516,1807122.384493
1678809600000,2023-03-14T16:00:00+00:00,DOT/USDT,4h,6.513,6.532,6.226,6.345,679184.360379
1678824000000,2023-03-14T20:00:00+00:00,DOT/USDT,4h,6.344,6.363,6.086,6.222,517552.830426
1678838400000,2023-03-15T00:00:00+00:00,DOT/USDT,4h,6.221,6.373,6.151,6.289,429038.538128
1678852800000,2023-03-15T04:00:00+00:00,DOT/USDT,4h,6.289,6.364,6.242,6.316,215904.092353
1678867200000,2023-03-15T08:00:00+00:00,DOT/USDT,4h,6.314,6.344,6.088,6.188,370107.553027
1678881600000,2023-03-15T12:00:00+00:00,DOT/USDT,4h,6.188,6.247,5.937,5.968,792444.910802
1678896000000,2023-03-15T16:00:00+00:00,DOT/USDT,4h,5.97,5.98,5.778,5.916,565910.677204
1678910400000,2023-03-15T20:00:00+00:00,DOT/USDT,4h,5.916,5.953,5.822,5.873,527462.308535
1678924800000,2023-03-16T00:00:00+00:00,DOT/USDT,4h,5.872,5.939,5.763,5.91,196922.674855
1678939200000,2023-03-16T04:00:00+00:00,DOT/USDT,4h,5.915,6.0,5.86,5.977,188496.047987
1678953600000,2023-03-16T08:00:00+00:00,DOT/USDT,4h,5.978,6.088,5.946,6.071,358597.283884
1678968000000,2023-03-16T12:00:00+00:00,DOT/USDT,4h,6.068,6.087,5.914,6.06,329441.470616
1678982400000,2023-03-16T16:00:00+00:00,DOT/USDT,4h,6.061,6.14,6.025,6.118,205777.499137
1678996800000,2023-03-16T20:00:00+00:00,DOT/USDT,4h,6.118,6.118,5.987,6.088,148866.356411
1679011200000,2023-03-17T00:00:00+00:00,DOT/USDT,4h,6.087,6.239,6.025,6.203,303398.51354
1679025600000,2023-03-17T04:00:00+00:00,DOT/USDT,4h,6.205,6.283,6.159,6.264,166182.820433
1679040000000,2023-03-17T08:00:00+00:00,DOT/USDT,4h,6.265,6.543,6.247,6.533,300488.169301
1679054400000,2023-03-17T12:00:00+00:00,DOT/USDT,4h,6.536,6.54,6.272,6.37,516627.54654
1679068800000,2023-03-17T16:00:00+00:00,DOT/USDT,4h,6.369,6.466,6.326,6.429,203472.726399
1679083200000,2023-03-17T20:00:00+00:00,DOT/USDT,4h,6.433,6.632,6.369,6.622,405399.931023
1679097600000,2023-03-18T00:00:00+00:00,DOT/USDT,4h,6.621,6.7,6.526,6.675,496905.715296
1679112000000,2023-03-18T04:00:00+00:00,DOT/USDT,4h,6.676,6.679,6.575,6.648,257713.519725
1679126400000,2023-03-18T08:00:00+00:00,DOT/USDT,4h,6.648,6.655,6.525,6.606,254130.401652
1679140800000,2023-03-18T12:00:00+00:00,DOT/USDT,4h,6.605,6.639,6.397,6.477,560092.885034
1679155200000,2023-03-18T16:00:00+00:00,DOT/USDT,4h,6.477,6.515,6.305,6.442,451131.909365
1679169600000,2023-03-18T20:00:00+00:00,DOT/USDT,4h,6.444,6.49,6.283,6.314,181442.40132
1679184000000,2023-03-19T00:00:00+00:00,DOT/USDT,4h,6.314,6.484,6.313,6.472,211861.02059
1679198400000,2023-03-19T04:00:00+00:00,DOT/USDT,4h,6.471,6.497,6.325,6.421,166480.959626
1679212800000,2023-03-19T08:00:00+00:00,DOT/USDT,4h,6.422,6.459,6.353,6.448,118935.212167
1679227200000,2023-03-19T12:00:00+00:00,DOT/USDT,4h,6.449,6.572,6.408,6.504,231127.090251
1679241600000,2023-03-19T16:00:00+00:00,DOT/USDT,4h,6.501,6.602,6.49,6.543,360623.913591
1679256000000,2023-03-19T20:00:00+00:00,DOT/USDT,4h,6.546,6.56,6.41,6.451,248293.596691
1679270400000,2023-03-20T00:00:00+00:00,DOT/USDT,4h,6.454,6.483,6.265,6.287,311086.380889
1679284800000,2023-03-20T04:00:00+00:00,DOT/USDT,4h,6.287,6.437,6.22,6.424,207217.286416
1679299200000,2023-03-20T08:00:00+00:00,DOT/USDT,4h,6.426,6.468,6.379,6.435,214361.983545
1679313600000,2023-03-20T12:00:00+00:00,DOT/USDT,4h,6.435,6.449,6.331,6.339,193743.064104
1679328000000,2023-03-20T16:00:00+00:00,DOT/USDT,4h,6.34,6.374,6.098,6.149,318319.024932
1679342400000,2023-03-20T20:00:00+00:00,DOT/USDT,4h,6.151,6.212,6.05,6.093,289845.918036
1679356800000,2023-03-21T00:00:00+00:00,DOT/USDT,4h,6.091,6.186,6.071,6.148,179143.82227
1679371200000,2023-03-21T04:00:00+00:00,DOT/USDT,4h,6.149,6.169,6.007,6.042,243322.61414
1679385600000,2023-03-21T08:00:00+00:00,DOT/USDT,4h,6.044,6.176,5.999,6.153,284097.14128
1679400000000,2023-03-21T12:00:00+00:00,DOT/USDT,4h,6.153,6.35,6.132,6.245,330794.288696
1679414400000,2023-03-21T16:00:00+00:00,DOT/USDT,4h,6.244,6.319,6.132,6.282,222329.976878
1679428800000,2023-03-21T20:00:00+00:00,DOT/USDT,4h,6.283,6.458,6.27,6.365,389754.338734
1679443200000,2023-03-22T00:00:00+00:00,DOT/USDT,4h,6.365,6.383,6.255,6.323,135528.848995
1679457600000,2023-03-22T04:00:00+00:00,DOT/USDT,4h,6.323,6.371,6.28,6.307,143633.753033
1679472000000,2023-03-22T08:00:00+00:00,DOT/USDT,4h,6.305,6.318,6.216,6.242,162895.430993
1679486400000,2023-03-22T12:00:00+00:00,DOT/USDT,4h,6.242,6.385,6.216,6.3,270469.069772
1679500800000,2023-03-22T16:00:00+00:00,DOT/USDT,4h,6.298,6.336,5.911,5.949,906867.804004
1679515200000,2023-03-22T20:00:00+00:00,DOT/USDT,4h,5.954,6.062,5.9,6.05,231642.146671
1679529600000,2023-03-23T00:00:00+00:00,DOT/USDT,4h,6.055,6.107,5.994,6.065,129154.148903
1679544000000,2023-03-23T04:00:00+00:00,DOT/USDT,4h,6.066,6.175,6.045,6.166,139092.175676
1679558400000,2023-03-23T08:00:00+00:00,DOT/USDT,4h,6.166,6.2,6.149,6.188,145608.710091
1679572800000,2023-03-23T12:00:00+00:00,DOT/USDT,4h,6.189,6.39,6.098,6.374,423766.034333
1679587200000,2023-03-23T16:00:00+00:00,DOT/USDT,4h,6.378,6.419,6.237,6.323,323589.289981
1679601600000,2023-03-23T20:00:00+00:00,DOT/USDT,4h,6.32,6.326,6.212,6.321,116818.386671
1679616000000,2023-03-24T00:00:00+00:00,DOT/USDT,4h,6.322,6.338,6.282,6.284,92675.541019
1679630400000,2023-03-24T04:00:00+00:00,DOT/USDT,4h,6.283,6.327,6.253,6.322,75795.047068
1679644800000,2023-03-24T08:00:00+00:00,DOT/USDT,4h,6.321,6.329,6.053,6.087,287791.452044
1679659200000,2023-03-24T12:00:00+00:00,DOT/USDT,4h,6.087,6.177,6.039,6.075,447641.18555
1679673600000,2023-03-24T16:00:00+00:00,DOT/USDT,4h,6.073,6.111,5.958,6.078,215613.327104
1679688000000,2023-03-24T20:00:00+00:00,DOT/USDT,4h,6.075,6.085,5.95,6.021,140224.347451
1679702400000,2023-03-25T00:00:00+00:00,DOT/USDT,4h,6.02,6.08,6.002,6.06,56519.924269
1679716800000,2023-03-25T04:00:00+00:00,DOT/USDT,4h,6.061,6.069,5.996,6.02,85415.28964
1679731200000,2023-03-25T08:00:00+00:00,DOT/USDT,4h,6.019,6.035,5.974,6.013,110245.042956
1679745600000,2023-03-25T12:00:00+00:00,DOT/USDT,4h,6.013,6.042,5.97,6.018,87269.823684
1679760000000,2023-03-25T16:00:00+00:00,DOT/USDT,4h,6.018,6.031,5.829,5.848,210646.833618
1679774400000,2023-03-25T20:00:00+00:00,DOT/USDT,4h,5.849,5.915,5.836,5.905,118832.375391
1679788800000,2023-03-26T00:00:00+00:00,DOT/USDT,4h,5.904,5.99,5.877,5.965,64708.298732
1679803200000,2023-03-26T04:00:00+00:00,DOT/USDT,4h,5.966,6.017,5.947,6.0,68530.926999
1679817600000,2023-03-26T08:00:00+00:00,DOT/USDT,4h,6.001,6.064,5.985,6.044,121222.177238
1679832000000,2023-03-26T12:00:00+00:00,DOT/USDT,4h,6.048,6.107,6.011,6.026,155298.554922
1679846400000,2023-03-26T16:00:00+00:00,DOT/USDT,4h,6.026,6.038,5.967,6.014,67140.722279
1679860800000,2023-03-26T20:00:00+00:00,DOT/USDT,4h,6.012,6.069,5.976,6.043,93479.858265
1679875200000,2023-03-27T00:00:00+00:00,DOT/USDT,4h,6.043,6.052,5.982,5.997,57284.4608
1679889600000,2023-03-27T04:00:00+00:00,DOT/USDT,4h,5.997,6.007,5.938,5.962,68509.625524
1679904000000,2023-03-27T08:00:00+00:00,DOT/USDT,4h,5.962,6.021,5.947,6.016,79239.125763
1679918400000,2023-03-27T12:00:00+00:00,DOT/USDT,4h,6.018,6.115,5.742,5.85,523927.356032
1679932800000,2023-03-27T16:00:00+00:00,DOT/USDT,4h,5.849,5.895,5.786,5.82,155880.810606
1679947200000,2023-03-27T20:00:00+00:00,DOT/USDT,4h,5.82,5.88,5.792,5.869,78932.242176
1679961600000,2023-03-28T00:00:00+00:00,DOT/USDT,4h,5.866,5.889,5.787,5.813,105224.973796
1679976000000,2023-03-28T04:00:00+00:00,DOT/USDT,4h,5.816,5.914,5.809,5.869,128541.736603
1679990400000,2023-03-28T08:00:00+00:00,DOT/USDT,4h,5.87,5.926,5.814,5.92,128403.934096
1680004800000,2023-03-28T12:00:00+00:00,DOT/USDT,4h,5.922,6.006,5.907,5.966,193497.305666
1680019200000,2023-03-28T16:00:00+00:00,DOT/USDT,4h,5.967,6.114,5.905,6.088,187837.12085
1680033600000,2023-03-28T20:00:00+00:00,DOT/USDT,4h,6.1,6.1,6.02,6.057,76820.282378
1680048000000,2023-03-29T00:00:00+00:00,DOT/USDT,4h,6.058,6.137,6.049,6.107,106040.636621
1680062400000,2023-03-29T04:00:00+00:00,DOT/USDT,4h,6.106,6.26,6.092,6.222,307578.194549
1680076800000,2023-03-29T08:00:00+00:00,DOT/USDT,4h,6.224,6.284,6.21,6.27,213871.196746
1680091200000,2023-03-29T12:00:00+00:00,DOT/USDT,4h,6.27,6.279,6.142,6.206,172513.801016
1680105600000,2023-03-29T16:00:00+00:00,DOT/USDT,4h,6.206,6.219,6.158,6.207,110710.292742
1680120000000,2023-03-29T20:00:00+00:00,DOT/USDT,4h,6.204,6.209,6.118,6.182,68359.453441
1680134400000,2023-03-30T00:00:00+00:00,DOT/USDT,4h,6.183,6.297,6.07,6.168,453325.716769
1680148800000,2023-03-30T04:00:00+00:00,DOT/USDT,4h,6.168,6.218,6.143,6.188,119283.781181
1680163200000,2023-03-30T08:00:00+00:00,DOT/USDT,4h,6.188,6.194,6.106,6.168,123393.931847
1680177600000,2023-03-30T12:00:00+00:00,DOT/USDT,4h,6.166,6.166,6.097,6.113,176974.552427
1680192000000,2023-03-30T16:00:00+00:00,DOT/USDT,4h,6.112,6.112,6.027,6.081,205318.839359
1680206400000,2023-03-30T20:00:00+00:00,DOT/USDT,4h,6.081,6.125,6.066,6.117,80373.691963
1680220800000,2023-03-31T00:00:00+00:00,DOT/USDT,4h,6.121,6.25,6.101,6.216,156212.952953
1680235200000,2023-03-31T04:00:00+00:00,DOT/USDT,4h,6.215,6.247,6.117,6.196,202574.248115
1680249600000,2023-03-31T08:00:00+00:00,DOT/USDT,4h,6.196,6.269,6.149,6.188,163169.776844
1680264000000,2023-03-31T12:00:00+00:00,DOT/USDT,4h,6.189,6.37,6.174,6.328,379093.061454
1680278400000,2023-03-31T16:00:00+00:00,DOT/USDT,4h,6.327,6.383,6.304,6.324,140917.11244
1680292800000,2023-03-31T20:00:00+00:00,DOT/USDT,4h,6.325,6.347,6.299,6.336,69975.475194
1680307200000,2023-04-01T00:00:00+00:00,DOT/USDT,4h,6.34,6.394,6.322,6.334,97589.694497
1680321600000,2023-04-01T04:00:00+00:00,DOT/USDT,4h,6.334,6.335,6.23,6.266,110902.652723
1680336000000,2023-04-01T08:00:00+00:00,DOT/USDT,4h,6.267,6.299,6.223,6.266,122597.458894
1680350400000,2023-04-01T12:00:00+00:00,DOT/USDT,4h,6.267,6.309,6.232,6.264,115357.617622
1680364800000,2023-04-01T16:00:00+00:00,DOT/USDT,4h,6.262,6.276,6.189,6.266,93118.130786
1680379200000,2023-04-01T20:00:00+00:00,DOT/USDT,4h,6.267,6.37,6.267,6.345,93825.519392
1680393600000,2023-04-02T00:00:00+00:00,DOT/USDT,4h,6.346,6.431,6.308,6.4,151953.739048
1680408000000,2023-04-02T04:00:00+00:00,DOT/USDT,4h,6.401,6.447,6.387,6.403,179298.339795
1680422400000,2023-04-02T08:00:00+00:00,DOT/USDT,4h,6.403,6.414,6.339,6.343,127417.965858
1680436800000,2023-04-02T12:00:00+00:00,DOT/USDT,4h,6.342,6.394,6.268,6.344,257670.002703
1680451200000,2023-04-02T16:00:00+00:00,DOT/USDT,4h,6.341,6.36,6.177,6.217,165466.788627
1680465600000,2023-04-02T20:00:00+00:00,DOT/USDT,4h,6.219,6.286,6.207,6.265,80228.664823
1680480000000,2023-04-03T00:00:00+00:00,DOT/USDT,4h,6.266,6.269,6.089,6.181,239550.13102
1680494400000,2023-04-03T04:00:00+00:00,DOT/USDT,4h,6.18,6.253,6.164,6.253,91844.689189
1680508800000,2023-04-03T08:00:00+00:00,DOT/USDT,4h,6.254,6.397,6.254,6.345,361635.745562
1680523200000,2023-04-03T12:00:00+00:00,DOT/USDT,4h,6.346,6.389,6.273,6.323,242176.519291
1680537600000,2023-04-03T16:00:00+00:00,DOT/USDT,4h,6.324,6.505,6.287,6.449,384149.017367
1680552000000,2023-04-03T20:00:00+00:00,DOT/USDT,4h,6.45,6.461,6.122,6.417,423111.90181
1680566400000,2023-04-04T00:00:00+00:00,DOT/USDT,4h,6.417,6.477,6.366,6.411,293589.449693
1680580800000,2023-04-04T04:00:00+00:00,DOT/USDT,4h,6.414,6.442,6.377,6.404,168143.768041
1680595200000,2023-04-04T08:00:00+00:00,DOT/USDT,4h,6.405,6.498,6.405,6.482,320301.488738
1680609600000,2023-04-04T12:00:00+00:00,DOT/USDT,4h,6.483,6.518,6.405,6.433,265599.796593
1680624000000,2023-04-04T16:00:00+00:00,DOT/USDT,4h,6.433,6.523,6.424,6.515,121704.679159
1680638400000,2023-04-04T20:00:00+00:00,DOT/USDT,4h,6.515,6.533,6.394,6.438,110738.551944
1680652800000,2023-04-05T00:00:00+00:00,DOT/USDT,4h,6.438,6.588,6.4,6.561,339556.407229
1680667200000,2023-04-05T04:00:00+00:00,DOT/USDT,4h,6.561,6.562,6.507,6.535,88073.595232
1680681600000,2023-04-05T08:00:00+00:00,DOT/USDT,4h,6.534,6.564,6.489,6.496,104168.621136
1680696000000,2023-04-05T12:00:00+00:00,DOT/USDT,4h,6.5,6.528,6.32,6.379,372283.939369
1680710400000,2023-04-05T16:00:00+00:00,DOT/USDT,4h,6.38,6.408,6.327,6.391,148127.615795
1680724800000,2023-04-05T20:00:00+00:00,DOT/USDT,4h,6.389,6.416,6.377,6.407,55013.981817
1680739200000,2023-04-06T00:00:00+00:00,DOT/USDT,4h,6.405,6.413,6.292,6.406,126067.564433
1680753600000,2023-04-06T04:00:00+00:00,DOT/USDT,4h,6.406,6.408,6.296,6.304,146306.56842
1680768000000,2023-04-06T08:00:00+00:00,DOT/USDT,4h,6.307,6.334,6.255,6.323,161716.809953
1680782400000,2023-04-06T12:00:00+00:00,DOT/USDT,4h,6.324,6.417,6.312,6.358,177840.654499
1680796800000,2023-04-06T16:00:00+00:00,DOT/USDT,4h,6.358,6.378,6.304,6.334,56097.764647
1680811200000,2023-04-06T20:00:00+00:00,DOT/USDT,4h,6.33,6.352,6.269,6.281,101473.038509
1680825600000,2023-04-07T00:00:00+00:00,DOT/USDT,4h,6.28,6.318,6.216,6.233,147511.30424
1680840000000,2023-04-07T04:00:00+00:00,DOT/USDT,4h,6.234,6.257,6.142,6.162,217846.158069
1680854400000,2023-04-07T08:00:00+00:00,DOT/USDT,4h,6.161,6.214,6.135,6.16,165247.694005
1680868800000,2023-04-07T12:00:00+00:00,DOT/USDT,4h,6.16,6.219,6.139,6.201,174059.070884
1680883200000,2023-04-07T16:00:00+00:00,DOT/USDT,4h,6.201,6.218,6.151,6.173,92405.023436
1680897600000,2023-04-07T20:00:00+00:00,DOT/USDT,4h,6.173,6.198,6.143,6.177,53142.077055
1680912000000,2023-04-08T00:00:00+00:00,DOT/USDT,4h,6.177,6.177,6.106,6.162,116749.491228
1680926400000,2023-04-08T04:00:00+00:00,DOT/USDT,4h,6.165,6.233,6.156,6.203,99188.081835
1680940800000,2023-04-08T08:00:00+00:00,DOT/USDT,4h,6.203,6.212,6.177,6.192,32641.229404
1680955200000,2023-04-08T12:00:00+00:00,DOT/USDT,4h,6.191,6.222,6.175,6.206,31817.4117
1680969600000,2023-04-08T16:00:00+00:00,DOT/USDT,4h,6.207,6.211,6.089,6.13,95665.665687
1680984000000,2023-04-08T20:00:00+00:00,DOT/USDT,4h,6.129,6.151,6.106,6.13,38725.379737
1680998400000,2023-04-09T00:00:00+00:00,DOT/USDT,4h,6.131,6.242,6.13,6.173,96772.070262
1681012800000,2023-04-09T04:00:00+00:00,DOT/USDT,4h,6.174,6.194,6.104,6.13,99046.335823
1681027200000,2023-04-09T08:00:00+00:00,DOT/USDT,4h,6.132,6.14,6.095,6.135,151220.306902
1681041600000,2023-04-09T12:00:00+00:00,DOT/USDT,4h,6.135,6.15,6.095,6.135,70525.498306
1681056000000,2023-04-09T16:00:00+00:00,DOT/USDT,4h,6.134,6.209,6.107,6.19,73674.375767
1681070400000,2023-04-09T20:00:00+00:00,DOT/USDT,4h,6.194,6.259,6.17,6.21,101426.290869
1681084800000,2023-04-10T00:00:00+00:00,DOT/USDT,4h,6.21,6.225,6.119,6.16,80437.697648
1681099200000,2023-04-10T04:00:00+00:00,DOT/USDT,4h,6.161,6.182,6.143,6.178,29920.04874
1681113600000,2023-04-10T08:00:00+00:00,DOT/USDT,4h,6.18,6.188,6.162,6.165,39009.299161
1681128000000,2023-04-10T12:00:00+00:00,DOT/USDT,4h,6.166,6.171,6.12,6.148,91085.292078
1681142400000,2023-04-10T16:00:00+00:00,DOT/USDT,4h,6.149,6.256,6.121,6.226,191578.15076
1681156800000,2023-04-10T20:00:00+00:00,DOT/USDT,4h,6.224,6.312,6.186,6.289,140290.641926
1681171200000,2023-04-11T00:00:00+00:00,DOT/USDT,4h,6.29,6.343,6.274,6.335,247287.417063
1681185600000,2023-04-11T04:00:00+00:00,DOT/USDT,4h,6.334,6.47,6.313,6.444,208031.573172
1681200000000,2023-04-11T08:00:00+00:00,DOT/USDT,4h,6.447,6.451,6.385,6.415,86557.59416
1681214400000,2023-04-11T12:00:00+00:00,DOT/USDT,4h,6.414,6.479,6.392,6.437,160860.39587
1681228800000,2023-04-11T16:00:00+00:00,DOT/USDT,4h,6.439,6.492,6.387,6.422,141683.763848
1681243200000,2023-04-11T20:00:00+00:00,DOT/USDT,4h,6.422,6.44,6.397,6.417,80431.056762
1681257600000,2023-04-12T00:00:00+00:00,DOT/USDT,4h,6.415,6.467,6.209,6.247,305216.150555
1681272000000,2023-04-12T04:00:00+00:00,DOT/USDT,4h,6.247,6.324,6.228,6.296,164941.020645
1681286400000,2023-04-12T08:00:00+00:00,DOT/USDT,4h,6.298,6.305,6.264,6.281,66683.321446
1681300800000,2023-04-12T12:00:00+00:00,DOT/USDT,4h,6.281,6.438,6.26,6.392,378580.6889
1681315200000,2023-04-12T16:00:00+00:00,DOT/USDT,4h,6.395,6.431,6.318,6.352,196484.725449
1681329600000,2023-04-12T20:00:00+00:00,DOT/USDT,4h,6.354,6.422,6.354,6.403,50033.13589
1681344000000,2023-04-13T00:00:00+00:00,DOT/USDT,4h,6.404,6.414,6.349,6.409,88930.3969
1681358400000,2023-04-13T04:00:00+00:00,DOT/USDT,4h,6.409,6.426,6.382,6.414,60469.650724
1681372800000,2023-04-13T08:00:00+00:00,DOT/USDT,4h,6.415,6.489,6.393,6.465,210336.244232
1681387200000,2023-04-13T12:00:00+00:00,DOT/USDT,4h,6.462,6.581,6.462,6.56,230226.160735
1681401600000,2023-04-13T16:00:00+00:00,DOT/USDT,4h,6.561,6.618,6.533,6.587,178837.568487
1681416000000,2023-04-13T20:00:00+00:00,DOT/USDT,4h,6.59,6.651,6.538,6.638,138526.560361
1681430400000,2023-04-14T00:00:00+00:00,DOT/USDT,4h,6.636,6.843,6.628,6.786,420723.656653
1681444800000,2023-04-14T04:00:00+00:00,DOT/USDT,4h,6.787,6.839,6.717,6.73,235581.289966
1681459200000,2023-04-14T08:00:00+00:00,DOT/USDT,4h,6.731,6.783,6.724,6.773,191274.936192
1681473600000,2023-04-14T12:00:00+00:00,DOT/USDT,4h,6.772,6.772,6.541,6.559,375050.053854
1681488000000,2023-04-14T16:00:00+00:00,DOT/USDT,4h,6.556,6.758,6.539,6.747,192001.021227
1681502400000,2023-04-14T20:00:00+00:00,DOT/USDT,4h,6.748,6.763,6.701,6.73,83649.9351
1681516800000,2023-04-15T00:00:00+00:00,DOT/USDT,4h,6.731,6.734,6.633,6.659,135640.728091
1681531200000,2023-04-15T04:00:00+00:00,DOT/USDT,4h,6.659,6.717,6.637,6.702,127105.772936
1681545600000,2023-04-15T08:00:00+00:00,DOT/USDT,4h,6.7,6.792,6.688,6.772,171530.591017
1681560000000,2023-04-15T12:00:00+00:00,DOT/USDT,4h,6.772,6.818,6.723,6.765,149347.363423
1681574400000,2023-04-15T16:00:00+00:00,DOT/USDT,4h,6.764,6.873,6.74,6.787,284123.35905
1681588800000,2023-04-15T20:00:00+00:00,DOT/USDT,4h,6.786,6.827,6.734,6.801,62244.092344
1681603200000,2023-04-16T00:00:00+00:00,DOT/USDT,4h,6.805,6.827,6.71,6.751,119441.783383
1681617600000,2023-04-16T04:00:00+00:00,DOT/USDT,4h,6.749,6.812,6.741,6.786,99141.79872
1681632000000,2023-04-16T08:00:00+00:00,DOT/USDT,4h,6.786,6.798,6.675,6.686,143632.069467
1681646400000,2023-04-16T12:00:00+00:00,DOT/USDT,4h,6.685,6.78,6.681,6.774,113592.788912
1681660800000,2023-04-16T16:00:00+00:00,DOT/USDT,4h,6.774,6.877,6.735,6.803,179064.573477
1681675200000,2023-04-16T20:00:00+00:00,DOT/USDT,4h,6.802,6.871,6.746,6.83,119310.811261
1681689600000,2023-04-17T00:00:00+00:00,DOT/USDT,4h,6.825,6.834,6.623,6.723,213198.540969
1681704000000,2023-04-17T04:00:00+00:00,DOT/USDT,4h,6.725,6.739,6.677,6.706,169493.952713
1681718400000,2023-04-17T08:00:00+00:00,DOT/USDT,4h,6.707,6.731,6.622,6.689,219747.679086
1681732800000,2023-04-17T12:00:00+00:00,DOT/USDT,4h,6.687,6.74,6.637,6.686,256977.921088
1681747200000,2023-04-17T16:00:00+00:00,DOT/USDT,4h,6.687,6.726,6.67,6.7,98807.255671
1681761600000,2023-04-17T20:00:00+00:00,DOT/USDT,4h,6.699,6.725,6.658,6.692,48702.896389
1681776000000,2023-04-18T00:00:00+00:00,DOT/USDT,4h,6.699,6.723,6.574,6.713,160842.95768
1681790400000,2023-04-18T04:00:00+00:00,DOT/USDT,4h,6.714,6.837,6.708,6.835,159668.262744
1681804800000,2023-04-18T08:00:00+00:00,DOT/USDT,4h,6.835,6.963,6.821,6.951,217797.981937
1681819200000,2023-04-18T12:00:00+00:00,DOT/USDT,4h,6.948,6.982,6.845,6.879,627771.625691
1681833600000,2023-04-18T16:00:00+00:00,DOT/USDT,4h,6.881,6.927,6.81,6.866,155005.725735
1681848000000,2023-04-18T20:00:00+00:00,DOT/USDT,4h,6.863,6.932,6.84,6.915,77053.595508
1681862400000,2023-04-19T00:00:00+00:00,DOT/USDT,4h,6.917,6.92,6.83,6.846,67188.315304
1681876800000,2023-04-19T04:00:00+00:00,DOT/USDT,4h,6.845,6.903,6.78,6.826,434174.258369
1681891200000,2023-04-19T08:00:00+00:00,DOT/USDT,4h,6.828,6.833,6.297,6.475,1268358.9945
1681905600000,2023-04-19T12:00:00+00:00,DOT/USDT,4h,6.475,6.54,6.443,6.465,264781.540992
1681920000000,2023-04-19T16:00:00+00:00,DOT/USDT,4h,6.468,6.493,6.378,6.394,201950.965452
1681934400000,2023-04-19T20:00:00+00:00,DOT/USDT,4h,6.404,6.422,6.232,6.314,293520.369678
1681948800000,2023-04-20T00:00:00+00:00,DOT/USDT,4h,6.308,6.43,6.289,6.392,168356.608265
1681963200000,2023-04-20T04:00:00+00:00,DOT/USDT,4h,6.396,6.434,6.375,6.394,78717.077149
1681977600000,2023-04-20T08:00:00+00:00,DOT/USDT,4h,6.397,6.436,6.323,6.336,322189.156171
1681992000000,2023-04-20T12:00:00+00:00,DOT/USDT,4h,6.34,6.417,6.234,6.241,477357.061706
1682006400000,2023-04-20T16:00:00+00:00,DOT/USDT,4h,6.24,6.244,6.075,6.106,445757.992609
1682020800000,2023-04-20T20:00:00+00:00,DOT/USDT,4h,6.108,6.146,6.062,6.11,148865.134444
1682035200000,2023-04-21T00:00:00+00:00,DOT/USDT,4h,6.113,6.176,6.09,6.149,125949.228851
1682049600000,2023-04-21T04:00:00+00:00,DOT/USDT,4h,6.149,6.161,6.002,6.121,304489.030873
1682064000000,2023-04-21T08:00:00+00:00,DOT/USDT,4h,6.122,6.134,6.023,6.047,447242.068514
1682078400000,2023-04-21T12:00:00+00:00,DOT/USDT,4h,6.047,6.099,5.991,6.027,150760.620602
1682092800000,2023-04-21T16:00:00+00:00,DOT/USDT,4h,6.026,6.037,5.78,5.832,515367.420505
1682107200000,2023-04-21T20:00:00+00:00,DOT/USDT,4h,5.824,5.856,5.779,5.85,137932.88091
1682121600000,2023-04-22T00:00:00+00:00,DOT/USDT,4h,5.85,5.884,5.822,5.88,60035.133856
1682136000000,2023-04-22T04:00:00+00:00,DOT/USDT,4h,5.88,5.922,5.865,5.888,72519.518658
1682150400000,2023-04-22T08:00:00+00:00,DOT/USDT,4h,5.89,5.921,5.869,5.912,53343.157483
1682164800000,2023-04-22T12:00:00+00:00,DOT/USDT,4h,5.912,5.977,5.895,5.943,110909.791003
1682179200000,2023-04-22T16:00:00+00:00,DOT/USDT,4h,5.947,5.974,5.929,5.949,112718.35501
1682193600000,2023-04-22T20:00:00+00:00,DOT/USDT,4h,5.95,5.962,5.926,5.946,80787.61626
1682208000000,2023-04-23T00:00:00+00:00,DOT/USDT,4h,5.947,5.948,5.849,5.919,131420.439317
1682222400000,2023-04-23T04:00:00+00:00,DOT/USDT,4h,5.918,5.96,5.915,5.959,39600.39781
1682236800000,2023-04-23T08:00:00+00:00,DOT/USDT,4h,5.956,5.971,5.921,5.954,55773.081028
1682251200000,2023-04-23T12:00:00+00:00,DOT/USDT,4h,5.955,5.972,5.837,5.873,150148.132483
1682265600000,2023-04-23T16:00:00+00:00,DOT/USDT,4h,5.874,5.914,5.764,5.828,182980.199808
1682280000000,2023-04-23T20:00:00+00:00,DOT/USDT,4h,5.825,5.962,5.807,5.906,139854.591093
1682294400000,2023-04-24T00:00:00+00:00,DOT/USDT,4h,5.907,6.044,5.86,5.978,191359.783949
1682308800000,2023-04-24T04:00:00+00:00,DOT/USDT,4h,5.982,6.009,5.892,5.922,120836.122671
1682323200000,2023-04-24T08:00:00+00:00,DOT/USDT,4h,5.927,5.972,5.869,5.971,98132.205347
1682337600000,2023-04-24T12:00:00+00:00,DOT/USDT,4h,5.972,5.989,5.844,5.85,130710.889213
1682352000000,2023-04-24T16:00:00+00:00,DOT/USDT,4h,5.85,5.96,5.797,5.924,165747.399956
1682366400000,2023-04-24T20:00:00+00:00,DOT/USDT,4h,5.926,5.948,5.882,5.884,43735.159438
1682380800000,2023-04-25T00:00:00+00:00,DOT/USDT,4h,5.885,5.913,5.847,5.865,80640.778608
1682395200000,2023-04-25T04:00:00+00:00,DOT/USDT,4h,5.866,5.897,5.82,5.833,71897.93597
1682409600000,2023-04-25T08:00:00+00:00,DOT/USDT,4h,5.833,5.88,5.807,5.866,117386.579399
1682424000000,2023-04-25T12:00:00+00:00,DOT/USDT,4h,5.867,5.89,5.779,5.798,132513.374758
1682438400000,2023-04-25T16:00:00+00:00,DOT/USDT,4h,5.798,5.882,5.787,5.84,151168.058942
1682452800000,2023-04-25T20:00:00+00:00,DOT/USDT,4h,5.841,6.01,5.839,5.997,135774.469427
1682467200000,2023-04-26T00:00:00+00:00,DOT/USDT,4h,5.999,6.046,5.955,5.991,109786.941193
1682481600000,2023-04-26T04:00:00+00:00,DOT/USDT,4h,5.994,6.05,5.994,6.02,108747.1241
1682496000000,2023-04-26T08:00:00+00:00,DOT/USDT,4h,6.021,6.124,6.014,6.075,196385.552784
1682510400000,2023-04-26T12:00:00+00:00,DOT/USDT,4h,6.076,6.22,6.076,6.207,372404.604126
1682524800000,2023-04-26T16:00:00+00:00,DOT/USDT,4h,6.206,6.209,5.703,5.759,811447.848383
1682539200000,2023-04-26T20:00:00+00:00,DOT/USDT,4h,5.758,5.882,5.592,5.85,773652.596435
1682553600000,2023-04-27T00:00:00+00:00,DOT/USDT,4h,5.849,6.017,5.83,5.912,308365.802812
1682568000000,2023-04-27T04:00:00+00:00,DOT/USDT,4h,5.91,5.981,5.848,5.906,146445.512191
1682582400000,2023-04-27T08:00:00+00:00,DOT/USDT,4h,5.907,5.924,5.873,5.901,89341.069133
1682596800000,2023-04-27T12:00:00+00:00,DOT/USDT,4h,5.901,6.001,5.843,5.945,219910.801405
1682611200000,2023-04-27T16:00:00+00:00,DOT/USDT,4h,5.954,6.049,5.92,6.016,235681.898027
1682625600000,2023-04-27T20:00:00+00:00,DOT/USDT,4h,6.018,6.043,5.917,5.972,146046.702335
1682640000000,2023-04-28T00:00:00+00:00,DOT/USDT,4h,5.971,5.979,5.917,5.92,119490.413891
1682654400000,2023-04-28T04:00:00+00:00,DOT/USDT,4h,5.921,5.967,5.909,5.939,124682.98321
1682668800000,2023-04-28T08:00:00+00:00,DOT/USDT,4h,5.938,5.939,5.839,5.847,153476.961113
1682683200000,2023-04-28T12:00:00+00:00,DOT/USDT,4h,5.845,5.888,5.773,5.882,240999.460373
1682697600000,2023-04-28T16:00:00+00:00,DOT/USDT,4h,5.882,5.952,5.874,5.908,133063.314343
1682712000000,2023-04-28T20:00:00+00:00,DOT/USDT,4h,5.91,5.95,5.909,5.946,43323.689731
1682726400000,2023-04-29T00:00:00+00:00,DOT/USDT,4h,5.946,5.999,5.925,5.988,60322.091209
1682740800000,2023-04-29T04:00:00+00:00,DOT/USDT,4h,5.983,6.004,5.949,5.95,80452.422375
1682755200000,2023-04-29T08:00:00+00:00,DOT/USDT,4h,5.954,5.986,5.931,5.979,66403.24349
1682769600000,2023-04-29T12:00:00+00:00,DOT/USDT,4h,5.979,6.032,5.977,5.991,105946.333887
1682784000000,2023-04-29T16:00:00+00:00,DOT/USDT,4h,5.994,6.056,5.922,6.053,103707.82743
1682798400000,2023-04-29T20:00:00+00:00,DOT/USDT,4h,6.051,6.051,6.001,6.041,42229.192073
1682812800000,2023-04-30T00:00:00+00:00,DOT/USDT,4h,6.041,6.041,5.955,5.976,77040.83682
1682827200000,2023-04-30T04:00:00+00:00,DOT/USDT,4h,5.979,6.029,5.975,6.008,25086.220051
1682841600000,2023-04-30T08:00:00+00:00,DOT/USDT,4h,6.01,6.07,6.008,6.016,87713.737296
1682856000000,2023-04-30T12:00:00+00:00,DOT/USDT,4h,6.016,6.086,5.982,6.035,125259.559054
1682870400000,2023-04-30T16:00:00+00:00,DOT/USDT,4h,6.035,6.069,5.902,5.939,124853.826593
1682884800000,2023-04-30T20:00:00+00:00,DOT/USDT,4h,5.938,5.938,5.847,5.877,63067.816839
1682899200000,2023-05-01T00:00:00+00:00,DOT/USDT,4h,5.879,5.909,5.738,5.838,178858.432179
1682913600000,2023-05-01T04:00:00+00:00,DOT/USDT,4h,5.835,5.858,5.801,5.84,30656.169768
1682928000000,2023-05-01T08:00:00+00:00,DOT/USDT,4h,5.842,5.858,5.8,5.804,49402.972081
1682942400000,2023-05-01T12:00:00+00:00,DOT/USDT,4h,5.806,5.828,5.744,5.747,93858.67086
1682956800000,2023-05-01T16:00:00+00:00,DOT/USDT,4h,5.748,5.75,5.603,5.621,177482.97292
1682971200000,2023-05-01T20:00:00+00:00,DOT/USDT,4h,5.619,5.671,5.596,5.666,86124.54613
1682985600000,2023-05-02T00:00:00+00:00,DOT/USDT,4h,5.666,5.67,5.622,5.668,41488.248405
1683000000000,2023-05-02T04:00:00+00:00,DOT/USDT,4h,5.67,5.709,5.65,5.696,29297.100346
1683014400000,2023-05-02T08:00:00+00:00,DOT/USDT,4h,5.7,5.705,5.65,5.669,51686.190937
1683028800000,2023-05-02T12:00:00+00:00,DOT/USDT,4h,5.67,5.739,5.623,5.698,134457.449367
1683043200000,2023-05-02T16:00:00+00:00,DOT/USDT,4h,5.699,5.757,5.682,5.734,36204.467809
1683057600000,2023-05-02T20:00:00+00:00,DOT/USDT,4h,5.736,5.739,5.707,5.713,22045.867046
1683072000000,2023-05-03T00:00:00+00:00,DOT/USDT,4h,5.714,5.715,5.642,5.674,34401.585158
1683086400000,2023-05-03T04:00:00+00:00,DOT/USDT,4h,5.675,5.697,5.654,5.684,26249.277809
1683100800000,2023-05-03T08:00:00+00:00,DOT/USDT,4h,5.687,5.694,5.625,5.627,41469.238086
1683115200000,2023-05-03T12:00:00+00:00,DOT/USDT,4h,5.627,5.633,5.556,5.603,329153.437362
1683129600000,2023-05-03T16:00:00+00:00,DOT/USDT,4h,5.605,5.714,5.591,5.65,104896.615902
1683144000000,2023-05-03T20:00:00+00:00,DOT/USDT,4h,5.652,5.811,5.644,5.776,86411.95199
1683158400000,2023-05-04T00:00:00+00:00,DOT/USDT,4h,5.776,5.797,5.733,5.774,47576.270198
1683172800000,2023-05-04T04:00:00+00:00,DOT/USDT,4h,5.777,5.791,5.735,5.743,44166.078466
1683187200000,2023-05-04T08:00:00+00:00,DOT/USDT,4h,5.747,5.785,5.737,5.752,31750.583307
1683201600000,2023-05-04T12:00:00+00:00,DOT/USDT,4h,5.752,5.756,5.666,5.667,91466.137037
1683216000000,2023-05-04T16:00:00+00:00,DOT/USDT,4h,5.665,5.694,5.619,5.635,67991.701554
1683230400000,2023-05-04T20:00:00+00:00,DOT/USDT,4h,5.636,5.671,5.625,5.671,24201.352493
1683244800000,2023-05-05T00:00:00+00:00,DOT/USDT,4h,5.669,5.788,5.665,5.731,83398.300928
1683259200000,2023-05-05T04:00:00+00:00,DOT/USDT,4h,5.735,5.757,5.714,5.752,67271.106331
1683273600000,2023-05-05T08:00:00+00:00,DOT/USDT,4h,5.754,5.792,5.741,5.752,62353.170868
1683288000000,2023-05-05T12:00:00+00:00,DOT/USDT,4h,5.754,5.869,5.664,5.82,274875.316275
1683302400000,2023-05-05T16:00:00+00:00,DOT/USDT,4h,5.821,5.901,5.821,5.864,135317.060005
1683316800000,2023-05-05T20:00:00+00:00,DOT/USDT,4h,5.867,5.88,5.843,5.847,30887.221885
1683331200000,2023-05-06T00:00:00+00:00,DOT/USDT,4h,5.848,5.895,5.783,5.808,102515.427536
1683345600000,2023-05-06T04:00:00+00:00,DOT/USDT,4h,5.808,5.831,5.755,5.758,71900.099725
1683360000000,2023-05-06T08:00:00+00:00,DOT/USDT,4h,5.756,5.785,5.704,5.784,110353.311017
1683374400000,2023-05-06T12:00:00+00:00,DOT/USDT,4h,5.783,5.783,5.584,5.602,218944.771656
1683388800000,2023-05-06T16:00:00+00:00,DOT/USDT,4h,5.603,5.696,5.591,5.664,82953.529674
1683403200000,2023-05-06T20:00:00+00:00,DOT/USDT,4h,5.664,5.667,5.626,5.636,37416.657723
1683417600000,2023-05-07T00:00:00+00:00,DOT/USDT,4h,5.634,5.681,5.603,5.617,52769.654514
1683432000000,2023-05-07T04:00:00+00:00,DOT/USDT,4h,5.617,5.664,5.604,5.652,36859.686679
1683446400000,2023-05-07T08:00:00+00:00,DOT/USDT,4h,5.651,5.673,5.63,5.66,33894.45453
1683460800000,2023-05-07T12:00:00+00:00,DOT/USDT,4h,5.663,5.693,5.655,5.667,65760.687512
1683475200000,2023-05-07T16:00:00+00:00,DOT/USDT,4h,5.669,5.686,5.639,5.673,40661.924722
1683489600000,2023-05-07T20:00:00+00:00,DOT/USDT,4h,5.673,5.7,5.609,5.63,81947.075122
1683504000000,2023-05-08T00:00:00+00:00,DOT/USDT,4h,5.629,5.647,5.366,5.465,471807.558883
1683518400000,2023-05-08T04:00:00+00:00,DOT/USDT,4h,5.465,5.472,5.344,5.387,209544.727702
1683532800000,2023-05-08T08:00:00+00:00,DOT/USDT,4h,5.387,5.451,5.357,5.431,124001.620829
1683547200000,2023-05-08T12:00:00+00:00,DOT/USDT,4h,5.434,5.464,5.391,5.416,103759.730294
1683561600000,2023-05-08T16:00:00+00:00,DOT/USDT,4h,5.417,5.425,5.165,5.3,422333.480179
1683576000000,2023-05-08T20:00:00+00:00,DOT/USDT,4h,5.298,5.379,5.28,5.369,75600.436489
1683590400000,2023-05-09T00:00:00+00:00,DOT/USDT,4h,5.369,5.411,5.334,5.381,68573.236598
1683604800000,2023-05-09T04:00:00+00:00,DOT/USDT,4h,5.381,5.394,5.336,5.379,50741.886993
1683619200000,2023-05-09T08:00:00+00:00,DOT/USDT,4h,5.379,5.379,5.304,5.345,86646.402098
1683633600000,2023-05-09T12:00:00+00:00,DOT/USDT,4h,5.346,5.364,5.297,5.304,49940.95307
1683648000000,2023-05-09T16:00:00+00:00,DOT/USDT,4h,5.3,5.366,5.292,5.312,53344.500079
1683662400000,2023-05-09T20:00:00+00:00,DOT/USDT,4h,5.318,5.338,5.296,5.325,26682.525475
1683676800000,2023-05-10T00:00:00+00:00,DOT/USDT,4h,5.325,5.376,5.322,5.327,40395.998109
1683691200000,2023-05-10T04:00:00+00:00,DOT/USDT,4h,5.326,5.367,5.32,5.322,80350.777975
1683705600000,2023-05-10T08:00:00+00:00,DOT/USDT,4h,5.32,5.334,5.302,5.334,59410.751602
1683720000000,2023-05-10T12:00:00+00:00,DOT/USDT,4h,5.331,5.501,5.305,5.483,410718.170362
1683734400000,2023-05-10T16:00:00+00:00,DOT/USDT,4h,5.484,5.502,5.206,5.439,531252.105885
1683748800000,2023-05-10T20:00:00+00:00,DOT/USDT,4h,5.436,5.521,5.434,5.464,97463.62589
1683763200000,2023-05-11T00:00:00+00:00,DOT/USDT,4h,5.463,5.47,5.38,5.385,49678.082494
1683777600000,2023-05-11T04:00:00+00:00,DOT/USDT,4h,5.384,5.465,5.369,5.433,80642.734079
1683792000000,2023-05-11T08:00:00+00:00,DOT/USDT,4h,5.433,5.433,5.36,5.367,92414.152485
1683806400000,2023-05-11T12:00:00+00:00,DOT/USDT,4h,5.366,5.418,5.269,5.299,208519.611583
1683820800000,2023-05-11T16:00:00+00:00,DOT/USDT,4h,5.295,5.318,5.181,5.264,150387.156322
1683835200000,2023-05-11T20:00:00+00:00,DOT/USDT,4h,5.263,5.305,5.243,5.277,51474.613005
1683849600000,2023-05-12T00:00:00+00:00,DOT/USDT,4h,5.279,5.312,5.155,5.182,142662.080589
1683864000000,2023-05-12T04:00:00+00:00,DOT/USDT,4h,5.182,5.249,5.145,5.217,151557.088474
1683878400000,2023-05-12T08:00:00+00:00,DOT/USDT,4h,5.217,5.265,5.211,5.219,68616.182312
1683892800000,2023-05-12T12:00:00+00:00,DOT/USDT,4h,5.219,5.282,5.212,5.224,73695.200471
1683907200000,2023-05-12T16:00:00+00:00,DOT/USDT,4h,5.224,5.255,5.115,5.251,196279.270507
1683921600000,2023-05-12T20:00:00+00:00,DOT/USDT,4h,5.249,5.35,5.236,5.338,77862.713289
1683936000000,2023-05-13T00:00:00+00:00,DOT/USDT,4h,5.341,5.387,5.314,5.366,97168.68341
1683950400000,2023-05-13T04:00:00+00:00,DOT/USDT,4h,5.366,5.374,5.344,5.371,44346.269458
1683964800000,2023-05-13T08:00:00+00:00,DOT/USDT,4h,5.372,5.396,5.362,5.368,39403.431616
1683979200000,2023-05-13T12:00:00+00:00,DOT/USDT,4h,5.368,5.382,5.312,5.34,71852.022826
1683993600000,2023-05-13T16:00:00+00:00,DOT/USDT,4h,5.338,5.382,5.32,5.347,65362.704007
1684008000000,2023-05-13T20:00:00+00:00,DOT/USDT,4h,5.348,5.372,5.332,5.347,30948.762248
1684022400000,2023-05-14T00:00:00+00:00,DOT/USDT,4h,5.347,5.38,5.314,5.376,40519.772192
1684036800000,2023-05-14T04:00:00+00:00,DOT/USDT,4h,5.378,5.389,5.36,5.372,47378.964659
1684051200000,2023-05-14T08:00:00+00:00,DOT/USDT,4h,5.372,5.373,5.349,5.365,25376.633935
1684065600000,2023-05-14T12:00:00+00:00,DOT/USDT,4h,5.366,5.447,5.35,5.42,113732.086663
1684080000000,2023-05-14T16:00:00+00:00,DOT/USDT,4h,5.421,5.433,5.316,5.331,85859.607897
1684094400000,2023-05-14T20:00:00+00:00,DOT/USDT,4h,5.331,5.37,5.313,5.348,39490.62119
1684108800000,2023-05-15T00:00:00+00:00,DOT/USDT,4h,5.349,5.406,5.266,5.389,167693.444401
1684123200000,2023-05-15T04:00:00+00:00,DOT/USDT,4h,5.389,5.43,5.371,5.415,94433.391178
1684137600000,2023-05-15T08:00:00+00:00,DOT/USDT,4h,5.416,5.426,5.38,5.381,65487.233014
1684152000000,2023-05-15T12:00:00+00:00,DOT/USDT,4h,5.382,5.397,5.335,5.373,88523.784974
1684166400000,2023-05-15T16:00:00+00:00,DOT/USDT,4h,5.377,5.408,5.326,5.349,67614.456928
1684180800000,2023-05-15T20:00:00+00:00,DOT/USDT,4h,5.346,5.353,5.304,5.314,55031.661824
1684195200000,2023-05-16T00:00:00+00:00,DOT/USDT,4h,5.313,5.338,5.233,5.276,154495.924779
1684209600000,2023-05-16T04:00:00+00:00,DOT/USDT,4h,5.278,5.304,5.256,5.299,42637.318616
1684224000000,2023-05-16T08:00:00+00:00,DOT/USDT,4h,5.301,5.311,5.26,5.282,56387.754736
1684238400000,2023-05-16T12:00:00+00:00,DOT/USDT,4h,5.285,5.293,5.231,5.277,121264.310497
1684252800000,2023-05-16T16:00:00+00:00,DOT/USDT,4h,5.278,5.306,5.254,5.262,58296.136968
1684267200000,2023-05-16T20:00:00+00:00,DOT/USDT,4h,5.26,5.304,5.242,5.297,26162.831111
1684281600000,2023-05-17T00:00:00+00:00,DOT/USDT,4h,5.295,5.361,5.278,5.348,76169.839521
1684296000000,2023-05-17T04:00:00+00:00,DOT/USDT,4h,5.348,5.377,5.281,5.297,81168.707992
1684310400000,2023-05-17T08:00:00+00:00,DOT/USDT,4h,5.298,5.317,5.245,5.251,46644.20902
1684324800000,2023-05-17T12:00:00+00:00,DOT/USDT,4h,5.251,5.283,5.221,5.259,97367.606684
1684339200000,2023-05-17T16:00:00+00:00,DOT/USDT,4h,5.258,5.426,5.241,5.407,103227.477518
1684353600000,2023-05-17T20:00:00+00:00,DOT/USDT,4h,5.407,5.438,5.386,5.418,59080.925913
1684368000000,2023-05-18T00:00:00+00:00,DOT/USDT,4h,5.42,5.466,5.391,5.457,96359.878033
1684382400000,2023-05-18T04:00:00+00:00,DOT/USDT,4h,5.458,5.464,5.401,5.435,45189.365235
1684396800000,2023-05-18T08:00:00+00:00,DOT/USDT,4h,5.435,5.454,5.411,5.429,40019.888566
1684411200000,2023-05-18T12:00:00+00:00,DOT/USDT,4h,5.429,5.431,5.347,5.375,103955.884749
1684425600000,2023-05-18T16:00:00+00:00,DOT/USDT,4h,5.372,5.395,5.247,5.299,146679.390647
1684440000000,2023-05-18T20:00:00+00:00,DOT/USDT,4h,5.298,5.372,5.29,5.338,29954.714571
1684454400000,2023-05-19T00:00:00+00:00,DOT/USDT,4h,5.338,5.365,5.328,5.351,28769.164236
1684468800000,2023-05-19T04:00:00+00:00,DOT/USDT,4h,5.351,5.378,5.346,5.355,29109.247727
1684483200000,2023-05-19T08:00:00+00:00,DOT/USDT,4h,5.354,5.365,5.342,5.346,16790.591903
1684497600000,2023-05-19T12:00:00+00:00,DOT/USDT,4h,5.346,5.393,5.309,5.364,74584.030002
1684512000000,2023-05-19T16:00:00+00:00,DOT/USDT,4h,5.363,5.379,5.328,5.346,126970.019945
1684526400000,2023-05-19T20:00:00+00:00,DOT/USDT,4h,5.346,5.387,5.345,5.373,150010.794159
1684540800000,2023-05-20T00:00:00+00:00,DOT/USDT,4h,5.375,5.383,5.332,5.374,76145.910578
1684555200000,2023-05-20T04:00:00+00:00,DOT/USDT,4h,5.374,5.376,5.346,5.363,26856.332181
1684569600000,2023-05-20T08:00:00+00:00,DOT/USDT,4h,5.364,5.409,5.364,5.39,28358.350931
1684584000000,2023-05-20T12:00:00+00:00,DOT/USDT,4h,5.39,5.431,5.389,5.426,23250.251526
1684598400000,2023-05-20T16:00:00+00:00,DOT/USDT,4h,5.425,5.446,5.402,5.421,37403.016438
1684612800000,2023-05-20T20:00:00+00:00,DOT/USDT,4h,5.424,5.425,5.401,5.41,28135.721074
1684627200000,2023-05-21T00:00:00+00:00,DOT/USDT,4h,5.411,5.433,5.382,5.387,24270.673047
1684641600000,2023-05-21T04:00:00+00:00,DOT/USDT,4h,5.388,5.405,5.382,5.383,25448.932087
1684656000000,2023-05-21T08:00:00+00:00,DOT/USDT,4h,5.385,5.386,5.317,5.326,53258.394305
1684670400000,2023-05-21T12:00:00+00:00,DOT/USDT,4h,5.326,5.345,5.27,5.289,72575.036134
1684684800000,2023-05-21T16:00:00+00:00,DOT/USDT,4h,5.289,5.309,5.275,5.304,31486.177673
1684699200000,2023-05-21T20:00:00+00:00,DOT/USDT,4h,5.305,5.308,5.246,5.271,47007.378692
1684713600000,2023-05-22T00:00:00+00:00,DOT/USDT,4h,5.276,5.294,5.224,5.279,81089.85912
1684728000000,2023-05-22T04:00:00+00:00,DOT/USDT,4h,5.279,5.314,5.272,5.289,32470.929554
1684742400000,2023-05-22T08:00:00+00:00,DOT/USDT,4h,5.292,5.337,5.288,5.318,58778.092542
1684756800000,2023-05-22T12:00:00+00:00,DOT/USDT,4h,5.318,5.337,5.29,5.308,34768.629762
1684771200000,2023-05-22T16:00:00+00:00,DOT/USDT,4h,5.307,5.326,5.281,5.315,36484.41887
1684785600000,2023-05-22T20:00:00+00:00,DOT/USDT,4h,5.313,5.33,5.304,5.311,18259.448129
1684800000000,2023-05-23T00:00:00+00:00,DOT/USDT,4h,5.312,5.45,5.293,5.424,120223.990879
1684814400000,2023-05-23T04:00:00+00:00,DOT/USDT,4h,5.424,5.443,5.37,5.384,46031.651596
1684828800000,2023-05-23T08:00:00+00:00,DOT/USDT,4h,5.385,5.406,5.37,5.379,27748.692479
1684843200000,2023-05-23T12:00:00+00:00,DOT/USDT,4h,5.379,5.396,5.351,5.389,42061.326102
1684857600000,2023-05-23T16:00:00+00:00,DOT/USDT,4h,5.389,5.393,5.352,5.37,32369.851521
1684872000000,2023-05-23T20:00:00+00:00,DOT/USDT,4h,5.37,5.417,5.368,5.401,29142.26565
1684886400000,2023-05-24T00:00:00+00:00,DOT/USDT,4h,5.402,5.402,5.275,5.298,74850.636857
1684900800000,2023-05-24T04:00:00+00:00,DOT/USDT,4h,5.297,5.332,5.278,5.286,59276.843828
1684915200000,2023-05-24T08:00:00+00:00,DOT/USDT,4h,5.286,5.312,5.276,5.288,33448.603126
1684929600000,2023-05-24T12:00:00+00:00,DOT/USDT,4h,5.287,5.304,5.195,5.239,175232.854668
1684944000000,2023-05-24T16:00:00+00:00,DOT/USDT,4h,5.24,5.252,5.196,5.235,36855.012324
1684958400000,2023-05-24T20:00:00+00:00,DOT/USDT,4h,5.235,5.274,5.233,5.254,27604.750562
1684972800000,2023-05-25T00:00:00+00:00,DOT/USDT,4h,5.255,5.261,5.141,5.24,111990.856193
1684987200000,2023-05-25T04:00:00+00:00,DOT/USDT,4h,5.24,5.259,5.224,5.249,123162.23923
1685001600000,2023-05-25T08:00:00+00:00,DOT/USDT,4h,5.249,5.271,5.249,5.267,90818.377141
1685016000000,2023-05-25T12:00:00+00:00,DOT/USDT,4h,5.269,5.3,5.228,5.231,63987.201626
1685030400000,2023-05-25T16:00:00+00:00,DOT/USDT,4h,5.232,5.293,5.225,5.257,39035.026463
1685044800000,2023-05-25T20:00:00+00:00,DOT/USDT,4h,5.257,5.261,5.236,5.245,27071.702104
1685059200000,2023-05-26T00:00:00+00:00,DOT/USDT,4h,5.246,5.252,5.203,5.216,117714.890867
1685073600000,2023-05-26T04:00:00+00:00,DOT/USDT,4h,5.217,5.243,5.187,5.242,34140.333528
1685088000000,2023-05-26T08:00:00+00:00,DOT/USDT,4h,5.244,5.244,5.22,5.224,38366.823605
1685102400000,2023-05-26T12:00:00+00:00,DOT/USDT,4h,5.225,5.273,5.208,5.263,64858.531468
1685116800000,2023-05-26T16:00:00+00:00,DOT/USDT,4h,5.266,5.266,5.216,5.256,56012.557678
1685131200000,2023-05-26T20:00:00+00:00,DOT/USDT,4h,5.257,5.264,5.238,5.246,44265.740203
1685145600000,2023-05-27T00:00:00+00:00,DOT/USDT,4h,5.246,5.276,5.232,5.265,25528.695787
1685160000000,2023-05-27T04:00:00+00:00,DOT/USDT,4h,5.268,5.293,5.265,5.275,23606.038917
1685174400000,2023-05-27T08:00:00+00:00,DOT/USDT,4h,5.275,5.289,5.258,5.278,20701.116308
1685188800000,2023-05-27T12:00:00+00:00,DOT/USDT,4h,5.279,5.373,5.255,5.321,134612.652848
1685203200000,2023-05-27T16:00:00+00:00,DOT/USDT,4h,5.322,5.334,5.302,5.316,83230.048894
1685217600000,2023-05-27T20:00:00+00:00,DOT/USDT,4h,5.317,5.344,5.315,5.335,17470.827413
1685232000000,2023-05-28T00:00:00+00:00,DOT/USDT,4h,5.336,5.386,5.313,5.373,63211.346812
1685246400000,2023-05-28T04:00:00+00:00,DOT/USDT,4h,5.375,5.386,5.364,5.38,21819.173836
1685260800000,2023-05-28T08:00:00+00:00,DOT/USDT,4h,5.38,5.409,5.364,5.374,42228.786693
1685275200000,2023-05-28T12:00:00+00:00,DOT/USDT,4h,5.375,5.4,5.367,5.388,60965.073454
1685289600000,2023-05-28T16:00:00+00:00,DOT/USDT,4h,5.388,5.448,5.373,5.426,64438.765215
1685304000000,2023-05-28T20:00:00+00:00,DOT/USDT,4h,5.427,5.562,5.426,5.502,99753.654301
1685318400000,2023-05-29T00:00:00+00:00,DOT/USDT,4h,5.503,5.538,5.462,5.465,81077.083468
1685332800000,2023-05-29T04:00:00+00:00,DOT/USDT,4h,5.467,5.501,5.443,5.474,61440.164311
1685347200000,2023-05-29T08:00:00+00:00,DOT/USDT,4h,5.474,5.49,5.452,5.49,85015.32095
1685361600000,2023-05-29T12:00:00+00:00,DOT/USDT,4h,5.489,5.49,5.429,5.435,60500.388757
1685376000000,2023-05-29T16:00:00+00:00,DOT/USDT,4h,5.434,5.478,5.414,5.457,67249.827764
1685390400000,2023-05-29T20:00:00+00:00,DOT/USDT,4h,5.457,5.48,5.442,5.459,23270.424883
1685404800000,2023-05-30T00:00:00+00:00,DOT/USDT,4h,5.459,5.493,5.439,5.48,28655.780377
1685419200000,2023-05-30T04:00:00+00:00,DOT/USDT,4h,5.48,5.491,5.441,5.451,40186.121147
1685433600000,2023-05-30T08:00:00+00:00,DOT/USDT,4h,5.451,5.53,5.45,5.501,88377.050889
1685448000000,2023-05-30T12:00:00+00:00,DOT/USDT,4h,5.5,5.51,5.419,5.435,67921.459045
1685462400000,2023-05-30T16:00:00+00:00,DOT/USDT,4h,5.436,5.462,5.409,5.454,44558.579316
1685476800000,2023-05-30T20:00:00+00:00,DOT/USDT,4h,5.455,5.464,5.432,5.441,20195.3013
1685491200000,2023-05-31T00:00:00+00:00,DOT/USDT,4h,5.442,5.461,5.401,5.435,54393.819881
1685505600000,2023-05-31T04:00:00+00:00,DOT/USDT,4h,5.435,5.439,5.3,5.334,274306.361895
1685520000000,2023-05-31T08:00:00+00:00,DOT/USDT,4h,5.334,5.34,5.304,5.311,36548.882931
1685534400000,2023-05-31T12:00:00+00:00,DOT/USDT,4h,5.311,5.332,5.269,5.279,93593.418867
1685548800000,2023-05-31T16:00:00+00:00,DOT/USDT,4h,5.281,5.318,5.269,5.295,32963.0722
1685563200000,2023-05-31T20:00:00+00:00,DOT/USDT,4h,5.292,5.321,5.291,5.315,43360.202591
1685577600000,2023-06-01T00:00:00+00:00,DOT/USDT,4h,5.314,5.336,5.201,5.239,134539.298878
1685592000000,2023-06-01T04:00:00+00:00,DOT/USDT,4h,5.239,5.241,5.208,5.217,49259.179553
1685606400000,2023-06-01T08:00:00+00:00,DOT/USDT,4h,5.218,5.244,5.21,5.231,48544.52786
1685620800000,2023-06-01T12:00:00+00:00,DOT/USDT,4h,5.23,5.247,5.217,5.229,96693.246074
1685635200000,2023-06-01T16:00:00+00:00,DOT/USDT,4h,5.23,5.263,5.191,5.226,104735.82979
1685649600000,2023-06-01T20:00:00+00:00,DOT/USDT,4h,5.225,5.233,5.191,5.208,23033.259449
1685664000000,2023-06-02T00:00:00+00:00,DOT/USDT,4h,5.205,5.266,5.156,5.254,110998.117055
1685678400000,2023-06-02T04:00:00+00:00,DOT/USDT,4h,5.257,5.304,5.246,5.26,96294.647605
1685692800000,2023-06-02T08:00:00+00:00,DOT/USDT,4h,5.261,5.288,5.261,5.269,35782.068944
1685707200000,2023-06-02T12:00:00+00:00,DOT/USDT,4h,5.269,5.277,5.205,5.245,115244.199405
1685721600000,2023-06-02T16:00:00+00:00,DOT/USDT,4h,5.245,5.28,5.217,5.274,62917.135063
1685736000000,2023-06-02T20:00:00+00:00,DOT/USDT,4h,5.275,5.298,5.265,5.278,40033.036996
1685750400000,2023-06-03T00:00:00+00:00,DOT/USDT,4h,5.277,5.278,5.241,5.266,21289.354402
1685764800000,2023-06-03T04:00:00+00:00,DOT/USDT,4h,5.261,5.29,5.255,5.285,35701.806792
1685779200000,2023-06-03T08:00:00+00:00,DOT/USDT,4h,5.286,5.298,5.28,5.286,43677.182703
1685793600000,2023-06-03T12:00:00+00:00,DOT/USDT,4h,5.287,5.302,5.26,5.291,68417.824994
1685808000000,2023-06-03T16:00:00+00:00,DOT/USDT,4h,5.292,5.299,5.238,5.255,43118.755959
1685822400000,2023-06-03T20:00:00+00:00,DOT/USDT,4h,5.25,5.339,5.247,5.339,41810.168
1685836800000,2023-06-04T00:00:00+00:00,DOT/USDT,4h,5.34,5.385,5.31,5.337,102703.599528
1685851200000,2023-06-04T04:00:00+00:00,DOT/USDT,4h,5.337,5.357,5.325,5.354,40924.691188
1685865600000,2023-06-04T08:00:00+00:00,DOT/USDT,4h,5.355,5.368,5.342,5.347,55044.017781
1685880000000,2023-06-04T12:00:00+00:00,DOT/USDT,4h,5.348,5.363,5.326,5.334,41421.071818
1685894400000,2023-06-04T16:00:00+00:00,DOT/USDT,4h,5.335,5.358,5.311,5.339,40118.50765
1685908800000,2023-06-04T20:00:00+00:00,DOT/USDT,4h,5.339,5.372,5.306,5.316,45036.584756
1685923200000,2023-06-05T00:00:00+00:00,DOT/USDT,4h,5.314,5.32,5.259,5.266,90274.095964
1685937600000,2023-06-05T04:00:00+00:00,DOT/USDT,4h,5.265,5.299,5.237,5.295,100693.486811
1685952000000,2023-06-05T08:00:00+00:00,DOT/USDT,4h,5.298,5.319,5.271,5.307,54194.011985
1685966400000,2023-06-05T12:00:00+00:00,DOT/USDT,4h,5.308,5.311,5.02,5.021,440647.524701
1685980800000,2023-06-05T16:00:00+00:00,DOT/USDT,4h,5.023,5.069,4.875,5.055,581562.624201
1685995200000,2023-06-05T20:00:00+00:00,DOT/USDT,4h,5.053,5.085,5.012,5.065,51385.53602
1686009600000,2023-06-06T00:00:00+00:00,DOT/USDT,4h,5.065,5.083,5.03,5.073,50651.740881
1686024000000,2023-06-06T04:00:00+00:00,DOT/USDT,4h,5.07,5.093,5.065,5.069,46165.891624
1686038400000,2023-06-06T08:00:00+00:00,DOT/USDT,4h,5.071,5.089,5.059,5.065,33026.167974
1686052800000,2023-06-06T12:00:00+00:00,DOT/USDT,4h,5.066,5.117,4.986,5.084,173194.453393
1686067200000,2023-06-06T16:00:00+00:00,DOT/USDT,4h,5.087,5.26,5.085,5.25,136485.083094
1686081600000,2023-06-06T20:00:00+00:00,DOT/USDT,4h,5.25,5.267,5.194,5.205,76142.496697
1686096000000,2023-06-07T00:00:00+00:00,DOT/USDT,4h,5.203,5.213,5.137,5.171,76919.992572
1686110400000,2023-06-07T04:00:00+00:00,DOT/USDT,4h,5.172,5.213,5.155,5.173,78299.654191
1686124800000,2023-06-07T08:00:00+00:00,DOT/USDT,4h,5.174,5.188,5.068,5.138,94408.71939
1686139200000,2023-06-07T12:00:00+00:00,DOT/USDT,4h,5.139,5.14,5.012,5.037,149737.505794
1686153600000,2023-06-07T16:00:00+00:00,DOT/USDT,4h,5.037,5.05,4.995,5.045,71012.089545
1686168000000,2023-06-07T20:00:00+00:00,DOT/USDT,4h,5.043,5.043,4.976,5.023,113956.207593
1686182400000,2023-06-08T00:00:00+00:00,DOT/USDT,4h,5.023,5.057,4.976,5.005,76790.728748
1686196800000,2023-06-08T04:00:00+00:00,DOT/USDT,4h,5.005,5.038,4.987,5.024,58697.55238
1686211200000,2023-06-08T08:00:00+00:00,DOT/USDT,4h,5.024,5.024,4.984,5.01,74062.398029
1686225600000,2023-06-08T12:00:00+00:00,DOT/USDT,4h,5.01,5.054,4.997,5.042,89576.994305
1686240000000,2023-06-08T16:00:00+00:00,DOT/USDT,4h,5.044,5.048,4.988,5.028,82848.881869
1686254400000,2023-06-08T20:00:00+00:00,DOT/USDT,4h,5.027,5.044,5.016,5.022,38399.051102
1686268800000,2023-06-09T00:00:00+00:00,DOT/USDT,4h,5.022,5.026,4.956,5.009,77042.23361
1686283200000,2023-06-09T04:00:00+00:00,DOT/USDT,4h,5.008,5.02,4.975,4.99,18077.243134
1686297600000,2023-06-09T08:00:00+00:00,DOT/USDT,4h,4.989,5.029,4.986,5.025,30101.113911
1686312000000,2023-06-09T12:00:00+00:00,DOT/USDT,4h,5.029,5.07,5.023,5.032,61327.867704
1686326400000,2023-06-09T16:00:00+00:00,DOT/USDT,4h,5.031,5.049,4.931,4.937,51937.178579
1686340800000,2023-06-09T20:00:00+00:00,DOT/USDT,4h,4.934,5.0,4.933,4.983,57361.443711
1686355200000,2023-06-10T00:00:00+00:00,DOT/USDT,4h,4.983,4.987,4.8,4.817,258195.296194
1686369600000,2023-06-10T04:00:00+00:00,DOT/USDT,4h,4.818,4.84,4.087,4.342,1977408.774473
1686384000000,2023-06-10T08:00:00+00:00,DOT/USDT,4h,4.345,4.493,4.323,4.482,354092.60514
1686398400000,2023-06-10T12:00:00+00:00,DOT/USDT,4h,4.481,4.481,4.402,4.412,185761.240736
1686412800000,2023-06-10T16:00:00+00:00,DOT/USDT,4h,4.414,4.539,4.379,4.503,304298.683042
1686427200000,2023-06-10T20:00:00+00:00,DOT/USDT,4h,4.503,4.539,4.474,4.517,121495.203196
1686441600000,2023-06-11T00:00:00+00:00,DOT/USDT,4h,4.518,4.525,4.464,4.487,105020.314594
1686456000000,2023-06-11T04:00:00+00:00,DOT/USDT,4h,4.488,4.491,4.436,4.442,65642.677096
1686470400000,2023-06-11T08:00:00+00:00,DOT/USDT,4h,4.443,4.502,4.43,4.488,78195.032948
1686484800000,2023-06-11T12:00:00+00:00,DOT/USDT,4h,4.488,4.496,4.44,4.451,87457.501914
1686499200000,2023-06-11T16:00:00+00:00,DOT/USDT,4h,4.45,4.526,4.448,4.516,233609.079984
1686513600000,2023-06-11T20:00:00+00:00,DOT/USDT,4h,4.515,4.551,4.474,4.524,111291.185709
1686528000000,2023-06-12T00:00:00+00:00,DOT/USDT,4h,4.523,4.523,4.412,4.486,114042.108505
1686542400000,2023-06-12T04:00:00+00:00,DOT/USDT,4h,4.488,4.516,4.453,4.464,51446.925645
1686556800000,2023-06-12T08:00:00+00:00,DOT/USDT,4h,4.464,4.554,4.454,4.521,79967.789485
1686571200000,2023-06-12T12:00:00+00:00,DOT/USDT,4h,4.523,4.534,4.489,4.51,82192.068884
1686585600000,2023-06-12T16:00:00+00:00,DOT/USDT,4h,4.51,4.55,4.456,4.52,112115.522321
1686600000000,2023-06-12T20:00:00+00:00,DOT/USDT,4h,4.52,4.542,4.514,4.534,59691.278154
1686614400000,2023-06-13T00:00:00+00:00,DOT/USDT,4h,4.534,4.611,4.496,4.6,124523.019589
1686628800000,2023-06-13T04:00:00+00:00,DOT/USDT,4h,4.603,4.642,4.561,4.615,85321.717469
1686643200000,2023-06-13T08:00:00+00:00,DOT/USDT,4h,4.615,4.669,4.603,4.657,70565.458875
1686657600000,2023-06-13T12:00:00+00:00,DOT/USDT,4h,4.66,4.719,4.535,4.557,245357.735955
1686672000000,2023-06-13T16:00:00+00:00,DOT/USDT,4h,4.557,4.619,4.554,4.606,70344.013646
1686686400000,2023-06-13T20:00:00+00:00,DOT/USDT,4h,4.604,4.632,4.591,4.628,20205.095317
1686700800000,2023-06-14T00:00:00+00:00,DOT/USDT,4h,4.628,4.652,4.617,4.64,50203.257812
1686715200000,2023-06-14T04:00:00+00:00,DOT/USDT,4h,4.641,4.643,4.608,4.621,61419.997607
1686729600000,2023-06-14T08:00:00+00:00,DOT/USDT,4h,4.62,4.679,4.615,4.676,37885.127397
1686744000000,2023-06-14T12:00:00+00:00,DOT/USDT,4h,4.676,4.704,4.664,4.676,60906.169747
1686758400000,2023-06-14T16:00:00+00:00,DOT/USDT,4h,4.673,4.804,4.67,4.728,184610.823379
1686772800000,2023-06-14T20:00:00+00:00,DOT/USDT,4h,4.727,4.731,4.507,4.57,348547.25072
1686787200000,2023-06-15T00:00:00+00:00,DOT/USDT,4h,4.569,4.619,4.554,4.611,110398.945479
1686801600000,2023-06-15T04:00:00+00:00,DOT/USDT,4h,4.612,4.617,4.397,4.407,295320.156208
1686816000000,2023-06-15T08:00:00+00:00,DOT/USDT,4h,4.406,4.426,4.303,4.362,253615.098812
1686830400000,2023-06-15T12:00:00+00:00,DOT/USDT,4h,4.364,4.412,4.333,4.334,105084.389364
1686844800000,2023-06-15T16:00:00+00:00,DOT/USDT,4h,4.335,4.393,4.274,4.393,153899.857502
1686859200000,2023-06-15T20:00:00+00:00,DOT/USDT,4h,4.394,4.542,4.358,4.377,233071.903197
1686873600000,2023-06-16T00:00:00+00:00,DOT/USDT,4h,4.377,4.389,4.33,4.381,62479.183626
1686888000000,2023-06-16T04:00:00+00:00,DOT/USDT,4h,4.382,4.402,4.364,4.375,46239.055207
1686902400000,2023-06-16T08:00:00+00:00,DOT/USDT,4h,4.376,4.395,4.315,4.345,97182.37566
1686916800000,2023-06-16T12:00:00+00:00,DOT/USDT,4h,4.341,4.385,4.276,4.375,144776.303528
1686931200000,2023-06-16T16:00:00+00:00,DOT/USDT,4h,4.376,4.468,4.358,4.417,191791.047324
1686945600000,2023-06-16T20:00:00+00:00,DOT/USDT,4h,4.419,4.429,4.381,4.418,29531.790366
1686960000000,2023-06-17T00:00:00+00:00,DOT/USDT,4h,4.422,4.437,4.397,4.42,47606.109837
1686974400000,2023-06-17T04:00:00+00:00,DOT/USDT,4h,4.422,4.535,4.412,4.506,178782.520329
1686988800000,2023-06-17T08:00:00+00:00,DOT/USDT,4h,4.509,4.542,4.499,4.537,59588.323628
1687003200000,2023-06-17T12:00:00+00:00,DOT/USDT,4h,4.537,4.557,4.494,4.552,95414.271479
1687017600000,2023-06-17T16:00:00+00:00,DOT/USDT,4h,4.551,4.565,4.507,4.515,33151.943352
1687032000000,2023-06-17T20:00:00+00:00,DOT/USDT,4h,4.515,4.548,4.507,4.531,23061.8822
1687046400000,2023-06-18T00:00:00+00:00,DOT/USDT,4h,4.531,4.534,4.48,4.533,44305.162563
1687060800000,2023-06-18T04:00:00+00:00,DOT/USDT,4h,4.527,4.556,4.507,4.532,36773.940405
1687075200000,2023-06-18T08:00:00+00:00,DOT/USDT,4h,4.536,4.667,4.533,4.612,118668.289021
1687089600000,2023-06-18T12:00:00+00:00,DOT/USDT,4h,4.611,4.623,4.583,4.594,70679.556177
1687104000000,2023-06-18T16:00:00+00:00,DOT/USDT,4h,4.594,4.607,4.572,4.606,33704.36424
1687118400000,2023-06-18T20:00:00+00:00,DOT/USDT,4h,4.607,4.61,4.503,4.537,122756.34737
1687132800000,2023-06-19T00:00:00+00:00,DOT/USDT,4h,4.537,4.588,4.507,4.568,35888.666697
1687147200000,2023-06-19T04:00:00+00:00,DOT/USDT,4h,4.567,4.582,4.535,4.536,37814.827563
1687161600000,2023-06-19T08:00:00+00:00,DOT/USDT,4h,4.542,4.554,4.514,4.521,46352.209786
1687176000000,2023-06-19T12:00:00+00:00,DOT/USDT,4h,4.524,4.544,4.46,4.488,84471.67201
1687190400000,2023-06-19T16:00:00+00:00,DOT/USDT,4h,4.487,4.546,4.433,4.499,189246.606768
1687204800000,2023-06-19T20:00:00+00:00,DOT/USDT,4h,4.5,4.532,4.495,4.531,52355.659187
1687219200000,2023-06-20T00:00:00+00:00,DOT/USDT,4h,4.53,4.567,4.498,4.499,55309.494573
1687233600000,2023-06-20T04:00:00+00:00,DOT/USDT,4h,4.499,4.507,4.47,4.483,52796.090342
1687248000000,2023-06-20T08:00:00+00:00,DOT/USDT,4h,4.485,4.485,4.454,4.482,35861.267669
1687262400000,2023-06-20T12:00:00+00:00,DOT/USDT,4h,4.483,4.491,4.372,4.42,176781.903509
1687276800000,2023-06-20T16:00:00+00:00,DOT/USDT,4h,4.421,4.638,4.404,4.636,259183.909927
1687291200000,2023-06-20T20:00:00+00:00,DOT/USDT,4h,4.637,4.678,4.613,4.66,92191.924557
1687305600000,2023-06-21T00:00:00+00:00,DOT/USDT,4h,4.663,4.766,4.634,4.725,146910.801277
1687320000000,2023-06-21T04:00:00+00:00,DOT/USDT,4h,4.726,4.755,4.684,4.713,156347.276473
1687334400000,2023-06-21T08:00:00+00:00,DOT/USDT,4h,4.712,4.717,4.648,4.691,90707.469412
1687348800000,2023-06-21T12:00:00+00:00,DOT/USDT,4h,4.691,4.77,4.668,4.726,203828.096452
1687363200000,2023-06-21T16:00:00+00:00,DOT/USDT,4h,4.726,4.862,4.714,4.803,202098.30374
1687377600000,2023-06-21T20:00:00+00:00,DOT/USDT,4h,4.801,4.853,4.762,4.823,92811.407611
1687392000000,2023-06-22T00:00:00+00:00,DOT/USDT,4h,4.821,4.98,4.812,4.927,144136.653504
1687406400000,2023-06-22T04:00:00+00:00,DOT/USDT,4h,4.928,4.93,4.82,4.908,96805.597264
1687420800000,2023-06-22T08:00:00+00:00,DOT/USDT,4h,4.909,4.946,4.783,4.826,183439.474274
1687435200000,2023-06-22T12:00:00+00:00,DOT/USDT,4h,4.824,4.895,4.751,4.796,142366.918774
1687449600000,2023-06-22T16:00:00+00:00,DOT/USDT,4h,4.796,4.894,4.795,4.852,66724.570722
1687464000000,2023-06-22T20:00:00+00:00,DOT/USDT,4h,4.851,4.865,4.809,4.827,22792.477495
1687478400000,2023-06-23T00:00:00+00:00,DOT/USDT,4h,4.825,4.889,4.821,4.875,79826.235566
1687492800000,2023-06-23T04:00:00+00:00,DOT/USDT,4h,4.876,4.942,4.864,4.886,223236.255838
1687507200000,2023-06-23T08:00:00+00:00,DOT/USDT,4h,4.886,4.932,4.861,4.928,89813.726763
1687521600000,2023-06-23T12:00:00+00:00,DOT/USDT,4h,4.927,5.109,4.862,5.089,292337.941087
1687536000000,2023-06-23T16:00:00+00:00,DOT/USDT,4h,5.089,5.132,5.01,5.101,321246.464807
1687550400000,2023-06-23T20:00:00+00:00,DOT/USDT,4h,5.101,5.139,5.016,5.1,92180.576418
1687564800000,2023-06-24T00:00:00+00:00,DOT/USDT,4h,5.1,5.139,5.064,5.098,142328.120314
1687579200000,2023-06-24T04:00:00+00:00,DOT/USDT,4h,5.098,5.123,5.032,5.042,97067.429649
1687593600000,2023-06-24T08:00:00+00:00,DOT/USDT,4h,5.041,5.062,5.031,5.048,67932.053716
1687608000000,2023-06-24T12:00:00+00:00,DOT/USDT,4h,5.05,5.068,4.901,4.992,168444.5767
1687622400000,2023-06-24T16:00:00+00:00,DOT/USDT,4h,4.989,5.022,4.939,5.0,102528.707311
1687636800000,2023-06-24T20:00:00+00:00,DOT/USDT,4h,5.0,5.013,4.957,5.008,41256.737826
1687651200000,2023-06-25T00:00:00+00:00,DOT/USDT,4h,5.01,5.136,5.002,5.132,81187.161318
1687665600000,2023-06-25T04:00:00+00:00,DOT/USDT,4h,5.131,5.208,5.104,5.205,199109.147742
1687680000000,2023-06-25T08:00:00+00:00,DOT/USDT,4h,5.203,5.244,5.154,5.173,142166.20595
1687694400000,2023-06-25T12:00:00+00:00,DOT/USDT,4h,5.177,5.203,5.102,5.133,151010.581284
1687708800000,2023-06-25T16:00:00+00:00,DOT/USDT,4h,5.126,5.173,5.098,5.131,73888.217882
1687723200000,2023-06-25T20:00:00+00:00,DOT/USDT,4h,5.129,5.206,5.12,5.194,92947.302131
1687737600000,2023-06-26T00:00:00+00:00,DOT/USDT,4h,5.193,5.219,5.069,5.186,232027.702869
1687752000000,2023-06-26T04:00:00+00:00,DOT/USDT,4h,5.185,5.226,5.113,5.183,184673.947536
1687766400000,2023-06-26T08:00:00+00:00,DOT/USDT,4h,5.183,5.214,5.121,5.187,154646.671807
1687780800000,2023-06-26T12:00:00+00:00,DOT/USDT,4h,5.184,5.241,5.151,5.189,206200.555359
1687795200000,2023-06-26T16:00:00+00:00,DOT/USDT,4h,5.193,5.222,5.072,5.137,191329.107132
1687809600000,2023-06-26T20:00:00+00:00,DOT/USDT,4h,5.135,5.148,5.003,5.025,189128.138702
1687824000000,2023-06-27T00:00:00+00:00,DOT/USDT,4h,5.026,5.1,4.997,5.078,102507.782806
1687838400000,2023-06-27T04:00:00+00:00,DOT/USDT,4h,5.078,5.111,5.044,5.102,45829.487552
1687852800000,2023-06-27T08:00:00+00:00,DOT/USDT,4h,5.104,5.122,5.058,5.119,62355.463233
1687867200000,2023-06-27T12:00:00+00:00,DOT/USDT,4h,5.121,5.153,5.04,5.067,103293.550924
1687881600000,2023-06-27T16:00:00+00:00,DOT/USDT,4h,5.067,5.127,5.052,5.106,38373.410269
1687896000000,2023-06-27T20:00:00+00:00,DOT/USDT,4h,5.105,5.126,5.079,5.095,36378.827235
1687910400000,2023-06-28T00:00:00+00:00,DOT/USDT,4h,5.096,5.1,5.012,5.07,106575.696924
1687924800000,2023-06-28T04:00:00+00:00,DOT/USDT,4h,5.069,5.096,4.953,4.979,100251.019144
1687939200000,2023-06-28T08:00:00+00:00,DOT/USDT,4h,4.971,5.015,4.961,4.982,48450.027538
1687953600000,2023-06-28T12:00:00+00:00,DOT/USDT,4h,4.985,5.038,4.956,5.004,67322.788471
1687968000000,2023-06-28T16:00:00+00:00,DOT/USDT,4h,5.001,5.009,4.746,4.872,209074.478244
1687982400000,2023-06-28T20:00:00+00:00,DOT/USDT,4h,4.875,4.909,4.845,4.878,70989.352654
1687996800000,2023-06-29T00:00:00+00:00,DOT/USDT,4h,4.879,4.943,4.87,4.917,29187.323846
1688011200000,2023-06-29T04:00:00+00:00,DOT/USDT,4h,4.917,4.952,4.913,4.941,32029.033114
1688025600000,2023-06-29T08:00:00+00:00,DOT/USDT,4h,4.942,4.997,4.924,4.995,65565.864864
1688040000000,2023-06-29T12:00:00+00:00,DOT/USDT,4h,4.995,5.24,4.956,5.023,645545.095231
1688054400000,2023-06-29T16:00:00+00:00,DOT/USDT,4h,5.025,5.057,4.967,4.987,79041.322973
1688068800000,2023-06-29T20:00:00+00:00,DOT/USDT,4h,4.986,5.003,4.925,4.985,74786.01174
1688083200000,2023-06-30T00:00:00+00:00,DOT/USDT,4h,4.985,5.113,4.911,5.099,290392.213176
1688097600000,2023-06-30T04:00:00+00:00,DOT/USDT,4h,5.103,5.189,5.025,5.077,240976.228619
1688112000000,2023-06-30T08:00:00+00:00,DOT/USDT,4h,5.081,5.175,5.064,5.169,175373.420819
1688126400000,2023-06-30T12:00:00+00:00,DOT/USDT,4h,5.17,5.27,4.775,4.973,688564.382201
1688140800000,2023-06-30T16:00:00+00:00,DOT/USDT,4h,4.973,5.174,4.948,5.126,289257.867164
1688155200000,2023-06-30T20:00:00+00:00,DOT/USDT,4h,5.119,5.189,5.102,5.184,81943.291893
1688169600000,2023-07-01T00:00:00+00:00,DOT/USDT,4h,5.18,5.238,5.151,5.195,253833.344513
1688184000000,2023-07-01T04:00:00+00:00,DOT/USDT,4h,5.197,5.224,5.111,5.223,162515.781484
1688198400000,2023-07-01T08:00:00+00:00,DOT/USDT,4h,5.223,5.327,5.217,5.299,229820.9638
1688212800000,2023-07-01T12:00:00+00:00,DOT/USDT,4h,5.3,5.367,5.276,5.286,162129.584798
1688227200000,2023-07-01T16:00:00+00:00,DOT/USDT,4h,5.288,5.342,5.247,5.34,154220.543827
1688241600000,2023-07-01T20:00:00+00:00,DOT/USDT,4h,5.337,5.365,5.308,5.351,82648.404977
1688256000000,2023-07-02T00:00:00+00:00,DOT/USDT,4h,5.35,5.355,5.223,5.243,146348.383131
1688270400000,2023-07-02T04:00:00+00:00,DOT/USDT,4h,5.241,5.292,5.231,5.276,48055.27083
1688284800000,2023-07-02T08:00:00+00:00,DOT/USDT,4h,5.276,5.29,5.231,5.29,71796.464793
1688299200000,2023-07-02T12:00:00+00:00,DOT/USDT,4h,5.29,5.402,5.26,5.344,293090.920976
1688313600000,2023-07-02T16:00:00+00:00,DOT/USDT,4h,5.344,5.408,5.323,5.381,157719.314862
1688328000000,2023-07-02T20:00:00+00:00,DOT/USDT,4h,5.38,5.532,5.38,5.5,224419.413543
1688342400000,2023-07-03T00:00:00+00:00,DOT/USDT,4h,5.495,5.632,5.487,5.576,243665.416311
1688356800000,2023-07-03T04:00:00+00:00,DOT/USDT,4h,5.574,5.596,5.46,5.494,249557.865319
1688371200000,2023-07-03T08:00:00+00:00,DOT/USDT,4h,5.495,5.513,5.44,5.458,80038.848487
1688385600000,2023-07-03T12:00:00+00:00,DOT/USDT,4h,5.453,5.514,5.394,5.491,142256.594425
1688400000000,2023-07-03T16:00:00+00:00,DOT/USDT,4h,5.492,5.496,5.413,5.465,140024.663687
1688414400000,2023-07-03T20:00:00+00:00,DOT/USDT,4h,5.469,5.472,5.376,5.429,36778.74388
1688428800000,2023-07-04T00:00:00+00:00,DOT/USDT,4h,5.428,5.492,5.399,5.483,70381.308749
1688443200000,2023-07-04T04:00:00+00:00,DOT/USDT,4h,5.484,5.494,5.435,5.44,59678.836088
1688457600000,2023-07-04T08:00:00+00:00,DOT/USDT,4h,5.439,5.507,5.392,5.494,79577.193372
1688472000000,2023-07-04T12:00:00+00:00,DOT/USDT,4h,5.495,5.512,5.422,5.426,165528.380621
1688486400000,2023-07-04T16:00:00+00:00,DOT/USDT,4h,5.425,5.443,5.252,5.314,237632.27723
1688500800000,2023-07-04T20:00:00+00:00,DOT/USDT,4h,5.313,5.37,5.306,5.347,39816.440856
1688515200000,2023-07-05T00:00:00+00:00,DOT/USDT,4h,5.347,5.379,5.332,5.377,33918.917546
1688529600000,2023-07-05T04:00:00+00:00,DOT/USDT,4h,5.377,5.377,5.332,5.343,43397.460561
1688544000000,2023-07-05T08:00:00+00:00,DOT/USDT,4h,5.342,5.349,5.172,5.203,214154.160325
1688558400000,2023-07-05T12:00:00+00:00,DOT/USDT,4h,5.202,5.229,5.117,5.171,177401.673351
1688572800000,2023-07-05T16:00:00+00:00,DOT/USDT,4h,5.17,5.252,5.157,5.183,70385.819489
1688587200000,2023-07-05T20:00:00+00:00,DOT/USDT,4h,5.186,5.225,5.163,5.205,48597.41291
1688601600000,2023-07-06T00:00:00+00:00,DOT/USDT,4h,5.205,5.23,5.164,5.201,39505.856534
1688616000000,2023-07-06T04:00:00+00:00,DOT/USDT,4h,5.203,5.292,5.194,5.265,93621.112045
1688630400000,2023-07-06T08:00:00+00:00,DOT/USDT,4h,5.265,5.365,5.204,5.238,237673.868807
1688644800000,2023-07-06T12:00:00+00:00,DOT/USDT,4h,5.234,5.242,5.041,5.145,244091.60304
1688659200000,2023-07-06T16:00:00+00:00,DOT/USDT,4h,5.146,5.155,5.079,5.1,46141.507721
1688673600000,2023-07-06T20:00:00+00:00,DOT/USDT,4h,5.099,5.106,5.01,5.015,82045.519721
1688688000000,2023-07-07T00:00:00+00:00,DOT/USDT,4h,5.015,5.094,4.975,5.094,124515.584982
1688702400000,2023-07-07T04:00:00+00:00,DOT/USDT,4h,5.095,5.12,5.065,5.081,50580.3795
1688716800000,2023-07-07T08:00:00+00:00,DOT/USDT,4h,5.081,5.142,5.069,5.117,43146.118073
1688731200000,2023-07-07T12:00:00+00:00,DOT/USDT,4h,5.118,5.18,5.081,5.151,126519.35014
1688745600000,2023-07-07T16:00:00+00:00,DOT/USDT,4h,5.15,5.155,5.071,5.103,58041.982177
1688760000000,2023-07-07T20:00:00+00:00,DOT/USDT,4h,5.102,5.12,5.08,5.12,27624.902697
1688774400000,2023-07-08T00:00:00+00:00,DOT/USDT,4h,5.12,5.169,5.106,5.139,37356.438732
1688788800000,2023-07-08T04:00:00+00:00,DOT/USDT,4h,5.139,5.165,5.114,5.149,68794.48787
1688803200000,2023-07-08T08:00:00+00:00,DOT/USDT,4h,5.148,5.196,5.14,5.167,75724.588795
1688817600000,2023-07-08T12:00:00+00:00,DOT/USDT,4h,5.168,5.189,5.146,5.154,51859.041652
1688832000000,2023-07-08T16:00:00+00:00,DOT/USDT,4h,5.154,5.171,5.064,5.068,89563.144695
1688846400000,2023-07-08T20:00:00+00:00,DOT/USDT,4h,5.066,5.129,5.054,5.129,23630.709453
1688860800000,2023-07-09T00:00:00+00:00,DOT/USDT,4h,5.13,5.16,5.116,5.146,42753.213287
1688875200000,2023-07-09T04:00:00+00:00,DOT/USDT,4h,5.147,5.148,5.093,5.113,49832.430024
1688889600000,2023-07-09T08:00:00+00:00,DOT/USDT,4h,5.113,5.122,5.094,5.105,30032.406281
1688904000000,2023-07-09T12:00:00+00:00,DOT/USDT,4h,5.105,5.125,5.064,5.094,71364.788219
1688918400000,2023-07-09T16:00:00+00:00,DOT/USDT,4h,5.092,5.106,5.063,5.083,29684.908691
1688932800000,2023-07-09T20:00:00+00:00,DOT/USDT,4h,5.084,5.11,5.059,5.079,43204.144719
1688947200000,2023-07-10T00:00:00+00:00,DOT/USDT,4h,5.08,5.082,4.983,5.035,92391.006087
1688961600000,2023-07-10T04:00:00+00:00,DOT/USDT,4h,5.032,5.06,5.019,5.06,27624.906478
1688976000000,2023-07-10T08:00:00+00:00,DOT/USDT,4h,5.061,5.093,5.0,5.093,77957.29082
1688990400000,2023-07-10T12:00:00+00:00,DOT/USDT,4h,5.093,5.125,5.06,5.108,74776.365436
1689004800000,2023-07-10T16:00:00+00:00,DOT/USDT,4h,5.11,5.205,5.085,5.191,48354.807276
1689019200000,2023-07-10T20:00:00+00:00,DOT/USDT,4h,5.196,5.23,5.1,5.132,97789.526712
1689033600000,2023-07-11T00:00:00+00:00,DOT/USDT,4h,5.131,5.151,5.091,5.125,70926.371007
1689048000000,2023-07-11T04:00:00+00:00,DOT/USDT,4h,5.125,5.178,5.122,5.146,26784.514773
1689062400000,2023-07-11T08:00:00+00:00,DOT/USDT,4h,5.147,5.156,5.091,5.124,50351.115037
1689076800000,2023-07-11T12:00:00+00:00,DOT/USDT,4h,5.122,5.175,5.11,5.152,54832.017204
1689091200000,2023-07-11T16:00:00+00:00,DOT/USDT,4h,5.152,5.173,5.128,5.166,33038.182471
1689105600000,2023-07-11T20:00:00+00:00,DOT/USDT,4h,5.167,5.216,5.165,5.212,55738.392662
1689120000000,2023-07-12T00:00:00+00:00,DOT/USDT,4h,5.213,5.363,5.206,5.25,159967.977875
1689134400000,2023-07-12T04:00:00+00:00,DOT/USDT,4h,5.25,5.265,5.224,5.253,116956.693728
1689148800000,2023-07-12T08:00:00+00:00,DOT/USDT,4h,5.253,5.265,5.232,5.243,47369.505106
1689163200000,2023-07-12T12:00:00+00:00,DOT/USDT,4h,5.242,5.288,5.17,5.18,112498.339953
1689177600000,2023-07-12T16:00:00+00:00,DOT/USDT,4h,5.18,5.199,5.108,5.113,63315.021811
1689192000000,2023-07-12T20:00:00+00:00,DOT/USDT,4h,5.113,5.154,5.1,5.147,37222.749649
1689206400000,2023-07-13T00:00:00+00:00,DOT/USDT,4h,5.148,5.161,5.103,5.113,38530.095212
1689220800000,2023-07-13T04:00:00+00:00,DOT/USDT,4h,5.113,5.182,5.095,5.161,92694.520623
1689235200000,2023-07-13T08:00:00+00:00,DOT/USDT,4h,5.162,5.263,5.156,5.255,75021.729858
1689249600000,2023-07-13T12:00:00+00:00,DOT/USDT,4h,5.255,5.4,5.217,5.356,297299.049513
1689264000000,2023-07-13T16:00:00+00:00,DOT/USDT,4h,5.359,5.553,5.325,5.524,666209.236596
1689278400000,2023-07-13T20:00:00+00:00,DOT/USDT,4h,5.524,5.553,5.379,5.545,277481.2711
1689292800000,2023-07-14T00:00:00+00:00,DOT/USDT,4h,5.546,5.741,5.546,5.664,488245.172054
1689307200000,2023-07-14T04:00:00+00:00,DOT/USDT,4h,5.666,5.683,5.534,5.549,220127.639563
1689321600000,2023-07-14T08:00:00+00:00,DOT/USDT,4h,5.547,5.644,5.531,5.626,118483.024632
1689336000000,2023-07-14T12:00:00+00:00,DOT/USDT,4h,5.627,5.681,5.578,5.655,124500.216646
1689350400000,2023-07-14T16:00:00+00:00,DOT/USDT,4h,5.653,5.683,5.29,5.338,523713.990469
1689364800000,2023-07-14T20:00:00+00:00,DOT/USDT,4h,5.33,5.458,5.32,5.451,57959.90052
1689379200000,2023-07-15T00:00:00+00:00,DOT/USDT,4h,5.452,5.452,5.392,5.401,58100.551468
1689393600000,2023-07-15T04:00:00+00:00,DOT/USDT,4h,5.401,5.562,5.384,5.546,85349.424718
1689408000000,2023-07-15T08:00:00+00:00,DOT/USDT,4h,5.547,5.549,5.469,5.482,69711.827866
1689422400000,2023-07-15T12:00:00+00:00,DOT/USDT,4h,5.483,5.516,5.443,5.487,83845.267677
1689436800000,2023-07-15T16:00:00+00:00,DOT/USDT,4h,5.485,5.498,5.448,5.465,31895.805243
1689451200000,2023-07-15T20:00:00+00:00,DOT/USDT,4h,5.465,5.465,5.398,5.43,40653.984684
1689465600000,2023-07-16T00:00:00+00:00,DOT/USDT,4h,5.431,5.448,5.319,5.351,97862.939742
1689480000000,2023-07-16T04:00:00+00:00,DOT/USDT,4h,5.353,5.396,5.344,5.381,25985.084047
1689494400000,2023-07-16T08:00:00+00:00,DOT/USDT,4h,5.379,5.406,5.365,5.395,28643.565642
1689508800000,2023-07-16T12:00:00+00:00,DOT/USDT,4h,5.397,5.415,5.359,5.384,68722.980203
1689523200000,2023-07-16T16:00:00+00:00,DOT/USDT,4h,5.383,5.394,5.305,5.309,48882.033215
1689537600000,2023-07-16T20:00:00+00:00,DOT/USDT,4h,5.31,5.365,5.26,5.311,42671.045235
1689552000000,2023-07-17T00:00:00+00:00,DOT/USDT,4h,5.312,5.4,5.289,5.393,55776.297514
1689566400000,2023-07-17T04:00:00+00:00,DOT/USDT,4h,5.393,5.416,5.37,5.394,63173.261608
1689580800000,2023-07-17T08:00:00+00:00,DOT/USDT,4h,5.394,5.413,5.18,5.269,158431.748952
1689595200000,2023-07-17T12:00:00+00:00,DOT/USDT,4h,5.27,5.318,5.201,5.283,62684.551124
1689609600000,2023-07-17T16:00:00+00:00,DOT/USDT,4h,5.275,5.303,5.174,5.219,98518.664549
1689624000000,2023-07-17T20:00:00+00:00,DOT/USDT,4h,5.219,5.307,5.197,5.303,62839.249393
1689638400000,2023-07-18T00:00:00+00:00,DOT/USDT,4h,5.302,5.391,5.296,5.346,151920.747316
1689652800000,2023-07-18T04:00:00+00:00,DOT/USDT,4h,5.346,5.353,5.2,5.227,101689.952597
1689667200000,2023-07-18T08:00:00+00:00,DOT/USDT,4h,5.227,5.275,5.184,5.184,82612.9517
1689681600000,2023-07-18T12:00:00+00:00,DOT/USDT,4h,5.189,5.241,5.161,5.196,90492.504373
1689696000000,2023-07-18T16:00:00+00:00,DOT/USDT,4h,5.193,5.219,5.091,5.13,95235.511004
1689710400000,2023-07-18T20:00:00+00:00,DOT/USDT,4h,5.13,5.185,5.127,5.182,25828.542749
1689724800000,2023-07-19T00:00:00+00:00,DOT/USDT,4h,5.183,5.252,5.163,5.232,72603.597811
1689739200000,2023-07-19T04:00:00+00:00,DOT/USDT,4h,5.232,5.256,5.207,5.213,34538.047008
1689753600000,2023-07-19T08:00:00+00:00,DOT/USDT,4h,5.213,5.213,5.154,5.199,31408.269847
1689768000000,2023-07-19T12:00:00+00:00,DOT/USDT,4h,5.2,5.231,5.13,5.182,58667.275719
1689782400000,2023-07-19T16:00:00+00:00,DOT/USDT,4h,5.179,5.247,5.147,5.218,34245.19163
1689796800000,2023-07-19T20:00:00+00:00,DOT/USDT,4h,5.218,5.227,5.164,5.197,18191.486255
1689811200000,2023-07-20T00:00:00+00:00,DOT/USDT,4h,5.192,5.281,5.186,5.239,79949.572141
1689825600000,2023-07-20T04:00:00+00:00,DOT/USDT,4h,5.239,5.312,5.224,5.312,66215.814801
1689840000000,2023-07-20T08:00:00+00:00,DOT/USDT,4h,5.313,5.452,5.313,5.452,270352.62417
1689854400000,2023-07-20T12:00:00+00:00,DOT/USDT,4h,5.452,5.49,5.257,5.303,249714.966665
1689868800000,2023-07-20T16:00:00+00:00,DOT/USDT,4h,5.298,5.324,5.258,5.297,106740.352047
1689883200000,2023-07-20T20:00:00+00:00,DOT/USDT,4h,5.299,5.36,5.233,5.353,91353.977974
1689897600000,2023-07-21T00:00:00+00:00,DOT/USDT,4h,5.353,5.706,5.337,5.656,541693.987101
1689912000000,2023-07-21T04:00:00+00:00,DOT/USDT,4h,5.657,5.66,5.43,5.431,298014.94152
1689926400000,2023-07-21T08:00:00+00:00,DOT/USDT,4h,5.431,5.544,5.43,5.478,123795.652693
1689940800000,2023-07-21T12:00:00+00:00,DOT/USDT,4h,5.48,5.533,5.443,5.471,149881.816482
1689955200000,2023-07-21T16:00:00+00:00,DOT/USDT,4h,5.469,5.54,5.441,5.486,108005.239076
1689969600000,2023-07-21T20:00:00+00:00,DOT/USDT,4h,5.485,5.517,5.455,5.486,56150.665998
1689984000000,2023-07-22T00:00:00+00:00,DOT/USDT,4h,5.488,5.518,5.44,5.441,95541.662951
1689998400000,2023-07-22T04:00:00+00:00,DOT/USDT,4h,5.442,5.466,5.37,5.419,97429.815643
1690012800000,2023-07-22T08:00:00+00:00,DOT/USDT,4h,5.419,5.421,5.292,5.372,277173.57516
1690027200000,2023-07-22T12:00:00+00:00,DOT/USDT,4h,5.372,5.381,5.347,5.373,50051.486366
1690041600000,2023-07-22T16:00:00+00:00,DOT/USDT,4h,5.373,5.377,5.335,5.356,38236.24185
1690056000000,2023-07-22T20:00:00+00:00,DOT/USDT,4h,5.356,5.376,5.261,5.313,87210.074268
1690070400000,2023-07-23T00:00:00+00:00,DOT/USDT,4h,5.314,5.424,5.274,5.423,86762.878239
1690084800000,2023-07-23T04:00:00+00:00,DOT/USDT,4h,5.424,5.472,5.387,5.423,134905.292919
1690099200000,2023-07-23T08:00:00+00:00,DOT/USDT,4h,5.423,5.491,5.404,5.409,92399.047781
1690113600000,2023-07-23T12:00:00+00:00,DOT/USDT,4h,5.41,5.428,5.368,5.376,33075.264602
1690128000000,2023-07-23T16:00:00+00:00,DOT/USDT,4h,5.378,5.484,5.375,5.437,108804.038868
1690142400000,2023-07-23T20:00:00+00:00,DOT/USDT,4h,5.438,5.46,5.367,5.392,65551.482463
1690156800000,2023-07-24T00:00:00+00:00,DOT/USDT,4h,5.391,5.415,5.294,5.31,79403.540881
1690171200000,2023-07-24T04:00:00+00:00,DOT/USDT,4h,5.31,5.37,5.272,5.335,58830.628472
1690185600000,2023-07-24T08:00:00+00:00,DOT/USDT,4h,5.333,5.334,5.05,5.2,479127.08501
1690200000000,2023-07-24T12:00:00+00:00,DOT/USDT,4h,5.2,5.214,5.119,5.176,246690.206667
1690214400000,2023-07-24T16:00:00+00:00,DOT/USDT,4h,5.175,5.248,5.162,5.211,114815.986736
1690228800000,2023-07-24T20:00:00+00:00,DOT/USDT,4h,5.212,5.245,5.193,5.212,19310.801868
1690243200000,2023-07-25T00:00:00+00:00,DOT/USDT,4h,5.21,5.255,5.197,5.22,54782.572431
1690257600000,2023-07-25T04:00:00+00:00,DOT/USDT,4h,5.222,5.224,5.169,5.178,70133.447696
1690272000000,2023-07-25T08:00:00+00:00,DOT/USDT,4h,5.18,5.229,5.163,5.199,54899.809658
1690286400000,2023-07-25T12:00:00+00:00,DOT/USDT,4h,5.2,5.205,5.127,5.157,102190.582224
1690300800000,2023-07-25T16:00:00+00:00,DOT/USDT,4h,5.158,5.201,5.142,5.163,30651.4436
1690315200000,2023-07-25T20:00:00+00:00,DOT/USDT,4h,5.163,5.185,5.142,5.175,21603.099263
1690329600000,2023-07-26T00:00:00+00:00,DOT/USDT,4h,5.178,5.2,5.115,5.176,75268.657243
1690344000000,2023-07-26T04:00:00+00:00,DOT/USDT,4h,5.177,5.214,5.169,5.195,98259.011379
1690358400000,2023-07-26T08:00:00+00:00,DOT/USDT,4h,5.196,5.203,5.16,5.177,49426.248204
1690372800000,2023-07-26T12:00:00+00:00,DOT/USDT,4h,5.177,5.238,5.175,5.227,86310.823163
1690387200000,2023-07-26T16:00:00+00:00,DOT/USDT,4h,5.229,5.273,5.18,5.259,106138.537118
1690401600000,2023-07-26T20:00:00+00:00,DOT/USDT,4h,5.26,5.295,5.217,5.236,37850.761416
1690416000000,2023-07-27T00:00:00+00:00,DOT/USDT,4h,5.236,5.288,5.217,5.267,87261.258291
1690430400000,2023-07-27T04:00:00+00:00,DOT/USDT,4h,5.27,5.345,5.246,5.291,207575.605765
1690444800000,2023-07-27T08:00:00+00:00,DOT/USDT,4h,5.291,5.314,5.273,5.29,65194.588147
1690459200000,2023-07-27T12:00:00+00:00,DOT/USDT,4h,5.29,5.295,5.216,5.235,52942.049785
1690473600000,2023-07-27T16:00:00+00:00,DOT/USDT,4h,5.235,5.25,5.182,5.21,42537.905086
1690488000000,2023-07-27T20:00:00+00:00,DOT/USDT,4h,5.211,5.247,5.2,5.237,26489.487843
1690502400000,2023-07-28T00:00:00+00:00,DOT/USDT,4h,5.238,5.243,5.206,5.217,85330.776303
1690516800000,2023-07-28T04:00:00+00:00,DOT/USDT,4h,5.217,5.219,5.165,5.178,124174.572733
1690531200000,2023-07-28T08:00:00+00:00,DOT/USDT,4h,5.178,5.24,5.16,5.225,51232.835137
1690545600000,2023-07-28T12:00:00+00:00,DOT/USDT,4h,5.226,5.272,5.212,5.245,114120.589777
1690560000000,2023-07-28T16:00:00+00:00,DOT/USDT,4h,5.247,5.247,5.195,5.208,38867.471812
1690574400000,2023-07-28T20:00:00+00:00,DOT/USDT,4h,5.209,5.22,5.196,5.218,15793.053315
1690588800000,2023-07-29T00:00:00+00:00,DOT/USDT,4h,5.22,5.25,5.204,5.231,49834.404759
1690603200000,2023-07-29T04:00:00+00:00,DOT/USDT,4h,5.23,5.255,5.228,5.231,29442.596374
1690617600000,2023-07-29T08:00:00+00:00,DOT/USDT,4h,5.231,5.244,5.224,5.227,18018.023416
1690632000000,2023-07-29T12:00:00+00:00,DOT/USDT,4h,5.226,5.246,5.222,5.232,33863.635113
1690646400000,2023-07-29T16:00:00+00:00,DOT/USDT,4h,5.232,5.258,5.226,5.25,28639.438227
1690660800000,2023-07-29T20:00:00+00:00,DOT/USDT,4h,5.25,5.257,5.235,5.248,24861.128143
1690675200000,2023-07-30T00:00:00+00:00,DOT/USDT,4h,5.247,5.277,5.235,5.256,62374.027955
1690689600000,2023-07-30T04:00:00+00:00,DOT/USDT,4h,5.258,5.268,5.235,5.238,29269.949694
1690704000000,2023-07-30T08:00:00+00:00,DOT/USDT,4h,5.237,5.252,5.207,5.226,110770.39806
1690718400000,2023-07-30T12:00:00+00:00,DOT/USDT,4h,5.227,5.261,5.208,5.248,84750.916686
1690732800000,2023-07-30T16:00:00+00:00,DOT/USDT,4h,5.249,5.249,5.116,5.142,182020.934603
1690747200000,2023-07-30T20:00:00+00:00,DOT/USDT,4h,5.14,5.198,5.088,5.184,153698.546245
1690761600000,2023-07-31T00:00:00+00:00,DOT/USDT,4h,5.184,5.259,5.172,5.209,52022.97053
1690776000000,2023-07-31T04:00:00+00:00,DOT/USDT,4h,5.213,5.216,5.167,5.175,81209.173709
1690790400000,2023-07-31T08:00:00+00:00,DOT/USDT,4h,5.175,5.207,5.162,5.172,84924.318823
1690804800000,2023-07-31T12:00:00+00:00,DOT/USDT,4h,5.171,5.186,5.121,5.127,113879.805016
1690819200000,2023-07-31T16:00:00+00:00,DOT/USDT,4h,5.126,5.16,5.046,5.079,112977.44979
1690833600000,2023-07-31T20:00:00+00:00,DOT/USDT,4h,5.079,5.118,5.048,5.106,48565.706335
1690848000000,2023-08-01T00:00:00+00:00,DOT/USDT,4h,5.109,5.131,4.948,5.036,321863.07608
1690862400000,2023-08-01T04:00:00+00:00,DOT/USDT,4h,5.033,5.085,5.022,5.066,83589.107443
1690876800000,2023-08-01T08:00:00+00:00,DOT/USDT,4h,5.065,5.101,5.061,5.069,122870.683231
1690891200000,2023-08-01T12:00:00+00:00,DOT/USDT,4h,5.07,5.107,5.029,5.098,106494.115243
1690905600000,2023-08-01T16:00:00+00:00,DOT/USDT,4h,5.101,5.152,5.085,5.138,42239.32159
1690920000000,2023-08-01T20:00:00+00:00,DOT/USDT,4h,5.14,5.206,5.123,5.205,83328.616518
1690934400000,2023-08-02T00:00:00+00:00,DOT/USDT,4h,5.207,5.22,5.161,5.164,69836.870995
1690948800000,2023-08-02T04:00:00+00:00,DOT/USDT,4h,5.167,5.173,5.129,5.137,54629.127861
1690963200000,2023-08-02T08:00:00+00:00,DOT/USDT,4h,5.136,5.178,5.118,5.164,52674.17011
1690977600000,2023-08-02T12:00:00+00:00,DOT/USDT,4h,5.164,5.173,5.05,5.094,223799.145348
1690992000000,2023-08-02T16:00:00+00:00,DOT/USDT,4h,5.093,5.101,5.009,5.069,143742.114957
1691006400000,2023-08-02T20:00:00+00:00,DOT/USDT,4h,5.069,5.078,5.045,5.06,15991.715605
1691020800000,2023-08-03T00:00:00+00:00,DOT/USDT,4h,5.059,5.076,5.029,5.031,45014.146411
1691035200000,2023-08-03T04:00:00+00:00,DOT/USDT,4h,5.031,5.036,4.993,5.007,84920.974784
1691049600000,2023-08-03T08:00:00+00:00,DOT/USDT,4h,5.007,5.036,4.98,5.028,63410.89322
1691064000000,2023-08-03T12:00:00+00:00,DOT/USDT,4h,5.031,5.056,5.007,5.024,63402.797521
1691078400000,2023-08-03T16:00:00+00:00,DOT/USDT,4h,5.025,5.048,5.002,5.012,42944.338116
1691092800000,2023-08-03T20:00:00+00:00,DOT/USDT,4h,5.011,5.028,4.932,4.979,113728.190538
1691107200000,2023-08-04T00:00:00+00:00,DOT/USDT,4h,4.98,5.001,4.967,4.992,42792.280743
1691121600000,2023-08-04T04:00:00+00:00,DOT/USDT,4h,4.992,5.012,4.974,4.989,38276.438954
1691136000000,2023-08-04T08:00:00+00:00,DOT/USDT,4h,4.989,5.012,4.978,4.997,39627.684882
1691150400000,2023-08-04T12:00:00+00:00,DOT/USDT,4h,4.997,5.044,4.992,5.027,56993.68671
1691164800000,2023-08-04T16:00:00+00:00,DOT/USDT,4h,5.028,5.04,4.949,4.98,94500.262065
1691179200000,2023-08-04T20:00:00+00:00,DOT/USDT,4h,4.98,5.003,4.939,4.995,74913.818894
1691193600000,2023-08-05T00:00:00+00:00,DOT/USDT,4h,4.994,4.995,4.949,4.969,20204.286971
1691208000000,2023-08-05T04:00:00+00:00,DOT/USDT,4h,4.968,4.968,4.944,4.96,17998.510082
1691222400000,2023-08-05T08:00:00+00:00,DOT/USDT,4h,4.96,4.972,4.951,4.955,25228.974358
1691236800000,2023-08-05T12:00:00+00:00,DOT/USDT,4h,4.955,4.969,4.931,4.944,48026.183138
1691251200000,2023-08-05T16:00:00+00:00,DOT/USDT,4h,4.943,4.973,4.93,4.956,20241.019921
1691265600000,2023-08-05T20:00:00+00:00,DOT/USDT,4h,4.956,4.981,4.953,4.975,14848.376776
1691280000000,2023-08-06T00:00:00+00:00,DOT/USDT,4h,4.976,5.01,4.963,5.002,27532.467307
1691294400000,2023-08-06T04:00:00+00:00,DOT/USDT,4h,5.005,5.024,4.995,5.0,52431.016406
1691308800000,2023-08-06T08:00:00+00:00,DOT/USDT,4h,4.999,5.021,4.991,5.003,35196.183447
1691323200000,2023-08-06T12:00:00+00:00,DOT/USDT,4h,5.004,5.016,4.959,4.964,66423.386585
1691337600000,2023-08-06T16:00:00+00:00,DOT/USDT,4h,4.967,5.009,4.959,5.001,14821.6256
1691352000000,2023-08-06T20:00:00+00:00,DOT/USDT,4h,5.0,5.044,4.995,5.006,75352.883592
1691366400000,2023-08-07T00:00:00+00:00,DOT/USDT,4h,5.006,5.05,4.989,5.024,37187.236562
1691380800000,2023-08-07T04:00:00+00:00,DOT/USDT,4h,5.022,5.034,4.976,5.011,75019.074393
1691395200000,2023-08-07T08:00:00+00:00,DOT/USDT,4h,5.011,5.015,4.986,5.014,24099.182659
1691409600000,2023-08-07T12:00:00+00:00,DOT/USDT,4h,5.015,5.015,4.918,4.935,99958.718893
1691424000000,2023-08-07T16:00:00+00:00,DOT/USDT,4h,4.932,4.965,4.825,4.953,174248.798609
1691438400000,2023-08-07T20:00:00+00:00,DOT/USDT,4h,4.954,4.978,4.946,4.97,18817.692076
1691452800000,2023-08-08T00:00:00+00:00,DOT/USDT,4h,4.97,4.972,4.935,4.954,31653.428975
1691467200000,2023-08-08T04:00:00+00:00,DOT/USDT,4h,4.956,4.988,4.947,4.967,34889.347706
1691481600000,2023-08-08T08:00:00+00:00,DOT/USDT,4h,4.966,5.014,4.964,5.014,33757.335935
1691496000000,2023-08-08T12:00:00+00:00,DOT/USDT,4h,5.015,5.045,5.003,5.028,94392.207251
1691510400000,2023-08-08T16:00:00+00:00,DOT/USDT,4h,5.029,5.094,5.024,5.051,61884.565196
1691524800000,2023-08-08T20:00:00+00:00,DOT/USDT,4h,5.049,5.1,5.044,5.061,37162.165728
1691539200000,2023-08-09T00:00:00+00:00,DOT/USDT,4h,5.06,5.076,5.028,5.042,29073.072097
1691553600000,2023-08-09T04:00:00+00:00,DOT/USDT,4h,5.04,5.053,5.028,5.046,29231.987293
1691568000000,2023-08-09T08:00:00+00:00,DOT/USDT,4h,5.047,5.068,5.039,5.057,39359.16847
1691582400000,2023-08-09T12:00:00+00:00,DOT/USDT,4h,5.057,5.105,5.038,5.05,138594.193072
1691596800000,2023-08-09T16:00:00+00:00,DOT/USDT,4h,5.052,5.06,5.01,5.015,44753.250068
1691611200000,2023-08-09T20:00:00+00:00,DOT/USDT,4h,5.017,5.062,4.999,5.059,27171.543677
1691625600000,2023-08-10T00:00:00+00:00,DOT/USDT,4h,5.06,5.066,5.044,5.046,19017.225015
1691640000000,2023-08-10T04:00:00+00:00,DOT/USDT,4h,5.045,5.046,5.01,5.013,25332.572245
1691654400000,2023-08-10T08:00:00+00:00,DOT/USDT,4h,5.014,5.023,4.995,5.006,45654.116099
1691668800000,2023-08-10T12:00:00+00:00,DOT/USDT,4h,5.004,5.059,5.0,5.011,60902.239351
1691683200000,2023-08-10T16:00:00+00:00,DOT/USDT,4h,5.013,5.017,4.978,4.992,34141.236402
1691697600000,2023-08-10T20:00:00+00:00,DOT/USDT,4h,4.993,5.007,4.986,5.006,17938.271321
1691712000000,2023-08-11T00:00:00+00:00,DOT/USDT,4h,5.007,5.02,4.987,4.996,44098.526665
1691726400000,2023-08-11T04:00:00+00:00,DOT/USDT,4h,4.997,5.015,4.993,5.001,51545.60031
1691740800000,2023-08-11T08:00:00+00:00,DOT/USDT,4h,5.001,5.011,4.991,5.008,16756.479405
1691755200000,2023-08-11T12:00:00+00:00,DOT/USDT,4h,5.01,5.021,4.97,4.975,45345.4009
1691769600000,2023-08-11T16:00:00+00:00,DOT/USDT,4h,4.974,4.995,4.956,4.994,28298.297836
1691784000000,2023-08-11T20:00:00+00:00,DOT/USDT,4h,4.996,5.01,4.992,5.008,11251.202095
1691798400000,2023-08-12T00:00:00+00:00,DOT/USDT,4h,5.009,5.021,4.996,5.001,18993.435788
1691812800000,2023-08-12T04:00:00+00:00,DOT/USDT,4h,5.0,5.012,4.997,5.01,6392.461686
1691827200000,2023-08-12T08:00:00+00:00,DOT/USDT,4h,5.01,5.034,5.005,5.027,35486.475162
1691841600000,2023-08-12T12:00:00+00:00,DOT/USDT,4h,5.028,5.035,5.018,5.03,17505.162919
1691856000000,2023-08-12T16:00:00+00:00,DOT/USDT,4h,5.031,5.041,5.018,5.027,21971.505424
1691870400000,2023-08-12T20:00:00+00:00,DOT/USDT,4h,5.028,5.042,5.021,5.039,11938.867659
1691884800000,2023-08-13T00:00:00+00:00,DOT/USDT,4h,5.04,5.043,5.028,5.034,9632.340338
1691899200000,2023-08-13T04:00:00+00:00,DOT/USDT,4h,5.034,5.042,5.018,5.037,44450.43384
1691913600000,2023-08-13T08:00:00+00:00,DOT/USDT,4h,5.036,5.039,5.028,5.035,25122.044781
1691928000000,2023-08-13T12:00:00+00:00,DOT/USDT,4h,5.035,5.035,5.012,5.016,41867.635277
1691942400000,2023-08-13T16:00:00+00:00,DOT/USDT,4h,5.016,5.041,5.001,5.039,28148.01263
1691956800000,2023-08-13T20:00:00+00:00,DOT/USDT,4h,5.042,5.043,4.969,4.988,40807.682397
1691971200000,2023-08-14T00:00:00+00:00,DOT/USDT,4h,4.986,5.009,4.954,5.005,44847.243706
1691985600000,2023-08-14T04:00:00+00:00,DOT/USDT,4h,5.006,5.02,4.998,5.005,37387.711584
1692000000000,2023-08-14T08:00:00+00:00,DOT/USDT,4h,5.005,5.017,4.989,4.996,30970.802496
1692014400000,2023-08-14T12:00:00+00:00,DOT/USDT,4h,4.995,5.053,4.98,5.041,126046.748517
1692028800000,2023-08-14T16:00:00+00:00,DOT/USDT,4h,5.043,5.05,4.972,4.977,42318.222327
1692043200000,2023-08-14T20:00:00+00:00,DOT/USDT,4h,4.979,5.001,4.972,4.99,56953.957974
1692057600000,2023-08-15T00:00:00+00:00,DOT/USDT,4h,4.989,4.998,4.969,4.975,28989.740122
1692072000000,2023-08-15T04:00:00+00:00,DOT/USDT,4h,4.974,4.976,4.949,4.969,53380.80376
1692086400000,2023-08-15T08:00:00+00:00,DOT/USDT,4h,4.969,4.983,4.961,4.961,25903.219124
1692100800000,2023-08-15T12:00:00+00:00,DOT/USDT,4h,4.96,4.973,4.941,4.951,50224.69305
1692115200000,2023-08-15T16:00:00+00:00,DOT/USDT,4h,4.952,4.957,4.606,4.779,592826.544991
1692129600000,2023-08-15T20:00:00+00:00,DOT/USDT,4h,4.777,4.827,4.765,4.819,81014.782536
1692144000000,2023-08-16T00:00:00+00:00,DOT/USDT,4h,4.818,4.84,4.806,4.828,62108.8303
1692158400000,2023-08-16T04:00:00+00:00,DOT/USDT,4h,4.829,4.837,4.781,4.789,58336.051788
1692172800000,2023-08-16T08:00:00+00:00,DOT/USDT,4h,4.789,4.792,4.765,4.777,36407.049466
1692187200000,2023-08-16T12:00:00+00:00,DOT/USDT,4h,4.777,4.779,4.709,4.721,164513.464185
1692201600000,2023-08-16T16:00:00+00:00,DOT/USDT,4h,4.72,4.759,4.699,4.706,66858.887621
1692216000000,2023-08-16T20:00:00+00:00,DOT/USDT,4h,4.707,4.715,4.529,4.673,393782.061663
1692230400000,2023-08-17T00:00:00+00:00,DOT/USDT,4h,4.673,4.723,4.583,4.713,106326.81404
1692244800000,2023-08-17T04:00:00+00:00,DOT/USDT,4h,4.714,4.823,4.713,4.757,312001.682674
1692259200000,2023-08-17T08:00:00+00:00,DOT/USDT,4h,4.759,4.799,4.738,4.765,140698.234477
1692273600000,2023-08-17T12:00:00+00:00,DOT/USDT,4h,4.764,4.798,4.646,4.674,309582.138647
1692288000000,2023-08-17T16:00:00+00:00,DOT/USDT,4h,4.67,4.734,4.629,4.702,181166.318257
1692302400000,2023-08-17T20:00:00+00:00,DOT/USDT,4h,4.702,4.705,4.183,4.429,891637.098245
1692316800000,2023-08-18T00:00:00+00:00,DOT/USDT,4h,4.429,4.476,4.379,4.404,206881.577566
1692331200000,2023-08-18T04:00:00+00:00,DOT/USDT,4h,4.405,4.515,4.365,4.504,131981.298779
1692345600000,2023-08-18T08:00:00+00:00,DOT/USDT,4h,4.504,4.522,4.479,4.507,107411.750387
1692360000000,2023-08-18T12:00:00+00:00,DOT/USDT,4h,4.508,4.559,4.487,4.505,103240.029301
1692374400000,2023-08-18T16:00:00+00:00,DOT/USDT,4h,4.504,4.554,4.446,4.505,141568.049732
1692388800000,2023-08-18T20:00:00+00:00,DOT/USDT,4h,4.506,4.548,4.506,4.512,19412.56424
1692403200000,2023-08-19T00:00:00+00:00,DOT/USDT,4h,4.512,4.537,4.478,4.49,28738.809013
1692417600000,2023-08-19T04:00:00+00:00,DOT/USDT,4h,4.488,4.497,4.454,4.48,32484.086837
1692432000000,2023-08-19T08:00:00+00:00,DOT/USDT,4h,4.482,4.495,4.473,4.479,32628.391858
1692446400000,2023-08-19T12:00:00+00:00,DOT/USDT,4h,4.479,4.531,4.474,4.531,47876.27745
1692460800000,2023-08-19T16:00:00+00:00,DOT/USDT,4h,4.53,4.552,4.507,4.532,47561.984928
1692475200000,2023-08-19T20:00:00+00:00,DOT/USDT,4h,4.535,4.542,4.501,4.516,22301.562833
1692489600000,2023-08-20T00:00:00+00:00,DOT/USDT,4h,4.519,4.527,4.489,4.496,24244.372996
1692504000000,2023-08-20T04:00:00+00:00,DOT/USDT,4h,4.496,4.499,4.466,4.482,26703.121512
1692518400000,2023-08-20T08:00:00+00:00,DOT/USDT,4h,4.484,4.53,4.479,4.529,17201.672042
1692532800000,2023-08-20T12:00:00+00:00,DOT/USDT,4h,4.529,4.532,4.468,4.489,39222.555134
1692547200000,2023-08-20T16:00:00+00:00,DOT/USDT,4h,4.491,4.515,4.471,4.5,28379.042656
1692561600000,2023-08-20T20:00:00+00:00,DOT/USDT,4h,4.501,4.528,4.501,4.52,11989.628687
1692576000000,2023-08-21T00:00:00+00:00,DOT/USDT,4h,4.52,4.538,4.492,4.496,49824.434279
1692590400000,2023-08-21T04:00:00+00:00,DOT/USDT,4h,4.496,4.514,4.477,4.486,32270.619178
1692604800000,2023-08-21T08:00:00+00:00,DOT/USDT,4h,4.489,4.506,4.453,4.499,179481.469071
1692619200000,2023-08-21T12:00:00+00:00,DOT/USDT,4h,4.5,4.507,4.355,4.394,146011.580182
1692633600000,2023-08-21T16:00:00+00:00,DOT/USDT,4h,4.394,4.45,4.38,4.436,57223.362586
1692648000000,2023-08-21T20:00:00+00:00,DOT/USDT,4h,4.438,4.471,4.426,4.426,31035.82214
1692662400000,2023-08-22T00:00:00+00:00,DOT/USDT,4h,4.426,4.448,4.421,4.429,14731.387676
1692676800000,2023-08-22T04:00:00+00:00,DOT/USDT,4h,4.43,4.44,4.406,4.433,17171.169935
1692691200000,2023-08-22T08:00:00+00:00,DOT/USDT,4h,4.434,4.442,4.386,4.395,166932.797269
1692705600000,2023-08-22T12:00:00+00:00,DOT/USDT,4h,4.395,4.426,4.358,4.369,114836.81628
1692720000000,2023-08-22T16:00:00+00:00,DOT/USDT,4h,4.367,4.38,4.286,4.323,77475.985286
1692734400000,2023-08-22T20:00:00+00:00,DOT/USDT,4h,4.324,4.431,4.233,4.422,116279.323242
1692748800000,2023-08-23T00:00:00+00:00,DOT/USDT,4h,4.424,4.434,4.395,4.396,35301.782834
1692763200000,2023-08-23T04:00:00+00:00,DOT/USDT,4h,4.396,4.437,4.38,4.412,25271.467867
1692777600000,2023-08-23T08:00:00+00:00,DOT/USDT,4h,4.412,4.425,4.404,4.416,72748.388564
1692792000000,2023-08-23T12:00:00+00:00,DOT/USDT,4h,4.416,4.464,4.393,4.457,185731.295741
1692806400000,2023-08-23T16:00:00+00:00,DOT/USDT,4h,4.457,4.538,4.447,4.514,125300.109412
1692820800000,2023-08-23T20:00:00+00:00,DOT/USDT,4h,4.515,4.518,4.454,4.49,59059.610064
1692835200000,2023-08-24T00:00:00+00:00,DOT/USDT,4h,4.489,4.509,4.486,4.508,60909.691949
1692849600000,2023-08-24T04:00:00+00:00,DOT/USDT,4h,4.508,4.516,4.493,4.496,16147.90838
1692864000000,2023-08-24T08:00:00+00:00,DOT/USDT,4h,4.497,4.502,4.465,4.471,63353.146903
1692878400000,2023-08-24T12:00:00+00:00,DOT/USDT,4h,4.47,4.471,4.386,4.39,136671.597839
1692892800000,2023-08-24T16:00:00+00:00,DOT/USDT,4h,4.389,4.427,4.371,4.405,122039.891746
1692907200000,2023-08-24T20:00:00+00:00,DOT/USDT,4h,4.408,4.429,4.366,4.425,22486.308672
1692921600000,2023-08-25T00:00:00+00:00,DOT/USDT,4h,4.423,4.437,4.37,4.407,46846.475785
1692936000000,2023-08-25T04:00:00+00:00,DOT/USDT,4h,4.409,4.414,4.355,4.407,31764.270053
1692950400000,2023-08-25T08:00:00+00:00,DOT/USDT,4h,4.409,4.48,4.406,4.455,125531.211045
1692964800000,2023-08-25T12:00:00+00:00,DOT/USDT,4h,4.455,4.483,4.414,4.457,173322.981652
1692979200000,2023-08-25T16:00:00+00:00,DOT/USDT,4h,4.455,4.494,4.425,4.465,94837.171178
1692993600000,2023-08-25T20:00:00+00:00,DOT/USDT,4h,4.463,4.491,4.452,4.489,18344.368353
1693008000000,2023-08-26T00:00:00+00:00,DOT/USDT,4h,4.49,4.505,4.476,4.501,42612.95064
1693022400000,2023-08-26T04:00:00+00:00,DOT/USDT,4h,4.5,4.508,4.484,4.491,41875.136097
1693036800000,2023-08-26T08:00:00+00:00,DOT/USDT,4h,4.491,4.508,4.478,4.504,13316.421159
1693051200000,2023-08-26T12:00:00+00:00,DOT/USDT,4h,4.504,4.513,4.498,4.501,30495.103082
1693065600000,2023-08-26T16:00:00+00:00,DOT/USDT,4h,4.501,4.503,4.484,4.497,19453.307035
1693080000000,2023-08-26T20:00:00+00:00,DOT/USDT,4h,4.496,4.514,4.495,4.506,26417.6624
1693094400000,2023-08-27T00:00:00+00:00,DOT/USDT,4h,4.506,4.525,4.504,4.52,25235.144088
1693108800000,2023-08-27T04:00:00+00:00,DOT/USDT,4h,4.52,4.533,4.507,4.518,23190.402933
1693123200000,2023-08-27T08:00:00+00:00,DOT/USDT,4h,4.519,4.529,4.509,4.513,19510.509586
1693137600000,2023-08-27T12:00:00+00:00,DOT/USDT,4h,4.513,4.547,4.498,4.502,101439.439064
1693152000000,2023-08-27T16:00:00+00:00,DOT/USDT,4h,4.505,4.506,4.461,4.498,25969.373534
1693166400000,2023-08-27T20:00:00+00:00,DOT/USDT,4h,4.499,4.506,4.475,4.49,12002.95381
1693180800000,2023-08-28T00:00:00+00:00,DOT/USDT,4h,4.49,4.492,4.437,4.469,106827.710046
1693195200000,2023-08-28T04:00:00+00:00,DOT/USDT,4h,4.47,4.482,4.418,4.45,82413.462795
1693209600000,2023-08-28T08:00:00+00:00,DOT/USDT,4h,4.451,4.459,4.416,4.459,129661.86297
1693224000000,2023-08-28T12:00:00+00:00,DOT/USDT,4h,4.459,4.587,4.458,4.564,212149.793227
1693238400000,2023-08-28T16:00:00+00:00,DOT/USDT,4h,4.565,4.603,4.549,4.581,96989.049499
1693252800000,2023-08-28T20:00:00+00:00,DOT/USDT,4h,4.582,4.622,4.567,4.613,24676.397187
1693267200000,2023-08-29T00:00:00+00:00,DOT/USDT,4h,4.61,4.682,4.595,4.599,145645.091218
1693281600000,2023-08-29T04:00:00+00:00,DOT/USDT,4h,4.6,4.627,4.574,4.574,79595.486615
1693296000000,2023-08-29T08:00:00+00:00,DOT/USDT,4h,4.574,4.585,4.537,4.572,157040.16393
1693310400000,2023-08-29T12:00:00+00:00,DOT/USDT,4h,4.571,4.806,4.539,4.685,747000.274067
1693324800000,2023-08-29T16:00:00+00:00,DOT/USDT,4h,4.686,4.74,4.666,4.687,143542.695979
1693339200000,2023-08-29T20:00:00+00:00,DOT/USDT,4h,4.688,4.699,4.65,4.671,91290.030108
1693353600000,2023-08-30T00:00:00+00:00,DOT/USDT,4h,4.677,4.677,4.6,4.623,81900.259938
1693368000000,2023-08-30T04:00:00+00:00,DOT/USDT,4h,4.622,4.624,4.583,4.603,42934.621014
1693382400000,2023-08-30T08:00:00+00:00,DOT/USDT,4h,4.604,4.61,4.568,4.57,85824.360859
1693396800000,2023-08-30T12:00:00+00:00,DOT/USDT,4h,4.57,4.59,4.514,4.545,175149.372721
1693411200000,2023-08-30T16:00:00+00:00,DOT/USDT,4h,4.546,4.575,4.537,4.544,44242.18401
1693425600000,2023-08-30T20:00:00+00:00,DOT/USDT,4h,4.545,4.555,4.528,4.535,36730.544195
1693440000000,2023-08-31T00:00:00+00:00,DOT/USDT,4h,4.535,4.535,4.476,4.485,34190.724522
1693454400000,2023-08-31T04:00:00+00:00,DOT/USDT,4h,4.486,4.505,4.478,4.491,52690.200686
1693468800000,2023-08-31T08:00:00+00:00,DOT/USDT,4h,4.491,4.518,4.469,4.491,148793.201859
1693483200000,2023-08-31T12:00:00+00:00,DOT/USDT,4h,4.491,4.491,4.35,4.37,290657.159605
1693497600000,2023-08-31T16:00:00+00:00,DOT/USDT,4h,4.37,4.377,4.236,4.312,565763.42462
1693512000000,2023-08-31T20:00:00+00:00,DOT/USDT,4h,4.309,4.31,4.234,4.269,345052.422217
1693526400000,2023-09-01T00:00:00+00:00,DOT/USDT,4h,4.269,4.295,4.261,4.28,146983.651548
1693540800000,2023-09-01T04:00:00+00:00,DOT/USDT,4h,4.279,4.28,4.248,4.258,173076.327922
1693555200000,2023-09-01T08:00:00+00:00,DOT/USDT,4h,4.258,4.274,4.245,4.27,149323.642287
1693569600000,2023-09-01T12:00:00+00:00,DOT/USDT,4h,4.27,4.28,4.196,4.222,179814.714358
1693584000000,2023-09-01T16:00:00+00:00,DOT/USDT,4h,4.222,4.24,4.135,4.201,223850.802218
1693598400000,2023-09-01T20:00:00+00:00,DOT/USDT,4h,4.207,4.237,4.198,4.217,26140.446117
1693612800000,2023-09-02T00:00:00+00:00,DOT/USDT,4h,4.218,4.231,4.205,4.23,22959.077471
1693627200000,2023-09-02T04:00:00+00:00,DOT/USDT,4h,4.231,4.248,4.219,4.234,32552.983077
1693641600000,2023-09-02T08:00:00+00:00,DOT/USDT,4h,4.234,4.26,4.232,4.243,69744.311336
1693656000000,2023-09-02T12:00:00+00:00,DOT/USDT,4h,4.243,4.274,4.223,4.252,31072.038782
1693670400000,2023-09-02T16:00:00+00:00,DOT/USDT,4h,4.25,4.26,4.203,4.247,43910.578616
1693684800000,2023-09-02T20:00:00+00:00,DOT/USDT,4h,4.245,4.268,4.238,4.26,13864.666203
1693699200000,2023-09-03T00:00:00+00:00,DOT/USDT,4h,4.263,4.284,4.252,4.281,28742.207736
1693713600000,2023-09-03T04:00:00+00:00,DOT/USDT,4h,4.283,4.3,4.27,4.295,33046.198015
1693728000000,2023-09-03T08:00:00+00:00,DOT/USDT,4h,4.295,4.296,4.266,4.278,28631.176656
1693742400000,2023-09-03T12:00:00+00:00,DOT/USDT,4h,4.278,4.286,4.246,4.252,55922.878136
1693756800000,2023-09-03T16:00:00+00:00,DOT/USDT,4h,4.253,4.293,4.226,4.279,53124.220937
1693771200000,2023-09-03T20:00:00+00:00,DOT/USDT,4h,4.279,4.29,4.256,4.261,20844.936734
1693785600000,2023-09-04T00:00:00+00:00,DOT/USDT,4h,4.262,4.32,4.252,4.284,72551.346964
1693800000000,2023-09-04T04:00:00+00:00,DOT/USDT,4h,4.284,4.292,4.26,4.278,53752.226555
1693814400000,2023-09-04T08:00:00+00:00,DOT/USDT,4h,4.279,4.295,4.26,4.262,91621.932389
1693828800000,2023-09-04T12:00:00+00:00,DOT/USDT,4h,4.262,4.267,4.191,4.233,154372.696158
1693843200000,2023-09-04T16:00:00+00:00,DOT/USDT,4h,4.232,4.277,4.229,4.249,79214.439644
1693857600000,2023-09-04T20:00:00+00:00,DOT/USDT,4h,4.249,4.26,4.192,4.26,48892.457138
1693872000000,2023-09-05T00:00:00+00:00,DOT/USDT,4h,4.26,4.263,4.199,4.235,41640.38549
1693886400000,2023-09-05T04:00:00+00:00,DOT/USDT,4h,4.235,4.254,4.235,4.25,17484.459329
1693900800000,2023-09-05T08:00:00+00:00,DOT/USDT,4h,4.251,4.279,4.236,4.274,123050.30538
1693915200000,2023-09-05T12:00:00+00:00,DOT/USDT,4h,4.276,4.302,4.259,4.277,113006.213217
1693929600000,2023-09-05T16:00:00+00:00,DOT/USDT,4h,4.279,4.285,4.237,4.237,52620.700604
1693944000000,2023-09-05T20:00:00+00:00,DOT/USDT,4h,4.238,4.269,4.228,4.255,39601.190174
1693958400000,2023-09-06T00:00:00+00:00,DOT/USDT,4h,4.255,4.272,4.24,4.252,28834.288991
1693972800000,2023-09-06T04:00:00+00:00,DOT/USDT,4h,4.252,4.256,4.232,4.236,74891.844289
1693987200000,2023-09-06T08:00:00+00:00,DOT/USDT,4h,4.236,4.245,4.233,4.244,64401.228814
1694001600000,2023-09-06T12:00:00+00:00,DOT/USDT,4h,4.244,4.254,4.203,4.218,139215.125061
1694016000000,2023-09-06T16:00:00+00:00,DOT/USDT,4h,4.217,4.289,4.172,4.226,201252.741448
1694030400000,2023-09-06T20:00:00+00:00,DOT/USDT,4h,4.228,4.275,4.224,4.271,21016.450575
1694044800000,2023-09-07T00:00:00+00:00,DOT/USDT,4h,4.272,4.284,4.259,4.28,52045.372253
1694059200000,2023-09-07T04:00:00+00:00,DOT/USDT,4h,4.281,4.285,4.249,4.254,45734.454701
1694073600000,2023-09-07T08:00:00+00:00,DOT/USDT,4h,4.254,4.265,4.239,4.24,78468.846955
1694088000000,2023-09-07T12:00:00+00:00,DOT/USDT,4h,4.239,4.267,4.233,4.252,170517.06008
1694102400000,2023-09-07T16:00:00+00:00,DOT/USDT,4h,4.252,4.281,4.25,4.272,67963.816109
1694116800000,2023-09-07T20:00:00+00:00,DOT/USDT,4h,4.272,4.309,4.262,4.291,81576.078614
1694131200000,2023-09-08T00:00:00+00:00,DOT/USDT,4h,4.293,4.33,4.287,4.306,61748.691941
1694145600000,2023-09-08T04:00:00+00:00,DOT/USDT,4h,4.304,4.318,4.284,4.294,71045.583954
1694160000000,2023-09-08T08:00:00+00:00,DOT/USDT,4h,4.293,4.293,4.199,4.232,155148.131118
1694174400000,2023-09-08T12:00:00+00:00,DOT/USDT,4h,4.232,4.242,4.21,4.223,172758.019527
1694188800000,2023-09-08T16:00:00+00:00,DOT/USDT,4h,4.223,4.253,4.217,4.244,72964.056646
1694203200000,2023-09-08T20:00:00+00:00,DOT/USDT,4h,4.246,4.252,4.23,4.252,24899.827519
1694217600000,2023-09-09T00:00:00+00:00,DOT/USDT,4h,4.25,4.255,4.238,4.249,17151.920519
1694232000000,2023-09-09T04:00:00+00:00,DOT/USDT,4h,4.251,4.277,4.248,4.268,34768.502007
1694246400000,2023-09-09T08:00:00+00:00,DOT/USDT,4h,4.268,4.28,4.26,4.271,52037.229963
1694260800000,2023-09-09T12:00:00+00:00,DOT/USDT,4h,4.272,4.278,4.253,4.263,49101.642342
1694275200000,2023-09-09T16:00:00+00:00,DOT/USDT,4h,4.263,4.263,4.235,4.25,34636.688167
1694289600000,2023-09-09T20:00:00+00:00,DOT/USDT,4h,4.251,4.251,4.236,4.237,15126.13083
1694304000000,2023-09-10T00:00:00+00:00,DOT/USDT,4h,4.237,4.238,4.197,4.211,64900.132482
1694318400000,2023-09-10T04:00:00+00:00,DOT/USDT,4h,4.211,4.211,4.099,4.18,264947.590051
1694332800000,2023-09-10T08:00:00+00:00,DOT/USDT,4h,4.181,4.192,4.153,4.154,37401.101589
1694347200000,2023-09-10T12:00:00+00:00,DOT/USDT,4h,4.152,4.197,4.103,4.138,121925.249636
1694361600000,2023-09-10T16:00:00+00:00,DOT/USDT,4h,4.137,4.168,4.104,4.156,95648.594826
1694376000000,2023-09-10T20:00:00+00:00,DOT/USDT,4h,4.155,4.182,4.148,4.149,54617.749607
1694390400000,2023-09-11T00:00:00+00:00,DOT/USDT,4h,4.149,4.156,4.081,4.119,69115.183977
1694404800000,2023-09-11T04:00:00+00:00,DOT/USDT,4h,4.119,4.134,4.105,4.116,63163.30204
1694419200000,2023-09-11T08:00:00+00:00,DOT/USDT,4h,4.118,4.12,3.959,4.008,492183.733119
1694433600000,2023-09-11T12:00:00+00:00,DOT/USDT,4h,4.008,4.039,3.967,4.015,335176.139922
1694448000000,2023-09-11T16:00:00+00:00,DOT/USDT,4h,4.011,4.031,3.907,3.936,150701.749594
1694462400000,2023-09-11T20:00:00+00:00,DOT/USDT,4h,3.936,3.99,3.921,3.988,88908.789187
1694476800000,2023-09-12T00:00:00+00:00,DOT/USDT,4h,3.988,4.064,3.966,4.028,179175.834779
1694491200000,2023-09-12T04:00:00+00:00,DOT/USDT,4h,4.028,4.046,3.995,4.012,92794.909697
1694505600000,2023-09-12T08:00:00+00:00,DOT/USDT,4h,4.013,4.095,3.992,4.043,209694.702223
1694520000000,2023-09-12T12:00:00+00:00,DOT/USDT,4h,4.044,4.045,3.977,4.006,240408.957106
1694534400000,2023-09-12T16:00:00+00:00,DOT/USDT,4h,4.005,4.055,3.953,3.99,124136.816758
1694548800000,2023-09-12T20:00:00+00:00,DOT/USDT,4h,3.989,4.006,3.98,3.984,22910.226878
1694563200000,2023-09-13T00:00:00+00:00,DOT/USDT,4h,3.987,4.012,3.97,3.984,39832.909758
1694577600000,2023-09-13T04:00:00+00:00,DOT/USDT,4h,3.983,4.109,3.95,3.976,776001.46294
1694592000000,2023-09-13T08:00:00+00:00,DOT/USDT,4h,3.975,4.033,3.971,4.022,251751.124541
1694606400000,2023-09-13T12:00:00+00:00,DOT/USDT,4h,4.022,4.054,3.99,4.028,150723.381368
1694620800000,2023-09-13T16:00:00+00:00,DOT/USDT,4h,4.029,4.036,3.987,4.0,63920.11591
1694635200000,2023-09-13T20:00:00+00:00,DOT/USDT,4h,4.001,4.029,3.996,3.999,33004.482733
1694649600000,2023-09-14T00:00:00+00:00,DOT/USDT,4h,3.999,4.075,3.997,4.007,121534.110829
1694664000000,2023-09-14T04:00:00+00:00,DOT/USDT,4h,4.005,4.027,3.972,4.012,106284.790648
1694678400000,2023-09-14T08:00:00+00:00,DOT/USDT,4h,4.013,4.046,4.004,4.036,139571.017213
1694692800000,2023-09-14T12:00:00+00:00,DOT/USDT,4h,4.037,4.072,4.012,4.045,239588.609671
1694707200000,2023-09-14T16:00:00+00:00,DOT/USDT,4h,4.048,4.087,4.028,4.069,50933.657849
1694721600000,2023-09-14T20:00:00+00:00,DOT/USDT,4h,4.071,4.087,4.049,4.055,35357.052787
1694736000000,2023-09-15T00:00:00+00:00,DOT/USDT,4h,4.058,4.099,4.045,4.087,61957.392034
1694750400000,2023-09-15T04:00:00+00:00,DOT/USDT,4h,4.088,4.097,4.063,4.066,71425.141439
1694764800000,2023-09-15T08:00:00+00:00,DOT/USDT,4h,4.066,4.098,4.066,4.072,210242.346805
1694779200000,2023-09-15T12:00:00+00:00,DOT/USDT,4h,4.072,4.122,4.067,4.114,139211.662831
1694793600000,2023-09-15T16:00:00+00:00,DOT/USDT,4h,4.116,4.135,4.093,4.109,48424.098332
1694808000000,2023-09-15T20:00:00+00:00,DOT/USDT,4h,4.11,4.173,4.11,4.138,133824.543353
1694822400000,2023-09-16T00:00:00+00:00,DOT/USDT,4h,4.14,4.224,4.136,4.197,148363.567441
1694836800000,2023-09-16T04:00:00+00:00,DOT/USDT,4h,4.198,4.225,4.185,4.191,56030.379592
1694851200000,2023-09-16T08:00:00+00:00,DOT/USDT,4h,4.194,4.201,4.161,4.168,56649.573733
1694865600000,2023-09-16T12:00:00+00:00,DOT/USDT,4h,4.166,4.173,4.134,4.154,38468.867132
1694880000000,2023-09-16T16:00:00+00:00,DOT/USDT,4h,4.154,4.162,4.138,4.143,51655.5086
1694894400000,2023-09-16T20:00:00+00:00,DOT/USDT,4h,4.144,4.188,4.144,4.185,25845.985103
1694908800000,2023-09-17T00:00:00+00:00,DOT/USDT,4h,4.185,4.186,4.11,4.137,115366.338111
1694923200000,2023-09-17T04:00:00+00:00,DOT/USDT,4h,4.137,4.139,4.109,4.11,61988.777369
1694937600000,2023-09-17T08:00:00+00:00,DOT/USDT,4h,4.11,4.142,4.108,4.118,68675.93518
1694952000000,2023-09-17T12:00:00+00:00,DOT/USDT,4h,4.118,4.137,4.112,4.13,39119.508496
1694966400000,2023-09-17T16:00:00+00:00,DOT/USDT,4h,4.129,4.133,4.079,4.099,54371.919411
1694980800000,2023-09-17T20:00:00+00:00,DOT/USDT,4h,4.097,4.1,4.043,4.07,118819.317532
1694995200000,2023-09-18T00:00:00+00:00,DOT/USDT,4h,4.071,4.127,4.014,4.122,157770.21818
1695009600000,2023-09-18T04:00:00+00:00,DOT/USDT,4h,4.124,4.143,4.106,4.125,114515.903661
1695024000000,2023-09-18T08:00:00+00:00,DOT/USDT,4h,4.128,4.203,4.113,4.194,202890.150765
1695038400000,2023-09-18T12:00:00+00:00,DOT/USDT,4h,4.195,4.217,4.173,4.181,250648.237935
1695052800000,2023-09-18T16:00:00+00:00,DOT/USDT,4h,4.18,4.19,4.094,4.126,134743.596954
1695067200000,2023-09-18T20:00:00+00:00,DOT/USDT,4h,4.125,4.13,4.096,4.106,46996.470753
1695081600000,2023-09-19T00:00:00+00:00,DOT/USDT,4h,4.106,4.117,4.077,4.109,53173.176513
1695096000000,2023-09-19T04:00:00+00:00,DOT/USDT,4h,4.108,4.126,4.094,4.096,114665.356606
1695110400000,2023-09-19T08:00:00+00:00,DOT/USDT,4h,4.095,4.169,4.092,4.129,384915.004163
1695124800000,2023-09-19T12:00:00+00:00,DOT/USDT,4h,4.13,4.148,4.084,4.134,128526.597924
1695139200000,2023-09-19T16:00:00+00:00,DOT/USDT,4h,4.135,4.156,4.117,4.141,54336.102408
1695153600000,2023-09-19T20:00:00+00:00,DOT/USDT,4h,4.139,4.165,4.124,4.151,38576.55898
1695168000000,2023-09-20T00:00:00+00:00,DOT/USDT,4h,4.152,4.168,4.121,4.13,92851.45491
1695182400000,2023-09-20T04:00:00+00:00,DOT/USDT,4h,4.13,4.134,4.105,4.117,38508.083181
1695196800000,2023-09-20T08:00:00+00:00,DOT/USDT,4h,4.117,4.134,4.083,4.105,247663.318328
1695211200000,2023-09-20T12:00:00+00:00,DOT/USDT,4h,4.107,4.117,4.075,4.109,108664.252283
1695225600000,2023-09-20T16:00:00+00:00,DOT/USDT,4h,4.108,4.157,4.062,4.104,140831.845251
1695240000000,2023-09-20T20:00:00+00:00,DOT/USDT,4h,4.102,4.155,4.1,4.139,46072.782324
1695254400000,2023-09-21T00:00:00+00:00,DOT/USDT,4h,4.139,4.165,4.127,4.152,67205.880721
1695268800000,2023-09-21T04:00:00+00:00,DOT/USDT,4h,4.151,4.154,4.1,4.109,91268.242585
1695283200000,2023-09-21T08:00:00+00:00,DOT/USDT,4h,4.108,4.119,4.021,4.052,324489.586784
1695297600000,2023-09-21T12:00:00+00:00,DOT/USDT,4h,4.052,4.052,4.005,4.039,101727.827056
1695312000000,2023-09-21T16:00:00+00:00,DOT/USDT,4h,4.039,4.041,4.019,4.027,35451.443893
1695326400000,2023-09-21T20:00:00+00:00,DOT/USDT,4h,4.027,4.028,3.999,4.013,48931.890062
1695340800000,2023-09-22T00:00:00+00:00,DOT/USDT,4h,4.012,4.037,3.976,4.022,69224.725399
1695355200000,2023-09-22T04:00:00+00:00,DOT/USDT,4h,4.023,4.032,4.005,4.024,48825.081805
1695369600000,2023-09-22T08:00:00+00:00,DOT/USDT,4h,4.023,4.032,4.016,4.027,147790.150246
1695384000000,2023-09-22T12:00:00+00:00,DOT/USDT,4h,4.028,4.034,4.002,4.009,150535.146401
1695398400000,2023-09-22T16:00:00+00:00,DOT/USDT,4h,4.007,4.021,3.994,4.005,114363.126131
1695412800000,2023-09-22T20:00:00+00:00,DOT/USDT,4h,4.005,4.028,4.0,4.019,38637.762042
1695427200000,2023-09-23T00:00:00+00:00,DOT/USDT,4h,4.019,4.039,4.003,4.009,61675.453566
1695441600000,2023-09-23T04:00:00+00:00,DOT/USDT,4h,4.009,4.019,4.001,4.013,17970.002978
1695456000000,2023-09-23T08:00:00+00:00,DOT/USDT,4h,4.014,4.017,4.005,4.01,20660.961415
1695470400000,2023-09-23T12:00:00+00:00,DOT/USDT,4h,4.014,4.02,4.0,4.009,20636.779353
1695484800000,2023-09-23T16:00:00+00:00,DOT/USDT,4h,4.009,4.034,4.0,4.031,43714.46491
1695499200000,2023-09-23T20:00:00+00:00,DOT/USDT,4h,4.029,4.035,4.018,4.032,13329.262194
1695513600000,2023-09-24T00:00:00+00:00,DOT/USDT,4h,4.033,4.033,4.009,4.021,28453.352257
1695528000000,2023-09-24T04:00:00+00:00,DOT/USDT,4h,4.02,4.023,4.009,4.016,29477.349487
1695542400000,2023-09-24T08:00:00+00:00,DOT/USDT,4h,4.016,4.045,4.015,4.045,41431.335814
1695556800000,2023-09-24T12:00:00+00:00,DOT/USDT,4h,4.045,4.058,4.036,4.04,52226.567776
1695571200000,2023-09-24T16:00:00+00:00,DOT/USDT,4h,4.042,4.058,4.014,4.015,66580.849868
1695585600000,2023-09-24T20:00:00+00:00,DOT/USDT,4h,4.014,4.031,3.967,3.992,60872.374409
1695600000000,2023-09-25T00:00:00+00:00,DOT/USDT,4h,3.99,4.023,3.947,3.999,67743.870582
1695614400000,2023-09-25T04:00:00+00:00,DOT/USDT,4h,3.999,4.064,3.994,4.061,150141.296229
1695628800000,2023-09-25T08:00:00+00:00,DOT/USDT,4h,4.062,4.07,4.02,4.029,187823.690914
1695643200000,2023-09-25T12:00:00+00:00,DOT/USDT,4h,4.028,4.082,4.024,4.067,144916.536576
1695657600000,2023-09-25T16:00:00+00:00,DOT/USDT,4h,4.069,4.089,4.057,4.069,86672.620536
1695672000000,2023-09-25T20:00:00+00:00,DOT/USDT,4h,4.071,4.081,4.053,4.067,42183.18885
1695686400000,2023-09-26T00:00:00+00:00,DOT/USDT,4h,4.068,4.098,4.057,4.06,183135.55938
1695700800000,2023-09-26T04:00:00+00:00,DOT/USDT,4h,4.06,4.062,4.033,4.045,70679.656018
1695715200000,2023-09-26T08:00:00+00:00,DOT/USDT,4h,4.047,4.051,4.02,4.036,139880.15296
1695729600000,2023-09-26T12:00:00+00:00,DOT/USDT,4h,4.037,4.037,3.998,4.01,246285.795081
1695744000000,2023-09-26T16:00:00+00:00,DOT/USDT,4h,4.01,4.023,3.997,4.016,42851.590677
1695758400000,2023-09-26T20:00:00+00:00,DOT/USDT,4h,4.017,4.02,3.973,4.014,41610.082948
1695772800000,2023-09-27T00:00:00+00:00,DOT/USDT,4h,4.013,4.019,3.985,4.007,68423.845289
1695787200000,2023-09-27T04:00:00+00:00,DOT/USDT,4h,4.008,4.008,3.991,3.999,56149.191686
1695801600000,2023-09-27T08:00:00+00:00,DOT/USDT,4h,4.0,4.07,3.993,4.058,356880.307647
1695816000000,2023-09-27T12:00:00+00:00,DOT/USDT,4h,4.061,4.073,3.977,4.007,205806.416412
1695830400000,2023-09-27T16:00:00+00:00,DOT/USDT,4h,4.008,4.014,3.985,3.995,68792.212181
1695844800000,2023-09-27T20:00:00+00:00,DOT/USDT,4h,3.996,4.003,3.969,3.992,62277.996955
1695859200000,2023-09-28T00:00:00+00:00,DOT/USDT,4h,3.992,4.014,3.986,3.992,46648.003883
1695873600000,2023-09-28T04:00:00+00:00,DOT/USDT,4h,3.994,4.034,3.982,4.025,105290.752856
1695888000000,2023-09-28T08:00:00+00:00,DOT/USDT,4h,4.025,4.048,4.011,4.041,200993.414005
1695902400000,2023-09-28T12:00:00+00:00,DOT/USDT,4h,4.041,4.083,4.036,4.078,180763.635256
1695916800000,2023-09-28T16:00:00+00:00,DOT/USDT,4h,4.078,4.1,4.052,4.079,80238.68998
1695931200000,2023-09-28T20:00:00+00:00,DOT/USDT,4h,4.081,4.088,4.054,4.073,31011.133242
1695945600000,2023-09-29T00:00:00+00:00,DOT/USDT,4h,4.074,4.086,4.059,4.075,45308.157226
1695960000000,2023-09-29T04:00:00+00:00,DOT/USDT,4h,4.075,4.12,4.066,4.109,188758.079374
1695974400000,2023-09-29T08:00:00+00:00,DOT/USDT,4h,4.109,4.112,4.074,4.078,180051.171234
1695988800000,2023-09-29T12:00:00+00:00,DOT/USDT,4h,4.078,4.109,4.053,4.094,277831.4747
1696003200000,2023-09-29T16:00:00+00:00,DOT/USDT,4h,4.095,4.096,4.067,4.077,68250.687357
1696017600000,2023-09-29T20:00:00+00:00,DOT/USDT,4h,4.078,4.085,4.07,4.075,23890.943463
1696032000000,2023-09-30T00:00:00+00:00,DOT/USDT,4h,4.075,4.087,4.071,4.076,28133.882092
1696046400000,2023-09-30T04:00:00+00:00,DOT/USDT,4h,4.077,4.089,4.075,4.078,27286.965598
1696060800000,2023-09-30T08:00:00+00:00,DOT/USDT,4h,4.077,4.094,4.075,4.083,53355.356104
1696075200000,2023-09-30T12:00:00+00:00,DOT/USDT,4h,4.083,4.112,4.083,4.098,89369.610234
1696089600000,2023-09-30T16:00:00+00:00,DOT/USDT,4h,4.1,4.112,4.088,4.107,47495.037363
1696104000000,2023-09-30T20:00:00+00:00,DOT/USDT,4h,4.108,4.118,4.095,4.105,28633.73515
1696118400000,2023-10-01T00:00:00+00:00,DOT/USDT,4h,4.104,4.125,4.102,4.116,101938.968309
1696132800000,2023-10-01T04:00:00+00:00,DOT/USDT,4h,4.117,4.158,4.109,4.141,42297.429478
1696147200000,2023-10-01T08:00:00+00:00,DOT/USDT,4h,4.139,4.21,4.132,4.2,170783.308521
1696161600000,2023-10-01T12:00:00+00:00,DOT/USDT,4h,4.2,4.214,4.182,4.189,62311.035225
1696176000000,2023-10-01T16:00:00+00:00,DOT/USDT,4h,4.192,4.196,4.159,4.196,160723.570809
1696190400000,2023-10-01T20:00:00+00:00,DOT/USDT,4h,4.195,4.289,4.187,4.262,157789.909458
1696204800000,2023-10-02T00:00:00+00:00,DOT/USDT,4h,4.266,4.279,4.239,4.265,95716.655002
1696219200000,2023-10-02T04:00:00+00:00,DOT/USDT,4h,4.267,4.29,4.244,4.277,142200.867774
1696233600000,2023-10-02T08:00:00+00:00,DOT/USDT,4h,4.278,4.299,4.227,4.23,64726.10029
1696248000000,2023-10-02T12:00:00+00:00,DOT/USDT,4h,4.23,4.257,4.148,4.167,119238.412878
1696262400000,2023-10-02T16:00:00+00:00,DOT/USDT,4h,4.165,4.195,4.057,4.155,230227.11409
1696276800000,2023-10-02T20:00:00+00:00,DOT/USDT,4h,4.154,4.158,4.084,4.119,55751.017968
1696291200000,2023-10-03T00:00:00+00:00,DOT/USDT,4h,4.12,4.161,4.115,4.158,62218.133865
1696305600000,2023-10-03T04:00:00+00:00,DOT/USDT,4h,4.159,4.159,4.121,4.124,41355.890576
1696320000000,2023-10-03T08:00:00+00:00,DOT/USDT,4h,4.124,4.147,4.123,4.135,36874.998238
1696334400000,2023-10-03T12:00:00+00:00,DOT/USDT,4h,4.134,4.139,4.074,4.084,80686.223671
1696348800000,2023-10-03T16:00:00+00:00,DOT/USDT,4h,4.083,4.101,4.045,4.065,75909.410733
1696363200000,2023-10-03T20:00:00+00:00,DOT/USDT,4h,4.066,4.087,4.053,4.076,68539.601435
1696377600000,2023-10-04T00:00:00+00:00,DOT/USDT,4h,4.076,4.076,3.957,4.034,216069.468616
1696392000000,2023-10-04T04:00:00+00:00,DOT/USDT,4h,4.034,4.05,4.005,4.048,133237.602906
1696406400000,2023-10-04T08:00:00+00:00,DOT/USDT,4h,4.048,4.059,4.031,4.039,53843.871981
1696420800000,2023-10-04T12:00:00+00:00,DOT/USDT,4h,4.041,4.051,3.99,4.011,55940.96754
1696435200000,2023-10-04T16:00:00+00:00,DOT/USDT,4h,4.01,4.059,4.0,4.035,78882.003148
1696449600000,2023-10-04T20:00:00+00:00,DOT/USDT,4h,4.035,4.054,4.028,4.043,32090.98445
1696464000000,2023-10-05T00:00:00+00:00,DOT/USDT,4h,4.043,4.054,4.023,4.035,27828.561571
1696478400000,2023-10-05T04:00:00+00:00,DOT/USDT,4h,4.032,4.052,4.028,4.038,20916.973964
1696492800000,2023-10-05T08:00:00+00:00,DOT/USDT,4h,4.037,4.082,4.022,4.048,76907.404261
1696507200000,2023-10-05T12:00:00+00:00,DOT/USDT,4h,4.048,4.074,4.0,4.025,187864.490748
1696521600000,2023-10-05T16:00:00+00:00,DOT/USDT,4h,4.024,4.037,4.004,4.019,61406.547595
1696536000000,2023-10-05T20:00:00+00:00,DOT/USDT,4h,4.018,4.031,4.014,4.021,16336.346891
1696550400000,2023-10-06T00:00:00+00:00,DOT/USDT,4h,4.024,4.054,4.021,4.038,74272.007995
1696564800000,2023-10-06T04:00:00+00:00,DOT/USDT,4h,4.039,4.058,4.032,4.055,24870.076381
1696579200000,2023-10-06T08:00:00+00:00,DOT/USDT,4h,4.055,4.057,4.032,4.035,30532.617161
1696593600000,2023-10-06T12:00:00+00:00,DOT/USDT,4h,4.035,4.077,3.996,4.063,108595.540975
1696608000000,2023-10-06T16:00:00+00:00,DOT/USDT,4h,4.063,4.092,4.054,4.072,47286.593331
1696622400000,2023-10-06T20:00:00+00:00,DOT/USDT,4h,4.075,4.1,4.064,4.069,45323.803871
1696636800000,2023-10-07T00:00:00+00:00,DOT/USDT,4h,4.069,4.075,4.061,4.068,42674.567595
1696651200000,2023-10-07T04:00:00+00:00,DOT/USDT,4h,4.067,4.099,4.066,4.096,42830.196596
1696665600000,2023-10-07T08:00:00+00:00,DOT/USDT,4h,4.098,4.111,4.086,4.088,39097.860119
1696680000000,2023-10-07T12:00:00+00:00,DOT/USDT,4h,4.088,4.093,4.073,4.077,43841.894622
1696694400000,2023-10-07T16:00:00+00:00,DOT/USDT,4h,4.077,4.078,4.046,4.051,21491.124401
1696708800000,2023-10-07T20:00:00+00:00,DOT/USDT,4h,4.051,4.057,4.05,4.052,9216.757028
1696723200000,2023-10-08T00:00:00+00:00,DOT/USDT,4h,4.052,4.072,4.051,4.071,23010.485489
1696737600000,2023-10-08T04:00:00+00:00,DOT/USDT,4h,4.072,4.072,4.028,4.034,53665.899893
1696752000000,2023-10-08T08:00:00+00:00,DOT/USDT,4h,4.034,4.034,4.002,4.013,74056.207278
1696766400000,2023-10-08T12:00:00+00:00,DOT/USDT,4h,4.013,4.038,4.006,4.021,79963.615603
1696780800000,2023-10-08T16:00:00+00:00,DOT/USDT,4h,4.02,4.03,4.013,4.016,34820.372218
1696795200000,2023-10-08T20:00:00+00:00,DOT/USDT,4h,4.016,4.022,4.0,4.012,29988.548472
1696809600000,2023-10-09T00:00:00+00:00,DOT/USDT,4h,4.011,4.029,4.0,4.026,33576.353416
1696824000000,2023-10-09T04:00:00+00:00,DOT/USDT,4h,4.024,4.025,3.984,3.99,91940.80012
1696838400000,2023-10-09T08:00:00+00:00,DOT/USDT,4h,3.99,3.991,3.767,3.847,767133.577555
1696852800000,2023-10-09T12:00:00+00:00,DOT/USDT,4h,3.84,3.871,3.836,3.847,109287.842319
1696867200000,2023-10-09T16:00:00+00:00,DOT/USDT,4h,3.848,3.863,3.753,3.856,216691.168799
1696881600000,2023-10-09T20:00:00+00:00,DOT/USDT,4h,3.856,3.879,3.826,3.879,100323.572623
1696896000000,2023-10-10T00:00:00+00:00,DOT/USDT,4h,3.879,3.896,3.821,3.854,92515.482346
1696910400000,2023-10-10T04:00:00+00:00,DOT/USDT,4h,3.855,3.863,3.834,3.838,62933.214975
1696924800000,2023-10-10T08:00:00+00:00,DOT/USDT,4h,3.838,3.856,3.808,3.812,149614.986217
1696939200000,2023-10-10T12:00:00+00:00,DOT/USDT,4h,3.812,3.838,3.8,3.809,97874.549522
1696953600000,2023-10-10T16:00:00+00:00,DOT/USDT,4h,3.809,3.822,3.797,3.816,48868.084202
1696968000000,2023-10-10T20:00:00+00:00,DOT/USDT,4h,3.817,3.827,3.771,3.811,77309.513937
1696982400000,2023-10-11T00:00:00+00:00,DOT/USDT,4h,3.813,3.823,3.709,3.746,190514.944183
1696996800000,2023-10-11T04:00:00+00:00,DOT/USDT,4h,3.746,3.769,3.737,3.738,105425.175497
1697011200000,2023-10-11T08:00:00+00:00,DOT/USDT,4h,3.739,3.78,3.735,3.768,88128.678914
1697025600000,2023-10-11T12:00:00+00:00,DOT/USDT,4h,3.768,3.788,3.712,3.733,170475.1057
1697040000000,2023-10-11T16:00:00+00:00,DOT/USDT,4h,3.732,3.741,3.7,3.723,116529.123783
1697054400000,2023-10-11T20:00:00+00:00,DOT/USDT,4h,3.722,3.741,3.704,3.74,42042.188398
1697068800000,2023-10-12T00:00:00+00:00,DOT/USDT,4h,3.74,3.742,3.702,3.722,56815.992682
1697083200000,2023-10-12T04:00:00+00:00,DOT/USDT,4h,3.723,3.732,3.706,3.709,44858.268295
1697097600000,2023-10-12T08:00:00+00:00,DOT/USDT,4h,3.711,3.715,3.62,3.693,236928.234907
1697112000000,2023-10-12T12:00:00+00:00,DOT/USDT,4h,3.692,3.696,3.651,3.664,94406.081197
1697126400000,2023-10-12T16:00:00+00:00,DOT/USDT,4h,3.667,3.676,3.622,3.666,173154.084703
1697140800000,2023-10-12T20:00:00+00:00,DOT/USDT,4h,3.666,3.678,3.65,3.677,46681.435576
1697155200000,2023-10-13T00:00:00+00:00,DOT/USDT,4h,3.676,3.692,3.672,3.678,89973.702639
1697169600000,2023-10-13T04:00:00+00:00,DOT/USDT,4h,3.679,3.698,3.668,3.693,39838.554136
1697184000000,2023-10-13T08:00:00+00:00,DOT/USDT,4h,3.695,3.696,3.68,3.69,50557.155034
1697198400000,2023-10-13T12:00:00+00:00,DOT/USDT,4h,3.69,3.719,3.674,3.687,102159.372333
1697212800000,2023-10-13T16:00:00+00:00,DOT/USDT,4h,3.688,3.709,3.687,3.704,66369.383047
1697227200000,2023-10-13T20:00:00+00:00,DOT/USDT,4h,3.708,3.776,3.708,3.721,113529.70896
1697241600000,2023-10-14T00:00:00+00:00,DOT/USDT,4h,3.721,3.744,3.718,3.74,28346.120411
1697256000000,2023-10-14T04:00:00+00:00,DOT/USDT,4h,3.74,3.744,3.717,3.726,39822.278992
1697270400000,2023-10-14T08:00:00+00:00,DOT/USDT,4h,3.727,3.736,3.722,3.734,23510.674639
1697284800000,2023-10-14T12:00:00+00:00,DOT/USDT,4h,3.737,3.76,3.733,3.758,69145.395272
1697299200000,2023-10-14T16:00:00+00:00,DOT/USDT,4h,3.758,3.762,3.732,3.738,55929.079263
1697313600000,2023-10-14T20:00:00+00:00,DOT/USDT,4h,3.738,3.748,3.731,3.733,43947.963409
1697328000000,2023-10-15T00:00:00+00:00,DOT/USDT,4h,3.734,3.748,3.726,3.729,44635.739374
1697342400000,2023-10-15T04:00:00+00:00,DOT/USDT,4h,3.729,3.731,3.706,3.717,85280.248837
1697356800000,2023-10-15T08:00:00+00:00,DOT/USDT,4h,3.717,3.776,3.714,3.743,160525.005048
1697371200000,2023-10-15T12:00:00+00:00,DOT/USDT,4h,3.741,3.758,3.728,3.739,83876.78615
1697385600000,2023-10-15T16:00:00+00:00,DOT/USDT,4h,3.74,3.767,3.737,3.76,41030.323356
1697400000000,2023-10-15T20:00:00+00:00,DOT/USDT,4h,3.76,3.776,3.748,3.752,100014.433245
1697414400000,2023-10-16T00:00:00+00:00,DOT/USDT,4h,3.751,3.761,3.737,3.756,61226.584404
1697428800000,2023-10-16T04:00:00+00:00,DOT/USDT,4h,3.758,3.821,3.752,3.8,178073.787388
1697443200000,2023-10-16T08:00:00+00:00,DOT/USDT,4h,3.801,3.809,3.754,3.785,94526.969285
1697457600000,2023-10-16T12:00:00+00:00,DOT/USDT,4h,3.787,3.905,3.737,3.763,521452.450849
1697472000000,2023-10-16T16:00:00+00:00,DOT/USDT,4h,3.764,3.801,3.752,3.784,93955.655351
1697486400000,2023-10-16T20:00:00+00:00,DOT/USDT,4h,3.784,3.815,3.77,3.776,66516.122782
1697500800000,2023-10-17T00:00:00+00:00,DOT/USDT,4h,3.778,3.78,3.738,3.74,143815.525722
1697515200000,2023-10-17T04:00:00+00:00,DOT/USDT,4h,3.74,3.753,3.727,3.75,68003.471494
1697529600000,2023-10-17T08:00:00+00:00,DOT/USDT,4h,3.749,3.752,3.721,3.73,69803.68295
1697544000000,2023-10-17T12:00:00+00:00,DOT/USDT,4h,3.731,3.731,3.632,3.696,146435.743043
1697558400000,2023-10-17T16:00:00+00:00,DOT/USDT,4h,3.695,3.704,3.645,3.674,166258.166102
1697572800000,2023-10-17T20:00:00+00:00,DOT/USDT,4h,3.675,3.675,3.657,3.67,233723.01255
1697587200000,2023-10-18T00:00:00+00:00,DOT/USDT,4h,3.671,3.671,3.648,3.665,146083.479701
1697601600000,2023-10-18T04:00:00+00:00,DOT/USDT,4h,3.665,3.708,3.661,3.674,223119.179808
1697616000000,2023-10-18T08:00:00+00:00,DOT/USDT,4h,3.674,3.722,3.668,3.697,164057.810412
1697630400000,2023-10-18T12:00:00+00:00,DOT/USDT,4h,3.699,3.701,3.662,3.683,75412.168272
1697644800000,2023-10-18T16:00:00+00:00,DOT/USDT,4h,3.683,3.689,3.651,3.654,62601.277749
1697659200000,2023-10-18T20:00:00+00:00,DOT/USDT,4h,3.654,3.665,3.628,3.652,89989.85623
1697673600000,2023-10-19T00:00:00+00:00,DOT/USDT,4h,3.651,3.658,3.557,3.615,262608.609436
1697688000000,2023-10-19T04:00:00+00:00,DOT/USDT,4h,3.615,3.624,3.603,3.616,61456.040896
1697702400000,2023-10-19T08:00:00+00:00,DOT/USDT,4h,3.617,3.631,3.606,3.624,93249.243093
1697716800000,2023-10-19T12:00:00+00:00,DOT/USDT,4h,3.625,3.649,3.617,3.632,63281.729017
1697731200000,2023-10-19T16:00:00+00:00,DOT/USDT,4h,3.632,3.66,3.612,3.642,96472.430243
1697745600000,2023-10-19T20:00:00+00:00,DOT/USDT,4h,3.643,3.661,3.628,3.649,80496.626949
1697760000000,2023-10-20T00:00:00+00:00,DOT/USDT,4h,3.649,3.716,3.638,3.707,147031.311411
1697774400000,2023-10-20T04:00:00+00:00,DOT/USDT,4h,3.71,3.74,3.697,3.724,163705.798672
1697788800000,2023-10-20T08:00:00+00:00,DOT/USDT,4h,3.724,3.804,3.724,3.757,324887.646995
1697803200000,2023-10-20T12:00:00+00:00,DOT/USDT,4h,3.758,3.769,3.699,3.711,237082.019743
1697817600000,2023-10-20T16:00:00+00:00,DOT/USDT,4h,3.712,3.717,3.676,3.712,135697.151026
1697832000000,2023-10-20T20:00:00+00:00,DOT/USDT,4h,3.713,3.731,3.709,3.717,37869.835956
1697846400000,2023-10-21T00:00:00+00:00,DOT/USDT,4h,3.718,3.739,3.708,3.723,63993.593073
1697860800000,2023-10-21T04:00:00+00:00,DOT/USDT,4h,3.723,3.769,3.722,3.764,110393.68002
1697875200000,2023-10-21T08:00:00+00:00,DOT/USDT,4h,3.765,3.817,3.751,3.81,191018.359328
1697889600000,2023-10-21T12:00:00+00:00,DOT/USDT,4h,3.811,3.877,3.78,3.863,291794.940109
1697904000000,2023-10-21T16:00:00+00:00,DOT/USDT,4h,3.863,3.979,3.85,3.941,328071.303665
1697918400000,2023-10-21T20:00:00+00:00,DOT/USDT,4h,3.941,3.956,3.892,3.907,119398.529658
1697932800000,2023-10-22T00:00:00+00:00,DOT/USDT,4h,3.91,3.954,3.86,3.874,156671.864629
1697947200000,2023-10-22T04:00:00+00:00,DOT/USDT,4h,3.874,3.94,3.817,3.87,336402.824441
1697961600000,2023-10-22T08:00:00+00:00,DOT/USDT,4h,3.87,3.88,3.82,3.827,102760.911101
1697976000000,2023-10-22T12:00:00+00:00,DOT/USDT,4h,3.832,3.859,3.81,3.819,70095.875033
1697990400000,2023-10-22T16:00:00+00:00,DOT/USDT,4h,3.819,3.902,3.815,3.854,160363.707575
1698004800000,2023-10-22T20:00:00+00:00,DOT/USDT,4h,3.854,3.973,3.854,3.966,117053.590459
1698019200000,2023-10-23T00:00:00+00:00,DOT/USDT,4h,3.966,4.041,3.948,4.033,360893.450153
1698033600000,2023-10-23T04:00:00+00:00,DOT/USDT,4h,4.034,4.057,3.941,3.967,299330.044944
1698048000000,2023-10-23T08:00:00+00:00,DOT/USDT,4h,3.967,4.035,3.918,4.033,435662.221513
1698062400000,2023-10-23T12:00:00+00:00,DOT/USDT,4h,4.033,4.133,3.975,4.095,384720.978397
1698076800000,2023-10-23T16:00:00+00:00,DOT/USDT,4h,4.095,4.199,4.079,4.197,456906.308183
1698091200000,2023-10-23T20:00:00+00:00,DOT/USDT,4h,4.195,4.373,4.169,4.358,715426.190201
1698105600000,2023-10-24T00:00:00+00:00,DOT/USDT,4h,4.358,4.422,4.298,4.298,696689.276692
1698120000000,2023-10-24T04:00:00+00:00,DOT/USDT,4h,4.298,4.394,4.214,4.254,418997.032827
1698134400000,2023-10-24T08:00:00+00:00,DOT/USDT,4h,4.253,4.315,4.241,4.296,388533.177229
1698148800000,2023-10-24T12:00:00+00:00,DOT/USDT,4h,4.296,4.38,4.098,4.154,680678.753025
1698163200000,2023-10-24T16:00:00+00:00,DOT/USDT,4h,4.153,4.227,4.12,4.181,274308.50984
1698177600000,2023-10-24T20:00:00+00:00,DOT/USDT,4h,4.18,4.223,4.142,4.188,214440.502295
1698192000000,2023-10-25T00:00:00+00:00,DOT/USDT,4h,4.188,4.281,4.165,4.206,166627.159426
1698206400000,2023-10-25T04:00:00+00:00,DOT/USDT,4h,4.207,4.26,4.138,4.179,284404.752091
1698220800000,2023-10-25T08:00:00+00:00,DOT/USDT,4h,4.181,4.232,4.149,4.2,393136.458059
1698235200000,2023-10-25T12:00:00+00:00,DOT/USDT,4h,4.199,4.337,4.199,4.332,295418.02281
1698249600000,2023-10-25T16:00:00+00:00,DOT/USDT,4h,4.333,4.355,4.239,4.325,186781.284951
1698264000000,2023-10-25T20:00:00+00:00,DOT/USDT,4h,4.323,4.328,4.245,4.289,102961.760138
1698278400000,2023-10-26T00:00:00+00:00,DOT/USDT,4h,4.292,4.366,4.27,4.366,120849.162491
1698292800000,2023-10-26T04:00:00+00:00,DOT/USDT,4h,4.367,4.385,4.247,4.385,281335.345053
1698307200000,2023-10-26T08:00:00+00:00,DOT/USDT,4h,4.381,4.448,4.266,4.308,507236.572267
1698321600000,2023-10-26T12:00:00+00:00,DOT/USDT,4h,4.302,4.355,4.145,4.201,416369.543991
1698336000000,2023-10-26T16:00:00+00:00,DOT/USDT,4h,4.201,4.242,4.168,4.238,186711.884271
1698350400000,2023-10-26T20:00:00+00:00,DOT/USDT,4h,4.236,4.251,4.207,4.234,58602.627779
1698364800000,2023-10-27T00:00:00+00:00,DOT/USDT,4h,4.235,4.238,4.12,4.177,172083.610543
1698379200000,2023-10-27T04:00:00+00:00,DOT/USDT,4h,4.18,4.191,4.122,4.124,87477.415372
1698393600000,2023-10-27T08:00:00+00:00,DOT/USDT,4h,4.125,4.178,4.104,4.119,132948.240397
1698408000000,2023-10-27T12:00:00+00:00,DOT/USDT,4h,4.12,4.186,4.105,4.164,208355.259242
1698422400000,2023-10-27T16:00:00+00:00,DOT/USDT,4h,4.164,4.177,4.043,4.122,255460.851291
1698436800000,2023-10-27T20:00:00+00:00,DOT/USDT,4h,4.122,4.152,4.117,4.137,76011.067992
1698451200000,2023-10-28T00:00:00+00:00,DOT/USDT,4h,4.133,4.2,4.131,4.198,59111.040563
1698465600000,2023-10-28T04:00:00+00:00,DOT/USDT,4h,4.199,4.208,4.167,4.178,99218.559168
1698480000000,2023-10-28T08:00:00+00:00,DOT/USDT,4h,4.178,4.224,4.171,4.199,93965.172159
1698494400000,2023-10-28T12:00:00+00:00,DOT/USDT,4h,4.2,4.206,4.15,4.191,140488.654944
1698508800000,2023-10-28T16:00:00+00:00,DOT/USDT,4h,4.192,4.192,4.151,4.154,75632.007804
1698523200000,2023-10-28T20:00:00+00:00,DOT/USDT,4h,4.154,4.197,4.153,4.182,45250.244938
1698537600000,2023-10-29T00:00:00+00:00,DOT/USDT,4h,4.182,4.194,4.125,4.163,104190.218717
1698552000000,2023-10-29T04:00:00+00:00,DOT/USDT,4h,4.164,4.185,4.154,4.178,73346.632357
1698566400000,2023-10-29T08:00:00+00:00,DOT/USDT,4h,4.177,4.208,4.171,4.195,72111.423119
1698580800000,2023-10-29T12:00:00+00:00,DOT/USDT,4h,4.196,4.288,4.192,4.267,172752.972271
1698595200000,2023-10-29T16:00:00+00:00,DOT/USDT,4h,4.268,4.3,4.241,4.291,121189.164472
1698609600000,2023-10-29T20:00:00+00:00,DOT/USDT,4h,4.292,4.354,4.282,4.316,118711.746103
1698624000000,2023-10-30T00:00:00+00:00,DOT/USDT,4h,4.317,4.336,4.269,4.279,152109.706431
1698638400000,2023-10-30T04:00:00+00:00,DOT/USDT,4h,4.28,4.295,4.234,4.245,97357.123543
1698652800000,2023-10-30T08:00:00+00:00,DOT/USDT,4h,4.245,4.368,4.236,4.328,376279.453332
1698667200000,2023-10-30T12:00:00+00:00,DOT/USDT,4h,4.327,4.359,4.306,4.356,208724.021643
1698681600000,2023-10-30T16:00:00+00:00,DOT/USDT,4h,4.356,4.376,4.268,4.373,170538.359055
1698696000000,2023-10-30T20:00:00+00:00,DOT/USDT,4h,4.377,4.532,4.336,4.523,391609.426928
1698710400000,2023-10-31T00:00:00+00:00,DOT/USDT,4h,4.525,4.61,4.477,4.483,533995.573392
1698724800000,2023-10-31T04:00:00+00:00,DOT/USDT,4h,4.483,4.54,4.421,4.425,304875.319445
1698739200000,2023-10-31T08:00:00+00:00,DOT/USDT,4h,4.428,4.515,4.384,4.503,231784.025578
1698753600000,2023-10-31T12:00:00+00:00,DOT/USDT,4h,4.502,4.502,4.265,4.36,493645.976668
1698768000000,2023-10-31T16:00:00+00:00,DOT/USDT,4h,4.363,4.462,4.341,4.425,364326.307454
1698782400000,2023-10-31T20:00:00+00:00,DOT/USDT,4h,4.425,4.467,4.407,4.449,162542.351791
1698796800000,2023-11-01T00:00:00+00:00,DOT/USDT,4h,4.449,4.497,4.405,4.419,132377.146139
1698811200000,2023-11-01T04:00:00+00:00,DOT/USDT,4h,4.42,4.428,4.339,4.366,165991.042073
1698825600000,2023-11-01T08:00:00+00:00,DOT/USDT,4h,4.367,4.385,4.326,4.359,97561.558544
1698840000000,2023-11-01T12:00:00+00:00,DOT/USDT,4h,4.359,4.451,4.323,4.362,272908.210897
1698854400000,2023-11-01T16:00:00+00:00,DOT/USDT,4h,4.362,4.759,4.359,4.672,715212.035616
1698868800000,2023-11-01T20:00:00+00:00,DOT/USDT,4h,4.671,4.806,4.671,4.728,615116.723343
1698883200000,2023-11-02T00:00:00+00:00,DOT/USDT,4h,4.728,4.798,4.703,4.744,324109.745391
1698897600000,2023-11-02T04:00:00+00:00,DOT/USDT,4h,4.747,4.754,4.615,4.652,317644.543902
1698912000000,2023-11-02T08:00:00+00:00,DOT/USDT,4h,4.647,4.748,4.603,4.701,296872.186414
1698926400000,2023-11-02T12:00:00+00:00,DOT/USDT,4h,4.697,4.787,4.573,4.588,571747.531236
1698940800000,2023-11-02T16:00:00+00:00,DOT/USDT,4h,4.589,4.683,4.513,4.669,484583.441514
1698955200000,2023-11-02T20:00:00+00:00,DOT/USDT,4h,4.667,4.676,4.589,4.63,139736.125097
1698969600000,2023-11-03T00:00:00+00:00,DOT/USDT,4h,4.63,4.63,4.457,4.516,645118.452498
1698984000000,2023-11-03T04:00:00+00:00,DOT/USDT,4h,4.517,4.562,4.467,4.555,157130.631877
1698998400000,2023-11-03T08:00:00+00:00,DOT/USDT,4h,4.556,4.586,4.482,4.53,184871.196705
1699012800000,2023-11-03T12:00:00+00:00,DOT/USDT,4h,4.527,4.639,4.499,4.621,274649.008706
1699027200000,2023-11-03T16:00:00+00:00,DOT/USDT,4h,4.624,4.643,4.557,4.587,153244.729906
1699041600000,2023-11-03T20:00:00+00:00,DOT/USDT,4h,4.581,4.63,4.574,4.611,121149.192
1699056000000,2023-11-04T00:00:00+00:00,DOT/USDT,4h,4.611,4.639,4.584,4.631,155725.467031
1699070400000,2023-11-04T04:00:00+00:00,DOT/USDT,4h,4.631,4.674,4.607,4.647,153479.544214
1699084800000,2023-11-04T08:00:00+00:00,DOT/USDT,4h,4.647,4.669,4.625,4.637,137227.288577
1699099200000,2023-11-04T12:00:00+00:00,DOT/USDT,4h,4.635,4.78,4.628,4.643,482008.554841
1699113600000,2023-11-04T16:00:00+00:00,DOT/USDT,4h,4.643,4.675,4.638,4.666,170671.701948
1699128000000,2023-11-04T20:00:00+00:00,DOT/USDT,4h,4.667,4.726,4.636,4.683,95690.707996
1699142400000,2023-11-05T00:00:00+00:00,DOT/USDT,4h,4.684,4.77,4.654,4.757,283782.108546
1699156800000,2023-11-05T04:00:00+00:00,DOT/USDT,4h,4.762,4.84,4.737,4.793,400015.215414
1699171200000,2023-11-05T08:00:00+00:00,DOT/USDT,4h,4.793,4.829,4.744,4.805,368218.306638
1699185600000,2023-11-05T12:00:00+00:00,DOT/USDT,4h,4.808,4.91,4.702,4.776,606914.313986
1699200000000,2023-11-05T16:00:00+00:00,DOT/USDT,4h,4.777,4.87,4.764,4.809,178466.144744
1699214400000,2023-11-05T20:00:00+00:00,DOT/USDT,4h,4.809,4.839,4.653,4.763,279310.491881
1699228800000,2023-11-06T00:00:00+00:00,DOT/USDT,4h,4.762,4.85,4.748,4.789,252284.28068
1699243200000,2023-11-06T04:00:00+00:00,DOT/USDT,4h,4.791,4.804,4.677,4.779,225924.050185
1699257600000,2023-11-06T08:00:00+00:00,DOT/USDT,4h,4.779,4.899,4.744,4.871,325003.960449
1699272000000,2023-11-06T12:00:00+00:00,DOT/USDT,4h,4.871,4.899,4.808,4.869,370975.808889
1699286400000,2023-11-06T16:00:00+00:00,DOT/USDT,4h,4.868,4.96,4.819,4.922,407040.788841
1699300800000,2023-11-06T20:00:00+00:00,DOT/USDT,4h,4.922,4.995,4.887,4.968,203589.824843
1699315200000,2023-11-07T00:00:00+00:00,DOT/USDT,4h,4.969,4.994,4.855,4.942,324480.87206
1699329600000,2023-11-07T04:00:00+00:00,DOT/USDT,4h,4.942,5.0,4.906,4.966,464880.452404
1699344000000,2023-11-07T08:00:00+00:00,DOT/USDT,4h,4.967,4.983,4.842,4.87,350864.731353
1699358400000,2023-11-07T12:00:00+00:00,DOT/USDT,4h,4.871,4.916,4.72,4.784,415531.348279
1699372800000,2023-11-07T16:00:00+00:00,DOT/USDT,4h,4.788,4.942,4.72,4.91,344320.210974
1699387200000,2023-11-07T20:00:00+00:00,DOT/USDT,4h,4.916,4.988,4.9,4.925,300608.252985
1699401600000,2023-11-08T00:00:00+00:00,DOT/USDT,4h,4.925,4.951,4.859,4.876,156507.14684
1699416000000,2023-11-08T04:00:00+00:00,DOT/USDT,4h,4.878,4.952,4.867,4.906,179958.761951
1699430400000,2023-11-08T08:00:00+00:00,DOT/USDT,4h,4.905,4.961,4.892,4.937,174877.054234
1699444800000,2023-11-08T12:00:00+00:00,DOT/USDT,4h,4.937,5.094,4.916,4.95,989171.788415
1699459200000,2023-11-08T16:00:00+00:00,DOT/USDT,4h,4.946,5.054,4.936,5.051,302243.899301
1699473600000,2023-11-08T20:00:00+00:00,DOT/USDT,4h,5.052,5.085,4.994,5.033,204280.781744
1699488000000,2023-11-09T00:00:00+00:00,DOT/USDT,4h,5.032,5.14,5.013,5.107,263305.128829
1699502400000,2023-11-09T04:00:00+00:00,DOT/USDT,4h,5.109,5.154,5.08,5.082,207027.470855
1699516800000,2023-11-09T08:00:00+00:00,DOT/USDT,4h,5.082,5.16,5.059,5.101,246196.024517
1699531200000,2023-11-09T12:00:00+00:00,DOT/USDT,4h,5.099,5.263,5.071,5.15,676118.091105
1699545600000,2023-11-09T16:00:00+00:00,DOT/USDT,4h,5.151,5.184,4.446,4.879,1644002.441775
1699560000000,2023-11-09T20:00:00+00:00,DOT/USDT,4h,4.874,5.101,4.776,5.087,294678.192844
1699574400000,2023-11-10T00:00:00+00:00,DOT/USDT,4h,5.092,5.213,5.07,5.109,415655.627633
1699588800000,2023-11-10T04:00:00+00:00,DOT/USDT,4h,5.107,5.153,5.064,5.084,201589.534815
1699603200000,2023-11-10T08:00:00+00:00,DOT/USDT,4h,5.084,5.196,4.999,5.178,380317.996553
1699617600000,2023-11-10T12:00:00+00:00,DOT/USDT,4h,5.181,5.184,4.944,5.03,468957.262294
1699632000000,2023-11-10T16:00:00+00:00,DOT/USDT,4h,5.031,5.198,5.027,5.15,392137.448049
1699646400000,2023-11-10T20:00:00+00:00,DOT/USDT,4h,5.152,5.316,5.127,5.3,365425.232823
1699660800000,2023-11-11T00:00:00+00:00,DOT/USDT,4h,5.3,5.343,5.183,5.191,565415.540755
1699675200000,2023-11-11T04:00:00+00:00,DOT/USDT,4h,5.189,5.263,5.087,5.212,394264.792579
1699689600000,2023-11-11T08:00:00+00:00,DOT/USDT,4h,5.214,5.353,5.189,5.259,388030.642646
1699704000000,2023-11-11T12:00:00+00:00,DOT/USDT,4h,5.259,5.499,5.233,5.472,914379.931828
1699718400000,2023-11-11T16:00:00+00:00,DOT/USDT,4h,5.474,5.67,5.473,5.656,803929.876552
1699732800000,2023-11-11T20:00:00+00:00,DOT/USDT,4h,5.656,5.682,5.477,5.555,578160.17768
1699747200000,2023-11-12T00:00:00+00:00,DOT/USDT,4h,5.559,5.638,5.344,5.601,523528.66829
1699761600000,2023-11-12T04:00:00+00:00,DOT/USDT,4h,5.6,5.755,5.487,5.713,637569.914336
1699776000000,2023-11-12T08:00:00+00:00,DOT/USDT,4h,5.715,5.857,5.675,5.799,498155.265213
1699790400000,2023-11-12T12:00:00+00:00,DOT/USDT,4h,5.806,5.829,5.671,5.766,648206.403979
1699804800000,2023-11-12T16:00:00+00:00,DOT/USDT,4h,5.767,5.78,5.639,5.716,173442.093633
1699819200000,2023-11-12T20:00:00+00:00,DOT/USDT,4h,5.704,5.822,5.648,5.707,188213.861138
1699833600000,2023-11-13T00:00:00+00:00,DOT/USDT,4h,5.709,5.888,5.624,5.654,484327.611614
1699848000000,2023-11-13T04:00:00+00:00,DOT/USDT,4h,5.653,5.762,5.539,5.706,344155.680885
1699862400000,2023-11-13T08:00:00+00:00,DOT/USDT,4h,5.707,5.74,5.552,5.592,230090.235488
1699876800000,2023-11-13T12:00:00+00:00,DOT/USDT,4h,5.591,5.621,5.425,5.589,498116.360858
1699891200000,2023-11-13T16:00:00+00:00,DOT/USDT,4h,5.59,5.623,5.427,5.525,261981.81634
1699905600000,2023-11-13T20:00:00+00:00,DOT/USDT,4h,5.53,5.53,5.324,5.349,476902.014329
1699920000000,2023-11-14T00:00:00+00:00,DOT/USDT,4h,5.351,5.379,5.217,5.37,359716.251017
1699934400000,2023-11-14T04:00:00+00:00,DOT/USDT,4h,5.369,5.513,5.35,5.472,178229.030683
1699948800000,2023-11-14T08:00:00+00:00,DOT/USDT,4h,5.472,5.525,5.279,5.294,335076.001736
1699963200000,2023-11-14T12:00:00+00:00,DOT/USDT,4h,5.291,5.461,5.233,5.341,504475.576127
1699977600000,2023-11-14T16:00:00+00:00,DOT/USDT,4h,5.345,5.399,5.0,5.142,598228.623364
1699992000000,2023-11-14T20:00:00+00:00,DOT/USDT,4h,5.141,5.262,5.126,5.197,316040.144438
1700006400000,2023-11-15T00:00:00+00:00,DOT/USDT,4h,5.199,5.26,5.185,5.203,161225.634568
1700020800000,2023-11-15T04:00:00+00:00,DOT/USDT,4h,5.205,5.32,5.203,5.305,290234.483219
1700035200000,2023-11-15T08:00:00+00:00,DOT/USDT,4h,5.306,5.46,5.293,5.439,317279.039884
1700049600000,2023-11-15T12:00:00+00:00,DOT/USDT,4h,5.439,5.453,5.371,5.445,353177.804005
1700064000000,2023-11-15T16:00:00+00:00,DOT/USDT,4h,5.446,5.628,5.398,5.627,582327.64499
1700078400000,2023-11-15T20:00:00+00:00,DOT/USDT,4h,5.628,5.639,5.53,5.563,248551.794629
1700092800000,2023-11-16T00:00:00+00:00,DOT/USDT,4h,5.565,5.643,5.543,5.586,177964.275275
1700107200000,2023-11-16T04:00:00+00:00,DOT/USDT,4h,5.583,5.8,5.549,5.713,667067.086171
1700121600000,2023-11-16T08:00:00+00:00,DOT/USDT,4h,5.712,5.775,5.579,5.606,468390.361524
1700136000000,2023-11-16T12:00:00+00:00,DOT/USDT,4h,5.604,5.608,5.413,5.47,611488.613356
1700150400000,2023-11-16T16:00:00+00:00,DOT/USDT,4h,5.47,5.549,5.274,5.41,358730.040628
1700164800000,2023-11-16T20:00:00+00:00,DOT/USDT,4h,5.411,5.43,5.308,5.353,174013.305481
1700179200000,2023-11-17T00:00:00+00:00,DOT/USDT,4h,5.352,5.486,5.336,5.455,268556.12194
1700193600000,2023-11-17T04:00:00+00:00,DOT/USDT,4h,5.457,5.598,5.35,5.366,304890.981769
1700208000000,2023-11-17T08:00:00+00:00,DOT/USDT,4h,5.365,5.455,5.276,5.31,308889.552587
1700222400000,2023-11-17T12:00:00+00:00,DOT/USDT,4h,5.308,5.371,5.055,5.072,686930.084029
1700236800000,2023-11-17T16:00:00+00:00,DOT/USDT,4h,5.073,5.269,5.059,5.207,328001.704689
1700251200000,2023-11-17T20:00:00+00:00,DOT/USDT,4h,5.209,5.287,5.194,5.244,126560.261692
1700265600000,2023-11-18T00:00:00+00:00,DOT/USDT,4h,5.246,5.246,5.124,5.133,241137.392845
1700280000000,2023-11-18T04:00:00+00:00,DOT/USDT,4h,5.134,5.185,4.993,5.104,245594.06133
1700294400000,2023-11-18T08:00:00+00:00,DOT/USDT,4h,5.104,5.169,5.072,5.132,116178.518061
1700308800000,2023-11-18T12:00:00+00:00,DOT/USDT,4h,5.132,5.232,5.059,5.227,250833.943292
1700323200000,2023-11-18T16:00:00+00:00,DOT/USDT,4h,5.229,5.282,5.21,5.259,180202.582211
1700337600000,2023-11-18T20:00:00+00:00,DOT/USDT,4h,5.263,5.296,5.235,5.289,94294.061031
1700352000000,2023-11-19T00:00:00+00:00,DOT/USDT,4h,5.29,5.296,5.177,5.29,225283.317917
1700366400000,2023-11-19T04:00:00+00:00,DOT/USDT,4h,5.289,5.303,5.261,5.291,86008.489559
1700380800000,2023-11-19T08:00:00+00:00,DOT/USDT,4h,5.293,5.313,5.196,5.23,117405.918061
1700395200000,2023-11-19T12:00:00+00:00,DOT/USDT,4h,5.23,5.31,5.2,5.29,165496.255561
1700409600000,2023-11-19T16:00:00+00:00,DOT/USDT,4h,5.29,5.483,5.269,5.476,355619.437778
1700424000000,2023-11-19T20:00:00+00:00,DOT/USDT,4h,5.478,5.482,5.393,5.434,208823.514834
1700438400000,2023-11-20T00:00:00+00:00,DOT/USDT,4h,5.435,5.48,5.396,5.455,141391.997922
1700452800000,2023-11-20T04:00:00+00:00,DOT/USDT,4h,5.459,5.48,5.385,5.469,198410.856499
1700467200000,2023-11-20T08:00:00+00:00,DOT/USDT,4h,5.469,5.57,5.444,5.487,445026.787324
1700481600000,2023-11-20T12:00:00+00:00,DOT/USDT,4h,5.486,5.491,5.316,5.438,552139.904479
1700496000000,2023-11-20T16:00:00+00:00,DOT/USDT,4h,5.437,5.454,5.318,5.349,257227.845723
1700510400000,2023-11-20T20:00:00+00:00,DOT/USDT,4h,5.35,5.372,5.256,5.302,204149.50952
1700524800000,2023-11-21T00:00:00+00:00,DOT/USDT,4h,5.303,5.327,5.193,5.249,286355.188138
1700539200000,2023-11-21T04:00:00+00:00,DOT/USDT,4h,5.249,5.271,5.193,5.2,439120.488239
1700553600000,2023-11-21T08:00:00+00:00,DOT/USDT,4h,5.202,5.232,5.162,5.191,184308.862439
1700568000000,2023-11-21T12:00:00+00:00,DOT/USDT,4h,5.19,5.208,5.031,5.143,756318.429719
1700582400000,2023-11-21T16:00:00+00:00,DOT/USDT,4h,5.143,5.185,4.907,5.027,779537.399335
1700596800000,2023-11-21T20:00:00+00:00,DOT/USDT,4h,5.032,5.061,4.83,4.859,1631993.956733
1700611200000,2023-11-22T00:00:00+00:00,DOT/USDT,4h,4.858,5.053,4.846,5.028,272133.617319
1700625600000,2023-11-22T04:00:00+00:00,DOT/USDT,4h,5.027,5.081,5.004,5.052,175207.408231
1700640000000,2023-11-22T08:00:00+00:00,DOT/USDT,4h,5.054,5.11,5.051,5.073,197569.085631
1700654400000,2023-11-22T12:00:00+00:00,DOT/USDT,4h,5.073,5.118,5.044,5.085,319819.595615
1700668800000,2023-11-22T16:00:00+00:00,DOT/USDT,4h,5.086,5.247,5.061,5.219,545473.990073
1700683200000,2023-11-22T20:00:00+00:00,DOT/USDT,4h,5.222,5.289,5.144,5.173,450310.625488
1700697600000,2023-11-23T00:00:00+00:00,DOT/USDT,4h,5.174,5.217,5.145,5.168,161157.846708
1700712000000,2023-11-23T04:00:00+00:00,DOT/USDT,4h,5.17,5.2,5.146,5.173,133748.358666
1700726400000,2023-11-23T08:00:00+00:00,DOT/USDT,4h,5.172,5.219,5.13,5.157,202548.818306
1700740800000,2023-11-23T12:00:00+00:00,DOT/USDT,4h,5.157,5.169,5.082,5.105,205611.719752
1700755200000,2023-11-23T16:00:00+00:00,DOT/USDT,4h,5.107,5.149,5.096,5.104,133135.645862
1700769600000,2023-11-23T20:00:00+00:00,DOT/USDT,4h,5.104,5.146,5.102,5.138,63828.725062
1700784000000,2023-11-24T00:00:00+00:00,DOT/USDT,4h,5.138,5.188,5.121,5.168,123732.474865
1700798400000,2023-11-24T04:00:00+00:00,DOT/USDT,4h,5.167,5.246,5.152,5.226,156614.920822
1700812800000,2023-11-24T08:00:00+00:00,DOT/USDT,4h,5.228,5.257,5.177,5.212,593567.364323
1700827200000,2023-11-24T12:00:00+00:00,DOT/USDT,4h,5.211,5.27,5.166,5.247,287242.301561
1700841600000,2023-11-24T16:00:00+00:00,DOT/USDT,4h,5.247,5.293,5.198,5.228,237309.694219
1700856000000,2023-11-24T20:00:00+00:00,DOT/USDT,4h,5.23,5.292,5.209,5.24,126575.557357
1700870400000,2023-11-25T00:00:00+00:00,DOT/USDT,4h,5.244,5.33,5.21,5.302,152980.943262
1700884800000,2023-11-25T04:00:00+00:00,DOT/USDT,4h,5.304,5.318,5.265,5.313,126031.505959
1700899200000,2023-11-25T08:00:00+00:00,DOT/USDT,4h,5.314,5.327,5.24,5.268,109518.508492
1700913600000,2023-11-25T12:00:00+00:00,DOT/USDT,4h,5.266,5.387,5.259,5.348,201022.605991
1700928000000,2023-11-25T16:00:00+00:00,DOT/USDT,4h,5.348,5.361,5.331,5.345,117921.388915
1700942400000,2023-11-25T20:00:00+00:00,DOT/USDT,4h,5.343,5.353,5.312,5.33,68222.890859
1700956800000,2023-11-26T00:00:00+00:00,DOT/USDT,4h,5.33,5.354,5.296,5.326,112240.019748
1700971200000,2023-11-26T04:00:00+00:00,DOT/USDT,4h,5.327,5.414,5.311,5.362,95789.538574
1700985600000,2023-11-26T08:00:00+00:00,DOT/USDT,4h,5.363,5.37,5.321,5.331,88755.160685
1701000000000,2023-11-26T12:00:00+00:00,DOT/USDT,4h,5.332,5.373,5.258,5.273,277452.584736
1701014400000,2023-11-26T16:00:00+00:00,DOT/USDT,4h,5.276,5.306,5.146,5.303,446758.046155
1701028800000,2023-11-26T20:00:00+00:00,DOT/USDT,4h,5.302,5.384,5.289,5.326,182743.153869
1701043200000,2023-11-27T00:00:00+00:00,DOT/USDT,4h,5.329,5.375,5.247,5.286,176816.664935
1701057600000,2023-11-27T04:00:00+00:00,DOT/USDT,4h,5.287,5.332,5.209,5.25,415278.917861
1701072000000,2023-11-27T08:00:00+00:00,DOT/USDT,4h,5.249,5.263,5.132,5.15,210557.229703
1701086400000,2023-11-27T12:00:00+00:00,DOT/USDT,4h,5.151,5.165,5.073,5.085,285125.265008
1701100800000,2023-11-27T16:00:00+00:00,DOT/USDT,4h,5.081,5.155,5.038,5.071,227990.755209
1701115200000,2023-11-27T20:00:00+00:00,DOT/USDT,4h,5.071,5.171,5.038,5.157,128794.282309
1701129600000,2023-11-28T00:00:00+00:00,DOT/USDT,4h,5.157,5.189,5.141,5.164,147706.034188
1701144000000,2023-11-28T04:00:00+00:00,DOT/USDT,4h,5.164,5.212,5.12,5.163,587517.796226
1701158400000,2023-11-28T08:00:00+00:00,DOT/USDT,4h,5.165,5.21,5.105,5.2,222467.063788
1701172800000,2023-11-28T12:00:00+00:00,DOT/USDT,4h,5.201,5.234,5.161,5.222,120295.743525
1701187200000,2023-11-28T16:00:00+00:00,DOT/USDT,4h,5.226,5.313,5.207,5.278,260382.492356
1701201600000,2023-11-28T20:00:00+00:00,DOT/USDT,4h,5.28,5.302,5.237,5.273,142979.761692
1701216000000,2023-11-29T00:00:00+00:00,DOT/USDT,4h,5.274,5.315,5.254,5.275,132744.860846
1701230400000,2023-11-29T04:00:00+00:00,DOT/USDT,4h,5.278,5.304,5.246,5.281,156199.507973
1701244800000,2023-11-29T08:00:00+00:00,DOT/USDT,4h,5.28,5.386,5.275,5.35,534234.593606
1701259200000,2023-11-29T12:00:00+00:00,DOT/USDT,4h,5.349,5.377,5.192,5.23,397976.238539
1701273600000,2023-11-29T16:00:00+00:00,DOT/USDT,4h,5.231,5.243,5.175,5.197,162773.239802
1701288000000,2023-11-29T20:00:00+00:00,DOT/USDT,4h,5.199,5.199,5.147,5.162,152519.696176
1701302400000,2023-11-30T00:00:00+00:00,DOT/USDT,4h,5.161,5.188,5.119,5.18,185010.772311
1701316800000,2023-11-30T04:00:00+00:00,DOT/USDT,4h,5.179,5.19,5.143,5.172,132153.078656
1701331200000,2023-11-30T08:00:00+00:00,DOT/USDT,4h,5.172,5.204,5.126,5.201,117196.312849
1701345600000,2023-11-30T12:00:00+00:00,DOT/USDT,4h,5.202,5.5,5.18,5.498,853279.400064
1701360000000,2023-11-30T16:00:00+00:00,DOT/USDT,4h,5.496,5.579,5.399,5.455,717695.813626
1701374400000,2023-11-30T20:00:00+00:00,DOT/USDT,4h,5.455,5.502,5.422,5.471,188582.476728
1701388800000,2023-12-01T00:00:00+00:00,DOT/USDT,4h,5.474,5.497,5.413,5.495,274366.740638
1701403200000,2023-12-01T04:00:00+00:00,DOT/USDT,4h,5.495,5.525,5.442,5.453,183907.920108
1701417600000,2023-12-01T08:00:00+00:00,DOT/USDT,4h,5.453,5.48,5.42,5.45,233064.621398
1701432000000,2023-12-01T12:00:00+00:00,DOT/USDT,4h,5.451,5.453,5.37,5.428,209632.763403
1701446400000,2023-12-01T16:00:00+00:00,DOT/USDT,4h,5.427,5.479,5.412,5.472,133123.864747
1701460800000,2023-12-01T20:00:00+00:00,DOT/USDT,4h,5.473,5.48,5.439,5.472,57088.163039
1701475200000,2023-12-02T00:00:00+00:00,DOT/USDT,4h,5.472,5.488,5.451,5.482,74089.071087
1701489600000,2023-12-02T04:00:00+00:00,DOT/USDT,4h,5.481,5.508,5.462,5.494,51608.420287
1701504000000,2023-12-02T08:00:00+00:00,DOT/USDT,4h,5.494,5.541,5.492,5.525,125606.041098
1701518400000,2023-12-02T12:00:00+00:00,DOT/USDT,4h,5.524,5.538,5.459,5.482,104069.317194
1701532800000,2023-12-02T16:00:00+00:00,DOT/USDT,4h,5.482,5.575,5.454,5.55,223045.264088
1701547200000,2023-12-02T20:00:00+00:00,DOT/USDT,4h,5.551,5.604,5.548,5.561,115236.096535
1701561600000,2023-12-03T00:00:00+00:00,DOT/USDT,4h,5.563,5.609,5.521,5.543,152141.975766
1701576000000,2023-12-03T04:00:00+00:00,DOT/USDT,4h,5.545,5.552,5.504,5.536,85336.682911
1701590400000,2023-12-03T08:00:00+00:00,DOT/USDT,4h,5.536,5.536,5.468,5.5,137797.516206
1701604800000,2023-12-03T12:00:00+00:00,DOT/USDT,4h,5.502,5.57,5.43,5.507,216440.723532
1701619200000,2023-12-03T16:00:00+00:00,DOT/USDT,4h,5.508,5.53,5.434,5.468,98071.564669
1701633600000,2023-12-03T20:00:00+00:00,DOT/USDT,4h,5.469,5.622,5.463,5.541,185159.532954
1701648000000,2023-12-04T00:00:00+00:00,DOT/USDT,4h,5.54,5.625,5.53,5.605,276723.199514
1701662400000,2023-12-04T04:00:00+00:00,DOT/USDT,4h,5.606,5.7,5.605,5.647,664669.852082
1701676800000,2023-12-04T08:00:00+00:00,DOT/USDT,4h,5.647,5.724,5.409,5.574,897752.260382
1701691200000,2023-12-04T12:00:00+00:00,DOT/USDT,4h,5.58,5.663,5.473,5.49,436483.993396
1701705600000,2023-12-04T16:00:00+00:00,DOT/USDT,4h,5.487,5.579,5.483,5.566,101889.358713
1701720000000,2023-12-04T20:00:00+00:00,DOT/USDT,4h,5.567,5.634,5.55,5.633,130939.23285
1701734400000,2023-12-05T00:00:00+00:00,DOT/USDT,4h,5.635,5.695,5.552,5.606,188360.580584
1701748800000,2023-12-05T04:00:00+00:00,DOT/USDT,4h,5.606,5.689,5.559,5.631,575975.848307
1701763200000,2023-12-05T08:00:00+00:00,DOT/USDT,4h,5.631,5.734,5.513,5.535,474044.392642
1701777600000,2023-12-05T12:00:00+00:00,DOT/USDT,4h,5.534,5.634,5.514,5.627,193868.237033
1701792000000,2023-12-05T16:00:00+00:00,DOT/USDT,4h,5.629,5.829,5.601,5.783,482969.016391
1701806400000,2023-12-05T20:00:00+00:00,DOT/USDT,4h,5.784,5.95,5.739,5.905,481025.795818
1701820800000,2023-12-06T00:00:00+00:00,DOT/USDT,4h,5.908,5.996,5.851,5.872,560807.705018
1701835200000,2023-12-06T04:00:00+00:00,DOT/USDT,4h,5.875,5.952,5.769,5.945,374673.754712
1701849600000,2023-12-06T08:00:00+00:00,DOT/USDT,4h,5.946,6.025,5.789,5.947,704583.020811
1701864000000,2023-12-06T12:00:00+00:00,DOT/USDT,4h,5.946,6.16,5.934,6.128,741513.392022
1701878400000,2023-12-06T16:00:00+00:00,DOT/USDT,4h,6.13,6.2,6.074,6.076,502219.314984
1701892800000,2023-12-06T20:00:00+00:00,DOT/USDT,4h,6.078,6.1,5.99,6.044,305708.024904
1701907200000,2023-12-07T00:00:00+00:00,DOT/USDT,4h,6.046,6.135,6.031,6.058,253933.02478
1701921600000,2023-12-07T04:00:00+00:00,DOT/USDT,4h,6.059,6.196,6.046,6.126,401392.722736
1701936000000,2023-12-07T08:00:00+00:00,DOT/USDT,4h,6.125,6.137,5.901,5.967,804571.210325
1701950400000,2023-12-07T12:00:00+00:00,DOT/USDT,4h,5.968,6.129,5.955,6.099,405673.356292
1701964800000,2023-12-07T16:00:00+00:00,DOT/USDT,4h,6.1,6.3,6.058,6.195,466655.827414
1701979200000,2023-12-07T20:00:00+00:00,DOT/USDT,4h,6.2,6.277,6.181,6.241,193232.605492
1701993600000,2023-12-08T00:00:00+00:00,DOT/USDT,4h,6.242,6.268,6.167,6.22,168724.293691
1702008000000,2023-12-08T04:00:00+00:00,DOT/USDT,4h,6.22,6.322,6.21,6.234,235578.833592
1702022400000,2023-12-08T08:00:00+00:00,DOT/USDT,4h,6.234,6.38,6.225,6.375,359952.88278
1702036800000,2023-12-08T12:00:00+00:00,DOT/USDT,4h,6.376,6.701,6.374,6.679,1055673.167769
1702051200000,2023-12-08T16:00:00+00:00,DOT/USDT,4h,6.679,6.818,6.597,6.654,492367.84425
1702065600000,2023-12-08T20:00:00+00:00,DOT/USDT,4h,6.656,6.917,6.634,6.837,326415.646
1702080000000,2023-12-09T00:00:00+00:00,DOT/USDT,4h,6.839,7.514,6.831,7.414,1452097.35603
1702094400000,2023-12-09T04:00:00+00:00,DOT/USDT,4h,7.413,7.6,7.369,7.563,750731.257797
1702108800000,2023-12-09T08:00:00+00:00,DOT/USDT,4h,7.564,7.692,7.319,7.59,875246.113325
1702123200000,2023-12-09T12:00:00+00:00,DOT/USDT,4h,7.588,7.632,7.281,7.316,694095.834507
1702137600000,2023-12-09T16:00:00+00:00,DOT/USDT,4h,7.319,7.35,7.055,7.283,465705.700204
1702152000000,2023-12-09T20:00:00+00:00,DOT/USDT,4h,7.285,7.285,7.015,7.102,272036.848471
1702166400000,2023-12-10T00:00:00+00:00,DOT/USDT,4h,7.104,7.328,7.102,7.261,306531.971501
1702180800000,2023-12-10T04:00:00+00:00,DOT/USDT,4h,7.259,7.322,7.156,7.2,225719.246567
1702195200000,2023-12-10T08:00:00+00:00,DOT/USDT,4h,7.2,7.207,6.956,7.087,452128.039266
1702209600000,2023-12-10T12:00:00+00:00,DOT/USDT,4h,7.089,7.263,7.089,7.219,191097.629612
1702224000000,2023-12-10T16:00:00+00:00,DOT/USDT,4h,7.218,7.236,7.104,7.176,146316.80486
1702238400000,2023-12-10T20:00:00+00:00,DOT/USDT,4h,7.179,7.356,7.174,7.345,288733.065588
1702252800000,2023-12-11T00:00:00+00:00,DOT/USDT,4h,7.348,7.36,6.18,6.848,1423438.620679
1702267200000,2023-12-11T04:00:00+00:00,DOT/USDT,4h,6.845,6.913,6.63,6.662,652031.170123
1702281600000,2023-12-11T08:00:00+00:00,DOT/USDT,4h,6.661,6.758,6.6,6.756,372964.331844
1702296000000,2023-12-11T12:00:00+00:00,DOT/USDT,4h,6.756,6.815,6.574,6.682,594588.944841
1702310400000,2023-12-11T16:00:00+00:00,DOT/USDT,4h,6.681,6.736,6.396,6.518,853916.663261
1702324800000,2023-12-11T20:00:00+00:00,DOT/USDT,4h,6.523,6.763,6.49,6.707,295566.147141
1702339200000,2023-12-12T00:00:00+00:00,DOT/USDT,4h,6.706,7.046,6.697,6.906,512123.092303
1702353600000,2023-12-12T04:00:00+00:00,DOT/USDT,4h,6.907,7.286,6.859,7.253,696139.206195
1702368000000,2023-12-12T08:00:00+00:00,DOT/USDT,4h,7.251,7.289,7.074,7.143,482261.943656
1702382400000,2023-12-12T12:00:00+00:00,DOT/USDT,4h,7.14,7.339,7.027,7.14,761926.078172
1702396800000,2023-12-12T16:00:00+00:00,DOT/USDT,4h,7.136,7.174,6.828,7.047,513341.990348
1702411200000,2023-12-12T20:00:00+00:00,DOT/USDT,4h,7.046,7.135,6.891,7.134,350569.648722
1702425600000,2023-12-13T00:00:00+00:00,DOT/USDT,4h,7.132,7.249,6.726,6.777,675967.108202
1702440000000,2023-12-13T04:00:00+00:00,DOT/USDT,4h,6.773,6.851,6.61,6.764,358675.531103
1702454400000,2023-12-13T08:00:00+00:00,DOT/USDT,4h,6.769,6.869,6.742,6.756,272223.97161
1702468800000,2023-12-13T12:00:00+00:00,DOT/USDT,4h,6.753,7.082,6.735,7.047,396254.923305
1702483200000,2023-12-13T16:00:00+00:00,DOT/USDT,4h,7.046,7.293,6.921,7.271,489013.911168
1702497600000,2023-12-13T20:00:00+00:00,DOT/USDT,4h,7.276,7.648,7.233,7.6,766832.977819
1702512000000,2023-12-14T00:00:00+00:00,DOT/USDT,4h,7.604,7.633,7.351,7.433,585575.627166
1702526400000,2023-12-14T04:00:00+00:00,DOT/USDT,4h,7.434,7.506,7.349,7.411,342775.5226
1702540800000,2023-12-14T08:00:00+00:00,DOT/USDT,4h,7.413,7.565,7.271,7.54,393804.249639
1702555200000,2023-12-14T12:00:00+00:00,DOT/USDT,4h,7.541,7.574,6.908,7.26,682922.384641
1702569600000,2023-12-14T16:00:00+00:00,DOT/USDT,4h,7.259,7.595,7.259,7.398,810784.542142
1702584000000,2023-12-14T20:00:00+00:00,DOT/USDT,4h,7.396,7.768,7.338,7.508,516575.313989
1702598400000,2023-12-15T00:00:00+00:00,DOT/USDT,4h,7.51,7.564,7.415,7.431,355857.291184
1702612800000,2023-12-15T04:00:00+00:00,DOT/USDT,4h,7.441,7.452,7.187,7.21,284011.071537
1702627200000,2023-12-15T08:00:00+00:00,DOT/USDT,4h,7.208,7.369,7.174,7.318,235686.241234
1702641600000,2023-12-15T12:00:00+00:00,DOT/USDT,4h,7.318,7.327,7.025,7.091,372487.335913
1702656000000,2023-12-15T16:00:00+00:00,DOT/USDT,4h,7.096,7.191,7.039,7.063,313695.221683
1702670400000,2023-12-15T20:00:00+00:00,DOT/USDT,4h,7.062,7.077,6.922,6.951,299945.706978
1702684800000,2023-12-16T00:00:00+00:00,DOT/USDT,4h,6.954,7.09,6.861,7.085,222260.962254
1702699200000,2023-12-16T04:00:00+00:00,DOT/USDT,4h,7.084,7.168,7.059,7.093,133442.058343
1702713600000,2023-12-16T08:00:00+00:00,DOT/USDT,4h,7.093,7.197,7.091,7.195,104096.504682
1702728000000,2023-12-16T12:00:00+00:00,DOT/USDT,4h,7.195,7.32,7.153,7.278,288843.97742
1702742400000,2023-12-16T16:00:00+00:00,DOT/USDT,4h,7.276,7.352,7.041,7.057,362786.618533
1702756800000,2023-12-16T20:00:00+00:00,DOT/USDT,4h,7.055,7.113,7.005,7.094,146682.922383
1702771200000,2023-12-17T00:00:00+00:00,DOT/USDT,4h,7.093,7.162,7.01,7.077,133141.439449
1702785600000,2023-12-17T04:00:00+00:00,DOT/USDT,4h,7.079,7.156,6.953,6.973,184485.087118
1702800000000,2023-12-17T08:00:00+00:00,DOT/USDT,4h,6.974,7.07,6.94,6.997,164672.150091
1702814400000,2023-12-17T12:00:00+00:00,DOT/USDT,4h,6.996,7.014,6.841,6.925,271675.666015
1702828800000,2023-12-17T16:00:00+00:00,DOT/USDT,4h,6.927,7.007,6.826,6.902,190401.26431
1702843200000,2023-12-17T20:00:00+00:00,DOT/USDT,4h,6.902,6.941,6.747,6.789,121974.362413
1702857600000,2023-12-18T00:00:00+00:00,DOT/USDT,4h,6.789,6.857,6.625,6.719,184855.581068
1702872000000,2023-12-18T04:00:00+00:00,DOT/USDT,4h,6.722,6.775,6.636,6.66,137435.488267
1702886400000,2023-12-18T08:00:00+00:00,DOT/USDT,4h,6.66,6.719,6.37,6.537,476509.691454
1702900800000,2023-12-18T12:00:00+00:00,DOT/USDT,4h,6.538,6.7,6.469,6.598,288148.100176
1702915200000,2023-12-18T16:00:00+00:00,DOT/USDT,4h,6.599,6.719,6.577,6.696,158689.755422
1702929600000,2023-12-18T20:00:00+00:00,DOT/USDT,4h,6.695,6.889,6.644,6.883,173073.217923
1702944000000,2023-12-19T00:00:00+00:00,DOT/USDT,4h,6.885,6.997,6.836,6.929,201196.645337
1702958400000,2023-12-19T04:00:00+00:00,DOT/USDT,4h,6.929,6.99,6.879,6.979,112446.693342
1702972800000,2023-12-19T08:00:00+00:00,DOT/USDT,4h,6.976,7.047,6.835,6.835,277940.679133
1702987200000,2023-12-19T12:00:00+00:00,DOT/USDT,4h,6.835,6.892,6.694,6.768,277972.989739
1703001600000,2023-12-19T16:00:00+00:00,DOT/USDT,4h,6.768,6.825,6.61,6.728,127804.523823
1703016000000,2023-12-19T20:00:00+00:00,DOT/USDT,4h,6.73,6.762,6.673,6.708,60416.43708
1703030400000,2023-12-20T00:00:00+00:00,DOT/USDT,4h,6.708,6.777,6.618,6.768,126557.867463
1703044800000,2023-12-20T04:00:00+00:00,DOT/USDT,4h,6.768,6.911,6.759,6.903,239859.374996
1703059200000,2023-12-20T08:00:00+00:00,DOT/USDT,4h,6.903,7.055,6.873,6.995,343633.284824
1703073600000,2023-12-20T12:00:00+00:00,DOT/USDT,4h,6.991,7.137,6.949,7.075,395518.963383
1703088000000,2023-12-20T16:00:00+00:00,DOT/USDT,4h,7.08,7.083,6.952,6.968,299478.736665
1703102400000,2023-12-20T20:00:00+00:00,DOT/USDT,4h,6.968,6.987,6.832,6.952,208178.552086
1703116800000,2023-12-21T00:00:00+00:00,DOT/USDT,4h,6.953,7.19,6.916,7.126,496991.05408
1703131200000,2023-12-21T04:00:00+00:00,DOT/USDT,4h,7.127,7.477,7.114,7.44,705411.461727
1703145600000,2023-12-21T08:00:00+00:00,DOT/USDT,4h,7.441,7.618,7.405,7.565,696195.179973
1703160000000,2023-12-21T12:00:00+00:00,DOT/USDT,4h,7.566,7.839,7.472,7.547,1068709.450893
1703174400000,2023-12-21T16:00:00+00:00,DOT/USDT,4h,7.546,8.315,7.528,8.245,1460225.567024
1703188800000,2023-12-21T20:00:00+00:00,DOT/USDT,4h,8.245,8.435,8.132,8.419,769680.179901
1703203200000,2023-12-22T00:00:00+00:00,DOT/USDT,4h,8.421,8.575,8.17,8.231,1024349.092029
1703217600000,2023-12-22T04:00:00+00:00,DOT/USDT,4h,8.232,8.237,7.84,7.944,856326.810137
1703232000000,2023-12-22T08:00:00+00:00,DOT/USDT,4h,7.944,8.13,7.842,8.13,463795.458232
1703246400000,2023-12-22T12:00:00+00:00,DOT/USDT,4h,8.131,8.132,7.906,8.071,442452.23412
1703260800000,2023-12-22T16:00:00+00:00,DOT/USDT,4h,8.069,8.115,7.897,7.919,182658.115181
1703275200000,2023-12-22T20:00:00+00:00,DOT/USDT,4h,7.925,8.002,7.902,7.955,135243.520974
1703289600000,2023-12-23T00:00:00+00:00,DOT/USDT,4h,7.955,7.959,7.582,7.62,471218.826523
1703304000000,2023-12-23T04:00:00+00:00,DOT/USDT,4h,7.616,7.757,7.586,7.73,250716.651228
1703318400000,2023-12-23T08:00:00+00:00,DOT/USDT,4h,7.728,7.959,7.715,7.831,363575.800663
1703332800000,2023-12-23T12:00:00+00:00,DOT/USDT,4h,7.835,7.932,7.799,7.818,176886.890676
1703347200000,2023-12-23T16:00:00+00:00,DOT/USDT,4h,7.818,7.993,7.801,7.954,234464.721606
1703361600000,2023-12-23T20:00:00+00:00,DOT/USDT,4h,7.956,8.45,7.876,8.324,614459.43998
1703376000000,2023-12-24T00:00:00+00:00,DOT/USDT,4h,8.325,8.961,8.314,8.799,1187999.615906
1703390400000,2023-12-24T04:00:00+00:00,DOT/USDT,4h,8.8,8.805,8.328,8.589,674220.616212
1703404800000,2023-12-24T08:00:00+00:00,DOT/USDT,4h,8.591,9.155,8.51,9.054,1114782.228949
1703419200000,2023-12-24T12:00:00+00:00,DOT/USDT,4h,9.053,9.22,8.838,8.936,916425.925353
1703433600000,2023-12-24T16:00:00+00:00,DOT/USDT,4h,8.935,9.032,8.775,8.872,561051.836001
1703448000000,2023-12-24T20:00:00+00:00,DOT/USDT,4h,8.874,8.943,8.5,8.611,537938.904558
1703462400000,2023-12-25T00:00:00+00:00,DOT/USDT,4h,8.612,8.917,8.501,8.745,633153.217732
1703476800000,2023-12-25T04:00:00+00:00,DOT/USDT,4h,8.742,9.4,8.716,9.2,1550379.808643
1703491200000,2023-12-25T08:00:00+00:00,DOT/USDT,4h,9.199,9.313,9.005,9.143,1168688.552056
1703505600000,2023-12-25T12:00:00+00:00,DOT/USDT,4h,9.139,9.274,9.049,9.168,697507.958208
1703520000000,2023-12-25T16:00:00+00:00,DOT/USDT,4h,9.168,9.362,8.909,9.17,694436.502513
1703534400000,2023-12-25T20:00:00+00:00,DOT/USDT,4h,9.167,9.313,9.013,9.193,345655.498192
1703548800000,2023-12-26T00:00:00+00:00,DOT/USDT,4h,9.192,9.6,9.192,9.298,660183.579118
1703563200000,2023-12-26T04:00:00+00:00,DOT/USDT,4h,9.299,9.408,8.94,9.101,850098.926191
1703577600000,2023-12-26T08:00:00+00:00,DOT/USDT,4h,9.096,9.183,8.855,9.167,710060.277328
1703592000000,2023-12-26T12:00:00+00:00,DOT/USDT,4h,9.164,9.211,8.817,8.855,585342.48333
1703606400000,2023-12-26T16:00:00+00:00,DOT/USDT,4h,8.856,8.933,8.3,8.64,803239.197992
1703620800000,2023-12-26T20:00:00+00:00,DOT/USDT,4h,8.64,8.847,8.638,8.819,322492.932162
1703635200000,2023-12-27T00:00:00+00:00,DOT/USDT,4h,8.821,8.828,8.403,8.464,425905.363595
1703649600000,2023-12-27T04:00:00+00:00,DOT/USDT,4h,8.461,8.693,8.459,8.677,347320.348084
1703664000000,2023-12-27T08:00:00+00:00,DOT/USDT,4h,8.679,8.988,8.674,8.833,570193.082494
1703678400000,2023-12-27T12:00:00+00:00,DOT/USDT,4h,8.833,9.013,8.664,8.915,388461.580303
1703692800000,2023-12-27T16:00:00+00:00,DOT/USDT,4h,8.919,9.017,8.764,8.799,335690.005044
1703707200000,2023-12-27T20:00:00+00:00,DOT/USDT,4h,8.799,8.863,8.603,8.695,182087.296631
1703721600000,2023-12-28T00:00:00+00:00,DOT/USDT,4h,8.697,8.911,8.55,8.571,461608.325381
1703736000000,2023-12-28T04:00:00+00:00,DOT/USDT,4h,8.564,8.686,8.416,8.567,416439.773332
1703750400000,2023-12-28T08:00:00+00:00,DOT/USDT,4h,8.571,8.752,8.534,8.693,206274.365571
1703764800000,2023-12-28T12:00:00+00:00,DOT/USDT,4h,8.689,8.705,8.269,8.378,603083.813197
1703779200000,2023-12-28T16:00:00+00:00,DOT/USDT,4h,8.378,8.496,8.336,8.439,192992.8573
1703793600000,2023-12-28T20:00:00+00:00,DOT/USDT,4h,8.441,8.503,8.304,8.43,167208.389735
1703808000000,2023-12-29T00:00:00+00:00,DOT/USDT,4h,8.43,8.508,8.125,8.434,451284.48267
1703822400000,2023-12-29T04:00:00+00:00,DOT/USDT,4h,8.435,8.492,8.2,8.3,332591.31343
1703836800000,2023-12-29T08:00:00+00:00,DOT/USDT,4h,8.308,8.623,8.3,8.566,588828.542545
1703851200000,2023-12-29T12:00:00+00:00,DOT/USDT,4h,8.566,8.681,8.298,8.362,485096.052981
1703865600000,2023-12-29T16:00:00+00:00,DOT/USDT,4h,8.363,8.413,8.144,8.273,396973.855253
1703880000000,2023-12-29T20:00:00+00:00,DOT/USDT,4h,8.269,8.299,8.035,8.293,196417.476961
1703894400000,2023-12-30T00:00:00+00:00,DOT/USDT,4h,8.291,8.447,8.268,8.36,197763.520602
1703908800000,2023-12-30T04:00:00+00:00,DOT/USDT,4h,8.363,8.487,8.303,8.316,173019.003302
1703923200000,2023-12-30T08:00:00+00:00,DOT/USDT,4h,8.316,8.348,8.094,8.198,193165.448774
1703937600000,2023-12-30T12:00:00+00:00,DOT/USDT,4h,8.204,8.386,8.173,8.382,182768.958616
1703952000000,2023-12-30T16:00:00+00:00,DOT/USDT,4h,8.383,8.402,8.275,8.307,144320.939021
1703966400000,2023-12-30T20:00:00+00:00,DOT/USDT,4h,8.305,8.423,8.288,8.346,97903.886756
1703980800000,2023-12-31T00:00:00+00:00,DOT/USDT,4h,8.347,8.415,8.152,8.211,172529.881415
1703995200000,2023-12-31T04:00:00+00:00,DOT/USDT,4h,8.208,8.599,8.204,8.563,340799.33583
1704009600000,2023-12-31T08:00:00+00:00,DOT/USDT,4h,8.564,8.646,8.442,8.466,296391.160512
1704024000000,2023-12-31T12:00:00+00:00,DOT/USDT,4h,8.468,8.561,8.409,8.488,272346.298218
1704038400000,2023-12-31T16:00:00+00:00,DOT/USDT,4h,8.49,8.538,8.417,8.437,172967.616871
1704052800000,2023-12-31T20:00:00+00:00,DOT/USDT,4h,8.436,8.446,8.023,8.203,282210.11597
1704067200000,2024-01-01T00:00:00+00:00,DOT/USDT,4h,8.204,8.324,8.114,8.147,186201.104532
1704081600000,2024-01-01T04:00:00+00:00,DOT/USDT,4h,8.148,8.18,8.059,8.17,126399.395208
1704096000000,2024-01-01T08:00:00+00:00,DOT/USDT,4h,8.17,8.269,8.143,8.238,112273.304516
1704110400000,2024-01-01T12:00:00+00:00,DOT/USDT,4h,8.241,8.38,8.207,8.38,160467.512883
1704124800000,2024-01-01T16:00:00+00:00,DOT/USDT,4h,8.381,8.599,8.303,8.594,193965.041801
1704139200000,2024-01-01T20:00:00+00:00,DOT/USDT,4h,8.597,8.64,8.466,8.596,221697.042725
1704153600000,2024-01-02T00:00:00+00:00,DOT/USDT,4h,8.595,8.767,8.533,8.671,289751.009449
1704168000000,2024-01-02T04:00:00+00:00,DOT/USDT,4h,8.675,8.706,8.616,8.702,218362.1437
1704182400000,2024-01-02T08:00:00+00:00,DOT/USDT,4h,8.702,8.807,8.593,8.643,380422.974473
1704196800000,2024-01-02T12:00:00+00:00,DOT/USDT,4h,8.644,8.754,8.392,8.417,419994.162973
1704211200000,2024-01-02T16:00:00+00:00,DOT/USDT,4h,8.417,8.507,8.363,8.433,204563.459274
1704225600000,2024-01-02T20:00:00+00:00,DOT/USDT,4h,8.435,8.483,8.316,8.411,124297.19668
1704240000000,2024-01-03T00:00:00+00:00,DOT/USDT,4h,8.41,8.548,8.388,8.438,120019.812061
1704254400000,2024-01-03T04:00:00+00:00,DOT/USDT,4h,8.439,8.574,8.428,8.448,139971.973566
1704268800000,2024-01-03T08:00:00+00:00,DOT/USDT,4h,8.445,8.551,8.078,8.14,423297.739398
1704283200000,2024-01-03T12:00:00+00:00,DOT/USDT,4h,8.141,8.147,6.291,7.759,3213881.991882
1704297600000,2024-01-03T16:00:00+00:00,DOT/USDT,4h,7.759,7.778,7.524,7.68,602019.06214
1704312000000,2024-01-03T20:00:00+00:00,DOT/USDT,4h,7.678,7.818,7.583,7.629,176346.040192
1704326400000,2024-01-04T00:00:00+00:00,DOT/USDT,4h,7.627,7.697,7.471,7.645,260616.066929
1704340800000,2024-01-04T04:00:00+00:00,DOT/USDT,4h,7.645,7.752,7.598,7.598,146367.316504
1704355200000,2024-01-04T08:00:00+00:00,DOT/USDT,4h,7.6,7.711,7.503,7.665,196767.063883
1704369600000,2024-01-04T12:00:00+00:00,DOT/USDT,4h,7.668,7.961,7.631,7.886,437830.969703
1704384000000,2024-01-04T16:00:00+00:00,DOT/USDT,4h,7.886,7.972,7.779,7.884,202875.285727
1704398400000,2024-01-04T20:00:00+00:00,DOT/USDT,4h,7.885,8.0,7.814,7.877,148364.700132
1704412800000,2024-01-05T00:00:00+00:00,DOT/USDT,4h,7.88,7.953,7.519,7.702,390159.219943
1704427200000,2024-01-05T04:00:00+00:00,DOT/USDT,4h,7.706,7.744,7.617,7.621,230307.36824
1704441600000,2024-01-05T08:00:00+00:00,DOT/USDT,4h,7.622,7.674,7.431,7.45,301139.016154
1704456000000,2024-01-05T12:00:00+00:00,DOT/USDT,4h,7.45,7.537,7.237,7.352,426291.072458
1704470400000,2024-01-05T16:00:00+00:00,DOT/USDT,4h,7.35,7.388,7.177,7.302,258956.79511
1704484800000,2024-01-05T20:00:00+00:00,DOT/USDT,4h,7.302,7.45,7.297,7.447,129442.887606
1704499200000,2024-01-06T00:00:00+00:00,DOT/USDT,4h,7.448,7.449,7.286,7.295,119904.329476
1704513600000,2024-01-06T04:00:00+00:00,DOT/USDT,4h,7.298,7.338,6.939,7.119,360032.905917
1704528000000,2024-01-06T08:00:00+00:00,DOT/USDT,4h,7.119,7.223,7.075,7.189,147696.028162
1704542400000,2024-01-06T12:00:00+00:00,DOT/USDT,4h,7.192,7.271,7.1,7.236,99004.489084
1704556800000,2024-01-06T16:00:00+00:00,DOT/USDT,4h,7.236,7.313,7.157,7.195,127868.245068
1704571200000,2024-01-06T20:00:00+00:00,DOT/USDT,4h,7.197,7.225,7.024,7.133,135992.095176
1704585600000,2024-01-07T00:00:00+00:00,DOT/USDT,4h,7.131,7.249,7.071,7.121,214532.998385
1704600000000,2024-01-07T04:00:00+00:00,DOT/USDT,4h,7.13,7.325,7.126,7.291,143092.818413
1704614400000,2024-01-07T08:00:00+00:00,DOT/USDT,4h,7.291,7.324,7.121,7.192,114823.685975
1704628800000,2024-01-07T12:00:00+00:00,DOT/USDT,4h,7.188,7.291,7.112,7.147,158399.983119
1704643200000,2024-01-07T16:00:00+00:00,DOT/USDT,4h,7.147,7.229,7.03,7.212,136061.736161
1704657600000,2024-01-07T20:00:00+00:00,DOT/USDT,4h,7.215,7.221,6.816,6.9,198469.242111
1704672000000,2024-01-08T00:00:00+00:00,DOT/USDT,4h,6.899,6.962,6.506,6.69,560151.98813
1704686400000,2024-01-08T04:00:00+00:00,DOT/USDT,4h,6.688,6.992,6.643,6.941,318519.370951
1704700800000,2024-01-08T08:00:00+00:00,DOT/USDT,4h,6.939,7.141,6.85,7.14,321329.949123
1704715200000,2024-01-08T12:00:00+00:00,DOT/USDT,4h,7.138,7.265,7.111,7.234,334051.115222
1704729600000,2024-01-08T16:00:00+00:00,DOT/USDT,4h,7.232,7.496,7.176,7.485,325418.125669
1704744000000,2024-01-08T20:00:00+00:00,DOT/USDT,4h,7.488,7.506,7.363,7.486,179995.35707
1704758400000,2024-01-09T00:00:00+00:00,DOT/USDT,4h,7.484,7.528,7.309,7.32,259347.084925
1704772800000,2024-01-09T04:00:00+00:00,DOT/USDT,4h,7.316,7.52,7.315,7.456,223868.279923
1704787200000,2024-01-09T08:00:00+00:00,DOT/USDT,4h,7.457,7.514,7.278,7.314,222549.104545
1704801600000,2024-01-09T12:00:00+00:00,DOT/USDT,4h,7.309,7.349,6.985,7.136,504659.471711
1704816000000,2024-01-09T16:00:00+00:00,DOT/USDT,4h,7.137,7.153,6.957,7.033,131105.1581
1704830400000,2024-01-09T20:00:00+00:00,DOT/USDT,4h,7.036,7.197,6.909,7.126,624754.81057
1704844800000,2024-01-10T00:00:00+00:00,DOT/USDT,4h,7.127,7.224,7.084,7.134,170025.75332
1704859200000,2024-01-10T04:00:00+00:00,DOT/USDT,4h,7.14,7.19,7.069,7.072,147616.861154
1704873600000,2024-01-10T08:00:00+00:00,DOT/USDT,4h,7.073,7.227,6.983,7.137,205508.84477
1704888000000,2024-01-10T12:00:00+00:00,DOT/USDT,4h,7.134,7.142,6.795,7.082,491180.18935
1704902400000,2024-01-10T16:00:00+00:00,DOT/USDT,4h,7.079,7.263,7.007,7.254,212787.562437
1704916800000,2024-01-10T20:00:00+00:00,DOT/USDT,4h,7.253,8.087,7.112,7.988,1159935.551742
1704931200000,2024-01-11T00:00:00+00:00,DOT/USDT,4h,7.986,8.25,7.922,8.217,624140.027309
1704945600000,2024-01-11T04:00:00+00:00,DOT/USDT,4h,8.218,8.395,7.855,8.341,656243.43809
1704960000000,2024-01-11T08:00:00+00:00,DOT/USDT,4h,8.335,8.444,8.271,8.399,361895.314757
1704974400000,2024-01-11T12:00:00+00:00,DOT/USDT,4h,8.398,8.581,8.139,8.234,893810.641747
1704988800000,2024-01-11T16:00:00+00:00,DOT/USDT,4h,8.237,8.282,8.027,8.226,300320.736312
1705003200000,2024-01-11T20:00:00+00:00,DOT/USDT,4h,8.225,8.322,8.052,8.149,156841.063236
1705017600000,2024-01-12T00:00:00+00:00,DOT/USDT,4h,8.149,8.214,8.03,8.076,160806.534078
1705032000000,2024-01-12T04:00:00+00:00,DOT/USDT,4h,8.075,8.197,8.027,8.07,181866.453
1705046400000,2024-01-12T08:00:00+00:00,DOT/USDT,4h,8.066,8.131,7.961,8.066,219710.709486
1705060800000,2024-01-12T12:00:00+00:00,DOT/USDT,4h,8.063,8.213,7.833,7.892,428644.339195
1705075200000,2024-01-12T16:00:00+00:00,DOT/USDT,4h,7.892,7.949,7.555,7.765,483927.65943
1705089600000,2024-01-12T20:00:00+00:00,DOT/USDT,4h,7.764,7.813,7.312,7.564,325552.931652
1705104000000,2024-01-13T00:00:00+00:00,DOT/USDT,4h,7.567,7.645,7.37,7.587,280274.915581
1705118400000,2024-01-13T04:00:00+00:00,DOT/USDT,4h,7.586,7.747,7.576,7.693,156486.605025
1705132800000,2024-01-13T08:00:00+00:00,DOT/USDT,4h,7.693,7.741,7.585,7.645,149244.381644
1705147200000,2024-01-13T12:00:00+00:00,DOT/USDT,4h,7.641,7.753,7.575,7.704,151353.395561
1705161600000,2024-01-13T16:00:00+00:00,DOT/USDT,4h,7.708,7.74,7.62,7.621,146330.753429
1705176000000,2024-01-13T20:00:00+00:00,DOT/USDT,4h,7.623,7.689,7.595,7.617,125848.700809
1705190400000,2024-01-14T00:00:00+00:00,DOT/USDT,4h,7.615,7.624,7.5,7.511,127010.007086
1705204800000,2024-01-14T04:00:00+00:00,DOT/USDT,4h,7.51,7.67,7.461,7.609,97951.739972
1705219200000,2024-01-14T08:00:00+00:00,DOT/USDT,4h,7.612,7.698,7.569,7.583,108381.199526
1705233600000,2024-01-14T12:00:00+00:00,DOT/USDT,4h,7.578,7.674,7.533,7.669,106528.490291
1705248000000,2024-01-14T16:00:00+00:00,DOT/USDT,4h,7.67,7.697,7.466,7.476,86090.736022
1705262400000,2024-01-14T20:00:00+00:00,DOT/USDT,4h,7.476,7.547,7.315,7.32,182948.073141
1705276800000,2024-01-15T00:00:00+00:00,DOT/USDT,4h,7.321,7.646,7.304,7.606,141106.964917
1705291200000,2024-01-15T04:00:00+00:00,DOT/USDT,4h,7.605,7.684,7.511,7.531,103859.743768
1705305600000,2024-01-15T08:00:00+00:00,DOT/USDT,4h,7.532,7.683,7.504,7.577,159937.228802
1705320000000,2024-01-15T12:00:00+00:00,DOT/USDT,4h,7.583,7.668,7.406,7.422,161456.620071
1705334400000,2024-01-15T16:00:00+00:00,DOT/USDT,4h,7.416,7.694,7.412,7.623,122979.859667
1705348800000,2024-01-15T20:00:00+00:00,DOT/USDT,4h,7.627,7.671,7.436,7.507,89413.998706
1705363200000,2024-01-16T00:00:00+00:00,DOT/USDT,4h,7.514,7.624,7.502,7.594,98909.350408
1705377600000,2024-01-16T04:00:00+00:00,DOT/USDT,4h,7.597,7.604,7.478,7.55,114725.153484
1705392000000,2024-01-16T08:00:00+00:00,DOT/USDT,4h,7.551,7.689,7.463,7.523,202609.122225
1705406400000,2024-01-16T12:00:00+00:00,DOT/USDT,4h,7.524,7.589,7.341,7.511,274101.49988
1705420800000,2024-01-16T16:00:00+00:00,DOT/USDT,4h,7.514,7.545,7.395,7.46,101971.691632
1705435200000,2024-01-16T20:00:00+00:00,DOT/USDT,4h,7.462,7.601,7.452,7.492,120004.651835
1705449600000,2024-01-17T00:00:00+00:00,DOT/USDT,4h,7.493,7.596,7.463,7.493,110405.860023
1705464000000,2024-01-17T04:00:00+00:00,DOT/USDT,4h,7.497,7.512,7.363,7.377,209619.161708
1705478400000,2024-01-17T08:00:00+00:00,DOT/USDT,4h,7.372,7.428,7.35,7.392,124527.899999
1705492800000,2024-01-17T12:00:00+00:00,DOT/USDT,4h,7.394,7.466,7.323,7.342,172392.959179
1705507200000,2024-01-17T16:00:00+00:00,DOT/USDT,4h,7.343,7.379,7.26,7.337,107678.169223
1705521600000,2024-01-17T20:00:00+00:00,DOT/USDT,4h,7.341,7.374,7.257,7.348,99649.797268
1705536000000,2024-01-18T00:00:00+00:00,DOT/USDT,4h,7.347,7.393,7.229,7.349,133309.155228
1705550400000,2024-01-18T04:00:00+00:00,DOT/USDT,4h,7.347,7.381,7.289,7.34,126846.339675
1705564800000,2024-01-18T08:00:00+00:00,DOT/USDT,4h,7.341,7.353,7.178,7.21,219800.083572
1705579200000,2024-01-18T12:00:00+00:00,DOT/USDT,4h,7.206,7.246,7.109,7.215,210514.219015
1705593600000,2024-01-18T16:00:00+00:00,DOT/USDT,4h,7.21,7.228,6.821,6.873,510333.656055
1705608000000,2024-01-18T20:00:00+00:00,DOT/USDT,4h,6.872,7.06,6.858,7.02,210979.115529
1705622400000,2024-01-19T00:00:00+00:00,DOT/USDT,4h,7.019,7.05,6.826,6.951,147489.150758
1705636800000,2024-01-19T04:00:00+00:00,DOT/USDT,4h,6.952,7.05,6.933,7.001,146677.611666
1705651200000,2024-01-19T08:00:00+00:00,DOT/USDT,4h,6.997,7.035,6.962,7.001,104623.472913
1705665600000,2024-01-19T12:00:00+00:00,DOT/USDT,4h,6.999,7.006,6.775,6.801,313362.28648
1705680000000,2024-01-19T16:00:00+00:00,DOT/USDT,4h,6.8,6.879,6.57,6.855,471429.429302
1705694400000,2024-01-19T20:00:00+00:00,DOT/USDT,4h,6.855,6.919,6.817,6.894,150999.310468
1705708800000,2024-01-20T00:00:00+00:00,DOT/USDT,4h,6.891,6.891,6.779,6.83,105429.238353
1705723200000,2024-01-20T04:00:00+00:00,DOT/USDT,4h,6.831,6.95,6.821,6.9,100836.660221
1705737600000,2024-01-20T08:00:00+00:00,DOT/USDT,4h,6.905,6.93,6.799,6.855,96214.668923
1705752000000,2024-01-20T12:00:00+00:00,DOT/USDT,4h,6.857,6.886,6.802,6.862,105085.294594
1705766400000,2024-01-20T16:00:00+00:00,DOT/USDT,4h,6.861,6.888,6.797,6.842,93542.144918
1705780800000,2024-01-20T20:00:00+00:00,DOT/USDT,4h,6.842,6.929,6.833,6.911,102595.622081
1705795200000,2024-01-21T00:00:00+00:00,DOT/USDT,4h,6.912,6.975,6.86,6.92,122752.161299
1705809600000,2024-01-21T04:00:00+00:00,DOT/USDT,4h,6.921,6.925,6.857,6.901,49232.558735
1705824000000,2024-01-21T08:00:00+00:00,DOT/USDT,4h,6.904,6.93,6.888,6.899,60178.227092
1705838400000,2024-01-21T12:00:00+00:00,DOT/USDT,4h,6.897,6.97,6.862,6.888,98821.656438
1705852800000,2024-01-21T16:00:00+00:00,DOT/USDT,4h,6.888,6.913,6.842,6.908,80587.532473
1705867200000,2024-01-21T20:00:00+00:00,DOT/USDT,4h,6.909,6.913,6.802,6.814,71196.811897
1705881600000,2024-01-22T00:00:00+00:00,DOT/USDT,4h,6.815,6.849,6.675,6.72,122468.291728
1705896000000,2024-01-22T04:00:00+00:00,DOT/USDT,4h,6.722,6.759,6.639,6.719,84427.482641
1705910400000,2024-01-22T08:00:00+00:00,DOT/USDT,4h,6.719,6.81,6.545,6.583,408931.450333
1705924800000,2024-01-22T12:00:00+00:00,DOT/USDT,4h,6.584,6.681,6.418,6.517,327036.210899
1705939200000,2024-01-22T16:00:00+00:00,DOT/USDT,4h,6.519,6.566,6.292,6.378,420957.281023
1705953600000,2024-01-22T20:00:00+00:00,DOT/USDT,4h,6.377,6.492,6.32,6.339,392479.018654
1705968000000,2024-01-23T00:00:00+00:00,DOT/USDT,4h,6.343,6.453,6.316,6.418,88201.590203
1705982400000,2024-01-23T04:00:00+00:00,DOT/USDT,4h,6.422,6.453,6.285,6.312,99919.45637
1705996800000,2024-01-23T08:00:00+00:00,DOT/USDT,4h,6.314,6.344,5.973,6.096,560049.967677
1706011200000,2024-01-23T12:00:00+00:00,DOT/USDT,4h,6.095,6.236,5.974,6.23,350457.414971
1706025600000,2024-01-23T16:00:00+00:00,DOT/USDT,4h,6.225,6.348,6.19,6.199,161825.069073
1706040000000,2024-01-23T20:00:00+00:00,DOT/USDT,4h,6.2,6.365,6.156,6.363,113964.217538
1706054400000,2024-01-24T00:00:00+00:00,DOT/USDT,4h,6.361,6.409,6.26,6.272,118924.98687
1706068800000,2024-01-24T04:00:00+00:00,DOT/USDT,4h,6.276,6.425,6.262,6.376,66110.231645
1706083200000,2024-01-24T08:00:00+00:00,DOT/USDT,4h,6.38,6.539,6.371,6.478,147719.784391
1706097600000,2024-01-24T12:00:00+00:00,DOT/USDT,4h,6.475,6.542,6.371,6.424,149045.669962
1706112000000,2024-01-24T16:00:00+00:00,DOT/USDT,4h,6.424,6.453,6.295,6.344,123422.614362
1706126400000,2024-01-24T20:00:00+00:00,DOT/USDT,4h,6.34,6.476,6.293,6.462,69707.211518
1706140800000,2024-01-25T00:00:00+00:00,DOT/USDT,4h,6.462,6.497,6.415,6.473,72098.533388
1706155200000,2024-01-25T04:00:00+00:00,DOT/USDT,4h,6.475,6.536,6.406,6.507,84207.083798
1706169600000,2024-01-25T08:00:00+00:00,DOT/USDT,4h,6.506,6.571,6.435,6.53,157785.571302
1706184000000,2024-01-25T12:00:00+00:00,DOT/USDT,4h,6.527,6.535,6.355,6.39,112122.056558
1706198400000,2024-01-25T16:00:00+00:00,DOT/USDT,4h,6.388,6.509,6.348,6.446,77563.258709
1706212800000,2024-01-25T20:00:00+00:00,DOT/USDT,4h,6.448,6.494,6.412,6.438,47100.84223
1706227200000,2024-01-26T00:00:00+00:00,DOT/USDT,4h,6.438,6.487,6.361,6.445,96692.275827
1706241600000,2024-01-26T04:00:00+00:00,DOT/USDT,4h,6.446,6.462,6.362,6.374,80823.329385
1706256000000,2024-01-26T08:00:00+00:00,DOT/USDT,4h,6.372,6.615,6.37,6.597,194466.705383
1706270400000,2024-01-26T12:00:00+00:00,DOT/USDT,4h,6.6,6.629,6.506,6.622,175511.109765
1706284800000,2024-01-26T16:00:00+00:00,DOT/USDT,4h,6.619,6.726,6.619,6.677,149817.154753
1706299200000,2024-01-26T20:00:00+00:00,DOT/USDT,4h,6.673,6.73,6.637,6.671,71438.192287
1706313600000,2024-01-27T00:00:00+00:00,DOT/USDT,4h,6.671,6.721,6.668,6.689,74668.783315
1706328000000,2024-01-27T04:00:00+00:00,DOT/USDT,4h,6.692,6.694,6.547,6.567,108329.493285
1706342400000,2024-01-27T08:00:00+00:00,DOT/USDT,4h,6.566,6.658,6.53,6.647,66384.796739
1706356800000,2024-01-27T12:00:00+00:00,DOT/USDT,4h,6.646,6.714,6.622,6.689,97400.696855
1706371200000,2024-01-27T16:00:00+00:00,DOT/USDT,4h,6.691,6.713,6.639,6.682,66350.000987
1706385600000,2024-01-27T20:00:00+00:00,DOT/USDT,4h,6.685,6.752,6.655,6.665,83673.323896
1706400000000,2024-01-28T00:00:00+00:00,DOT/USDT,4h,6.67,6.74,6.654,6.737,87245.487345
1706414400000,2024-01-28T04:00:00+00:00,DOT/USDT,4h,6.735,6.795,6.691,6.701,115265.245465
1706428800000,2024-01-28T08:00:00+00:00,DOT/USDT,4h,6.702,6.777,6.679,6.73,99806.779305
1706443200000,2024-01-28T12:00:00+00:00,DOT/USDT,4h,6.732,6.737,6.626,6.654,133436.6505
1706457600000,2024-01-28T16:00:00+00:00,DOT/USDT,4h,6.654,6.685,6.571,6.599,77746.307058
1706472000000,2024-01-28T20:00:00+00:00,DOT/USDT,4h,6.601,6.872,6.568,6.871,147324.074274
1706486400000,2024-01-29T00:00:00+00:00,DOT/USDT,4h,6.872,6.961,6.755,6.934,194168.31756
1706500800000,2024-01-29T04:00:00+00:00,DOT/USDT,4h,6.926,7.002,6.804,6.816,157752.645434
1706515200000,2024-01-29T08:00:00+00:00,DOT/USDT,4h,6.814,6.859,6.763,6.828,140405.056055
1706529600000,2024-01-29T12:00:00+00:00,DOT/USDT,4h,6.828,6.865,6.706,6.824,157714.820943
1706544000000,2024-01-29T16:00:00+00:00,DOT/USDT,4h,6.823,7.175,6.78,7.107,377205.689096
1706558400000,2024-01-29T20:00:00+00:00,DOT/USDT,4h,7.109,7.297,7.019,7.034,350273.225159
1706572800000,2024-01-30T00:00:00+00:00,DOT/USDT,4h,7.031,7.087,6.957,7.004,183606.308314
1706587200000,2024-01-30T04:00:00+00:00,DOT/USDT,4h,7.006,7.059,6.943,7.014,123894.325362
1706601600000,2024-01-30T08:00:00+00:00,DOT/USDT,4h,7.015,7.073,6.99,7.047,127223.288796
1706616000000,2024-01-30T12:00:00+00:00,DOT/USDT,4h,7.049,7.064,6.908,7.006,191455.657851
1706630400000,2024-01-30T16:00:00+00:00,DOT/USDT,4h,7.006,7.033,6.941,7.006,95979.356818
1706644800000,2024-01-30T20:00:00+00:00,DOT/USDT,4h,7.007,7.04,6.82,6.838,159547.673734
1706659200000,2024-01-31T00:00:00+00:00,DOT/USDT,4h,6.839,6.864,6.752,6.805,288762.558588
1706673600000,2024-01-31T04:00:00+00:00,DOT/USDT,4h,6.806,6.888,6.79,6.872,76098.772118
1706688000000,2024-01-31T08:00:00+00:00,DOT/USDT,4h,6.87,6.879,6.665,6.763,125479.622359
1706702400000,2024-01-31T12:00:00+00:00,DOT/USDT,4h,6.76,6.798,6.616,6.795,182039.088732
1706716800000,2024-01-31T16:00:00+00:00,DOT/USDT,4h,6.792,6.854,6.759,6.82,166067.100844
1706731200000,2024-01-31T20:00:00+00:00,DOT/USDT,4h,6.818,6.825,6.585,6.655,141262.332047
1706745600000,2024-02-01T00:00:00+00:00,DOT/USDT,4h,6.652,6.693,6.532,6.651,180108.393219
1706760000000,2024-02-01T04:00:00+00:00,DOT/USDT,4h,6.651,6.695,6.617,6.653,53812.146688
1706774400000,2024-02-01T08:00:00+00:00,DOT/USDT,4h,6.653,6.698,6.633,6.642,59042.977267
1706788800000,2024-02-01T12:00:00+00:00,DOT/USDT,4h,6.645,6.787,6.63,6.732,115715.19524
1706803200000,2024-02-01T16:00:00+00:00,DOT/USDT,4h,6.731,6.815,6.683,6.801,113365.961154
1706817600000,2024-02-01T20:00:00+00:00,DOT/USDT,4h,6.809,6.81,6.754,6.792,51128.936432
1706832000000,2024-02-02T00:00:00+00:00,DOT/USDT,4h,6.792,6.843,6.772,6.793,66242.554251
1706846400000,2024-02-02T04:00:00+00:00,DOT/USDT,4h,6.793,6.878,6.768,6.867,76258.766422
1706860800000,2024-02-02T08:00:00+00:00,DOT/USDT,4h,6.868,6.95,6.852,6.903,135899.656254
1706875200000,2024-02-02T12:00:00+00:00,DOT/USDT,4h,6.906,7.006,6.763,6.993,210272.959685
1706889600000,2024-02-02T16:00:00+00:00,DOT/USDT,4h,6.994,7.024,6.905,6.938,102281.385107
1706904000000,2024-02-02T20:00:00+00:00,DOT/USDT,4h,6.938,6.961,6.876,6.946,46257.887974
1706918400000,2024-02-03T00:00:00+00:00,DOT/USDT,4h,6.947,7.01,6.911,6.913,134305.753789
1706932800000,2024-02-03T04:00:00+00:00,DOT/USDT,4h,6.914,6.949,6.853,6.869,69352.429697
1706947200000,2024-02-03T08:00:00+00:00,DOT/USDT,4h,6.871,6.957,6.86,6.893,96963.482032
1706961600000,2024-02-03T12:00:00+00:00,DOT/USDT,4h,6.892,6.923,6.812,6.884,107573.870139
1706976000000,2024-02-03T16:00:00+00:00,DOT/USDT,4h,6.884,6.917,6.866,6.9,28483.15319
1706990400000,2024-02-03T20:00:00+00:00,DOT/USDT,4h,6.903,6.905,6.819,6.824,74718.405453
1707004800000,2024-02-04T00:00:00+00:00,DOT/USDT,4h,6.824,6.825,6.741,6.819,68413.227438
1707019200000,2024-02-04T04:00:00+00:00,DOT/USDT,4h,6.818,6.818,6.713,6.738,125367.892654
1707033600000,2024-02-04T08:00:00+00:00,DOT/USDT,4h,6.739,6.822,6.712,6.805,88053.343303
1707048000000,2024-02-04T12:00:00+00:00,DOT/USDT,4h,6.802,6.816,6.766,6.781,42123.797567
1707062400000,2024-02-04T16:00:00+00:00,DOT/USDT,4h,6.782,6.785,6.679,6.744,63984.62886
1707076800000,2024-02-04T20:00:00+00:00,DOT/USDT,4h,6.741,6.791,6.644,6.666,86964.980008
1707091200000,2024-02-05T00:00:00+00:00,DOT/USDT,4h,6.667,6.851,6.591,6.841,262171.53488
1707105600000,2024-02-05T04:00:00+00:00,DOT/USDT,4h,6.842,6.919,6.822,6.918,93081.780637
1707120000000,2024-02-05T08:00:00+00:00,DOT/USDT,4h,6.919,6.979,6.889,6.964,91217.383291
1707134400000,2024-02-05T12:00:00+00:00,DOT/USDT,4h,6.964,6.976,6.782,6.797,141937.606454
1707148800000,2024-02-05T16:00:00+00:00,DOT/USDT,4h,6.795,6.823,6.744,6.791,77987.059644
1707163200000,2024-02-05T20:00:00+00:00,DOT/USDT,4h,6.789,6.795,6.669,6.735,68919.232423
1707177600000,2024-02-06T00:00:00+00:00,DOT/USDT,4h,6.733,6.796,6.673,6.752,94314.900155
1707192000000,2024-02-06T04:00:00+00:00,DOT/USDT,4h,6.755,6.771,6.702,6.745,61063.806653
1707206400000,2024-02-06T08:00:00+00:00,DOT/USDT,4h,6.746,6.784,6.639,6.71,100372.372499
1707220800000,2024-02-06T12:00:00+00:00,DOT/USDT,4h,6.706,6.784,6.651,6.769,124962.148304
1707235200000,2024-02-06T16:00:00+00:00,DOT/USDT,4h,6.767,6.799,6.703,6.799,79544.024648
1707249600000,2024-02-06T20:00:00+00:00,DOT/USDT,4h,6.8,6.832,6.779,6.807,52546.481803
1707264000000,2024-02-07T00:00:00+00:00,DOT/USDT,4h,6.809,6.823,6.732,6.732,52763.842602
1707278400000,2024-02-07T04:00:00+00:00,DOT/USDT,4h,6.735,6.76,6.676,6.691,61793.60664
1707292800000,2024-02-07T08:00:00+00:00,DOT/USDT,4h,6.691,6.766,6.67,6.706,75799.383741
1707307200000,2024-02-07T12:00:00+00:00,DOT/USDT,4h,6.706,6.85,6.704,6.806,114477.014746
1707321600000,2024-02-07T16:00:00+00:00,DOT/USDT,4h,6.802,6.914,6.786,6.892,154672.781867
1707336000000,2024-02-07T20:00:00+00:00,DOT/USDT,4h,6.892,6.963,6.892,6.94,109747.107735
1707350400000,2024-02-08T00:00:00+00:00,DOT/USDT,4h,6.941,6.991,6.938,6.955,143947.716744
1707364800000,2024-02-08T04:00:00+00:00,DOT/USDT,4h,6.958,6.975,6.905,6.95,85789.351672
1707379200000,2024-02-08T08:00:00+00:00,DOT/USDT,4h,6.95,6.981,6.894,6.904,161832.242611
1707393600000,2024-02-08T12:00:00+00:00,DOT/USDT,4h,6.901,7.08,6.87,7.048,199645.724841
1707408000000,2024-02-08T16:00:00+00:00,DOT/USDT,4h,7.046,7.065,6.908,7.014,150295.683019
1707422400000,2024-02-08T20:00:00+00:00,DOT/USDT,4h,7.013,7.11,7.009,7.015,151002.04998
1707436800000,2024-02-09T00:00:00+00:00,DOT/USDT,4h,7.012,7.118,6.957,7.051,331812.402931
1707451200000,2024-02-09T04:00:00+00:00,DOT/USDT,4h,7.054,7.106,7.036,7.098,85613.787131
1707465600000,2024-02-09T08:00:00+00:00,DOT/USDT,4h,7.098,7.189,7.059,7.163,175110.319428
1707480000000,2024-02-09T12:00:00+00:00,DOT/USDT,4h,7.163,7.333,7.131,7.211,386069.546974
1707494400000,2024-02-09T16:00:00+00:00,DOT/USDT,4h,7.21,7.212,7.116,7.15,196662.657414
1707508800000,2024-02-09T20:00:00+00:00,DOT/USDT,4h,7.151,7.228,7.151,7.197,89847.403091
1707523200000,2024-02-10T00:00:00+00:00,DOT/USDT,4h,7.196,7.279,7.169,7.25,76122.630495
1707537600000,2024-02-10T04:00:00+00:00,DOT/USDT,4h,7.254,7.262,7.175,7.179,75106.756002
1707552000000,2024-02-10T08:00:00+00:00,DOT/USDT,4h,7.18,7.216,7.055,7.104,133551.905419
1707566400000,2024-02-10T12:00:00+00:00,DOT/USDT,4h,7.108,7.149,7.072,7.142,61972.576222
1707580800000,2024-02-10T16:00:00+00:00,DOT/USDT,4h,7.142,7.216,7.116,7.21,78831.165116
1707595200000,2024-02-10T20:00:00+00:00,DOT/USDT,4h,7.212,7.29,7.193,7.198,70586.140427
1707609600000,2024-02-11T00:00:00+00:00,DOT/USDT,4h,7.201,7.252,7.153,7.247,125323.455879
1707624000000,2024-02-11T04:00:00+00:00,DOT/USDT,4h,7.249,7.303,7.236,7.284,126658.183517
1707638400000,2024-02-11T08:00:00+00:00,DOT/USDT,4h,7.283,7.343,7.233,7.3,132506.782545
1707652800000,2024-02-11T12:00:00+00:00,DOT/USDT,4h,7.3,7.31,7.164,7.202,115948.464093
1707667200000,2024-02-11T16:00:00+00:00,DOT/USDT,4h,7.205,7.228,7.131,7.189,95274.476359
1707681600000,2024-02-11T20:00:00+00:00,DOT/USDT,4h,7.189,7.205,7.077,7.099,79417.450904
1707696000000,2024-02-12T00:00:00+00:00,DOT/USDT,4h,7.101,7.167,6.992,7.067,116781.117032
1707710400000,2024-02-12T04:00:00+00:00,DOT/USDT,4h,7.074,7.12,6.999,7.097,124026.664617
1707724800000,2024-02-12T08:00:00+00:00,DOT/USDT,4h,7.097,7.129,6.979,7.014,92817.145879
1707739200000,2024-02-12T12:00:00+00:00,DOT/USDT,4h,7.011,7.265,7.0,7.248,137355.670866
1707753600000,2024-02-12T16:00:00+00:00,DOT/USDT,4h,7.25,7.376,7.194,7.22,379498.525225
1707768000000,2024-02-12T20:00:00+00:00,DOT/USDT,4h,7.222,7.354,7.222,7.339,116403.900484
1707782400000,2024-02-13T00:00:00+00:00,DOT/USDT,4h,7.339,7.453,7.277,7.297,190705.924782
1707796800000,2024-02-13T04:00:00+00:00,DOT/USDT,4h,7.299,7.41,7.297,7.403,118418.707951
1707811200000,2024-02-13T08:00:00+00:00,DOT/USDT,4h,7.395,7.447,7.319,7.381,134551.049863
1707825600000,2024-02-13T12:00:00+00:00,DOT/USDT,4h,7.378,7.383,7.117,7.2,345026.342587
1707840000000,2024-02-13T16:00:00+00:00,DOT/USDT,4h,7.203,7.271,7.154,7.226,91178.814435
1707854400000,2024-02-13T20:00:00+00:00,DOT/USDT,4h,7.227,7.366,7.227,7.359,86895.598118
1707868800000,2024-02-14T00:00:00+00:00,DOT/USDT,4h,7.354,7.586,7.273,7.504,330145.289486
1707883200000,2024-02-14T04:00:00+00:00,DOT/USDT,4h,7.505,7.646,7.486,7.591,240857.558314
1707897600000,2024-02-14T08:00:00+00:00,DOT/USDT,4h,7.593,7.71,7.559,7.661,327822.849117
1707912000000,2024-02-14T12:00:00+00:00,DOT/USDT,4h,7.662,7.677,7.547,7.579,232991.725499
1707926400000,2024-02-14T16:00:00+00:00,DOT/USDT,4h,7.577,7.661,7.513,7.645,122788.490288
1707940800000,2024-02-14T20:00:00+00:00,DOT/USDT,4h,7.643,7.68,7.626,7.649,72196.332393
1707955200000,2024-02-15T00:00:00+00:00,DOT/USDT,4h,7.648,7.739,7.578,7.671,156291.659351
1707969600000,2024-02-15T04:00:00+00:00,DOT/USDT,4h,7.67,7.671,7.528,7.638,135443.099734
1707984000000,2024-02-15T08:00:00+00:00,DOT/USDT,4h,7.646,7.93,7.617,7.904,320813.631191
1707998400000,2024-02-15T12:00:00+00:00,DOT/USDT,4h,7.907,7.953,7.756,7.792,365494.274848
1708012800000,2024-02-15T16:00:00+00:00,DOT/USDT,4h,7.793,7.835,7.691,7.757,181007.597354
1708027200000,2024-02-15T20:00:00+00:00,DOT/USDT,4h,7.756,7.783,7.63,7.778,127680.731339
1708041600000,2024-02-16T00:00:00+00:00,DOT/USDT,4h,7.78,7.818,7.714,7.818,150720.456798
1708056000000,2024-02-16T04:00:00+00:00,DOT/USDT,4h,7.818,7.865,7.718,7.724,129963.120554
1708070400000,2024-02-16T08:00:00+00:00,DOT/USDT,4h,7.723,7.844,7.7,7.767,159369.541198
1708084800000,2024-02-16T12:00:00+00:00,DOT/USDT,4h,7.767,7.866,7.538,7.643,289105.368615
1708099200000,2024-02-16T16:00:00+00:00,DOT/USDT,4h,7.644,7.705,7.547,7.573,126813.762529
1708113600000,2024-02-16T20:00:00+00:00,DOT/USDT,4h,7.57,7.675,7.562,7.65,89205.726457
1708128000000,2024-02-17T00:00:00+00:00,DOT/USDT,4h,7.65,7.687,7.5,7.578,131480.56779
1708142400000,2024-02-17T04:00:00+00:00,DOT/USDT,4h,7.578,7.667,7.544,7.661,77342.223025
1708156800000,2024-02-17T08:00:00+00:00,DOT/USDT,4h,7.666,7.671,7.527,7.596,125739.779012
1708171200000,2024-02-17T12:00:00+00:00,DOT/USDT,4h,7.603,7.632,7.341,7.455,329503.15353
1708185600000,2024-02-17T16:00:00+00:00,DOT/USDT,4h,7.459,7.558,7.428,7.555,110666.137735
1708200000000,2024-02-17T20:00:00+00:00,DOT/USDT,4h,7.558,7.709,7.54,7.704,100794.879089
1708214400000,2024-02-18T00:00:00+00:00,DOT/USDT,4h,7.703,7.845,7.703,7.742,189242.78518
1708228800000,2024-02-18T04:00:00+00:00,DOT/USDT,4h,7.738,7.824,7.677,7.783,110396.558764
1708243200000,2024-02-18T08:00:00+00:00,DOT/USDT,4h,7.777,7.857,7.74,7.774,180626.658309
1708257600000,2024-02-18T12:00:00+00:00,DOT/USDT,4h,7.771,7.813,7.715,7.777,130008.614059
1708272000000,2024-02-18T16:00:00+00:00,DOT/USDT,4h,7.777,7.86,7.741,7.791,161363.402537
1708286400000,2024-02-18T20:00:00+00:00,DOT/USDT,4h,7.79,7.92,7.728,7.86,111985.460839
1708300800000,2024-02-19T00:00:00+00:00,DOT/USDT,4h,7.86,7.893,7.783,7.811,117392.146397
1708315200000,2024-02-19T04:00:00+00:00,DOT/USDT,4h,7.811,7.907,7.748,7.887,346980.589305
1708329600000,2024-02-19T08:00:00+00:00,DOT/USDT,4h,7.889,7.895,7.72,7.824,295894.205123
1708344000000,2024-02-19T12:00:00+00:00,DOT/USDT,4h,7.824,7.826,7.664,7.739,291241.318996
1708358400000,2024-02-19T16:00:00+00:00,DOT/USDT,4h,7.738,7.806,7.651,7.778,202354.358281
1708372800000,2024-02-19T20:00:00+00:00,DOT/USDT,4h,7.779,8.167,7.751,8.027,440804.52165
1708387200000,2024-02-20T00:00:00+00:00,DOT/USDT,4h,8.027,8.117,7.817,7.819,361382.17191
1708401600000,2024-02-20T04:00:00+00:00,DOT/USDT,4h,7.819,7.94,7.794,7.844,126514.638179
1708416000000,2024-02-20T08:00:00+00:00,DOT/USDT,4h,7.847,7.857,7.625,7.844,346476.886873
1708430400000,2024-02-20T12:00:00+00:00,DOT/USDT,4h,7.846,7.943,7.4,7.568,859058.861101
1708444800000,2024-02-20T16:00:00+00:00,DOT/USDT,4h,7.571,7.651,7.438,7.649,250966.407829
1708459200000,2024-02-20T20:00:00+00:00,DOT/USDT,4h,7.648,7.83,7.62,7.73,121369.474763
1708473600000,2024-02-21T00:00:00+00:00,DOT/USDT,4h,7.73,7.73,7.57,7.614,177131.800637
1708488000000,2024-02-21T04:00:00+00:00,DOT/USDT,4h,7.614,7.622,7.371,7.424,225119.505986
1708502400000,2024-02-21T08:00:00+00:00,DOT/USDT,4h,7.422,7.468,7.224,7.317,255718.765672
1708516800000,2024-02-21T12:00:00+00:00,DOT/USDT,4h,7.316,7.434,7.229,7.378,265346.342681
1708531200000,2024-02-21T16:00:00+00:00,DOT/USDT,4h,7.378,7.425,7.245,7.359,114120.732263
1708545600000,2024-02-21T20:00:00+00:00,DOT/USDT,4h,7.352,7.487,7.31,7.469,112297.214041
1708560000000,2024-02-22T00:00:00+00:00,DOT/USDT,4h,7.468,7.469,7.276,7.384,153175.611209
1708574400000,2024-02-22T04:00:00+00:00,DOT/USDT,4h,7.382,7.553,7.346,7.528,162621.072001
1708588800000,2024-02-22T08:00:00+00:00,DOT/USDT,4h,7.527,7.609,7.494,7.529,236541.112393
1708603200000,2024-02-22T12:00:00+00:00,DOT/USDT,4h,7.529,7.606,7.4,7.568,265188.376025
1708617600000,2024-02-22T16:00:00+00:00,DOT/USDT,4h,7.57,7.641,7.518,7.561,226883.370108
1708632000000,2024-02-22T20:00:00+00:00,DOT/USDT,4h,7.561,7.685,7.464,7.481,176302.812407
1708646400000,2024-02-23T00:00:00+00:00,DOT/USDT,4h,7.481,7.535,7.354,7.38,177429.875228
1708660800000,2024-02-23T04:00:00+00:00,DOT/USDT,4h,7.379,7.462,7.321,7.347,134827.535646
1708675200000,2024-02-23T08:00:00+00:00,DOT/USDT,4h,7.345,7.396,7.28,7.358,174344.447625
1708689600000,2024-02-23T12:00:00+00:00,DOT/USDT,4h,7.357,7.52,7.273,7.406,659802.790818
1708704000000,2024-02-23T16:00:00+00:00,DOT/USDT,4h,7.41,7.627,7.3,7.615,359942.715599
1708718400000,2024-02-23T20:00:00+00:00,DOT/USDT,4h,7.613,7.648,7.448,7.562,155305.700861
1708732800000,2024-02-24T00:00:00+00:00,DOT/USDT,4h,7.565,7.642,7.431,7.598,250457.28066
1708747200000,2024-02-24T04:00:00+00:00,DOT/USDT,4h,7.599,7.817,7.578,7.793,337056.65977
1708761600000,2024-02-24T08:00:00+00:00,DOT/USDT,4h,7.791,7.824,7.711,7.751,246670.963217
1708776000000,2024-02-24T12:00:00+00:00,DOT/USDT,4h,7.751,7.853,7.713,7.781,307082.509854
1708790400000,2024-02-24T16:00:00+00:00,DOT/USDT,4h,7.783,7.848,7.738,7.824,203208.573911
1708804800000,2024-02-24T20:00:00+00:00,DOT/USDT,4h,7.825,7.89,7.773,7.82,131194.221789
1708819200000,2024-02-25T00:00:00+00:00,DOT/USDT,4h,7.819,7.85,7.7,7.76,214541.615497
1708833600000,2024-02-25T04:00:00+00:00,DOT/USDT,4h,7.763,7.785,7.714,7.743,106874.523656
1708848000000,2024-02-25T08:00:00+00:00,DOT/USDT,4h,7.744,7.764,7.677,7.754,109107.942752
1708862400000,2024-02-25T12:00:00+00:00,DOT/USDT,4h,7.756,7.805,7.719,7.731,231897.918424
1708876800000,2024-02-25T16:00:00+00:00,DOT/USDT,4h,7.731,7.836,7.698,7.833,120818.348848
1708891200000,2024-02-25T20:00:00+00:00,DOT/USDT,4h,7.835,7.945,7.765,7.923,255137.488034
1708905600000,2024-02-26T00:00:00+00:00,DOT/USDT,4h,7.922,7.929,7.793,7.847,221064.377756
1708920000000,2024-02-26T04:00:00+00:00,DOT/USDT,4h,7.848,7.893,7.735,7.746,298420.309368
1708934400000,2024-02-26T08:00:00+00:00,DOT/USDT,4h,7.746,7.758,7.602,7.643,272574.821266
1708948800000,2024-02-26T12:00:00+00:00,DOT/USDT,4h,7.65,7.891,7.587,7.857,305742.566639
1708963200000,2024-02-26T16:00:00+00:00,DOT/USDT,4h,7.855,8.088,7.851,8.076,436890.771075
1708977600000,2024-02-26T20:00:00+00:00,DOT/USDT,4h,8.075,8.118,8.014,8.108,203985.050026
1708992000000,2024-02-27T00:00:00+00:00,DOT/USDT,4h,8.109,8.18,8.023,8.043,667632.629154
1709006400000,2024-02-27T04:00:00+00:00,DOT/USDT,4h,8.047,8.168,8.034,8.036,191125.416882
1709020800000,2024-02-27T08:00:00+00:00,DOT/USDT,4h,8.038,8.167,8.035,8.098,204755.680248
1709035200000,2024-02-27T12:00:00+00:00,DOT/USDT,4h,8.096,8.25,8.011,8.043,510548.937076
1709049600000,2024-02-27T16:00:00+00:00,DOT/USDT,4h,8.043,8.226,7.993,8.215,274996.088661
1709064000000,2024-02-27T20:00:00+00:00,DOT/USDT,4h,8.217,8.447,8.203,8.365,284538.041674
1709078400000,2024-02-28T00:00:00+00:00,DOT/USDT,4h,8.368,8.44,8.248,8.251,219762.860855
1709092800000,2024-02-28T04:00:00+00:00,DOT/USDT,4h,8.251,8.365,8.189,8.359,332417.39517
1709107200000,2024-02-28T08:00:00+00:00,DOT/USDT,4h,8.358,8.594,8.325,8.403,569523.459867
1709121600000,2024-02-28T12:00:00+00:00,DOT/USDT,4h,8.404,8.638,8.355,8.421,440303.400257
1709136000000,2024-02-28T16:00:00+00:00,DOT/USDT,4h,8.42,8.714,7.7,8.122,1462180.04696
1709150400000,2024-02-28T20:00:00+00:00,DOT/USDT,4h,8.122,8.383,8.025,8.343,294939.20869
1709164800000,2024-02-29T00:00:00+00:00,DOT/USDT,4h,8.343,8.504,8.262,8.43,348180.033646
1709179200000,2024-02-29T04:00:00+00:00,DOT/USDT,4h,8.43,8.669,8.401,8.64,408588.539169
1709193600000,2024-02-29T08:00:00+00:00,DOT/USDT,4h,8.636,8.898,8.61,8.726,468720.87526
1709208000000,2024-02-29T12:00:00+00:00,DOT/USDT,4h,8.726,8.877,8.623,8.822,290170.939195
1709222400000,2024-02-29T16:00:00+00:00,DOT/USDT,4h,8.822,8.866,8.433,8.559,457315.314556
1709236800000,2024-02-29T20:00:00+00:00,DOT/USDT,4h,8.557,8.595,8.028,8.262,499069.161244
1709251200000,2024-03-01T00:00:00+00:00,DOT/USDT,4h,8.263,8.429,8.263,8.354,217717.204043
1709265600000,2024-03-01T04:00:00+00:00,DOT/USDT,4h,8.354,8.445,8.338,8.351,221696.73109
1709280000000,2024-03-01T08:00:00+00:00,DOT/USDT,4h,8.35,8.475,8.303,8.421,156936.313019
1709294400000,2024-03-01T12:00:00+00:00,DOT/USDT,4h,8.417,8.526,8.28,8.291,276366.173259
1709308800000,2024-03-01T16:00:00+00:00,DOT/USDT,4h,8.292,8.446,8.272,8.371,180123.097557
1709323200000,2024-03-01T20:00:00+00:00,DOT/USDT,4h,8.373,8.672,8.367,8.662,180294.58358
1709337600000,2024-03-02T00:00:00+00:00,DOT/USDT,4h,8.663,8.98,8.576,8.945,434880.811387
1709352000000,2024-03-02T04:00:00+00:00,DOT/USDT,4h,8.95,9.05,8.791,8.923,464199.346323
1709366400000,2024-03-02T08:00:00+00:00,DOT/USDT,4h,8.924,9.033,8.808,8.96,429098.203922
1709380800000,2024-03-02T12:00:00+00:00,DOT/USDT,4h,8.961,9.198,8.951,9.023,489325.654256
1709395200000,2024-03-02T16:00:00+00:00,DOT/USDT,4h,9.021,9.3,9.014,9.224,264437.495279
1709409600000,2024-03-02T20:00:00+00:00,DOT/USDT,4h,9.228,9.465,9.102,9.461,226123.915343
1709424000000,2024-03-03T00:00:00+00:00,DOT/USDT,4h,9.462,9.47,9.21,9.371,412021.468324
1709438400000,2024-03-03T04:00:00+00:00,DOT/USDT,4h,9.372,9.4,8.54,8.94,754034.054786
1709452800000,2024-03-03T08:00:00+00:00,DOT/USDT,4h,8.943,9.18,8.844,9.173,591988.639298
1709467200000,2024-03-03T12:00:00+00:00,DOT/USDT,4h,9.172,9.33,9.133,9.301,394173.282689
1709481600000,2024-03-03T16:00:00+00:00,DOT/USDT,4h,9.302,9.909,9.233,9.666,920598.998405
1709496000000,2024-03-03T20:00:00+00:00,DOT/USDT,4h,9.667,9.899,9.654,9.778,418956.484226
1709510400000,2024-03-04T00:00:00+00:00,DOT/USDT,4h,9.781,9.98,9.567,9.694,559342.179865
1709524800000,2024-03-04T04:00:00+00:00,DOT/USDT,4h,9.693,9.914,9.631,9.791,387100.381399
1709539200000,2024-03-04T08:00:00+00:00,DOT/USDT,4h,9.792,10.172,9.778,9.968,888612.392543
1709553600000,2024-03-04T12:00:00+00:00,DOT/USDT,4h,9.973,10.308,9.8,10.155,707129.871588
1709568000000,2024-03-04T16:00:00+00:00,DOT/USDT,4h,10.154,10.17,9.63,9.931,577749.620704
1709582400000,2024-03-04T20:00:00+00:00,DOT/USDT,4h,9.938,10.079,9.761,9.866,275566.41965
1709596800000,2024-03-05T00:00:00+00:00,DOT/USDT,4h,9.864,9.985,9.763,9.8,484062.928939
1709611200000,2024-03-05T04:00:00+00:00,DOT/USDT,4h,9.8,10.696,9.65,10.535,1212485.426733
1709625600000,2024-03-05T08:00:00+00:00,DOT/USDT,4h,10.538,10.763,10.464,10.467,594209.990521
1709640000000,2024-03-05T12:00:00+00:00,DOT/USDT,4h,10.467,10.575,10.11,10.283,959692.592672
1709654400000,2024-03-05T16:00:00+00:00,DOT/USDT,4h,10.29,10.36,8.079,8.918,2185743.200594
1709668800000,2024-03-05T20:00:00+00:00,DOT/USDT,4h,8.918,9.394,8.684,9.322,1037240.712392
1709683200000,2024-03-06T00:00:00+00:00,DOT/USDT,4h,9.319,9.382,8.923,9.097,482662.058127
1709697600000,2024-03-06T04:00:00+00:00,DOT/USDT,4h,9.097,10.3,9.097,10.26,740518.117372
1709712000000,2024-03-06T08:00:00+00:00,DOT/USDT,4h,10.259,10.289,9.876,10.131,502721.619402
1709726400000,2024-03-06T12:00:00+00:00,DOT/USDT,4h,10.136,10.146,9.686,9.982,590398.059027
1709740800000,2024-03-06T16:00:00+00:00,DOT/USDT,4h,9.983,10.45,9.975,10.227,473243.939948
1709755200000,2024-03-06T20:00:00+00:00,DOT/USDT,4h,10.225,10.558,10.176,10.54,358091.860051
1709769600000,2024-03-07T00:00:00+00:00,DOT/USDT,4h,10.54,10.998,10.44,10.496,695756.505199
1709784000000,2024-03-07T04:00:00+00:00,DOT/USDT,4h,10.5,10.583,10.237,10.412,344776.077562
1709798400000,2024-03-07T08:00:00+00:00,DOT/USDT,4h,10.413,10.531,10.351,10.456,201971.818969
1709812800000,2024-03-07T12:00:00+00:00,DOT/USDT,4h,10.453,10.518,10.245,10.424,354352.652913
1709827200000,2024-03-07T16:00:00+00:00,DOT/USDT,4h,10.423,10.49,10.303,10.432,183552.568491
1709841600000,2024-03-07T20:00:00+00:00,DOT/USDT,4h,10.45,10.505,10.346,10.402,154280.344374
1709856000000,2024-03-08T00:00:00+00:00,DOT/USDT,4h,10.405,10.67,10.338,10.412,304850.986676
1709870400000,2024-03-08T04:00:00+00:00,DOT/USDT,4h,10.411,10.45,10.261,10.324,169299.962957
1709884800000,2024-03-08T08:00:00+00:00,DOT/USDT,4h,10.325,10.481,10.28,10.432,259182.834172
1709899200000,2024-03-08T12:00:00+00:00,DOT/USDT,4h,10.432,10.564,10.082,10.218,649782.121975
1709913600000,2024-03-08T16:00:00+00:00,DOT/USDT,4h,10.217,10.682,9.957,10.487,841196.572547
1709928000000,2024-03-08T20:00:00+00:00,DOT/USDT,4h,10.487,10.7,10.407,10.642,335453.384374
1709942400000,2024-03-09T00:00:00+00:00,DOT/USDT,4h,10.643,10.8,10.527,10.639,286119.538959
1709956800000,2024-03-09T04:00:00+00:00,DOT/USDT,4h,10.639,10.776,10.594,10.702,196087.813584
1709971200000,2024-03-09T08:00:00+00:00,DOT/USDT,4h,10.702,10.953,10.596,10.894,369166.278112
1709985600000,2024-03-09T12:00:00+00:00,DOT/USDT,4h,10.89,10.933,10.622,10.757,249237.366789
1710000000000,2024-03-09T16:00:00+00:00,DOT/USDT,4h,10.757,10.775,10.432,10.437,324191.829611
1710014400000,2024-03-09T20:00:00+00:00,DOT/USDT,4h,10.437,10.527,10.412,10.494,139940.287616
1710028800000,2024-03-10T00:00:00+00:00,DOT/USDT,4h,10.497,10.579,10.426,10.447,247034.71827
1710043200000,2024-03-10T04:00:00+00:00,DOT/USDT,4h,10.452,10.558,10.417,10.538,147971.58243
1710057600000,2024-03-10T08:00:00+00:00,DOT/USDT,4h,10.542,10.563,10.327,10.409,410467.847537
1710072000000,2024-03-10T12:00:00+00:00,DOT/USDT,4h,10.408,10.44,10.037,10.172,357060.553042
1710086400000,2024-03-10T16:00:00+00:00,DOT/USDT,4h,10.173,10.318,10.164,10.285,149574.522109
1710100800000,2024-03-10T20:00:00+00:00,DOT/USDT,4h,10.284,10.301,9.964,10.261,185986.906755
1710115200000,2024-03-11T00:00:00+00:00,DOT/USDT,4h,10.261,10.376,9.766,10.352,542640.285258
1710129600000,2024-03-11T04:00:00+00:00,DOT/USDT,4h,10.347,10.542,10.227,10.524,438425.602853
1710144000000,2024-03-11T08:00:00+00:00,DOT/USDT,4h,10.526,11.0,10.515,10.726,621023.116327
1710158400000,2024-03-11T12:00:00+00:00,DOT/USDT,4h,10.726,10.973,10.67,10.857,535053.508138
1710172800000,2024-03-11T16:00:00+00:00,DOT/USDT,4h,10.857,11.243,10.708,11.024,727770.335373
1710187200000,2024-03-11T20:00:00+00:00,DOT/USDT,4h,11.032,11.214,11.004,11.037,186966.976836
1710201600000,2024-03-12T00:00:00+00:00,DOT/USDT,4h,11.042,11.149,10.847,10.862,377919.419052
1710216000000,2024-03-12T04:00:00+00:00,DOT/USDT,4h,10.864,10.972,10.672,10.725,301204.117975
1710230400000,2024-03-12T08:00:00+00:00,DOT/USDT,4h,10.723,10.744,10.424,10.615,392203.452856
1710244800000,2024-03-12T12:00:00+00:00,DOT/USDT,4h,10.63,10.846,10.451,10.653,488276.03729
1710259200000,2024-03-12T16:00:00+00:00,DOT/USDT,4h,10.664,10.798,10.026,10.772,588344.21705
1710273600000,2024-03-12T20:00:00+00:00,DOT/USDT,4h,10.773,10.777,10.512,10.739,213032.781765
1710288000000,2024-03-13T00:00:00+00:00,DOT/USDT,4h,10.738,10.954,10.64,10.927,232413.508871
1710302400000,2024-03-13T04:00:00+00:00,DOT/USDT,4h,10.924,11.089,10.829,11.002,268051.484541
1710316800000,2024-03-13T08:00:00+00:00,DOT/USDT,4h,11.005,11.317,11.003,11.009,450816.569035
1710331200000,2024-03-13T12:00:00+00:00,DOT/USDT,4h,11.014,11.102,10.65,10.817,404576.291063
1710345600000,2024-03-13T16:00:00+00:00,DOT/USDT,4h,10.817,11.057,10.76,11.03,242735.062073
1710360000000,2024-03-13T20:00:00+00:00,DOT/USDT,4h,11.026,11.39,10.897,11.37,337845.771093
1710374400000,2024-03-14T00:00:00+00:00,DOT/USDT,4h,11.37,11.394,11.078,11.178,338733.884189
1710388800000,2024-03-14T04:00:00+00:00,DOT/USDT,4h,11.173,11.38,10.97,11.325,302404.394362
1710403200000,2024-03-14T08:00:00+00:00,DOT/USDT,4h,11.321,11.95,11.228,11.697,1095970.73388
1710417600000,2024-03-14T12:00:00+00:00,DOT/USDT,4h,11.695,11.768,11.011,11.163,840107.062754
1710432000000,2024-03-14T16:00:00+00:00,DOT/USDT,4h,11.166,11.642,10.676,10.968,679251.384283
1710446400000,2024-03-14T20:00:00+00:00,DOT/USDT,4h,10.969,11.596,10.959,11.557,273503.588536
1710460800000,2024-03-15T00:00:00+00:00,DOT/USDT,4h,11.562,11.709,10.361,10.77,751202.061545
1710475200000,2024-03-15T04:00:00+00:00,DOT/USDT,4h,10.773,10.928,10.457,10.793,585047.305933
1710489600000,2024-03-15T08:00:00+00:00,DOT/USDT,4h,10.796,10.815,9.976,10.388,939376.323224
1710504000000,2024-03-15T12:00:00+00:00,DOT/USDT,4h,10.392,10.591,10.307,10.416,278144.070291
1710518400000,2024-03-15T16:00:00+00:00,DOT/USDT,4h,10.416,11.031,10.234,10.671,637368.166479
1710532800000,2024-03-15T20:00:00+00:00,DOT/USDT,4h,10.676,10.872,10.399,10.816,274342.92503
1710547200000,2024-03-16T00:00:00+00:00,DOT/USDT,4h,10.815,10.9,10.614,10.685,233148.697473
1710561600000,2024-03-16T04:00:00+00:00,DOT/USDT,4h,10.687,10.745,10.412,10.664,247954.980164
1710576000000,2024-03-16T08:00:00+00:00,DOT/USDT,4h,10.667,10.671,10.259,10.35,331836.951415
1710590400000,2024-03-16T12:00:00+00:00,DOT/USDT,4h,10.35,10.384,10.074,10.291,316700.749572
1710604800000,2024-03-16T16:00:00+00:00,DOT/USDT,4h,10.291,10.293,9.72,9.857,398761.088272
1710619200000,2024-03-16T20:00:00+00:00,DOT/USDT,4h,9.853,9.999,9.5,9.686,366508.042706
1710633600000,2024-03-17T00:00:00+00:00,DOT/USDT,4h,9.684,9.862,9.516,9.85,259895.714136
1710648000000,2024-03-17T04:00:00+00:00,DOT/USDT,4h,9.85,9.851,9.2,9.469,306923.113204
1710662400000,2024-03-17T08:00:00+00:00,DOT/USDT,4h,9.47,9.94,9.433,9.842,293238.606916
1710676800000,2024-03-17T12:00:00+00:00,DOT/USDT,4h,9.842,10.081,9.667,10.049,237266.329194
1710691200000,2024-03-17T16:00:00+00:00,DOT/USDT,4h,10.043,10.242,9.94,10.237,234676.385979
1710705600000,2024-03-17T20:00:00+00:00,DOT/USDT,4h,10.234,10.25,10.011,10.083,126727.436415
1710720000000,2024-03-18T00:00:00+00:00,DOT/USDT,4h,10.084,10.085,9.722,10.002,220293.20636
1710734400000,2024-03-18T04:00:00+00:00,DOT/USDT,4h,10.001,10.4,9.9,10.366,270565.172961
1710748800000,2024-03-18T08:00:00+00:00,DOT/USDT,4h,10.365,10.453,10.12,10.19,312761.020797
1710763200000,2024-03-18T12:00:00+00:00,DOT/USDT,4h,10.188,10.204,9.703,9.876,395080.407097
1710777600000,2024-03-18T16:00:00+00:00,DOT/USDT,4h,9.876,10.011,9.602,9.742,205014.445492
1710792000000,2024-03-18T20:00:00+00:00,DOT/USDT,4h,9.745,10.033,9.745,9.901,109767.203513
1710806400000,2024-03-19T00:00:00+00:00,DOT/USDT,4h,9.9,9.992,9.231,9.413,333079.513022
1710820800000,2024-03-19T04:00:00+00:00,DOT/USDT,4h,9.407,9.447,8.889,9.196,509977.356496
1710835200000,2024-03-19T08:00:00+00:00,DOT/USDT,4h,9.199,9.199,8.7,9.122,469148.414335
1710849600000,2024-03-19T12:00:00+00:00,DOT/USDT,4h,9.125,9.24,8.95,9.203,246058.339342
1710864000000,2024-03-19T16:00:00+00:00,DOT/USDT,4h,9.202,9.272,9.075,9.199,173372.265368
1710878400000,2024-03-19T20:00:00+00:00,DOT/USDT,4h,9.197,9.22,8.603,8.781,217645.691895
1710892800000,2024-03-20T00:00:00+00:00,DOT/USDT,4h,8.761,8.993,8.699,8.718,291535.607612
1710907200000,2024-03-20T04:00:00+00:00,DOT/USDT,4h,8.722,9.141,8.488,9.085,371348.091653
1710921600000,2024-03-20T08:00:00+00:00,DOT/USDT,4h,9.079,9.303,9.033,9.282,262291.575063
1710936000000,2024-03-20T12:00:00+00:00,DOT/USDT,4h,9.277,9.365,8.879,8.92,284334.176383
1710950400000,2024-03-20T16:00:00+00:00,DOT/USDT,4h,8.923,9.314,8.558,9.283,390838.338594
1710964800000,2024-03-20T20:00:00+00:00,DOT/USDT,4h,9.285,9.565,9.246,9.485,249452.564551
1710979200000,2024-03-21T00:00:00+00:00,DOT/USDT,4h,9.485,9.58,9.383,9.435,174922.517113
1710993600000,2024-03-21T04:00:00+00:00,DOT/USDT,4h,9.439,9.5,9.201,9.335,142527.275614
1711008000000,2024-03-21T08:00:00+00:00,DOT/USDT,4h,9.335,9.469,9.3,9.392,169968.247514
1711022400000,2024-03-21T12:00:00+00:00,DOT/USDT,4h,9.393,9.465,9.232,9.312,135996.225847
1711036800000,2024-03-21T16:00:00+00:00,DOT/USDT,4h,9.312,9.533,9.069,9.221,223170.92073
1711051200000,2024-03-21T20:00:00+00:00,DOT/USDT,4h,9.22,9.346,9.098,9.181,171283.544634
1711065600000,2024-03-22T00:00:00+00:00,DOT/USDT,4h,9.18,9.254,9.016,9.24,129058.401209
1711080000000,2024-03-22T04:00:00+00:00,DOT/USDT,4h,9.245,9.367,9.2,9.294,143380.057053
1711094400000,2024-03-22T08:00:00+00:00,DOT/USDT,4h,9.295,9.355,9.019,9.06,125380.365053
1711108800000,2024-03-22T12:00:00+00:00,DOT/USDT,4h,9.058,9.118,8.718,8.891,453223.80384
1711123200000,2024-03-22T16:00:00+00:00,DOT/USDT,4h,8.896,8.977,8.804,8.895,163637.680607
1711137600000,2024-03-22T20:00:00+00:00,DOT/USDT,4h,8.895,8.938,8.693,8.934,122176.313319
1711152000000,2024-03-23T00:00:00+00:00,DOT/USDT,4h,8.938,9.1,8.853,8.968,104970.675984
1711166400000,2024-03-23T04:00:00+00:00,DOT/USDT,4h,8.964,9.105,8.947,9.059,88303.462976
1711180800000,2024-03-23T08:00:00+00:00,DOT/USDT,4h,9.058,9.112,9.001,9.097,74986.201668
1711195200000,2024-03-23T12:00:00+00:00,DOT/USDT,4h,9.098,9.225,9.066,9.161,136117.222091
1711209600000,2024-03-23T16:00:00+00:00,DOT/USDT,4h,9.164,9.194,9.111,9.127,76950.191423
1711224000000,2024-03-23T20:00:00+00:00,DOT/USDT,4h,9.135,9.147,8.963,8.973,48993.251374
1711238400000,2024-03-24T00:00:00+00:00,DOT/USDT,4h,8.969,9.138,8.96,9.0,73062.438703
1711252800000,2024-03-24T04:00:00+00:00,DOT/USDT,4h,9.002,9.133,8.955,9.097,90137.975699
1711267200000,2024-03-24T08:00:00+00:00,DOT/USDT,4h,9.093,9.224,9.081,9.196,82674.368961
1711281600000,2024-03-24T12:00:00+00:00,DOT/USDT,4h,9.197,9.27,9.171,9.216,100841.54086
1711296000000,2024-03-24T16:00:00+00:00,DOT/USDT,4h,9.216,9.297,9.062,9.258,82977.884476
1711310400000,2024-03-24T20:00:00+00:00,DOT/USDT,4h,9.254,9.434,9.239,9.371,75438.099792
1711324800000,2024-03-25T00:00:00+00:00,DOT/USDT,4h,9.375,9.467,9.288,9.456,89575.176516
1711339200000,2024-03-25T04:00:00+00:00,DOT/USDT,4h,9.46,9.507,9.34,9.352,149204.603606
1711353600000,2024-03-25T08:00:00+00:00,DOT/USDT,4h,9.352,9.548,9.35,9.435,102434.421752
1711368000000,2024-03-25T12:00:00+00:00,DOT/USDT,4h,9.436,9.752,9.391,9.727,234451.517667
1711382400000,2024-03-25T16:00:00+00:00,DOT/USDT,4h,9.728,9.831,9.669,9.788,173932.941362
1711396800000,2024-03-25T20:00:00+00:00,DOT/USDT,4h,9.789,9.828,9.643,9.738,113651.966503
1711411200000,2024-03-26T00:00:00+00:00,DOT/USDT,4h,9.738,9.931,9.711,9.914,138477.297639
1711425600000,2024-03-26T04:00:00+00:00,DOT/USDT,4h,9.917,10.058,9.894,9.905,153557.840855
1711440000000,2024-03-26T08:00:00+00:00,DOT/USDT,4h,9.905,10.038,9.856,9.924,131065.914677
1711454400000,2024-03-26T12:00:00+00:00,DOT/USDT,4h,9.919,9.951,9.596,9.801,351822.572187
1711468800000,2024-03-26T16:00:00+00:00,DOT/USDT,4h,9.803,9.861,9.531,9.557,203638.59248
1711483200000,2024-03-26T20:00:00+00:00,DOT/USDT,4h,9.562,9.747,9.562,9.69,113947.487942
1711497600000,2024-03-27T00:00:00+00:00,DOT/USDT,4h,9.69,9.795,9.645,9.7,129664.426647
1711512000000,2024-03-27T04:00:00+00:00,DOT/USDT,4h,9.702,9.734,9.488,9.526,164693.478839
1711526400000,2024-03-27T08:00:00+00:00,DOT/USDT,4h,9.525,9.615,9.375,9.602,230577.794749
1711540800000,2024-03-27T12:00:00+00:00,DOT/USDT,4h,9.604,9.819,9.309,9.383,553248.27911
1711555200000,2024-03-27T16:00:00+00:00,DOT/USDT,4h,9.385,9.562,9.309,9.409,119244.689862
1711569600000,2024-03-27T20:00:00+00:00,DOT/USDT,4h,9.406,9.498,9.394,9.444,58751.893568
1711584000000,2024-03-28T00:00:00+00:00,DOT/USDT,4h,9.448,9.513,9.3,9.375,87858.518386
1711598400000,2024-03-28T04:00:00+00:00,DOT/USDT,4h,9.364,9.613,9.358,9.612,105849.019727
1711612800000,2024-03-28T08:00:00+00:00,DOT/USDT,4h,9.61,9.655,9.512,9.571,111856.723322
1711627200000,2024-03-28T12:00:00+00:00,DOT/USDT,4h,9.575,9.614,9.411,9.598,250546.523015
1711641600000,2024-03-28T16:00:00+00:00,DOT/USDT,4h,9.599,9.621,9.436,9.49,144409.982602
1711656000000,2024-03-28T20:00:00+00:00,DOT/USDT,4h,9.492,9.582,9.44,9.522,65727.302509
1711670400000,2024-03-29T00:00:00+00:00,DOT/USDT,4h,9.522,9.545,9.366,9.425,91577.072434
1711684800000,2024-03-29T04:00:00+00:00,DOT/USDT,4h,9.427,9.614,9.346,9.372,107650.336919
1711699200000,2024-03-29T08:00:00+00:00,DOT/USDT,4h,9.371,9.565,9.369,9.554,184263.781056
1711713600000,2024-03-29T12:00:00+00:00,DOT/USDT,4h,9.555,9.812,9.502,9.58,426364.346107
1711728000000,2024-03-29T16:00:00+00:00,DOT/USDT,4h,9.582,9.692,9.477,9.519,162364.846834
1711742400000,2024-03-29T20:00:00+00:00,DOT/USDT,4h,9.521,9.618,9.395,9.601,104144.831465
1711756800000,2024-03-30T00:00:00+00:00,DOT/USDT,4h,9.601,9.691,9.556,9.579,81802.475872
1711771200000,2024-03-30T04:00:00+00:00,DOT/USDT,4h,9.578,9.698,9.51,9.517,105782.502619
1711785600000,2024-03-30T08:00:00+00:00,DOT/USDT,4h,9.517,9.608,9.473,9.6,71693.199276
1711800000000,2024-03-30T12:00:00+00:00,DOT/USDT,4h,9.6,9.61,9.487,9.523,65442.705208
1711814400000,2024-03-30T16:00:00+00:00,DOT/USDT,4h,9.521,9.557,9.416,9.5,69143.865267
1711828800000,2024-03-30T20:00:00+00:00,DOT/USDT,4h,9.493,9.525,9.389,9.432,73279.217269
1711843200000,2024-03-31T00:00:00+00:00,DOT/USDT,4h,9.432,9.513,9.416,9.455,43099.20121
1711857600000,2024-03-31T04:00:00+00:00,DOT/USDT,4h,9.456,9.582,9.439,9.573,73210.600486
1711872000000,2024-03-31T08:00:00+00:00,DOT/USDT,4h,9.573,9.608,9.54,9.559,76229.867989
1711886400000,2024-03-31T12:00:00+00:00,DOT/USDT,4h,9.56,9.602,9.543,9.571,71409.419714
1711900800000,2024-03-31T16:00:00+00:00,DOT/USDT,4h,9.575,9.607,9.506,9.579,53627.315805
1711915200000,2024-03-31T20:00:00+00:00,DOT/USDT,4h,9.58,9.65,9.536,9.646,66388.084324
1711929600000,2024-04-01T00:00:00+00:00,DOT/USDT,4h,9.647,9.692,9.592,9.665,235351.099627
1711944000000,2024-04-01T04:00:00+00:00,DOT/USDT,4h,9.661,9.738,9.092,9.352,510248.880204
1711958400000,2024-04-01T08:00:00+00:00,DOT/USDT,4h,9.342,9.343,9.177,9.189,190710.529075
1711972800000,2024-04-01T12:00:00+00:00,DOT/USDT,4h,9.187,9.343,8.947,9.008,405357.453047
1711987200000,2024-04-01T16:00:00+00:00,DOT/USDT,4h,9.004,9.164,8.918,9.157,178901.960723
1712001600000,2024-04-01T20:00:00+00:00,DOT/USDT,4h,9.156,9.192,9.112,9.145,79339.957011
1712016000000,2024-04-02T00:00:00+00:00,DOT/USDT,4h,9.144,9.145,8.596,8.743,462662.373367
1712030400000,2024-04-02T04:00:00+00:00,DOT/USDT,4h,8.745,8.866,8.647,8.743,176949.148708
1712044800000,2024-04-02T08:00:00+00:00,DOT/USDT,4h,8.744,8.77,8.376,8.516,367628.140805
1712059200000,2024-04-02T12:00:00+00:00,DOT/USDT,4h,8.51,8.61,8.377,8.459,196942.377895
1712073600000,2024-04-02T16:00:00+00:00,DOT/USDT,4h,8.455,8.673,8.424,8.603,97762.331308
1712088000000,2024-04-02T20:00:00+00:00,DOT/USDT,4h,8.596,8.666,8.539,8.582,80464.868757
1712102400000,2024-04-03T00:00:00+00:00,DOT/USDT,4h,8.58,8.696,8.34,8.641,214566.636115
1712116800000,2024-04-03T04:00:00+00:00,DOT/USDT,4h,8.641,8.76,8.599,8.697,157683.3231
1712131200000,2024-04-03T08:00:00+00:00,DOT/USDT,4h,8.695,8.778,8.616,8.677,217256.23364
1712145600000,2024-04-03T12:00:00+00:00,DOT/USDT,4h,8.677,8.758,8.532,8.539,206907.554623
1712160000000,2024-04-03T16:00:00+00:00,DOT/USDT,4h,8.536,8.605,8.377,8.405,175280.896819
1712174400000,2024-04-03T20:00:00+00:00,DOT/USDT,4h,8.405,8.47,8.285,8.415,84667.125394
1712188800000,2024-04-04T00:00:00+00:00,DOT/USDT,4h,8.415,8.553,8.332,8.34,107399.666369
1712203200000,2024-04-04T04:00:00+00:00,DOT/USDT,4h,8.344,8.512,8.265,8.452,133304.700553
1712217600000,2024-04-04T08:00:00+00:00,DOT/USDT,4h,8.456,8.533,8.445,8.467,174318.106107
1712232000000,2024-04-04T12:00:00+00:00,DOT/USDT,4h,8.466,8.667,8.459,8.613,231182.303989
1712246400000,2024-04-04T16:00:00+00:00,DOT/USDT,4h,8.617,8.712,8.505,8.515,162899.145679
1712260800000,2024-04-04T20:00:00+00:00,DOT/USDT,4h,8.515,8.522,8.363,8.49,102316.233962
1712275200000,2024-04-05T00:00:00+00:00,DOT/USDT,4h,8.489,8.509,8.276,8.418,123761.170047
1712289600000,2024-04-05T04:00:00+00:00,DOT/USDT,4h,8.422,8.425,8.201,8.278,119273.312005
1712304000000,2024-04-05T08:00:00+00:00,DOT/USDT,4h,8.282,8.405,8.119,8.134,192448.968326
1712318400000,2024-04-05T12:00:00+00:00,DOT/USDT,4h,8.129,8.405,8.079,8.401,163379.420933
1712332800000,2024-04-05T16:00:00+00:00,DOT/USDT,4h,8.4,8.439,8.321,8.377,136806.865148
1712347200000,2024-04-05T20:00:00+00:00,DOT/USDT,4h,8.371,8.444,8.356,8.378,64938.283623
1712361600000,2024-04-06T00:00:00+00:00,DOT/USDT,4h,8.377,8.451,8.335,8.446,105963.309313
1712376000000,2024-04-06T04:00:00+00:00,DOT/USDT,4h,8.447,8.476,8.406,8.428,76286.126708
1712390400000,2024-04-06T08:00:00+00:00,DOT/USDT,4h,8.427,8.497,8.393,8.395,50551.824955
1712404800000,2024-04-06T12:00:00+00:00,DOT/USDT,4h,8.393,8.44,8.332,8.429,93112.05728
1712419200000,2024-04-06T16:00:00+00:00,DOT/USDT,4h,8.427,8.478,8.391,8.413,134370.075233
1712433600000,2024-04-06T20:00:00+00:00,DOT/USDT,4h,8.412,8.56,8.399,8.494,88984.770748
1712448000000,2024-04-07T00:00:00+00:00,DOT/USDT,4h,8.494,8.657,8.458,8.639,94080.495698
1712462400000,2024-04-07T04:00:00+00:00,DOT/USDT,4h,8.644,8.666,8.599,8.614,72757.247425
1712476800000,2024-04-07T08:00:00+00:00,DOT/USDT,4h,8.615,8.673,8.585,8.668,56334.353801
1712491200000,2024-04-07T12:00:00+00:00,DOT/USDT,4h,8.663,8.74,8.635,8.649,123965.864864
1712505600000,2024-04-07T16:00:00+00:00,DOT/USDT,4h,8.65,8.737,8.531,8.555,97538.151538
1712520000000,2024-04-07T20:00:00+00:00,DOT/USDT,4h,8.558,8.713,8.553,8.703,55321.041592
1712534400000,2024-04-08T00:00:00+00:00,DOT/USDT,4h,8.704,8.713,8.569,8.615,84729.464499
1712548800000,2024-04-08T04:00:00+00:00,DOT/USDT,4h,8.619,8.832,8.578,8.777,115971.145082
1712563200000,2024-04-08T08:00:00+00:00,DOT/USDT,4h,8.779,9.006,8.765,8.979,298808.584292
1712577600000,2024-04-08T12:00:00+00:00,DOT/USDT,4h,8.978,9.092,8.94,9.021,200687.094235
1712592000000,2024-04-08T16:00:00+00:00,DOT/USDT,4h,9.019,9.094,8.955,8.998,138199.234381
1712606400000,2024-04-08T20:00:00+00:00,DOT/USDT,4h,9.003,9.091,8.982,9.045,74470.330154
1712620800000,2024-04-09T00:00:00+00:00,DOT/USDT,4h,9.045,9.112,8.928,8.975,225660.453389
1712635200000,2024-04-09T04:00:00+00:00,DOT/USDT,4h,8.975,9.073,8.797,8.849,177552.309342
1712649600000,2024-04-09T08:00:00+00:00,DOT/USDT,4h,8.849,9.007,8.72,8.994,161273.494855
1712664000000,2024-04-09T12:00:00+00:00,DOT/USDT,4h,9.003,9.099,8.648,8.872,272561.066532
1712678400000,2024-04-09T16:00:00+00:00,DOT/USDT,4h,8.872,8.935,8.748,8.847,234593.44574
1712692800000,2024-04-09T20:00:00+00:00,DOT/USDT,4h,8.832,8.855,8.632,8.659,72304.336941
1712707200000,2024-04-10T00:00:00+00:00,DOT/USDT,4h,8.655,8.701,8.404,8.567,160516.796149
1712721600000,2024-04-10T04:00:00+00:00,DOT/USDT,4h,8.568,8.619,8.503,8.531,106860.729364
1712736000000,2024-04-10T08:00:00+00:00,DOT/USDT,4h,8.532,8.536,8.35,8.427,179306.685428
1712750400000,2024-04-10T12:00:00+00:00,DOT/USDT,4h,8.425,8.443,8.12,8.31,479182.576046
1712764800000,2024-04-10T16:00:00+00:00,DOT/USDT,4h,8.306,8.434,8.237,8.368,428658.662194
1712779200000,2024-04-10T20:00:00+00:00,DOT/USDT,4h,8.369,8.483,8.349,8.408,106257.481171
1712793600000,2024-04-11T00:00:00+00:00,DOT/USDT,4h,8.41,8.439,8.342,8.427,80656.974882
1712808000000,2024-04-11T04:00:00+00:00,DOT/USDT,4h,8.429,8.525,8.342,8.465,168181.358679
1712822400000,2024-04-11T08:00:00+00:00,DOT/USDT,4h,8.465,8.522,8.24,8.255,131357.581619
1712836800000,2024-04-11T12:00:00+00:00,DOT/USDT,4h,8.256,8.362,8.183,8.29,190491.200922
1712851200000,2024-04-11T16:00:00+00:00,DOT/USDT,4h,8.289,8.322,8.192,8.277,80427.408507
1712865600000,2024-04-11T20:00:00+00:00,DOT/USDT,4h,8.277,8.387,8.254,8.384,138158.553643
1712880000000,2024-04-12T00:00:00+00:00,DOT/USDT,4h,8.383,8.489,8.374,8.454,119316.572296
1712894400000,2024-04-12T04:00:00+00:00,DOT/USDT,4h,8.454,8.49,8.37,8.393,51920.142869
1712908800000,2024-04-12T08:00:00+00:00,DOT/USDT,4h,8.391,8.464,8.323,8.431,212795.380698
1712923200000,2024-04-12T12:00:00+00:00,DOT/USDT,4h,8.432,8.466,8.115,8.13,434604.911554
1712937600000,2024-04-12T16:00:00+00:00,DOT/USDT,4h,8.131,8.157,6.363,6.92,3350729.287566
1712952000000,2024-04-12T20:00:00+00:00,DOT/USDT,4h,6.917,7.275,6.885,7.237,761413.092548
1712966400000,2024-04-13T00:00:00+00:00,DOT/USDT,4h,7.237,7.303,6.961,7.145,459402.622782
1712980800000,2024-04-13T04:00:00+00:00,DOT/USDT,4h,7.145,7.329,7.1,7.245,313587.589769
1712995200000,2024-04-13T08:00:00+00:00,DOT/USDT,4h,7.243,7.33,7.143,7.219,195016.862613
1713009600000,2024-04-13T12:00:00+00:00,DOT/USDT,4h,7.217,7.274,7.064,7.11,283344.099068
1713024000000,2024-04-13T16:00:00+00:00,DOT/USDT,4h,7.109,7.131,6.179,6.418,1872165.161817
1713038400000,2024-04-13T20:00:00+00:00,DOT/USDT,4h,6.42,6.563,5.7,6.39,2894675.984971
1713052800000,2024-04-14T00:00:00+00:00,DOT/USDT,4h,6.39,6.424,6.195,6.387,1017756.741095
1713067200000,2024-04-14T04:00:00+00:00,DOT/USDT,4h,6.389,6.782,6.347,6.774,721728.372368
1713081600000,2024-04-14T08:00:00+00:00,DOT/USDT,4h,6.773,6.819,6.572,6.607,496098.413667
1713096000000,2024-04-14T12:00:00+00:00,DOT/USDT,4h,6.606,6.718,6.44,6.561,542041.898569
1713110400000,2024-04-14T16:00:00+00:00,DOT/USDT,4h,6.562,6.743,6.362,6.608,886753.943296
1713124800000,2024-04-14T20:00:00+00:00,DOT/USDT,4h,6.603,6.93,6.49,6.858,325637.811182
1713139200000,2024-04-15T00:00:00+00:00,DOT/USDT,4h,6.855,6.855,6.662,6.744,205220.846099
1713153600000,2024-04-15T04:00:00+00:00,DOT/USDT,4h,6.742,7.167,6.666,7.12,385712.907254
1713168000000,2024-04-15T08:00:00+00:00,DOT/USDT,4h,7.121,7.207,7.055,7.074,244427.459871
1713182400000,2024-04-15T12:00:00+00:00,DOT/USDT,4h,7.072,7.165,6.744,6.876,546270.690321
1713196800000,2024-04-15T16:00:00+00:00,DOT/USDT,4h,6.877,6.922,6.436,6.707,619287.298115
1713211200000,2024-04-15T20:00:00+00:00,DOT/USDT,4h,6.706,6.767,6.582,6.707,178175.994072
1713225600000,2024-04-16T00:00:00+00:00,DOT/USDT,4h,6.708,6.754,6.552,6.6,183371.828773
1713240000000,2024-04-16T04:00:00+00:00,DOT/USDT,4h,6.603,6.822,6.424,6.762,216418.197567
1713254400000,2024-04-16T08:00:00+00:00,DOT/USDT,4h,6.764,6.802,6.475,6.696,320386.149583
1713268800000,2024-04-16T12:00:00+00:00,DOT/USDT,4h,6.696,6.696,6.373,6.415,323769.137929
1713283200000,2024-04-16T16:00:00+00:00,DOT/USDT,4h,6.414,6.671,6.373,6.599,240723.428689
1713297600000,2024-04-16T20:00:00+00:00,DOT/USDT,4h,6.593,6.758,6.59,6.699,76816.218046
1713312000000,2024-04-17T00:00:00+00:00,DOT/USDT,4h,6.698,6.735,6.617,6.693,100385.305019
1713326400000,2024-04-17T04:00:00+00:00,DOT/USDT,4h,6.692,6.78,6.599,6.649,150462.666117
1713340800000,2024-04-17T08:00:00+00:00,DOT/USDT,4h,6.646,6.679,6.532,6.535,70097.686925
1713355200000,2024-04-17T12:00:00+00:00,DOT/USDT,4h,6.54,6.615,6.352,6.4,410926.939834
1713369600000,2024-04-17T16:00:00+00:00,DOT/USDT,4h,6.399,6.737,6.327,6.623,210276.248275
1713384000000,2024-04-17T20:00:00+00:00,DOT/USDT,4h,6.63,6.705,6.536,6.58,81094.307992
1713398400000,2024-04-18T00:00:00+00:00,DOT/USDT,4h,6.578,6.724,6.447,6.671,128100.809307
1713412800000,2024-04-18T04:00:00+00:00,DOT/USDT,4h,6.671,6.707,6.48,6.524,97109.566526
1713427200000,2024-04-18T08:00:00+00:00,DOT/USDT,4h,6.526,6.75,6.473,6.69,224149.070663
1713441600000,2024-04-18T12:00:00+00:00,DOT/USDT,4h,6.688,6.793,6.568,6.751,230355.045347
1713456000000,2024-04-18T16:00:00+00:00,DOT/USDT,4h,6.75,6.798,6.616,6.758,97164.153284
1713470400000,2024-04-18T20:00:00+00:00,DOT/USDT,4h,6.763,6.829,6.728,6.781,96735.916643
1713484800000,2024-04-19T00:00:00+00:00,DOT/USDT,4h,6.78,6.783,6.274,6.501,562635.938008
1713499200000,2024-04-19T04:00:00+00:00,DOT/USDT,4h,6.498,6.862,6.481,6.719,324011.592539
1713513600000,2024-04-19T08:00:00+00:00,DOT/USDT,4h,6.72,6.919,6.681,6.827,392074.561609
1713528000000,2024-04-19T12:00:00+00:00,DOT/USDT,4h,6.834,6.837,6.702,6.805,147332.353382
1713542400000,2024-04-19T16:00:00+00:00,DOT/USDT,4h,6.806,6.826,6.71,6.791,101092.351961
1713556800000,2024-04-19T20:00:00+00:00,DOT/USDT,4h,6.79,6.801,6.578,6.675,145754.448024
1713571200000,2024-04-20T00:00:00+00:00,DOT/USDT,4h,6.681,6.764,6.61,6.737,86740.25847
1713585600000,2024-04-20T04:00:00+00:00,DOT/USDT,4h,6.735,6.839,6.724,6.816,72151.612163
1713600000000,2024-04-20T08:00:00+00:00,DOT/USDT,4h,6.817,6.817,6.711,6.749,62085.199285
1713614400000,2024-04-20T12:00:00+00:00,DOT/USDT,4h,6.749,6.969,6.72,6.968,68320.81432
1713628800000,2024-04-20T16:00:00+00:00,DOT/USDT,4h,6.969,7.251,6.945,7.244,206042.226633
1713643200000,2024-04-20T20:00:00+00:00,DOT/USDT,4h,7.25,7.281,7.177,7.245,116035.055939
1713657600000,2024-04-21T00:00:00+00:00,DOT/USDT,4h,7.243,7.291,7.138,7.207,147117.569313
1713672000000,2024-04-21T04:00:00+00:00,DOT/USDT,4h,7.205,7.236,7.15,7.183,49132.015411
1713686400000,2024-04-21T08:00:00+00:00,DOT/USDT,4h,7.186,7.214,7.127,7.185,110292.145165
1713700800000,2024-04-21T12:00:00+00:00,DOT/USDT,4h,7.183,7.188,7.05,7.117,105377.262687
1713715200000,2024-04-21T16:00:00+00:00,DOT/USDT,4h,7.118,7.129,6.962,7.088,123011.643481
1713729600000,2024-04-21T20:00:00+00:00,DOT/USDT,4h,7.089,7.207,7.068,7.134,81249.746891
1713744000000,2024-04-22T00:00:00+00:00,DOT/USDT,4h,7.139,7.317,7.088,7.273,181946.448371
1713758400000,2024-04-22T04:00:00+00:00,DOT/USDT,4h,7.273,7.53,7.262,7.436,191787.232921
1713772800000,2024-04-22T08:00:00+00:00,DOT/USDT,4h,7.437,7.584,7.413,7.44,225428.417645
1713787200000,2024-04-22T12:00:00+00:00,DOT/USDT,4h,7.438,7.482,7.342,7.448,221236.321541
1713801600000,2024-04-22T16:00:00+00:00,DOT/USDT,4h,7.449,7.493,7.381,7.488,162319.037506
1713816000000,2024-04-22T20:00:00+00:00,DOT/USDT,4h,7.488,7.565,7.463,7.466,128811.289532
1713830400000,2024-04-23T00:00:00+00:00,DOT/USDT,4h,7.467,7.536,7.361,7.382,218712.073264
1713844800000,2024-04-23T04:00:00+00:00,DOT/USDT,4h,7.385,7.478,7.318,7.362,103836.688206
1713859200000,2024-04-23T08:00:00+00:00,DOT/USDT,4h,7.363,7.451,7.333,7.366,110690.513213
1713873600000,2024-04-23T12:00:00+00:00,DOT/USDT,4h,7.367,7.541,7.32,7.406,276730.853186
1713888000000,2024-04-23T16:00:00+00:00,DOT/USDT,4h,7.413,7.438,7.336,7.385,190303.425063
1713902400000,2024-04-23T20:00:00+00:00,DOT/USDT,4h,7.385,7.39,7.205,7.244,155720.576866
1713916800000,2024-04-24T00:00:00+00:00,DOT/USDT,4h,7.241,7.313,7.214,7.289,81525.626528
1713931200000,2024-04-24T04:00:00+00:00,DOT/USDT,4h,7.289,7.459,7.279,7.421,220821.029204
1713945600000,2024-04-24T08:00:00+00:00,DOT/USDT,4h,7.42,7.501,7.41,7.433,130078.349207
1713960000000,2024-04-24T12:00:00+00:00,DOT/USDT,4h,7.429,7.448,7.016,7.034,399568.837835
1713974400000,2024-04-24T16:00:00+00:00,DOT/USDT,4h,7.03,7.131,6.962,7.048,149719.40796
1713988800000,2024-04-24T20:00:00+00:00,DOT/USDT,4h,7.041,7.056,6.858,6.931,136109.759532
1714003200000,2024-04-25T00:00:00+00:00,DOT/USDT,4h,6.934,7.003,6.848,6.929,89260.32444
1714017600000,2024-04-25T04:00:00+00:00,DOT/USDT,4h,6.921,6.98,6.832,6.884,94842.34122
1714032000000,2024-04-25T08:00:00+00:00,DOT/USDT,4h,6.883,6.905,6.736,6.827,259456.21712
1714046400000,2024-04-25T12:00:00+00:00,DOT/USDT,4h,6.822,6.928,6.704,6.918,154827.011492
1714060800000,2024-04-25T16:00:00+00:00,DOT/USDT,4h,6.917,6.965,6.876,6.932,90507.280623
1714075200000,2024-04-25T20:00:00+00:00,DOT/USDT,4h,6.93,6.978,6.825,6.863,52477.168419
1714089600000,2024-04-26T00:00:00+00:00,DOT/USDT,4h,6.863,6.896,6.73,6.843,71821.537398
1714104000000,2024-04-26T04:00:00+00:00,DOT/USDT,4h,6.845,6.922,6.811,6.854,74708.453847
1714118400000,2024-04-26T08:00:00+00:00,DOT/USDT,4h,6.854,6.92,6.831,6.885,73472.320117
1714132800000,2024-04-26T12:00:00+00:00,DOT/USDT,4h,6.882,6.951,6.721,6.812,243649.425967
1714147200000,2024-04-26T16:00:00+00:00,DOT/USDT,4h,6.812,6.873,6.776,6.847,63323.577885
1714161600000,2024-04-26T20:00:00+00:00,DOT/USDT,4h,6.847,6.897,6.714,6.767,98014.140619
1714176000000,2024-04-27T00:00:00+00:00,DOT/USDT,4h,6.767,6.79,6.506,6.718,239833.376291
1714190400000,2024-04-27T04:00:00+00:00,DOT/USDT,4h,6.716,6.772,6.659,6.663,77032.470455
1714204800000,2024-04-27T08:00:00+00:00,DOT/USDT,4h,6.662,6.698,6.587,6.613,99368.099504
1714219200000,2024-04-27T12:00:00+00:00,DOT/USDT,4h,6.614,6.729,6.6,6.647,68583.131466
1714233600000,2024-04-27T16:00:00+00:00,DOT/USDT,4h,6.647,6.867,6.63,6.8,184581.574994
1714248000000,2024-04-27T20:00:00+00:00,DOT/USDT,4h,6.798,6.82,6.735,6.809,79260.051374
1714262400000,2024-04-28T00:00:00+00:00,DOT/USDT,4h,6.812,6.951,6.804,6.917,86456.822999
1714276800000,2024-04-28T04:00:00+00:00,DOT/USDT,4h,6.917,6.947,6.882,6.928,64065.06267
1714291200000,2024-04-28T08:00:00+00:00,DOT/USDT,4h,6.928,6.937,6.804,6.813,78382.275164
1714305600000,2024-04-28T12:00:00+00:00,DOT/USDT,4h,6.811,6.884,6.801,6.85,56111.463336
1714320000000,2024-04-28T16:00:00+00:00,DOT/USDT,4h,6.85,6.916,6.84,6.862,97220.646442
1714334400000,2024-04-28T20:00:00+00:00,DOT/USDT,4h,6.862,6.885,6.69,6.731,102586.718654
1714348800000,2024-04-29T00:00:00+00:00,DOT/USDT,4h,6.731,6.825,6.651,6.661,126118.798398
1714363200000,2024-04-29T04:00:00+00:00,DOT/USDT,4h,6.66,6.73,6.51,6.577,120032.840337
1714377600000,2024-04-29T08:00:00+00:00,DOT/USDT,4h,6.574,6.581,6.485,6.509,196962.025395
1714392000000,2024-04-29T12:00:00+00:00,DOT/USDT,4h,6.506,6.639,6.472,6.629,182312.806963
1714406400000,2024-04-29T16:00:00+00:00,DOT/USDT,4h,6.629,6.638,6.521,6.562,66816.106881
1714420800000,2024-04-29T20:00:00+00:00,DOT/USDT,4h,6.562,6.664,6.497,6.588,88564.545137
1714435200000,2024-04-30T00:00:00+00:00,DOT/USDT,4h,6.59,6.669,6.461,6.57,148980.056481
1714449600000,2024-04-30T04:00:00+00:00,DOT/USDT,4h,6.572,6.604,6.528,6.542,115435.854729
1714464000000,2024-04-30T08:00:00+00:00,DOT/USDT,4h,6.542,6.562,6.249,6.274,346391.601412
1714478400000,2024-04-30T12:00:00+00:00,DOT/USDT,4h,6.273,6.301,6.123,6.154,269601.778958
1714492800000,2024-04-30T16:00:00+00:00,DOT/USDT,4h,6.151,6.179,6.035,6.111,323222.067801
1714507200000,2024-04-30T20:00:00+00:00,DOT/USDT,4h,6.112,6.496,6.112,6.427,938558.567831
1714521600000,2024-05-01T00:00:00+00:00,DOT/USDT,4h,6.424,6.498,6.34,6.459,370781.201563
1714536000000,2024-05-01T04:00:00+00:00,DOT/USDT,4h,6.457,6.563,6.272,6.295,723863.16834
1714550400000,2024-05-01T08:00:00+00:00,DOT/USDT,4h,6.294,6.52,6.129,6.501,702008.322697
1714564800000,2024-05-01T12:00:00+00:00,DOT/USDT,4h,6.5,6.646,6.474,6.497,515329.261878
1714579200000,2024-05-01T16:00:00+00:00,DOT/USDT,4h,6.493,6.931,6.435,6.729,1032205.115746
1714593600000,2024-05-01T20:00:00+00:00,DOT/USDT,4h,6.732,6.934,6.695,6.897,395699.16308
1714608000000,2024-05-02T00:00:00+00:00,DOT/USDT,4h,6.897,6.952,6.694,6.87,420454.357364
1714622400000,2024-05-02T04:00:00+00:00,DOT/USDT,4h,6.869,6.941,6.829,6.876,129350.846956
1714636800000,2024-05-02T08:00:00+00:00,DOT/USDT,4h,6.875,7.1,6.859,7.047,338239.431037
1714651200000,2024-05-02T12:00:00+00:00,DOT/USDT,4h,7.047,7.063,6.89,7.005,239790.342077
1714665600000,2024-05-02T16:00:00+00:00,DOT/USDT,4h,7.006,7.379,6.98,7.259,390892.803741
1714680000000,2024-05-02T20:00:00+00:00,DOT/USDT,4h,7.26,7.411,7.252,7.273,223278.904785
1714694400000,2024-05-03T00:00:00+00:00,DOT/USDT,4h,7.273,7.323,7.198,7.21,121827.584397
1714708800000,2024-05-03T04:00:00+00:00,DOT/USDT,4h,7.21,7.258,7.044,7.051,227569.992672
1714723200000,2024-05-03T08:00:00+00:00,DOT/USDT,4h,7.052,7.095,7.005,7.065,127641.189994
1714737600000,2024-05-03T12:00:00+00:00,DOT/USDT,4h,7.062,7.279,7.028,7.257,361979.384051
1714752000000,2024-05-03T16:00:00+00:00,DOT/USDT,4h,7.259,7.319,7.217,7.278,119084.49337
1714766400000,2024-05-03T20:00:00+00:00,DOT/USDT,4h,7.277,7.387,7.24,7.247,98156.215985
1714780800000,2024-05-04T00:00:00+00:00,DOT/USDT,4h,7.247,7.254,7.14,7.16,111171.481049
1714795200000,2024-05-04T04:00:00+00:00,DOT/USDT,4h,7.16,7.204,7.139,7.14,151561.102775
1714809600000,2024-05-04T08:00:00+00:00,DOT/USDT,4h,7.139,7.243,7.113,7.139,164707.430519
1714824000000,2024-05-04T12:00:00+00:00,DOT/USDT,4h,7.139,7.236,7.126,7.192,150164.178519
1714838400000,2024-05-04T16:00:00+00:00,DOT/USDT,4h,7.193,7.203,7.146,7.195,38408.779767
1714852800000,2024-05-04T20:00:00+00:00,DOT/USDT,4h,7.196,7.21,7.116,7.126,53083.294826
1714867200000,2024-05-05T00:00:00+00:00,DOT/USDT,4h,7.126,7.153,7.04,7.091,115361.481901
1714881600000,2024-05-05T04:00:00+00:00,DOT/USDT,4h,7.091,7.105,7.027,7.079,104359.145599
1714896000000,2024-05-05T08:00:00+00:00,DOT/USDT,4h,7.08,7.141,7.045,7.072,91961.33518
1714910400000,2024-05-05T12:00:00+00:00,DOT/USDT,4h,7.07,7.253,7.016,7.244,162175.881277
1714924800000,2024-05-05T16:00:00+00:00,DOT/USDT,4h,7.245,7.33,7.202,7.284,189302.440578
1714939200000,2024-05-05T20:00:00+00:00,DOT/USDT,4h,7.286,7.402,7.276,7.306,110024.601548
1714953600000,2024-05-06T00:00:00+00:00,DOT/USDT,4h,7.306,7.335,7.224,7.249,182863.440474
1714968000000,2024-05-06T04:00:00+00:00,DOT/USDT,4h,7.251,7.398,7.237,7.388,136442.973124
1714982400000,2024-05-06T08:00:00+00:00,DOT/USDT,4h,7.391,7.474,7.23,7.293,286321.545183
1714996800000,2024-05-06T12:00:00+00:00,DOT/USDT,4h,7.294,7.31,7.061,7.179,238657.028039
1715011200000,2024-05-06T16:00:00+00:00,DOT/USDT,4h,7.178,7.243,7.117,7.193,142809.736156
1715025600000,2024-05-06T20:00:00+00:00,DOT/USDT,4h,7.192,7.225,7.119,7.12,49682.585132
1715040000000,2024-05-07T00:00:00+00:00,DOT/USDT,4h,7.12,7.197,7.023,7.091,119429.90771
1715054400000,2024-05-07T04:00:00+00:00,DOT/USDT,4h,7.088,7.184,7.074,7.168,92634.369258
1715068800000,2024-05-07T08:00:00+00:00,DOT/USDT,4h,7.17,7.294,7.131,7.135,147598.387661
1715083200000,2024-05-07T12:00:00+00:00,DOT/USDT,4h,7.133,7.272,7.129,7.194,127034.071562
1715097600000,2024-05-07T16:00:00+00:00,DOT/USDT,4h,7.197,7.225,7.095,7.123,93142.733617
1715112000000,2024-05-07T20:00:00+00:00,DOT/USDT,4h,7.124,7.16,6.984,6.994,97771.753481
1715126400000,2024-05-08T00:00:00+00:00,DOT/USDT,4h,6.991,7.108,6.92,7.085,131983.392641
1715140800000,2024-05-08T04:00:00+00:00,DOT/USDT,4h,7.089,7.095,6.986,7.014,89969.904679
1715155200000,2024-05-08T08:00:00+00:00,DOT/USDT,4h,7.012,7.128,6.931,6.951,131990.027981
1715169600000,2024-05-08T12:00:00+00:00,DOT/USDT,4h,6.95,7.188,6.892,7.152,234376.30652
1715184000000,2024-05-08T16:00:00+00:00,DOT/USDT,4h,7.154,7.167,7.008,7.055,104085.714343
1715198400000,2024-05-08T20:00:00+00:00,DOT/USDT,4h,7.058,7.092,6.93,6.984,129262.451272
1715212800000,2024-05-09T00:00:00+00:00,DOT/USDT,4h,6.985,7.066,6.973,7.046,81234.905798
1715227200000,2024-05-09T04:00:00+00:00,DOT/USDT,4h,7.044,7.072,6.901,6.923,77824.500043
1715241600000,2024-05-09T08:00:00+00:00,DOT/USDT,4h,6.922,6.941,6.783,6.844,193596.151653
1715256000000,2024-05-09T12:00:00+00:00,DOT/USDT,4h,6.846,6.982,6.832,6.961,153556.114225
1715270400000,2024-05-09T16:00:00+00:00,DOT/USDT,4h,6.961,7.043,6.946,7.04,82588.839463
1715284800000,2024-05-09T20:00:00+00:00,DOT/USDT,4h,7.042,7.091,7.002,7.051,72589.680633
1715299200000,2024-05-10T00:00:00+00:00,DOT/USDT,4h,7.051,7.116,6.999,7.109,69981.305719
1715313600000,2024-05-10T04:00:00+00:00,DOT/USDT,4h,7.111,7.151,7.053,7.125,95925.537237
1715328000000,2024-05-10T08:00:00+00:00,DOT/USDT,4h,7.127,7.138,7.067,7.133,63944.504116
1715342400000,2024-05-10T12:00:00+00:00,DOT/USDT,4h,7.132,7.134,6.805,6.863,398202.271556
1715356800000,2024-05-10T16:00:00+00:00,DOT/USDT,4h,6.86,6.882,6.754,6.813,177013.402313
1715371200000,2024-05-10T20:00:00+00:00,DOT/USDT,4h,6.812,6.836,6.687,6.744,69143.871338
1715385600000,2024-05-11T00:00:00+00:00,DOT/USDT,4h,6.747,6.811,6.714,6.731,36621.60224
1715400000000,2024-05-11T04:00:00+00:00,DOT/USDT,4h,6.728,6.796,6.712,6.767,30708.244112
1715414400000,2024-05-11T08:00:00+00:00,DOT/USDT,4h,6.767,6.776,6.633,6.677,131426.746278
1715428800000,2024-05-11T12:00:00+00:00,DOT/USDT,4h,6.679,6.789,6.679,6.731,65625.345866
1715443200000,2024-05-11T16:00:00+00:00,DOT/USDT,4h,6.731,6.743,6.694,6.727,70988.54851
1715457600000,2024-05-11T20:00:00+00:00,DOT/USDT,4h,6.727,6.728,6.652,6.661,35530.540144
1715472000000,2024-05-12T00:00:00+00:00,DOT/USDT,4h,6.662,6.716,6.651,6.699,34480.789922
1715486400000,2024-05-12T04:00:00+00:00,DOT/USDT,4h,6.699,6.723,6.64,6.651,31809.461746
1715500800000,2024-05-12T08:00:00+00:00,DOT/USDT,4h,6.655,6.75,6.646,6.734,56849.954932
1715515200000,2024-05-12T12:00:00+00:00,DOT/USDT,4h,6.736,6.763,6.722,6.751,37620.352993
1715529600000,2024-05-12T16:00:00+00:00,DOT/USDT,4h,6.754,6.792,6.667,6.685,65377.657081
1715544000000,2024-05-12T20:00:00+00:00,DOT/USDT,4h,6.685,6.688,6.587,6.619,50271.372993
1715558400000,2024-05-13T00:00:00+00:00,DOT/USDT,4h,6.62,6.69,6.432,6.512,184775.203517
1715572800000,2024-05-13T04:00:00+00:00,DOT/USDT,4h,6.51,6.702,6.447,6.694,111101.936428
1715587200000,2024-05-13T08:00:00+00:00,DOT/USDT,4h,6.694,6.787,6.684,6.73,198948.818276
1715601600000,2024-05-13T12:00:00+00:00,DOT/USDT,4h,6.735,6.78,6.675,6.762,97492.291632
1715616000000,2024-05-13T16:00:00+00:00,DOT/USDT,4h,6.762,6.825,6.641,6.705,100408.862024
1715630400000,2024-05-13T20:00:00+00:00,DOT/USDT,4h,6.704,6.711,6.651,6.671,46120.789414
1715644800000,2024-05-14T00:00:00+00:00,DOT/USDT,4h,6.671,6.698,6.605,6.645,56511.757834
1715659200000,2024-05-14T04:00:00+00:00,DOT/USDT,4h,6.644,6.671,6.489,6.609,151358.537624
1715673600000,2024-05-14T08:00:00+00:00,DOT/USDT,4h,6.609,6.662,6.58,6.651,70875.59243
1715688000000,2024-05-14T12:00:00+00:00,DOT/USDT,4h,6.65,6.69,6.535,6.646,177664.415774
1715702400000,2024-05-14T16:00:00+00:00,DOT/USDT,4h,6.647,6.65,6.498,6.554,89765.738455
1715716800000,2024-05-14T20:00:00+00:00,DOT/USDT,4h,6.55,6.581,6.47,6.485,33629.737042
1715731200000,2024-05-15T00:00:00+00:00,DOT/USDT,4h,6.488,6.541,6.461,6.522,41769.393341
1715745600000,2024-05-15T04:00:00+00:00,DOT/USDT,4h,6.526,6.533,6.467,6.523,65127.692031
1715760000000,2024-05-15T08:00:00+00:00,DOT/USDT,4h,6.522,6.676,6.488,6.553,268719.342371
1715774400000,2024-05-15T12:00:00+00:00,DOT/USDT,4h,6.547,6.939,6.521,6.863,514635.210822
1715788800000,2024-05-15T16:00:00+00:00,DOT/USDT,4h,6.868,7.011,6.838,7.009,212141.044735
1715803200000,2024-05-15T20:00:00+00:00,DOT/USDT,4h,7.008,7.032,6.927,6.96,97678.650534
1715817600000,2024-05-16T00:00:00+00:00,DOT/USDT,4h,6.959,7.02,6.928,6.98,132668.941244
1715832000000,2024-05-16T04:00:00+00:00,DOT/USDT,4h,6.979,6.994,6.938,6.956,218322.270526
1715846400000,2024-05-16T08:00:00+00:00,DOT/USDT,4h,6.956,6.973,6.884,6.909,119233.980283
1715860800000,2024-05-16T12:00:00+00:00,DOT/USDT,4h,6.907,6.967,6.815,6.928,233452.514423
1715875200000,2024-05-16T16:00:00+00:00,DOT/USDT,4h,6.929,7.003,6.89,6.96,164988.266645
1715889600000,2024-05-16T20:00:00+00:00,DOT/USDT,4h,6.959,7.066,6.887,7.027,196486.472511
1715904000000,2024-05-17T00:00:00+00:00,DOT/USDT,4h,7.026,7.088,7.0,7.005,105609.91698
1715918400000,2024-05-17T04:00:00+00:00,DOT/USDT,4h,7.005,7.3,7.004,7.275,378605.965055
1715932800000,2024-05-17T08:00:00+00:00,DOT/USDT,4h,7.274,7.289,7.203,7.204,258839.072996
1715947200000,2024-05-17T12:00:00+00:00,DOT/USDT,4h,7.204,7.261,7.141,7.236,320157.454842
1715961600000,2024-05-17T16:00:00+00:00,DOT/USDT,4h,7.235,7.27,7.179,7.2,217776.717462
1715976000000,2024-05-17T20:00:00+00:00,DOT/USDT,4h,7.198,7.218,7.177,7.198,123421.662124
1715990400000,2024-05-18T00:00:00+00:00,DOT/USDT,4h,7.197,7.23,7.15,7.207,73472.284756
1716004800000,2024-05-18T04:00:00+00:00,DOT/USDT,4h,7.207,7.218,7.155,7.198,62901.871769
1716019200000,2024-05-18T08:00:00+00:00,DOT/USDT,4h,7.198,7.23,7.171,7.184,58100.309037
1716033600000,2024-05-18T12:00:00+00:00,DOT/USDT,4h,7.182,7.184,7.064,7.133,140622.577468
1716048000000,2024-05-18T16:00:00+00:00,DOT/USDT,4h,7.132,7.185,7.122,7.173,31640.184511
1716062400000,2024-05-18T20:00:00+00:00,DOT/USDT,4h,7.173,7.183,7.119,7.159,39291.489066
1716076800000,2024-05-19T00:00:00+00:00,DOT/USDT,4h,7.157,7.181,7.121,7.156,42910.394462
1716091200000,2024-05-19T04:00:00+00:00,DOT/USDT,4h,7.154,7.157,7.074,7.109,30581.721589
1716105600000,2024-05-19T08:00:00+00:00,DOT/USDT,4h,7.108,7.125,7.047,7.104,78643.340705
1716120000000,2024-05-19T12:00:00+00:00,DOT/USDT,4h,7.105,7.106,6.963,7.031,132844.733551
1716134400000,2024-05-19T16:00:00+00:00,DOT/USDT,4h,7.03,7.039,6.917,6.933,75230.813727
1716148800000,2024-05-19T20:00:00+00:00,DOT/USDT,4h,6.928,6.971,6.889,6.932,48868.877973
1716163200000,2024-05-20T00:00:00+00:00,DOT/USDT,4h,6.933,6.973,6.852,6.947,103203.497809
1716177600000,2024-05-20T04:00:00+00:00,DOT/USDT,4h,6.948,7.071,6.877,7.0,97109.338597
1716192000000,2024-05-20T08:00:00+00:00,DOT/USDT,4h,7.0,7.067,6.997,7.014,43122.579838
1716206400000,2024-05-20T12:00:00+00:00,DOT/USDT,4h,7.015,7.053,6.952,7.049,83811.776107
1716220800000,2024-05-20T16:00:00+00:00,DOT/USDT,4h,7.05,7.451,7.033,7.411,393955.713725
1716235200000,2024-05-20T20:00:00+00:00,DOT/USDT,4h,7.413,7.585,7.324,7.575,368543.948244
1716249600000,2024-05-21T00:00:00+00:00,DOT/USDT,4h,7.576,7.66,7.466,7.491,340373.852259
1716264000000,2024-05-21T04:00:00+00:00,DOT/USDT,4h,7.491,7.556,7.431,7.547,245115.117662
1716278400000,2024-05-21T08:00:00+00:00,DOT/USDT,4h,7.545,7.603,7.52,7.584,141733.070107
1716292800000,2024-05-21T12:00:00+00:00,DOT/USDT,4h,7.584,7.672,7.498,7.53,235791.846656
1716307200000,2024-05-21T16:00:00+00:00,DOT/USDT,4h,7.529,7.658,7.488,7.536,190761.241402
1716321600000,2024-05-21T20:00:00+00:00,DOT/USDT,4h,7.538,7.638,7.533,7.612,117512.939288
1716336000000,2024-05-22T00:00:00+00:00,DOT/USDT,4h,7.612,7.699,7.57,7.61,186970.53905
1716350400000,2024-05-22T04:00:00+00:00,DOT/USDT,4h,7.609,7.661,7.459,7.641,118815.222991
1716364800000,2024-05-22T08:00:00+00:00,DOT/USDT,4h,7.639,7.683,7.538,7.567,123054.566856
1716379200000,2024-05-22T12:00:00+00:00,DOT/USDT,4h,7.567,7.656,7.425,7.611,155780.367897
1716393600000,2024-05-22T16:00:00+00:00,DOT/USDT,4h,7.609,7.629,7.434,7.446,144434.570861
1716408000000,2024-05-22T20:00:00+00:00,DOT/USDT,4h,7.448,7.51,7.384,7.47,85571.981589
1716422400000,2024-05-23T00:00:00+00:00,DOT/USDT,4h,7.47,7.596,7.466,7.585,60482.397749
1716436800000,2024-05-23T04:00:00+00:00,DOT/USDT,4h,7.588,7.604,7.517,7.585,57976.041066
1716451200000,2024-05-23T08:00:00+00:00,DOT/USDT,4h,7.587,7.59,7.412,7.509,241049.527644
1716465600000,2024-05-23T12:00:00+00:00,DOT/USDT,4h,7.508,7.543,7.17,7.209,633733.124822
1716480000000,2024-05-23T16:00:00+00:00,DOT/USDT,4h,7.207,7.214,7.013,7.131,426044.220587
1716494400000,2024-05-23T20:00:00+00:00,DOT/USDT,4h,7.131,7.262,6.881,7.203,703835.786012
1716508800000,2024-05-24T00:00:00+00:00,DOT/USDT,4h,7.198,7.315,7.185,7.259,94076.732202
1716523200000,2024-05-24T04:00:00+00:00,DOT/USDT,4h,7.26,7.277,7.016,7.113,187733.114609
1716537600000,2024-05-24T08:00:00+00:00,DOT/USDT,4h,7.111,7.222,7.03,7.219,80774.844305
1716552000000,2024-05-24T12:00:00+00:00,DOT/USDT,4h,7.219,7.387,7.202,7.261,214601.584476
1716566400000,2024-05-24T16:00:00+00:00,DOT/USDT,4h,7.262,7.318,7.179,7.267,145225.982233
1716580800000,2024-05-24T20:00:00+00:00,DOT/USDT,4h,7.269,7.293,7.219,7.245,92350.597719
1716595200000,2024-05-25T00:00:00+00:00,DOT/USDT,4h,7.246,7.314,7.222,7.309,80967.091942
1716609600000,2024-05-25T04:00:00+00:00,DOT/USDT,4h,7.308,7.331,7.264,7.295,72592.638089
1716624000000,2024-05-25T08:00:00+00:00,DOT/USDT,4h,7.297,7.342,7.271,7.304,52327.238722
1716638400000,2024-05-25T12:00:00+00:00,DOT/USDT,4h,7.299,7.35,7.262,7.334,73236.750752
1716652800000,2024-05-25T16:00:00+00:00,DOT/USDT,4h,7.334,7.401,7.331,7.365,93007.821651
1716667200000,2024-05-25T20:00:00+00:00,DOT/USDT,4h,7.363,7.438,7.336,7.426,72469.53967
1716681600000,2024-05-26T00:00:00+00:00,DOT/USDT,4h,7.425,7.52,7.41,7.475,137867.98062
1716696000000,2024-05-26T04:00:00+00:00,DOT/USDT,4h,7.474,7.474,7.383,7.436,55916.122262
1716710400000,2024-05-26T08:00:00+00:00,DOT/USDT,4h,7.434,7.491,7.367,7.446,121427.241124
1716724800000,2024-05-26T12:00:00+00:00,DOT/USDT,4h,7.448,7.639,7.419,7.581,287387.528036
1716739200000,2024-05-26T16:00:00+00:00,DOT/USDT,4h,7.582,7.629,7.492,7.55,145389.235078
1716753600000,2024-05-26T20:00:00+00:00,DOT/USDT,4h,7.551,7.594,7.474,7.557,82433.966456
1716768000000,2024-05-27T00:00:00+00:00,DOT/USDT,4h,7.557,7.576,7.477,7.488,115586.920882
1716782400000,2024-05-27T04:00:00+00:00,DOT/USDT,4h,7.493,7.502,7.378,7.408,99433.37845
1716796800000,2024-05-27T08:00:00+00:00,DOT/USDT,4h,7.41,7.49,7.41,7.483,99994.338745
1716811200000,2024-05-27T12:00:00+00:00,DOT/USDT,4h,7.483,7.737,7.457,7.727,235118.162559
1716825600000,2024-05-27T16:00:00+00:00,DOT/USDT,4h,7.725,7.776,7.512,7.557,273607.936319
1716840000000,2024-05-27T20:00:00+00:00,DOT/USDT,4h,7.55,7.682,7.546,7.64,82827.922298
1716854400000,2024-05-28T00:00:00+00:00,DOT/USDT,4h,7.64,7.664,7.479,7.535,433297.890148
1716868800000,2024-05-28T04:00:00+00:00,DOT/USDT,4h,7.536,7.541,7.319,7.334,246340.691142
1716883200000,2024-05-28T08:00:00+00:00,DOT/USDT,4h,7.335,7.483,7.324,7.395,212588.231357
1716897600000,2024-05-28T12:00:00+00:00,DOT/USDT,4h,7.395,7.415,7.277,7.39,333958.337089
1716912000000,2024-05-28T16:00:00+00:00,DOT/USDT,4h,7.389,7.439,7.303,7.433,150842.262339
1716926400000,2024-05-28T20:00:00+00:00,DOT/USDT,4h,7.435,7.491,7.345,7.368,122477.784034
1716940800000,2024-05-29T00:00:00+00:00,DOT/USDT,4h,7.37,7.41,7.306,7.388,89040.483955
1716955200000,2024-05-29T04:00:00+00:00,DOT/USDT,4h,7.389,7.565,7.381,7.406,208854.92607
1716969600000,2024-05-29T08:00:00+00:00,DOT/USDT,4h,7.41,7.484,7.318,7.374,392405.686143
1716984000000,2024-05-29T12:00:00+00:00,DOT/USDT,4h,7.377,7.412,7.212,7.227,358249.822054
1716998400000,2024-05-29T16:00:00+00:00,DOT/USDT,4h,7.226,7.275,7.177,7.184,196737.111237
1717012800000,2024-05-29T20:00:00+00:00,DOT/USDT,4h,7.184,7.214,7.141,7.179,128490.165839
1717027200000,2024-05-30T00:00:00+00:00,DOT/USDT,4h,7.179,7.242,7.146,7.231,109959.149707
1717041600000,2024-05-30T04:00:00+00:00,DOT/USDT,4h,7.232,7.236,6.948,6.973,179025.637494
1717056000000,2024-05-30T08:00:00+00:00,DOT/USDT,4h,6.97,7.083,6.926,7.046,95400.594335
1717070400000,2024-05-30T12:00:00+00:00,DOT/USDT,4h,7.048,7.114,7.025,7.07,165791.454496
1717084800000,2024-05-30T16:00:00+00:00,DOT/USDT,4h,7.068,7.139,7.027,7.057,174392.146787
1717099200000,2024-05-30T20:00:00+00:00,DOT/USDT,4h,7.053,7.053,6.968,6.995,89533.80599
1717113600000,2024-05-31T00:00:00+00:00,DOT/USDT,4h,6.997,7.018,6.953,7.004,110106.7862
1717128000000,2024-05-31T04:00:00+00:00,DOT/USDT,4h,7.005,7.018,6.918,6.993,78313.828586
1717142400000,2024-05-31T08:00:00+00:00,DOT/USDT,4h,6.991,7.021,6.964,6.996,44627.063514
1717156800000,2024-05-31T12:00:00+00:00,DOT/USDT,4h,6.996,7.054,6.856,6.864,193979.213762
1717171200000,2024-05-31T16:00:00+00:00,DOT/USDT,4h,6.859,7.005,6.805,6.989,133359.963153
1717185600000,2024-05-31T20:00:00+00:00,DOT/USDT,4h,6.993,7.015,6.954,6.984,66281.718734
1717200000000,2024-06-01T00:00:00+00:00,DOT/USDT,4h,6.987,7.005,6.957,6.998,45137.151612
1717214400000,2024-06-01T04:00:00+00:00,DOT/USDT,4h,6.996,7.045,6.992,7.011,78631.367602
1717228800000,2024-06-01T08:00:00+00:00,DOT/USDT,4h,7.012,7.092,7.004,7.066,136187.700115
1717243200000,2024-06-01T12:00:00+00:00,DOT/USDT,4h,7.065,7.134,7.063,7.093,102962.992061
1717257600000,2024-06-01T16:00:00+00:00,DOT/USDT,4h,7.092,7.104,7.061,7.074,48833.558257
1717272000000,2024-06-01T20:00:00+00:00,DOT/USDT,4h,7.073,7.11,7.05,7.061,30118.903205
1717286400000,2024-06-02T00:00:00+00:00,DOT/USDT,4h,7.063,7.096,7.053,7.083,23805.834705
1717300800000,2024-06-02T04:00:00+00:00,DOT/USDT,4h,7.083,7.119,7.038,7.038,75784.623969
1717315200000,2024-06-02T08:00:00+00:00,DOT/USDT,4h,7.043,7.094,6.989,7.088,58060.141217
1717329600000,2024-06-02T12:00:00+00:00,DOT/USDT,4h,7.09,7.126,7.048,7.083,51020.103175
1717344000000,2024-06-02T16:00:00+00:00,DOT/USDT,4h,7.086,7.097,6.918,7.002,84145.625941
1717358400000,2024-06-02T20:00:00+00:00,DOT/USDT,4h,7.001,7.027,6.957,6.989,51638.17258
1717372800000,2024-06-03T00:00:00+00:00,DOT/USDT,4h,6.99,7.106,6.934,7.073,62173.853471
1717387200000,2024-06-03T04:00:00+00:00,DOT/USDT,4h,7.076,7.173,7.027,7.133,110417.444396
1717401600000,2024-06-03T08:00:00+00:00,DOT/USDT,4h,7.134,7.176,7.098,7.121,67546.656506
1717416000000,2024-06-03T12:00:00+00:00,DOT/USDT,4h,7.122,7.189,7.02,7.133,281370.347601
1717430400000,2024-06-03T16:00:00+00:00,DOT/USDT,4h,7.138,7.144,7.059,7.1,145632.591391
1717444800000,2024-06-03T20:00:00+00:00,DOT/USDT,4h,7.102,7.118,7.001,7.01,66983.00309
1717459200000,2024-06-04T00:00:00+00:00,DOT/USDT,4h,7.012,7.033,6.964,7.03,74280.374617
1717473600000,2024-06-04T04:00:00+00:00,DOT/USDT,4h,7.032,7.033,6.98,7.003,75287.259296
1717488000000,2024-06-04T08:00:00+00:00,DOT/USDT,4h,7.004,7.028,6.942,7.009,87280.251697
1717502400000,2024-06-04T12:00:00+00:00,DOT/USDT,4h,7.007,7.209,6.981,7.168,165112.827282
1717516800000,2024-06-04T16:00:00+00:00,DOT/USDT,4h,7.168,7.221,7.131,7.191,158912.06017
1717531200000,2024-06-04T20:00:00+00:00,DOT/USDT,4h,7.191,7.233,7.171,7.18,70352.766168
1717545600000,2024-06-05T00:00:00+00:00,DOT/USDT,4h,7.183,7.24,7.174,7.212,78272.925682
1717560000000,2024-06-05T04:00:00+00:00,DOT/USDT,4h,7.214,7.297,7.181,7.261,110316.895452
1717574400000,2024-06-05T08:00:00+00:00,DOT/USDT,4h,7.26,7.26,7.173,7.205,125904.70315
1717588800000,2024-06-05T12:00:00+00:00,DOT/USDT,4h,7.206,7.236,7.15,7.229,93234.109713
1717603200000,2024-06-05T16:00:00+00:00,DOT/USDT,4h,7.229,7.293,7.206,7.272,103503.27754
1717617600000,2024-06-05T20:00:00+00:00,DOT/USDT,4h,7.272,7.289,7.215,7.251,75403.512257
1717632000000,2024-06-06T00:00:00+00:00,DOT/USDT,4h,7.252,7.277,7.207,7.207,86331.915837
1717646400000,2024-06-06T04:00:00+00:00,DOT/USDT,4h,7.208,7.216,7.148,7.173,96647.489931
1717660800000,2024-06-06T08:00:00+00:00,DOT/USDT,4h,7.173,7.22,7.163,7.218,67597.5926
1717675200000,2024-06-06T12:00:00+00:00,DOT/USDT,4h,7.219,7.287,7.178,7.251,120555.040766
1717689600000,2024-06-06T16:00:00+00:00,DOT/USDT,4h,7.25,7.263,7.12,7.124,146481.716082
1717704000000,2024-06-06T20:00:00+00:00,DOT/USDT,4h,7.125,7.157,7.057,7.146,110256.581272
1717718400000,2024-06-07T00:00:00+00:00,DOT/USDT,4h,7.147,7.151,7.073,7.099,58157.783174
1717732800000,2024-06-07T04:00:00+00:00,DOT/USDT,4h,7.099,7.193,7.094,7.152,66985.426899
1717747200000,2024-06-07T08:00:00+00:00,DOT/USDT,4h,7.153,7.272,7.127,7.264,73808.551961
1717761600000,2024-06-07T12:00:00+00:00,DOT/USDT,4h,7.264,7.29,7.082,7.216,317287.772626
1717776000000,2024-06-07T16:00:00+00:00,DOT/USDT,4h,7.216,7.219,6.024,6.593,1774581.842382
1717790400000,2024-06-07T20:00:00+00:00,DOT/USDT,4h,6.593,6.67,6.573,6.658,191344.307953
1717804800000,2024-06-08T00:00:00+00:00,DOT/USDT,4h,6.658,6.683,6.609,6.627,188501.504784
1717819200000,2024-06-08T04:00:00+00:00,DOT/USDT,4h,6.626,6.639,6.6,6.624,65145.379566
1717833600000,2024-06-08T08:00:00+00:00,DOT/USDT,4h,6.624,6.624,6.423,6.442,226017.541303
1717848000000,2024-06-08T12:00:00+00:00,DOT/USDT,4h,6.443,6.481,6.359,6.467,372230.535008
1717862400000,2024-06-08T16:00:00+00:00,DOT/USDT,4h,6.467,6.487,6.381,6.396,111060.504463
1717876800000,2024-06-08T20:00:00+00:00,DOT/USDT,4h,6.395,6.412,6.338,6.384,127146.701806
1717891200000,2024-06-09T00:00:00+00:00,DOT/USDT,4h,6.384,6.44,6.376,6.427,83291.179745
1717905600000,2024-06-09T04:00:00+00:00,DOT/USDT,4h,6.426,6.449,6.379,6.422,52250.332982
1717920000000,2024-06-09T08:00:00+00:00,DOT/USDT,4h,6.425,6.502,6.414,6.463,107826.663286
1717934400000,2024-06-09T12:00:00+00:00,DOT/USDT,4h,6.465,6.498,6.426,6.471,106663.778163
1717948800000,2024-06-09T16:00:00+00:00,DOT/USDT,4h,6.471,6.53,6.462,6.529,48781.403396
1717963200000,2024-06-09T20:00:00+00:00,DOT/USDT,4h,6.529,6.538,6.494,6.526,58156.054051
1717977600000,2024-06-10T00:00:00+00:00,DOT/USDT,4h,6.529,6.541,6.44,6.464,73567.762337
1717992000000,2024-06-10T04:00:00+00:00,DOT/USDT,4h,6.462,6.475,6.358,6.366,104969.622539
1718006400000,2024-06-10T08:00:00+00:00,DOT/USDT,4h,6.368,6.533,6.366,6.489,102242.813382
1718020800000,2024-06-10T12:00:00+00:00,DOT/USDT,4h,6.488,6.581,6.422,6.55,165915.733199
1718035200000,2024-06-10T16:00:00+00:00,DOT/USDT,4h,6.552,6.569,6.495,6.515,97887.452479
1718049600000,2024-06-10T20:00:00+00:00,DOT/USDT,4h,6.512,6.541,6.471,6.506,54220.391131
1718064000000,2024-06-11T00:00:00+00:00,DOT/USDT,4h,6.507,6.527,6.341,6.439,290497.97706
1718078400000,2024-06-11T04:00:00+00:00,DOT/USDT,4h,6.441,6.46,6.291,6.367,171904.506502
1718092800000,2024-06-11T08:00:00+00:00,DOT/USDT,4h,6.364,6.421,6.338,6.357,104051.867572
1718107200000,2024-06-11T12:00:00+00:00,DOT/USDT,4h,6.357,6.377,6.218,6.302,482513.132977
1718121600000,2024-06-11T16:00:00+00:00,DOT/USDT,4h,6.301,6.461,6.244,6.425,266803.407594
1718136000000,2024-06-11T20:00:00+00:00,DOT/USDT,4h,6.424,6.429,6.34,6.377,142324.732217
1718150400000,2024-06-12T00:00:00+00:00,DOT/USDT,4h,6.376,6.424,6.275,6.405,153491.854665
1718164800000,2024-06-12T04:00:00+00:00,DOT/USDT,4h,6.404,6.437,6.379,6.404,51875.606456
1718179200000,2024-06-12T08:00:00+00:00,DOT/USDT,4h,6.403,6.443,6.365,6.378,78415.510337
1718193600000,2024-06-12T12:00:00+00:00,DOT/USDT,4h,6.379,6.711,6.378,6.705,457399.925556
1718208000000,2024-06-12T16:00:00+00:00,DOT/USDT,4h,6.708,6.928,6.606,6.705,820297.056928
1718222400000,2024-06-12T20:00:00+00:00,DOT/USDT,4h,6.704,6.814,6.674,6.736,112691.345211
1718236800000,2024-06-13T00:00:00+00:00,DOT/USDT,4h,6.736,6.741,6.476,6.544,142874.076128
1718251200000,2024-06-13T04:00:00+00:00,DOT/USDT,4h,6.542,6.598,6.498,6.528,127422.724514
1718265600000,2024-06-13T08:00:00+00:00,DOT/USDT,4h,6.527,6.537,6.446,6.469,104759.28605
1718280000000,2024-06-13T12:00:00+00:00,DOT/USDT,4h,6.469,6.565,6.365,6.38,301045.402825
1718294400000,2024-06-13T16:00:00+00:00,DOT/USDT,4h,6.382,6.496,6.344,6.46,112269.411291
1718308800000,2024-06-13T20:00:00+00:00,DOT/USDT,4h,6.459,6.467,6.335,6.359,53964.440586
1718323200000,2024-06-14T00:00:00+00:00,DOT/USDT,4h,6.361,6.416,6.298,6.354,98841.782363
1718337600000,2024-06-14T04:00:00+00:00,DOT/USDT,4h,6.354,6.473,6.353,6.439,151714.363219
1718352000000,2024-06-14T08:00:00+00:00,DOT/USDT,4h,6.438,6.49,6.4,6.404,186834.083283
1718366400000,2024-06-14T12:00:00+00:00,DOT/USDT,4h,6.408,6.413,6.2,6.222,261225.492293
1718380800000,2024-06-14T16:00:00+00:00,DOT/USDT,4h,6.222,6.229,5.982,6.115,577909.013088
1718395200000,2024-06-14T20:00:00+00:00,DOT/USDT,4h,6.115,6.206,6.08,6.164,184125.014405
1718409600000,2024-06-15T00:00:00+00:00,DOT/USDT,4h,6.164,6.176,6.109,6.168,116066.799102
1718424000000,2024-06-15T04:00:00+00:00,DOT/USDT,4h,6.166,6.259,6.153,6.223,80604.897109
1718438400000,2024-06-15T08:00:00+00:00,DOT/USDT,4h,6.223,6.24,6.19,6.206,36476.328156
1718452800000,2024-06-15T12:00:00+00:00,DOT/USDT,4h,6.204,6.252,6.187,6.229,126790.504127
1718467200000,2024-06-15T16:00:00+00:00,DOT/USDT,4h,6.227,6.247,6.175,6.195,38910.496159
1718481600000,2024-06-15T20:00:00+00:00,DOT/USDT,4h,6.196,6.237,6.157,6.224,30711.472492
1718496000000,2024-06-16T00:00:00+00:00,DOT/USDT,4h,6.224,6.237,6.17,6.185,55523.840887
1718510400000,2024-06-16T04:00:00+00:00,DOT/USDT,4h,6.184,6.247,6.15,6.212,27317.17093
1718524800000,2024-06-16T08:00:00+00:00,DOT/USDT,4h,6.211,6.227,6.165,6.216,51617.282407
1718539200000,2024-06-16T12:00:00+00:00,DOT/USDT,4h,6.216,6.352,6.203,6.345,143277.212487
1718553600000,2024-06-16T16:00:00+00:00,DOT/USDT,4h,6.343,6.381,6.31,6.365,141829.986823
1718568000000,2024-06-16T20:00:00+00:00,DOT/USDT,4h,6.365,6.427,6.347,6.396,112865.216689
1718582400000,2024-06-17T00:00:00+00:00,DOT/USDT,4h,6.396,6.417,6.296,6.308,109152.943685
1718596800000,2024-06-17T04:00:00+00:00,DOT/USDT,4h,6.307,6.346,6.205,6.273,133334.916021
1718611200000,2024-06-17T08:00:00+00:00,DOT/USDT,4h,6.273,6.286,6.111,6.204,238310.322194
1718625600000,2024-06-17T12:00:00+00:00,DOT/USDT,4h,6.203,6.23,6.091,6.106,127118.696438
1718640000000,2024-06-17T16:00:00+00:00,DOT/USDT,4h,6.105,6.309,5.986,6.246,295380.028785
1718654400000,2024-06-17T20:00:00+00:00,DOT/USDT,4h,6.244,6.244,6.057,6.069,110678.062047
1718668800000,2024-06-18T00:00:00+00:00,DOT/USDT,4h,6.07,6.087,5.415,5.764,1903899.344984
1718683200000,2024-06-18T04:00:00+00:00,DOT/USDT,4h,5.763,5.862,5.737,5.861,322409.553346
1718697600000,2024-06-18T08:00:00+00:00,DOT/USDT,4h,5.86,5.95,5.813,5.866,448291.919767
1718712000000,2024-06-18T12:00:00+00:00,DOT/USDT,4h,5.865,5.879,5.68,5.8,652641.570732
1718726400000,2024-06-18T16:00:00+00:00,DOT/USDT,4h,5.799,5.8,5.589,5.68,365500.959787
1718740800000,2024-06-18T20:00:00+00:00,DOT/USDT,4h,5.682,5.797,5.645,5.772,240776.857671
1718755200000,2024-06-19T00:00:00+00:00,DOT/USDT,4h,5.771,5.894,5.731,5.859,244005.111945
1718769600000,2024-06-19T04:00:00+00:00,DOT/USDT,4h,5.86,5.983,5.847,5.96,319243.830969
1718784000000,2024-06-19T08:00:00+00:00,DOT/USDT,4h,5.963,5.994,5.879,5.903,291746.069452
1718798400000,2024-06-19T12:00:00+00:00,DOT/USDT,4h,5.903,5.935,5.787,5.809,131749.972628
1718812800000,2024-06-19T16:00:00+00:00,DOT/USDT,4h,5.808,5.911,5.777,5.83,97113.269403
1718827200000,2024-06-19T20:00:00+00:00,DOT/USDT,4h,5.832,5.87,5.777,5.804,74833.967527
1718841600000,2024-06-20T00:00:00+00:00,DOT/USDT,4h,5.799,5.916,5.771,5.817,134195.624386
1718856000000,2024-06-20T04:00:00+00:00,DOT/USDT,4h,5.818,5.973,5.786,5.934,118813.888926
1718870400000,2024-06-20T08:00:00+00:00,DOT/USDT,4h,5.939,5.973,5.861,5.89,296973.995779
1718884800000,2024-06-20T12:00:00+00:00,DOT/USDT,4h,5.892,5.897,5.642,5.654,407942.568534
1718899200000,2024-06-20T16:00:00+00:00,DOT/USDT,4h,5.652,5.738,5.6,5.722,188834.453019
1718913600000,2024-06-20T20:00:00+00:00,DOT/USDT,4h,5.726,5.738,5.64,5.641,89557.597736
1718928000000,2024-06-21T00:00:00+00:00,DOT/USDT,4h,5.643,5.708,5.579,5.698,160415.733597
1718942400000,2024-06-21T04:00:00+00:00,DOT/USDT,4h,5.699,5.736,5.619,5.659,102841.878571
1718956800000,2024-06-21T08:00:00+00:00,DOT/USDT,4h,5.659,5.708,5.562,5.697,184151.708985
1718971200000,2024-06-21T12:00:00+00:00,DOT/USDT,4h,5.697,5.723,5.586,5.651,345826.421157
1718985600000,2024-06-21T16:00:00+00:00,DOT/USDT,4h,5.65,5.679,5.549,5.621,114478.044311
1719000000000,2024-06-21T20:00:00+00:00,DOT/USDT,4h,5.625,5.667,5.583,5.61,53831.490808
1719014400000,2024-06-22T00:00:00+00:00,DOT/USDT,4h,5.611,5.611,5.542,5.574,47873.41397
1719028800000,2024-06-22T04:00:00+00:00,DOT/USDT,4h,5.574,5.66,5.561,5.654,216805.240408
1719043200000,2024-06-22T08:00:00+00:00,DOT/USDT,4h,5.655,5.756,5.632,5.726,165111.851176
1719057600000,2024-06-22T12:00:00+00:00,DOT/USDT,4h,5.728,5.804,5.718,5.747,164745.005065
1719072000000,2024-06-22T16:00:00+00:00,DOT/USDT,4h,5.75,5.763,5.738,5.754,68986.744656
1719086400000,2024-06-22T20:00:00+00:00,DOT/USDT,4h,5.76,5.765,5.736,5.75,35413.655441
1719100800000,2024-06-23T00:00:00+00:00,DOT/USDT,4h,5.75,5.79,5.729,5.771,154502.689651
1719115200000,2024-06-23T04:00:00+00:00,DOT/USDT,4h,5.774,5.782,5.748,5.757,33222.389124
1719129600000,2024-06-23T08:00:00+00:00,DOT/USDT,4h,5.757,5.817,5.747,5.78,194020.913711
1719144000000,2024-06-23T12:00:00+00:00,DOT/USDT,4h,5.78,5.783,5.693,5.705,116406.475763
1719158400000,2024-06-23T16:00:00+00:00,DOT/USDT,4h,5.705,5.708,5.639,5.69,77193.295907
1719172800000,2024-06-23T20:00:00+00:00,DOT/USDT,4h,5.694,5.694,5.583,5.652,174142.731577
1719187200000,2024-06-24T00:00:00+00:00,DOT/USDT,4h,5.65,5.728,5.616,5.693,150114.877688
1719201600000,2024-06-24T04:00:00+00:00,DOT/USDT,4h,5.691,5.699,5.546,5.605,192440.308038
1719216000000,2024-06-24T08:00:00+00:00,DOT/USDT,4h,5.606,5.64,5.372,5.588,577915.107942
1719230400000,2024-06-24T12:00:00+00:00,DOT/USDT,4h,5.584,5.721,5.524,5.544,204216.929284
1719244800000,2024-06-24T16:00:00+00:00,DOT/USDT,4h,5.539,5.698,5.536,5.588,377613.540513
1719259200000,2024-06-24T20:00:00+00:00,DOT/USDT,4h,5.591,5.739,5.533,5.727,349212.381874
1719273600000,2024-06-25T00:00:00+00:00,DOT/USDT,4h,5.727,5.835,5.707,5.802,155728.790342
1719288000000,2024-06-25T04:00:00+00:00,DOT/USDT,4h,5.806,5.82,5.77,5.806,126855.729651
1719302400000,2024-06-25T08:00:00+00:00,DOT/USDT,4h,5.812,5.87,5.721,5.865,265089.180841
1719316800000,2024-06-25T12:00:00+00:00,DOT/USDT,4h,5.866,5.973,5.849,5.94,221791.90188
1719331200000,2024-06-25T16:00:00+00:00,DOT/USDT,4h,5.942,5.953,5.867,5.905,101959.137776
1719345600000,2024-06-25T20:00:00+00:00,DOT/USDT,4h,5.906,5.912,5.836,5.841,38176.435696
1719360000000,2024-06-26T00:00:00+00:00,DOT/USDT,4h,5.841,5.875,5.8,5.823,68750.118975
1719374400000,2024-06-26T04:00:00+00:00,DOT/USDT,4h,5.824,5.891,5.786,5.882,126356.015132
1719388800000,2024-06-26T08:00:00+00:00,DOT/USDT,4h,5.882,5.9,5.844,5.88,119297.255497
1719403200000,2024-06-26T12:00:00+00:00,DOT/USDT,4h,5.878,5.947,5.841,5.855,286198.820533
1719417600000,2024-06-26T16:00:00+00:00,DOT/USDT,4h,5.857,5.872,5.759,5.872,241412.386008
1719432000000,2024-06-26T20:00:00+00:00,DOT/USDT,4h,5.872,5.885,5.786,5.799,58733.233317
1719446400000,2024-06-27T00:00:00+00:00,DOT/USDT,4h,5.799,5.799,5.734,5.756,85616.409184
1719460800000,2024-06-27T04:00:00+00:00,DOT/USDT,4h,5.759,5.821,5.709,5.802,256577.138377
1719475200000,2024-06-27T08:00:00+00:00,DOT/USDT,4h,5.803,5.956,5.794,5.935,491526.079843
1719489600000,2024-06-27T12:00:00+00:00,DOT/USDT,4h,5.936,6.379,5.929,6.289,1777931.284396
1719504000000,2024-06-27T16:00:00+00:00,DOT/USDT,4h,6.29,6.379,6.236,6.343,648081.320638
1719518400000,2024-06-27T20:00:00+00:00,DOT/USDT,4h,6.343,6.356,6.27,6.287,127173.232528
1719532800000,2024-06-28T00:00:00+00:00,DOT/USDT,4h,6.287,6.31,6.24,6.255,135372.443548
1719547200000,2024-06-28T04:00:00+00:00,DOT/USDT,4h,6.253,6.292,6.218,6.288,83386.341739
1719561600000,2024-06-28T08:00:00+00:00,DOT/USDT,4h,6.283,6.411,6.261,6.369,197260.10143
1719576000000,2024-06-28T12:00:00+00:00,DOT/USDT,4h,6.368,6.44,6.287,6.309,404932.273288
1719590400000,2024-06-28T16:00:00+00:00,DOT/USDT,4h,6.309,6.39,6.237,6.26,277590.841399
1719604800000,2024-06-28T20:00:00+00:00,DOT/USDT,4h,6.263,6.299,6.158,6.192,87278.199885
1719619200000,2024-06-29T00:00:00+00:00,DOT/USDT,4h,6.19,6.303,6.188,6.257,140691.347868
1719633600000,2024-06-29T04:00:00+00:00,DOT/USDT,4h,6.257,6.257,6.197,6.218,46161.189259
1719648000000,2024-06-29T08:00:00+00:00,DOT/USDT,4h,6.219,6.226,6.128,6.136,135586.025088
1719662400000,2024-06-29T12:00:00+00:00,DOT/USDT,4h,6.137,6.139,6.075,6.109,44099.660131
1719676800000,2024-06-29T16:00:00+00:00,DOT/USDT,4h,6.116,6.128,6.065,6.121,53417.862227
1719691200000,2024-06-29T20:00:00+00:00,DOT/USDT,4h,6.123,6.126,6.067,6.08,52501.733406
1719705600000,2024-06-30T00:00:00+00:00,DOT/USDT,4h,6.08,6.117,6.021,6.087,101914.135603
1719720000000,2024-06-30T04:00:00+00:00,DOT/USDT,4h,6.087,6.203,6.06,6.152,172118.402287
1719734400000,2024-06-30T08:00:00+00:00,DOT/USDT,4h,6.152,6.174,6.092,6.113,75582.395426
1719748800000,2024-06-30T12:00:00+00:00,DOT/USDT,4h,6.113,6.16,6.087,6.142,93493.912826
1719763200000,2024-06-30T16:00:00+00:00,DOT/USDT,4h,6.139,6.216,6.113,6.199,131855.015532
1719777600000,2024-06-30T20:00:00+00:00,DOT/USDT,4h,6.198,6.259,6.151,6.214,78963.991723
1719792000000,2024-07-01T00:00:00+00:00,DOT/USDT,4h,6.215,6.342,6.196,6.273,191941.282716
1719806400000,2024-07-01T04:00:00+00:00,DOT/USDT,4h,6.274,6.342,6.272,6.305,235945.04935
1719820800000,2024-07-01T08:00:00+00:00,DOT/USDT,4h,6.308,6.391,6.292,6.359,467527.202523
1719835200000,2024-07-01T12:00:00+00:00,DOT/USDT,4h,6.363,6.393,6.276,6.358,509467.958623
1719849600000,2024-07-01T16:00:00+00:00,DOT/USDT,4h,6.356,6.417,6.316,6.381,163033.159736
1719864000000,2024-07-01T20:00:00+00:00,DOT/USDT,4h,6.38,6.448,6.328,6.333,222998.91294
1719878400000,2024-07-02T00:00:00+00:00,DOT/USDT,4h,6.332,6.452,6.324,6.45,212262.680589
1719892800000,2024-07-02T04:00:00+00:00,DOT/USDT,4h,6.452,6.532,6.365,6.376,471759.373904
1719907200000,2024-07-02T08:00:00+00:00,DOT/USDT,4h,6.375,6.428,6.327,6.4,182254.50772
1719921600000,2024-07-02T12:00:00+00:00,DOT/USDT,4h,6.4,6.487,6.317,6.38,318476.139903
1719936000000,2024-07-02T16:00:00+00:00,DOT/USDT,4h,6.378,6.567,6.316,6.508,542334.957198
1719950400000,2024-07-02T20:00:00+00:00,DOT/USDT,4h,6.511,6.607,6.487,6.531,705079.113338
1719964800000,2024-07-03T00:00:00+00:00,DOT/USDT,4h,6.53,6.544,6.283,6.334,451921.853183
1719979200000,2024-07-03T04:00:00+00:00,DOT/USDT,4h,6.332,6.391,6.295,6.305,223545.493971
1719993600000,2024-07-03T08:00:00+00:00,DOT/USDT,4h,6.303,6.32,6.1,6.133,411703.819642
1720008000000,2024-07-03T12:00:00+00:00,DOT/USDT,4h,6.133,6.219,6.059,6.214,238818.43779
1720022400000,2024-07-03T16:00:00+00:00,DOT/USDT,4h,6.213,6.227,6.032,6.065,137275.062928
1720036800000,2024-07-03T20:00:00+00:00,DOT/USDT,4h,6.066,6.1,5.998,6.082,295745.006716
1720051200000,2024-07-04T00:00:00+00:00,DOT/USDT,4h,6.082,6.135,5.758,5.909,730096.29413
1720065600000,2024-07-04T04:00:00+00:00,DOT/USDT,4h,5.907,5.949,5.839,5.84,433969.604541
1720080000000,2024-07-04T08:00:00+00:00,DOT/USDT,4h,5.84,5.883,5.757,5.812,368404.048725
1720094400000,2024-07-04T12:00:00+00:00,DOT/USDT,4h,5.813,5.852,5.607,5.839,519435.988289
1720108800000,2024-07-04T16:00:00+00:00,DOT/USDT,4h,5.837,5.858,5.737,5.738,117126.172925
1720123200000,2024-07-04T20:00:00+00:00,DOT/USDT,4h,5.741,5.81,5.541,5.552,396271.579542
1720137600000,2024-07-05T00:00:00+00:00,DOT/USDT,4h,5.555,5.561,4.922,5.052,1993218.056117
1720152000000,2024-07-05T04:00:00+00:00,DOT/USDT,4h,5.051,5.399,4.907,5.39,2406980.949024
1720166400000,2024-07-05T08:00:00+00:00,DOT/USDT,4h,5.387,5.622,5.224,5.608,1073220.534795
1720180800000,2024-07-05T12:00:00+00:00,DOT/USDT,4h,5.607,5.887,5.495,5.865,1592084.030381
1720195200000,2024-07-05T16:00:00+00:00,DOT/USDT,4h,5.862,5.917,5.757,5.793,808398.351292
1720209600000,2024-07-05T20:00:00+00:00,DOT/USDT,4h,5.793,5.837,5.653,5.686,456129.502807
1720224000000,2024-07-06T00:00:00+00:00,DOT/USDT,4h,5.687,5.796,5.633,5.684,636230.0318
1720238400000,2024-07-06T04:00:00+00:00,DOT/USDT,4h,5.681,5.881,5.632,5.829,505550.911048
1720252800000,2024-07-06T08:00:00+00:00,DOT/USDT,4h,5.834,5.998,5.771,5.991,727373.608447
1720267200000,2024-07-06T12:00:00+00:00,DOT/USDT,4h,5.995,6.047,5.873,6.008,436488.343013
1720281600000,2024-07-06T16:00:00+00:00,DOT/USDT,4h,6.008,6.31,5.999,6.267,870074.092568
1720296000000,2024-07-06T20:00:00+00:00,DOT/USDT,4h,6.261,6.266,6.201,6.241,61603.271722
1720310400000,2024-07-07T00:00:00+00:00,DOT/USDT,4h,6.242,6.275,6.173,6.243,74800.976002
1720324800000,2024-07-07T04:00:00+00:00,DOT/USDT,4h,6.247,6.314,6.166,6.213,467948.449051
1720339200000,2024-07-07T08:00:00+00:00,DOT/USDT,4h,6.213,6.299,6.177,6.216,294383.479783
1720353600000,2024-07-07T12:00:00+00:00,DOT/USDT,4h,6.21,6.228,5.993,6.028,267034.132596
1720368000000,2024-07-07T16:00:00+00:00,DOT/USDT,4h,6.026,6.146,6.001,6.105,48119.491512
1720382400000,2024-07-07T20:00:00+00:00,DOT/USDT,4h,6.105,6.106,5.884,5.907,72162.008784
1720396800000,2024-07-08T00:00:00+00:00,DOT/USDT,4h,5.91,5.957,5.697,5.926,324350.516608
1720411200000,2024-07-08T04:00:00+00:00,DOT/USDT,4h,5.921,6.05,5.888,5.939,340166.73293
1720425600000,2024-07-08T08:00:00+00:00,DOT/USDT,4h,5.936,6.298,5.926,6.162,166469.165561
1720440000000,2024-07-08T12:00:00+00:00,DOT/USDT,4h,6.162,6.189,5.813,5.978,269879.633471
1720454400000,2024-07-08T16:00:00+00:00,DOT/USDT,4h,5.981,6.029,5.924,5.965,83289.504304
1720468800000,2024-07-08T20:00:00+00:00,DOT/USDT,4h,5.964,5.986,5.887,5.943,73587.129845
1720483200000,2024-07-09T00:00:00+00:00,DOT/USDT,4h,5.943,6.001,5.842,5.933,136922.748175
1720497600000,2024-07-09T04:00:00+00:00,DOT/USDT,4h,5.937,6.123,5.887,6.085,577576.305543
1720512000000,2024-07-09T08:00:00+00:00,DOT/USDT,4h,6.086,6.189,6.061,6.113,151542.190731
1720526400000,2024-07-09T12:00:00+00:00,DOT/USDT,4h,6.111,6.161,6.036,6.152,175175.350226
1720540800000,2024-07-09T16:00:00+00:00,DOT/USDT,4h,6.148,6.165,6.039,6.076,106447.454551
1720555200000,2024-07-09T20:00:00+00:00,DOT/USDT,4h,6.077,6.127,6.058,6.116,52566.829844
1720569600000,2024-07-10T00:00:00+00:00,DOT/USDT,4h,6.116,6.176,6.05,6.175,88116.27785
1720584000000,2024-07-10T04:00:00+00:00,DOT/USDT,4h,6.174,6.263,6.137,6.158,174890.490137
1720598400000,2024-07-10T08:00:00+00:00,DOT/USDT,4h,6.155,6.172,6.087,6.112,194235.882273
1720612800000,2024-07-10T12:00:00+00:00,DOT/USDT,4h,6.109,6.162,6.058,6.13,305467.820007
1720627200000,2024-07-10T16:00:00+00:00,DOT/USDT,4h,6.13,6.178,6.08,6.104,67997.654477
1720641600000,2024-07-10T20:00:00+00:00,DOT/USDT,4h,6.109,6.115,6.057,6.097,50150.876578
1720656000000,2024-07-11T00:00:00+00:00,DOT/USDT,4h,6.097,6.148,6.011,6.066,116652.111222
1720670400000,2024-07-11T04:00:00+00:00,DOT/USDT,4h,6.064,6.142,6.055,6.135,44276.942064
1720684800000,2024-07-11T08:00:00+00:00,DOT/USDT,4h,6.133,6.167,6.106,6.158,129592.807834
1720699200000,2024-07-11T12:00:00+00:00,DOT/USDT,4h,6.157,6.246,5.988,6.005,318730.190389
1720713600000,2024-07-11T16:00:00+00:00,DOT/USDT,4h,6.006,6.041,5.936,5.941,65391.242956
1720728000000,2024-07-11T20:00:00+00:00,DOT/USDT,4h,5.94,5.956,5.896,5.903,85281.667126
1720742400000,2024-07-12T00:00:00+00:00,DOT/USDT,4h,5.903,5.939,5.832,5.893,118854.075093
1720756800000,2024-07-12T04:00:00+00:00,DOT/USDT,4h,5.893,5.921,5.84,5.861,50283.244899
1720771200000,2024-07-12T08:00:00+00:00,DOT/USDT,4h,5.859,5.876,5.802,5.828,53802.570262
1720785600000,2024-07-12T12:00:00+00:00,DOT/USDT,4h,5.827,6.014,5.824,6.001,79195.762265
1720800000000,2024-07-12T16:00:00+00:00,DOT/USDT,4h,6.002,6.1,5.979,6.0,107968.365725
1720814400000,2024-07-12T20:00:00+00:00,DOT/USDT,4h,6.003,6.102,5.958,6.101,32674.72611
1720828800000,2024-07-13T00:00:00+00:00,DOT/USDT,4h,6.103,6.131,6.075,6.126,53580.035113
1720843200000,2024-07-13T04:00:00+00:00,DOT/USDT,4h,6.126,6.281,6.119,6.262,135594.780417
1720857600000,2024-07-13T08:00:00+00:00,DOT/USDT,4h,6.262,6.288,6.199,6.224,89527.742206
1720872000000,2024-07-13T12:00:00+00:00,DOT/USDT,4h,6.232,6.275,6.178,6.27,51769.399972
1720886400000,2024-07-13T16:00:00+00:00,DOT/USDT,4h,6.27,6.303,6.235,6.302,39359.123619
1720900800000,2024-07-13T20:00:00+00:00,DOT/USDT,4h,6.299,6.302,6.191,6.233,49690.014199
1720915200000,2024-07-14T00:00:00+00:00,DOT/USDT,4h,6.233,6.269,6.161,6.188,81323.116875
1720929600000,2024-07-14T04:00:00+00:00,DOT/USDT,4h,6.189,6.251,6.175,6.226,104757.644528
1720944000000,2024-07-14T08:00:00+00:00,DOT/USDT,4h,6.226,6.325,6.226,6.243,93133.823843
1720958400000,2024-07-14T12:00:00+00:00,DOT/USDT,4h,6.241,6.291,6.183,6.287,70896.051683
1720972800000,2024-07-14T16:00:00+00:00,DOT/USDT,4h,6.289,6.29,6.216,6.233,124158.899349
1720987200000,2024-07-14T20:00:00+00:00,DOT/USDT,4h,6.232,6.357,6.23,6.32,120515.603352
1721001600000,2024-07-15T00:00:00+00:00,DOT/USDT,4h,6.319,6.517,6.31,6.512,267122.620546
1721016000000,2024-07-15T04:00:00+00:00,DOT/USDT,4h,6.514,6.537,6.456,6.502,231694.562176
1721030400000,2024-07-15T08:00:00+00:00,DOT/USDT,4h,6.503,6.514,6.311,6.322,456905.927252
1721044800000,2024-07-15T12:00:00+00:00,DOT/USDT,4h,6.322,6.387,6.296,6.326,302779.850042
1721059200000,2024-07-15T16:00:00+00:00,DOT/USDT,4h,6.322,6.426,6.301,6.392,184955.190342
1721073600000,2024-07-15T20:00:00+00:00,DOT/USDT,4h,6.392,6.507,6.388,6.487,240803.931307
1721088000000,2024-07-16T00:00:00+00:00,DOT/USDT,4h,6.487,6.514,6.428,6.476,183360.738594
1721102400000,2024-07-16T04:00:00+00:00,DOT/USDT,4h,6.477,6.486,6.191,6.214,274488.415495
1721116800000,2024-07-16T08:00:00+00:00,DOT/USDT,4h,6.211,6.29,6.127,6.276,187436.187974
1721131200000,2024-07-16T12:00:00+00:00,DOT/USDT,4h,6.276,6.482,6.228,6.46,249232.760806
1721145600000,2024-07-16T16:00:00+00:00,DOT/USDT,4h,6.461,6.481,6.356,6.383,153341.338985
1721160000000,2024-07-16T20:00:00+00:00,DOT/USDT,4h,6.383,6.397,6.298,6.334,158273.588364
1721174400000,2024-07-17T00:00:00+00:00,DOT/USDT,4h,6.337,6.479,6.333,6.416,156249.055431
1721188800000,2024-07-17T04:00:00+00:00,DOT/USDT,4h,6.418,6.5,6.415,6.47,134849.970229
1721203200000,2024-07-17T08:00:00+00:00,DOT/USDT,4h,6.469,6.509,6.393,6.435,181661.327157
1721217600000,2024-07-17T12:00:00+00:00,DOT/USDT,4h,6.433,6.533,6.376,6.382,230073.603127
1721232000000,2024-07-17T16:00:00+00:00,DOT/USDT,4h,6.381,6.398,6.283,6.37,222703.279705
1721246400000,2024-07-17T20:00:00+00:00,DOT/USDT,4h,6.374,6.385,6.245,6.255,99964.087302
1721260800000,2024-07-18T00:00:00+00:00,DOT/USDT,4h,6.255,6.406,6.255,6.369,152607.460769
1721275200000,2024-07-18T04:00:00+00:00,DOT/USDT,4h,6.367,6.395,6.27,6.273,148041.192284
1721289600000,2024-07-18T08:00:00+00:00,DOT/USDT,4h,6.276,6.286,6.124,6.194,335877.130698
1721304000000,2024-07-18T12:00:00+00:00,DOT/USDT,4h,6.192,6.278,6.077,6.086,333116.817736
1721318400000,2024-07-18T16:00:00+00:00,DOT/USDT,4h,6.083,6.144,6.018,6.089,131250.158257
1721332800000,2024-07-18T20:00:00+00:00,DOT/USDT,4h,6.091,6.128,6.057,6.093,93683.664091
1721347200000,2024-07-19T00:00:00+00:00,DOT/USDT,4h,6.093,6.136,5.982,6.136,160985.829308
1721361600000,2024-07-19T04:00:00+00:00,DOT/USDT,4h,6.135,6.249,6.065,6.096,376857.992167
1721376000000,2024-07-19T08:00:00+00:00,DOT/USDT,4h,6.09,6.142,6.053,6.12,115768.490313
1721390400000,2024-07-19T12:00:00+00:00,DOT/USDT,4h,6.123,6.255,6.106,6.245,180784.433516
1721404800000,2024-07-19T16:00:00+00:00,DOT/USDT,4h,6.245,6.321,6.242,6.321,126580.86742
1721419200000,2024-07-19T20:00:00+00:00,DOT/USDT,4h,6.322,6.349,6.309,6.336,63665.588253
1721433600000,2024-07-20T00:00:00+00:00,DOT/USDT,4h,6.338,6.37,6.291,6.327,203127.179788
1721448000000,2024-07-20T04:00:00+00:00,DOT/USDT,4h,6.327,6.363,6.313,6.321,66583.756775
1721462400000,2024-07-20T08:00:00+00:00,DOT/USDT,4h,6.319,6.341,6.259,6.261,61770.001092
1721476800000,2024-07-20T12:00:00+00:00,DOT/USDT,4h,6.261,6.345,6.223,6.329,140013.854227
1721491200000,2024-07-20T16:00:00+00:00,DOT/USDT,4h,6.329,6.395,6.309,6.328,135357.569517
1721505600000,2024-07-20T20:00:00+00:00,DOT/USDT,4h,6.328,6.348,6.305,6.333,50915.896615
1721520000000,2024-07-21T00:00:00+00:00,DOT/USDT,4h,6.332,6.374,6.325,6.345,62422.303533
1721534400000,2024-07-21T04:00:00+00:00,DOT/USDT,4h,6.341,6.349,6.233,6.259,121802.068803
1721548800000,2024-07-21T08:00:00+00:00,DOT/USDT,4h,6.257,6.303,6.253,6.27,67690.013684
1721563200000,2024-07-21T12:00:00+00:00,DOT/USDT,4h,6.269,6.335,6.211,6.289,129848.722815
1721577600000,2024-07-21T16:00:00+00:00,DOT/USDT,4h,6.289,6.341,6.102,6.269,198479.975975
1721592000000,2024-07-21T20:00:00+00:00,DOT/USDT,4h,6.267,6.449,6.263,6.432,123988.773696
1721606400000,2024-07-22T00:00:00+00:00,DOT/USDT,4h,6.432,6.474,6.364,6.37,153482.664837
1721620800000,2024-07-22T04:00:00+00:00,DOT/USDT,4h,6.37,6.374,6.219,6.249,119721.197299
1721635200000,2024-07-22T08:00:00+00:00,DOT/USDT,4h,6.25,6.319,6.209,6.315,106844.229061
1721649600000,2024-07-22T12:00:00+00:00,DOT/USDT,4h,6.312,6.352,6.203,6.224,130367.597554
1721664000000,2024-07-22T16:00:00+00:00,DOT/USDT,4h,6.223,6.232,6.167,6.227,126540.283593
1721678400000,2024-07-22T20:00:00+00:00,DOT/USDT,4h,6.232,6.238,6.081,6.098,141450.44784
1721692800000,2024-07-23T00:00:00+00:00,DOT/USDT,4h,6.097,6.165,6.084,6.123,62065.561032
1721707200000,2024-07-23T04:00:00+00:00,DOT/USDT,4h,6.121,6.134,5.981,6.0,174219.199938
1721721600000,2024-07-23T08:00:00+00:00,DOT/USDT,4h,6.001,6.139,5.995,6.049,135849.591983
1721736000000,2024-07-23T12:00:00+00:00,DOT/USDT,4h,6.05,6.059,5.936,5.946,308451.761417
1721750400000,2024-07-23T16:00:00+00:00,DOT/USDT,4h,5.945,5.95,5.802,5.935,336287.202913
1721764800000,2024-07-23T20:00:00+00:00,DOT/USDT,4h,5.938,5.959,5.897,5.918,92742.566282
1721779200000,2024-07-24T00:00:00+00:00,DOT/USDT,4h,5.917,5.951,5.877,5.944,86208.542068
1721793600000,2024-07-24T04:00:00+00:00,DOT/USDT,4h,5.945,5.97,5.894,5.964,51013.397464
1721808000000,2024-07-24T08:00:00+00:00,DOT/USDT,4h,5.963,5.996,5.947,5.991,59388.790677
1721822400000,2024-07-24T12:00:00+00:00,DOT/USDT,4h,5.987,5.993,5.892,5.897,135562.926513
1721836800000,2024-07-24T16:00:00+00:00,DOT/USDT,4h,5.897,5.929,5.822,5.83,136566.673211
1721851200000,2024-07-24T20:00:00+00:00,DOT/USDT,4h,5.834,5.85,5.65,5.748,247316.436114
1721865600000,2024-07-25T00:00:00+00:00,DOT/USDT,4h,5.748,5.778,5.561,5.637,361605.449894
1721880000000,2024-07-25T04:00:00+00:00,DOT/USDT,4h,5.639,5.714,5.612,5.7,123043.699919
1721894400000,2024-07-25T08:00:00+00:00,DOT/USDT,4h,5.701,5.769,5.678,5.718,158048.94247
1721908800000,2024-07-25T12:00:00+00:00,DOT/USDT,4h,5.717,5.752,5.636,5.674,166365.276212
1721923200000,2024-07-25T16:00:00+00:00,DOT/USDT,4h,5.674,5.761,5.595,5.643,131760.537279
1721937600000,2024-07-25T20:00:00+00:00,DOT/USDT,4h,5.649,5.76,5.542,5.758,106455.357311
1721952000000,2024-07-26T00:00:00+00:00,DOT/USDT,4h,5.755,5.835,5.729,5.798,145843.466775
1721966400000,2024-07-26T04:00:00+00:00,DOT/USDT,4h,5.799,5.873,5.788,5.864,147359.595522
1721980800000,2024-07-26T08:00:00+00:00,DOT/USDT,4h,5.862,5.892,5.824,5.825,149278.070399
1721995200000,2024-07-26T12:00:00+00:00,DOT/USDT,4h,5.825,5.871,5.771,5.821,158754.165306
1722009600000,2024-07-26T16:00:00+00:00,DOT/USDT,4h,5.819,5.871,5.81,5.856,70650.212562
1722024000000,2024-07-26T20:00:00+00:00,DOT/USDT,4h,5.856,5.873,5.825,5.869,62077.685604
1722038400000,2024-07-27T00:00:00+00:00,DOT/USDT,4h,5.868,5.87,5.814,5.829,46793.173734
1722052800000,2024-07-27T04:00:00+00:00,DOT/USDT,4h,5.828,5.901,5.825,5.875,39916.850526
1722067200000,2024-07-27T08:00:00+00:00,DOT/USDT,4h,5.874,5.888,5.848,5.877,30449.476376
1722081600000,2024-07-27T12:00:00+00:00,DOT/USDT,4h,5.876,5.943,5.799,5.837,159060.094509
1722096000000,2024-07-27T16:00:00+00:00,DOT/USDT,4h,5.834,5.867,5.772,5.837,91063.076953
1722110400000,2024-07-27T20:00:00+00:00,DOT/USDT,4h,5.835,5.892,5.714,5.825,228195.274711
1722124800000,2024-07-28T00:00:00+00:00,DOT/USDT,4h,5.822,5.843,5.77,5.79,38404.309838
1722139200000,2024-07-28T04:00:00+00:00,DOT/USDT,4h,5.79,5.791,5.687,5.751,200654.056904
1722153600000,2024-07-28T08:00:00+00:00,DOT/USDT,4h,5.752,5.773,5.732,5.739,71872.068756
1722168000000,2024-07-28T12:00:00+00:00,DOT/USDT,4h,5.741,5.764,5.699,5.709,52399.489879
1722182400000,2024-07-28T16:00:00+00:00,DOT/USDT,4h,5.71,5.759,5.673,5.747,143718.982611
1722196800000,2024-07-28T20:00:00+00:00,DOT/USDT,4h,5.751,5.757,5.684,5.724,56953.248721
1722211200000,2024-07-29T00:00:00+00:00,DOT/USDT,4h,5.72,5.868,5.72,5.827,125883.927385
1722225600000,2024-07-29T04:00:00+00:00,DOT/USDT,4h,5.832,5.866,5.809,5.86,133428.122669
1722240000000,2024-07-29T08:00:00+00:00,DOT/USDT,4h,5.857,5.878,5.816,5.817,75951.495957
1722254400000,2024-07-29T12:00:00+00:00,DOT/USDT,4h,5.816,5.852,5.68,5.72,413726.392016
1722268800000,2024-07-29T16:00:00+00:00,DOT/USDT,4h,5.719,5.73,5.655,5.7,146520.63183
1722283200000,2024-07-29T20:00:00+00:00,DOT/USDT,4h,5.702,5.709,5.625,5.655,55176.505022
1722297600000,2024-07-30T00:00:00+00:00,DOT/USDT,4h,5.651,5.715,5.61,5.689,80771.690035
1722312000000,2024-07-30T04:00:00+00:00,DOT/USDT,4h,5.69,5.725,5.657,5.7,41990.820731
1722326400000,2024-07-30T08:00:00+00:00,DOT/USDT,4h,5.699,5.705,5.662,5.691,73566.132107
1722340800000,2024-07-30T12:00:00+00:00,DOT/USDT,4h,5.691,5.709,5.624,5.648,95626.845332
1722355200000,2024-07-30T16:00:00+00:00,DOT/USDT,4h,5.647,5.67,5.499,5.558,287727.357316
1722369600000,2024-07-30T20:00:00+00:00,DOT/USDT,4h,5.561,5.569,5.481,5.52,127823.193426
1722384000000,2024-07-31T00:00:00+00:00,DOT/USDT,4h,5.518,5.532,5.472,5.517,155718.661698
1722398400000,2024-07-31T04:00:00+00:00,DOT/USDT,4h,5.516,5.555,5.456,5.527,183663.330783
1722412800000,2024-07-31T08:00:00+00:00,DOT/USDT,4h,5.527,5.552,5.512,5.545,57490.483579
1722427200000,2024-07-31T12:00:00+00:00,DOT/USDT,4h,5.545,5.559,5.458,5.46,179156.902918
1722441600000,2024-07-31T16:00:00+00:00,DOT/USDT,4h,5.461,5.522,5.391,5.442,238496.239876
1722456000000,2024-07-31T20:00:00+00:00,DOT/USDT,4h,5.44,5.442,5.336,5.389,93478.42016
1722470400000,2024-08-01T00:00:00+00:00,DOT/USDT,4h,5.389,5.422,5.35,5.362,149815.732587
1722484800000,2024-08-01T04:00:00+00:00,DOT/USDT,4h,5.361,5.379,5.262,5.358,171373.83037
1722499200000,2024-08-01T08:00:00+00:00,DOT/USDT,4h,5.361,5.381,5.336,5.367,101286.539422
1722513600000,2024-08-01T12:00:00+00:00,DOT/USDT,4h,5.366,5.385,5.131,5.161,319111.313715
1722528000000,2024-08-01T16:00:00+00:00,DOT/USDT,4h,5.164,5.214,5.026,5.203,319496.847404
1722542400000,2024-08-01T20:00:00+00:00,DOT/USDT,4h,5.2,5.368,5.173,5.345,110682.648358
1722556800000,2024-08-02T00:00:00+00:00,DOT/USDT,4h,5.339,5.369,5.224,5.282,92071.365126
1722571200000,2024-08-02T04:00:00+00:00,DOT/USDT,4h,5.282,5.288,5.153,5.243,75688.670036
1722585600000,2024-08-02T08:00:00+00:00,DOT/USDT,4h,5.244,5.28,5.185,5.235,155245.833639
1722600000000,2024-08-02T12:00:00+00:00,DOT/USDT,4h,5.236,5.287,5.0,5.123,347692.886241
1722614400000,2024-08-02T16:00:00+00:00,DOT/USDT,4h,5.12,5.135,5.065,5.108,133604.806239
1722628800000,2024-08-02T20:00:00+00:00,DOT/USDT,4h,5.111,5.152,5.05,5.126,86824.361832
1722643200000,2024-08-03T00:00:00+00:00,DOT/USDT,4h,5.121,5.153,4.999,5.135,176557.788017
1722657600000,2024-08-03T04:00:00+00:00,DOT/USDT,4h,5.136,5.208,5.122,5.183,109883.916465
1722672000000,2024-08-03T08:00:00+00:00,DOT/USDT,4h,5.18,5.184,5.144,5.163,83865.343883
1722686400000,2024-08-03T12:00:00+00:00,DOT/USDT,4h,5.163,5.203,5.05,5.058,91568.737368
1722700800000,2024-08-03T16:00:00+00:00,DOT/USDT,4h,5.052,5.073,4.857,4.887,297285.00679
1722715200000,2024-08-03T20:00:00+00:00,DOT/USDT,4h,4.888,5.066,4.869,5.043,206830.594627
1722729600000,2024-08-04T00:00:00+00:00,DOT/USDT,4h,5.043,5.097,5.022,5.068,129141.601521
1722744000000,2024-08-04T04:00:00+00:00,DOT/USDT,4h,5.069,5.078,4.95,4.958,118596.422713
1722758400000,2024-08-04T08:00:00+00:00,DOT/USDT,4h,4.956,4.999,4.9,4.904,158108.805155
1722772800000,2024-08-04T12:00:00+00:00,DOT/USDT,4h,4.902,4.909,4.716,4.719,362509.295485
1722787200000,2024-08-04T16:00:00+00:00,DOT/USDT,4h,4.72,4.789,4.533,4.768,535973.553866
1722801600000,2024-08-04T20:00:00+00:00,DOT/USDT,4h,4.764,4.828,4.673,4.687,165835.297797
1722816000000,2024-08-05T00:00:00+00:00,DOT/USDT,4h,4.688,4.724,3.925,4.012,2523658.459669
1722830400000,2024-08-05T04:00:00+00:00,DOT/USDT,4h,4.013,4.053,3.587,4.016,2391240.01309
1722844800000,2024-08-05T08:00:00+00:00,DOT/USDT,4h,4.017,4.02,3.722,3.89,712699.223934
1722859200000,2024-08-05T12:00:00+00:00,DOT/USDT,4h,3.888,4.253,3.783,4.236,938644.566012
1722873600000,2024-08-05T16:00:00+00:00,DOT/USDT,4h,4.237,4.29,4.072,4.125,373917.940315
1722888000000,2024-08-05T20:00:00+00:00,DOT/USDT,4h,4.125,4.284,4.121,4.197,243859.65534
1722902400000,2024-08-06T00:00:00+00:00,DOT/USDT,4h,4.199,4.422,4.191,4.343,256810.45301
1722916800000,2024-08-06T04:00:00+00:00,DOT/USDT,4h,4.346,4.455,4.329,4.438,221550.097831
1722931200000,2024-08-06T08:00:00+00:00,DOT/USDT,4h,4.435,4.439,4.31,4.346,196465.927645
1722945600000,2024-08-06T12:00:00+00:00,DOT/USDT,4h,4.342,4.493,4.271,4.489,499892.970155
1722960000000,2024-08-06T16:00:00+00:00,DOT/USDT,4h,4.491,4.601,4.473,4.549,292408.566264
1722974400000,2024-08-06T20:00:00+00:00,DOT/USDT,4h,4.549,4.585,4.482,4.51,171951.696757
1722988800000,2024-08-07T00:00:00+00:00,DOT/USDT,4h,4.511,4.634,4.48,4.546,229455.384798
1723003200000,2024-08-07T04:00:00+00:00,DOT/USDT,4h,4.542,4.597,4.531,4.568,211854.483887
1723017600000,2024-08-07T08:00:00+00:00,DOT/USDT,4h,4.57,4.624,4.536,4.544,380219.342066
1723032000000,2024-08-07T12:00:00+00:00,DOT/USDT,4h,4.544,4.645,4.404,4.511,532006.920307
1723046400000,2024-08-07T16:00:00+00:00,DOT/USDT,4h,4.51,4.613,4.471,4.582,308609.424985
1723060800000,2024-08-07T20:00:00+00:00,DOT/USDT,4h,4.582,4.617,4.489,4.579,313300.258047
1723075200000,2024-08-08T00:00:00+00:00,DOT/USDT,4h,4.579,4.824,4.476,4.735,309293.925713
1723089600000,2024-08-08T04:00:00+00:00,DOT/USDT,4h,4.735,4.781,4.707,4.719,192435.418485
1723104000000,2024-08-08T08:00:00+00:00,DOT/USDT,4h,4.719,4.745,4.611,4.615,273840.627972
1723118400000,2024-08-08T12:00:00+00:00,DOT/USDT,4h,4.615,4.773,4.577,4.75,349444.356988
1723132800000,2024-08-08T16:00:00+00:00,DOT/USDT,4h,4.749,4.789,4.721,4.76,169217.000293
1723147200000,2024-08-08T20:00:00+00:00,DOT/USDT,4h,4.763,4.905,4.742,4.883,331184.484596
1723161600000,2024-08-09T00:00:00+00:00,DOT/USDT,4h,4.882,4.926,4.824,4.831,154591.82769
1723176000000,2024-08-09T04:00:00+00:00,DOT/USDT,4h,4.831,4.832,4.763,4.816,124965.913865
1723190400000,2024-08-09T08:00:00+00:00,DOT/USDT,4h,4.817,4.839,4.748,4.786,112129.524343
1723204800000,2024-08-09T12:00:00+00:00,DOT/USDT,4h,4.786,4.845,4.732,4.76,208748.541807
1723219200000,2024-08-09T16:00:00+00:00,DOT/USDT,4h,4.761,4.841,4.751,4.799,89159.464304
1723233600000,2024-08-09T20:00:00+00:00,DOT/USDT,4h,4.799,4.814,4.75,4.785,57473.648824
1723248000000,2024-08-10T00:00:00+00:00,DOT/USDT,4h,4.785,4.832,4.735,4.745,81326.387758
1723262400000,2024-08-10T04:00:00+00:00,DOT/USDT,4h,4.748,4.776,4.731,4.771,22175.501031
1723276800000,2024-08-10T08:00:00+00:00,DOT/USDT,4h,4.774,4.782,4.732,4.768,57017.360742
1723291200000,2024-08-10T12:00:00+00:00,DOT/USDT,4h,4.77,4.778,4.735,4.748,32193.69929
1723305600000,2024-08-10T16:00:00+00:00,DOT/USDT,4h,4.749,4.764,4.726,4.752,57330.476532
1723320000000,2024-08-10T20:00:00+00:00,DOT/USDT,4h,4.752,4.78,4.747,4.753,33460.77891
1723334400000,2024-08-11T00:00:00+00:00,DOT/USDT,4h,4.754,4.815,4.747,4.783,48016.004019
1723348800000,2024-08-11T04:00:00+00:00,DOT/USDT,4h,4.783,4.788,4.751,4.788,21614.430712
1723363200000,2024-08-11T08:00:00+00:00,DOT/USDT,4h,4.789,4.829,4.704,4.715,59841.404296
1723377600000,2024-08-11T12:00:00+00:00,DOT/USDT,4h,4.713,4.723,4.599,4.621,84627.315661
1723392000000,2024-08-11T16:00:00+00:00,DOT/USDT,4h,4.621,4.646,4.564,4.57,71280.791911
1723406400000,2024-08-11T20:00:00+00:00,DOT/USDT,4h,4.565,4.566,4.466,4.497,74772.817003
1723420800000,2024-08-12T00:00:00+00:00,DOT/USDT,4h,4.498,4.56,4.496,4.526,69581.464497
1723435200000,2024-08-12T04:00:00+00:00,DOT/USDT,4h,4.526,4.555,4.45,4.539,43960.613916
1723449600000,2024-08-12T08:00:00+00:00,DOT/USDT,4h,4.54,4.659,4.501,4.648,117666.523399
1723464000000,2024-08-12T12:00:00+00:00,DOT/USDT,4h,4.649,4.682,4.463,4.643,195785.613024
1723478400000,2024-08-12T16:00:00+00:00,DOT/USDT,4h,4.644,4.661,4.499,4.538,52282.390573
1723492800000,2024-08-12T20:00:00+00:00,DOT/USDT,4h,4.539,4.609,4.493,4.59,86134.764629
1723507200000,2024-08-13T00:00:00+00:00,DOT/USDT,4h,4.586,4.616,4.511,4.518,97537.580021
1723521600000,2024-08-13T04:00:00+00:00,DOT/USDT,4h,4.518,4.543,4.495,4.502,63009.535939
1723536000000,2024-08-13T08:00:00+00:00,DOT/USDT,4h,4.501,4.516,4.398,4.45,104216.846886
1723550400000,2024-08-13T12:00:00+00:00,DOT/USDT,4h,4.452,4.527,4.444,4.508,91175.996517
1723564800000,2024-08-13T16:00:00+00:00,DOT/USDT,4h,4.508,4.613,4.504,4.557,132085.571005
1723579200000,2024-08-13T20:00:00+00:00,DOT/USDT,4h,4.553,4.567,4.531,4.547,47812.272709
1723593600000,2024-08-14T00:00:00+00:00,DOT/USDT,4h,4.547,4.553,4.496,4.524,64067.537824
1723608000000,2024-08-14T04:00:00+00:00,DOT/USDT,4h,4.524,4.535,4.485,4.51,53729.203757
1723622400000,2024-08-14T08:00:00+00:00,DOT/USDT,4h,4.51,4.549,4.495,4.51,76072.798296
1723636800000,2024-08-14T12:00:00+00:00,DOT/USDT,4h,4.507,4.554,4.374,4.443,218044.246925
1723651200000,2024-08-14T16:00:00+00:00,DOT/USDT,4h,4.441,4.441,4.351,4.382,130080.890108
1723665600000,2024-08-14T20:00:00+00:00,DOT/USDT,4h,4.381,4.407,4.359,4.384,52307.351203
1723680000000,2024-08-15T00:00:00+00:00,DOT/USDT,4h,4.382,4.408,4.365,4.396,60789.424256
1723694400000,2024-08-15T04:00:00+00:00,DOT/USDT,4h,4.397,4.419,4.365,4.402,82095.653435
1723708800000,2024-08-15T08:00:00+00:00,DOT/USDT,4h,4.4,4.425,4.376,4.424,72108.067299
1723723200000,2024-08-15T12:00:00+00:00,DOT/USDT,4h,4.423,4.482,4.419,4.452,153497.77326
1723737600000,2024-08-15T16:00:00+00:00,DOT/USDT,4h,4.453,4.47,4.252,4.275,189584.609638
1723752000000,2024-08-15T20:00:00+00:00,DOT/USDT,4h,4.273,4.306,4.228,4.278,98959.81305
1723766400000,2024-08-16T00:00:00+00:00,DOT/USDT,4h,4.278,4.315,4.243,4.28,53877.023309
1723780800000,2024-08-16T04:00:00+00:00,DOT/USDT,4h,4.28,4.386,4.275,4.369,65596.534648
1723795200000,2024-08-16T08:00:00+00:00,DOT/USDT,4h,4.371,4.375,4.304,4.31,62495.716287
1723809600000,2024-08-16T12:00:00+00:00,DOT/USDT,4h,4.312,4.332,4.213,4.255,199975.239461
1723824000000,2024-08-16T16:00:00+00:00,DOT/USDT,4h,4.252,4.341,4.24,4.334,129719.243714
1723838400000,2024-08-16T20:00:00+00:00,DOT/USDT,4h,4.332,4.358,4.284,4.291,75993.86957
1723852800000,2024-08-17T00:00:00+00:00,DOT/USDT,4h,4.291,4.32,4.275,4.288,23248.105505
1723867200000,2024-08-17T04:00:00+00:00,DOT/USDT,4h,4.289,4.318,4.279,4.308,16879.489258
1723881600000,2024-08-17T08:00:00+00:00,DOT/USDT,4h,4.31,4.327,4.296,4.307,31898.69351
1723896000000,2024-08-17T12:00:00+00:00,DOT/USDT,4h,4.308,4.359,4.304,4.328,41904.311611
1723910400000,2024-08-17T16:00:00+00:00,DOT/USDT,4h,4.326,4.368,4.323,4.36,20270.814999
1723924800000,2024-08-17T20:00:00+00:00,DOT/USDT,4h,4.361,4.385,4.346,4.369,18135.963882
1723939200000,2024-08-18T00:00:00+00:00,DOT/USDT,4h,4.367,4.4,4.352,4.36,109025.968335
1723953600000,2024-08-18T04:00:00+00:00,DOT/USDT,4h,4.359,4.384,4.347,4.375,25618.72814
1723968000000,2024-08-18T08:00:00+00:00,DOT/USDT,4h,4.373,4.431,4.354,4.43,60868.605574
1723982400000,2024-08-18T12:00:00+00:00,DOT/USDT,4h,4.429,4.465,4.399,4.429,60649.347305
1723996800000,2024-08-18T16:00:00+00:00,DOT/USDT,4h,4.429,4.526,4.377,4.505,124449.824437
1724011200000,2024-08-18T20:00:00+00:00,DOT/USDT,4h,4.504,4.516,4.383,4.389,224730.974346
1724025600000,2024-08-19T00:00:00+00:00,DOT/USDT,4h,4.388,4.427,4.346,4.411,231278.314681
1724040000000,2024-08-19T04:00:00+00:00,DOT/USDT,4h,4.408,4.43,4.378,4.412,134551.160918
1724054400000,2024-08-19T08:00:00+00:00,DOT/USDT,4h,4.412,4.428,4.358,4.424,221560.258475
1724068800000,2024-08-19T12:00:00+00:00,DOT/USDT,4h,4.423,4.503,4.419,4.45,226020.523512
1724083200000,2024-08-19T16:00:00+00:00,DOT/USDT,4h,4.45,4.492,4.397,4.487,85617.918708
1724097600000,2024-08-19T20:00:00+00:00,DOT/USDT,4h,4.485,4.494,4.455,4.481,20383.028419
1724112000000,2024-08-20T00:00:00+00:00,DOT/USDT,4h,4.48,4.6,4.469,4.566,107685.158926
1724126400000,2024-08-20T04:00:00+00:00,DOT/USDT,4h,4.575,4.591,4.556,4.577,92855.546291
1724140800000,2024-08-20T08:00:00+00:00,DOT/USDT,4h,4.582,4.582,4.523,4.528,52820.501764
1724155200000,2024-08-20T12:00:00+00:00,DOT/USDT,4h,4.529,4.572,4.456,4.5,128448.984637
1724169600000,2024-08-20T16:00:00+00:00,DOT/USDT,4h,4.497,4.561,4.477,4.552,25673.039147
1724184000000,2024-08-20T20:00:00+00:00,DOT/USDT,4h,4.555,4.576,4.517,4.523,24662.180151
1724198400000,2024-08-21T00:00:00+00:00,DOT/USDT,4h,4.523,4.573,4.497,4.56,46361.6796
1724212800000,2024-08-21T04:00:00+00:00,DOT/USDT,4h,4.56,4.616,4.56,4.589,68549.925605
1724227200000,2024-08-21T08:00:00+00:00,DOT/USDT,4h,4.59,4.594,4.531,4.54,79444.350566
1724241600000,2024-08-21T12:00:00+00:00,DOT/USDT,4h,4.535,4.598,4.494,4.552,101236.140238
1724256000000,2024-08-21T16:00:00+00:00,DOT/USDT,4h,4.551,4.727,4.534,4.727,147824.178689
1724270400000,2024-08-21T20:00:00+00:00,DOT/USDT,4h,4.727,4.748,4.647,4.664,157143.376263
1724284800000,2024-08-22T00:00:00+00:00,DOT/USDT,4h,4.666,4.673,4.596,4.654,146700.098681
1724299200000,2024-08-22T04:00:00+00:00,DOT/USDT,4h,4.655,4.678,4.65,4.664,175918.262184
1724313600000,2024-08-22T08:00:00+00:00,DOT/USDT,4h,4.667,4.696,4.645,4.692,41285.17287
1724328000000,2024-08-22T12:00:00+00:00,DOT/USDT,4h,4.69,4.713,4.621,4.633,112301.576063
1724342400000,2024-08-22T16:00:00+00:00,DOT/USDT,4h,4.633,4.655,4.608,4.61,68035.593967
1724356800000,2024-08-22T20:00:00+00:00,DOT/USDT,4h,4.613,4.709,4.613,4.692,119889.595085
1724371200000,2024-08-23T00:00:00+00:00,DOT/USDT,4h,4.69,4.765,4.684,4.717,162683.826654
1724385600000,2024-08-23T04:00:00+00:00,DOT/USDT,4h,4.718,4.763,4.704,4.755,131775.631395
1724400000000,2024-08-23T08:00:00+00:00,DOT/USDT,4h,4.755,4.782,4.704,4.722,234081.618602
1724414400000,2024-08-23T12:00:00+00:00,DOT/USDT,4h,4.721,4.823,4.686,4.79,148646.575029
1724428800000,2024-08-23T16:00:00+00:00,DOT/USDT,4h,4.79,4.896,4.771,4.863,305234.152483
1724443200000,2024-08-23T20:00:00+00:00,DOT/USDT,4h,4.867,4.955,4.864,4.891,208311.855721
1724457600000,2024-08-24T00:00:00+00:00,DOT/USDT,4h,4.894,4.918,4.855,4.865,94353.12181
1724472000000,2024-08-24T04:00:00+00:00,DOT/USDT,4h,4.865,4.88,4.847,4.874,58631.384359
1724486400000,2024-08-24T08:00:00+00:00,DOT/USDT,4h,4.875,4.981,4.871,4.925,125160.025724
1724500800000,2024-08-24T12:00:00+00:00,DOT/USDT,4h,4.927,4.979,4.91,4.959,147444.112618
1724515200000,2024-08-24T16:00:00+00:00,DOT/USDT,4h,4.956,5.102,4.954,5.067,320612.121351
1724529600000,2024-08-24T20:00:00+00:00,DOT/USDT,4h,5.067,5.073,4.914,4.981,140624.322465
1724544000000,2024-08-25T00:00:00+00:00,DOT/USDT,4h,4.98,4.995,4.846,4.899,83216.32555
1724558400000,2024-08-25T04:00:00+00:00,DOT/USDT,4h,4.899,4.905,4.748,4.773,76136.593097
1724572800000,2024-08-25T08:00:00+00:00,DOT/USDT,4h,4.773,4.833,4.746,4.802,63754.24127
1724587200000,2024-08-25T12:00:00+00:00,DOT/USDT,4h,4.803,4.895,4.792,4.865,132753.057015
1724601600000,2024-08-25T16:00:00+00:00,DOT/USDT,4h,4.864,4.895,4.81,4.825,67834.506176
1724616000000,2024-08-25T20:00:00+00:00,DOT/USDT,4h,4.828,4.894,4.81,4.819,60708.20102
1724630400000,2024-08-26T00:00:00+00:00,DOT/USDT,4h,4.821,4.864,4.756,4.819,51095.467893
1724644800000,2024-08-26T04:00:00+00:00,DOT/USDT,4h,4.819,4.826,4.72,4.723,55737.919195
1724659200000,2024-08-26T08:00:00+00:00,DOT/USDT,4h,4.721,4.766,4.694,4.721,92092.853105
1724673600000,2024-08-26T12:00:00+00:00,DOT/USDT,4h,4.721,4.728,4.625,4.659,105556.287235
1724688000000,2024-08-26T16:00:00+00:00,DOT/USDT,4h,4.657,4.672,4.542,4.557,121848.973272
1724702400000,2024-08-26T20:00:00+00:00,DOT/USDT,4h,4.558,4.596,4.532,4.56,77766.278209
1724716800000,2024-08-27T00:00:00+00:00,DOT/USDT,4h,4.56,4.64,4.559,4.611,303466.953963
1724731200000,2024-08-27T04:00:00+00:00,DOT/USDT,4h,4.612,4.674,4.601,4.618,177443.210717
1724745600000,2024-08-27T08:00:00+00:00,DOT/USDT,4h,4.618,4.64,4.5,4.525,94087.544226
1724760000000,2024-08-27T12:00:00+00:00,DOT/USDT,4h,4.526,4.569,4.497,4.525,86957.031372
1724774400000,2024-08-27T16:00:00+00:00,DOT/USDT,4h,4.527,4.582,4.502,4.546,123467.267549
1724788800000,2024-08-27T20:00:00+00:00,DOT/USDT,4h,4.549,4.549,4.24,4.384,325003.031924
1724803200000,2024-08-28T00:00:00+00:00,DOT/USDT,4h,4.378,4.378,4.318,4.357,112440.683509
1724817600000,2024-08-28T04:00:00+00:00,DOT/USDT,4h,4.353,4.381,4.301,4.301,112189.635852
1724832000000,2024-08-28T08:00:00+00:00,DOT/USDT,4h,4.302,4.453,4.277,4.383,209334.712928
1724846400000,2024-08-28T12:00:00+00:00,DOT/USDT,4h,4.384,4.418,4.276,4.307,160825.185892
1724860800000,2024-08-28T16:00:00+00:00,DOT/USDT,4h,4.303,4.335,4.166,4.268,105196.724117
1724875200000,2024-08-28T20:00:00+00:00,DOT/USDT,4h,4.271,4.344,4.215,4.255,80269.867937
1724889600000,2024-08-29T00:00:00+00:00,DOT/USDT,4h,4.257,4.296,4.247,4.282,52700.759531
1724904000000,2024-08-29T04:00:00+00:00,DOT/USDT,4h,4.282,4.325,4.264,4.306,36196.329952
1724918400000,2024-08-29T08:00:00+00:00,DOT/USDT,4h,4.306,4.345,4.278,4.312,56858.303993
1724932800000,2024-08-29T12:00:00+00:00,DOT/USDT,4h,4.311,4.403,4.305,4.389,73491.47411
1724947200000,2024-08-29T16:00:00+00:00,DOT/USDT,4h,4.389,4.39,4.192,4.221,104967.472022
1724961600000,2024-08-29T20:00:00+00:00,DOT/USDT,4h,4.218,4.253,4.179,4.252,52949.214685
1724976000000,2024-08-30T00:00:00+00:00,DOT/USDT,4h,4.252,4.28,4.221,4.255,130966.679142
1724990400000,2024-08-30T04:00:00+00:00,DOT/USDT,4h,4.25,4.334,4.244,4.299,51468.491138
1725004800000,2024-08-30T08:00:00+00:00,DOT/USDT,4h,4.305,4.331,4.275,4.275,33450.007546
1725019200000,2024-08-30T12:00:00+00:00,DOT/USDT,4h,4.274,4.315,4.103,4.12,160611.210299
1725033600000,2024-08-30T16:00:00+00:00,DOT/USDT,4h,4.119,4.277,4.105,4.23,71357.842641
1725048000000,2024-08-30T20:00:00+00:00,DOT/USDT,4h,4.227,4.291,4.226,4.278,26830.675409
1725062400000,2024-08-31T00:00:00+00:00,DOT/USDT,4h,4.277,4.312,4.276,4.294,29258.213927
1725076800000,2024-08-31T04:00:00+00:00,DOT/USDT,4h,4.295,4.318,4.288,4.288,27485.844471
1725091200000,2024-08-31T08:00:00+00:00,DOT/USDT,4h,4.287,4.299,4.259,4.284,20652.487957
1725105600000,2024-08-31T12:00:00+00:00,DOT/USDT,4h,4.283,4.287,4.252,4.27,25895.396721
1725120000000,2024-08-31T16:00:00+00:00,DOT/USDT,4h,4.272,4.276,4.219,4.242,23451.845899
1725134400000,2024-08-31T20:00:00+00:00,DOT/USDT,4h,4.239,4.273,4.227,4.259,13836.223112
1725148800000,2024-09-01T00:00:00+00:00,DOT/USDT,4h,4.256,4.259,4.187,4.221,31554.939199
1725163200000,2024-09-01T04:00:00+00:00,DOT/USDT,4h,4.222,4.226,4.143,4.196,66934.308656
1725177600000,2024-09-01T08:00:00+00:00,DOT/USDT,4h,4.205,4.206,4.158,4.193,23600.165241
1725192000000,2024-09-01T12:00:00+00:00,DOT/USDT,4h,4.194,4.2,4.108,4.186,81012.81252
1725206400000,2024-09-01T16:00:00+00:00,DOT/USDT,4h,4.184,4.222,4.102,4.197,243820.237178
1725220800000,2024-09-01T20:00:00+00:00,DOT/USDT,4h,4.198,4.218,4.034,4.074,106247.107447
1725235200000,2024-09-02T00:00:00+00:00,DOT/USDT,4h,4.071,4.126,4.069,4.115,63819.109772
1725249600000,2024-09-02T04:00:00+00:00,DOT/USDT,4h,4.116,4.133,4.049,4.073,31942.592282
1725264000000,2024-09-02T08:00:00+00:00,DOT/USDT,4h,4.074,4.21,4.074,4.188,61276.808229
1725278400000,2024-09-02T12:00:00+00:00,DOT/USDT,4h,4.189,4.203,4.123,4.156,59926.516007
1725292800000,2024-09-02T16:00:00+00:00,DOT/USDT,4h,4.157,4.18,4.135,4.168,133731.934723
1725307200000,2024-09-02T20:00:00+00:00,DOT/USDT,4h,4.167,4.24,4.166,4.21,126428.428315
1725321600000,2024-09-03T00:00:00+00:00,DOT/USDT,4h,4.212,4.282,4.204,4.259,155558.666942
1725336000000,2024-09-03T04:00:00+00:00,DOT/USDT,4h,4.262,4.271,4.236,4.266,78735.893455
1725350400000,2024-09-03T08:00:00+00:00,DOT/USDT,4h,4.268,4.276,4.227,4.263,48093.767022
1725364800000,2024-09-03T12:00:00+00:00,DOT/USDT,4h,4.263,4.285,4.098,4.108,181483.433061
1725379200000,2024-09-03T16:00:00+00:00,DOT/USDT,4h,4.106,4.156,4.097,4.107,45346.4127
1725393600000,2024-09-03T20:00:00+00:00,DOT/USDT,4h,4.107,4.138,4.057,4.057,50350.021577
1725408000000,2024-09-04T00:00:00+00:00,DOT/USDT,4h,4.064,4.098,3.869,4.037,209895.727644
1725422400000,2024-09-04T04:00:00+00:00,DOT/USDT,4h,4.038,4.091,4.034,4.084,216391.00664
1725436800000,2024-09-04T08:00:00+00:00,DOT/USDT,4h,4.085,4.089,4.015,4.015,38854.948901
1725451200000,2024-09-04T12:00:00+00:00,DOT/USDT,4h,4.017,4.164,4.006,4.161,247536.282922
1725465600000,2024-09-04T16:00:00+00:00,DOT/USDT,4h,4.16,4.198,4.099,4.127,160340.23986
1725480000000,2024-09-04T20:00:00+00:00,DOT/USDT,4h,4.131,4.182,4.1,4.112,159951.144727
1725494400000,2024-09-05T00:00:00+00:00,DOT/USDT,4h,4.112,4.128,4.01,4.017,52787.146877
1725508800000,2024-09-05T04:00:00+00:00,DOT/USDT,4h,4.016,4.077,4.001,4.07,74853.186428
1725523200000,2024-09-05T08:00:00+00:00,DOT/USDT,4h,4.069,4.087,4.041,4.045,43990.293941
1725537600000,2024-09-05T12:00:00+00:00,DOT/USDT,4h,4.043,4.086,3.973,3.999,97742.433341
1725552000000,2024-09-05T16:00:00+00:00,DOT/USDT,4h,4.0,4.045,3.978,4.014,70428.82818
1725566400000,2024-09-05T20:00:00+00:00,DOT/USDT,4h,4.019,4.049,3.994,4.023,28648.391255
1725580800000,2024-09-06T00:00:00+00:00,DOT/USDT,4h,4.023,4.081,4.01,4.066,58850.858182
1725595200000,2024-09-06T04:00:00+00:00,DOT/USDT,4h,4.067,4.074,3.949,3.999,89839.118473
1725609600000,2024-09-06T08:00:00+00:00,DOT/USDT,4h,4.001,4.037,3.974,4.017,90461.984855
1725624000000,2024-09-06T12:00:00+00:00,DOT/USDT,4h,4.019,4.096,3.943,4.011,211317.652061
1725638400000,2024-09-06T16:00:00+00:00,DOT/USDT,4h,4.009,4.009,3.912,3.93,126264.293511
1725652800000,2024-09-06T20:00:00+00:00,DOT/USDT,4h,3.925,3.964,3.819,3.958,123283.527758
1725667200000,2024-09-07T00:00:00+00:00,DOT/USDT,4h,3.96,3.991,3.935,3.976,86398.819123
1725681600000,2024-09-07T04:00:00+00:00,DOT/USDT,4h,3.979,4.054,3.975,4.041,43608.748236
1725696000000,2024-09-07T08:00:00+00:00,DOT/USDT,4h,4.038,4.062,4.038,4.061,62063.641893
1725710400000,2024-09-07T12:00:00+00:00,DOT/USDT,4h,4.063,4.131,4.054,4.12,66975.074096
1725724800000,2024-09-07T16:00:00+00:00,DOT/USDT,4h,4.121,4.134,4.078,4.115,119800.814378
1725739200000,2024-09-07T20:00:00+00:00,DOT/USDT,4h,4.115,4.117,4.049,4.079,35746.17728
1725753600000,2024-09-08T00:00:00+00:00,DOT/USDT,4h,4.078,4.116,4.058,4.11,33519.324285
1725768000000,2024-09-08T04:00:00+00:00,DOT/USDT,4h,4.114,4.142,4.106,4.133,23648.086947
1725782400000,2024-09-08T08:00:00+00:00,DOT/USDT,4h,4.139,4.2,4.12,4.188,26297.952467
1725796800000,2024-09-08T12:00:00+00:00,DOT/USDT,4h,4.191,4.196,4.113,4.116,85422.170338
1725811200000,2024-09-08T16:00:00+00:00,DOT/USDT,4h,4.12,4.162,4.092,4.127,39794.033134
1725825600000,2024-09-08T20:00:00+00:00,DOT/USDT,4h,4.126,4.208,4.119,4.163,64445.857347
1725840000000,2024-09-09T00:00:00+00:00,DOT/USDT,4h,4.164,4.184,4.119,4.14,72607.772815
1725854400000,2024-09-09T04:00:00+00:00,DOT/USDT,4h,4.142,4.196,4.114,4.193,52562.731894
1725868800000,2024-09-09T08:00:00+00:00,DOT/USDT,4h,4.192,4.208,4.171,4.173,86884.598285
1725883200000,2024-09-09T12:00:00+00:00,DOT/USDT,4h,4.171,4.209,4.16,4.196,74169.728186
1725897600000,2024-09-09T16:00:00+00:00,DOT/USDT,4h,4.197,4.322,4.197,4.322,96166.712064
1725912000000,2024-09-09T20:00:00+00:00,DOT/USDT,4h,4.321,4.34,4.279,4.286,67209.705294
1725926400000,2024-09-10T00:00:00+00:00,DOT/USDT,4h,4.287,4.288,4.235,4.237,34804.131759
1725940800000,2024-09-10T04:00:00+00:00,DOT/USDT,4h,4.237,4.269,4.228,4.258,33727.160137
1725955200000,2024-09-10T08:00:00+00:00,DOT/USDT,4h,4.262,4.266,4.204,4.242,38352.192892
1725969600000,2024-09-10T12:00:00+00:00,DOT/USDT,4h,4.242,4.25,4.201,4.201,49072.817599
1725984000000,2024-09-10T16:00:00+00:00,DOT/USDT,4h,4.2,4.271,4.198,4.257,44205.903416
1725998400000,2024-09-10T20:00:00+00:00,DOT/USDT,4h,4.255,4.265,4.234,4.251,47303.075427
1726012800000,2024-09-11T00:00:00+00:00,DOT/USDT,4h,4.251,4.256,4.175,4.181,73242.958094
1726027200000,2024-09-11T04:00:00+00:00,DOT/USDT,4h,4.18,4.18,4.114,4.15,58640.462749
1726041600000,2024-09-11T08:00:00+00:00,DOT/USDT,4h,4.15,4.16,4.107,4.15,81422.75573
1726056000000,2024-09-11T12:00:00+00:00,DOT/USDT,4h,4.145,4.19,4.06,4.125,158282.463042
1726070400000,2024-09-11T16:00:00+00:00,DOT/USDT,4h,4.12,4.191,4.12,4.161,59319.156065
1726084800000,2024-09-11T20:00:00+00:00,DOT/USDT,4h,4.161,4.197,4.156,4.192,51593.539425
1726099200000,2024-09-12T00:00:00+00:00,DOT/USDT,4h,4.192,4.262,4.192,4.24,85170.081769
1726113600000,2024-09-12T04:00:00+00:00,DOT/USDT,4h,4.24,4.263,4.198,4.212,58997.208805
1726128000000,2024-09-12T08:00:00+00:00,DOT/USDT,4h,4.208,4.228,4.207,4.222,30707.606562
1726142400000,2024-09-12T12:00:00+00:00,DOT/USDT,4h,4.223,4.279,4.195,4.218,185723.5515
1726156800000,2024-09-12T16:00:00+00:00,DOT/USDT,4h,4.217,4.296,4.217,4.291,50287.864519
1726171200000,2024-09-12T20:00:00+00:00,DOT/USDT,4h,4.29,4.3,4.268,4.295,25656.991843
1726185600000,2024-09-13T00:00:00+00:00,DOT/USDT,4h,4.294,4.309,4.276,4.291,52117.880727
1726200000000,2024-09-13T04:00:00+00:00,DOT/USDT,4h,4.291,4.313,4.283,4.302,63333.273716
1726214400000,2024-09-13T08:00:00+00:00,DOT/USDT,4h,4.3,4.341,4.296,4.303,117351.024988
1726228800000,2024-09-13T12:00:00+00:00,DOT/USDT,4h,4.302,4.426,4.238,4.423,239133.711672
1726243200000,2024-09-13T16:00:00+00:00,DOT/USDT,4h,4.419,4.467,4.402,4.424,113923.684456
1726257600000,2024-09-13T20:00:00+00:00,DOT/USDT,4h,4.425,4.472,4.414,4.424,278917.170526
1726272000000,2024-09-14T00:00:00+00:00,DOT/USDT,4h,4.42,4.44,4.401,4.427,142201.200998
1726286400000,2024-09-14T04:00:00+00:00,DOT/USDT,4h,4.425,4.435,4.378,4.395,96415.058039
1726300800000,2024-09-14T08:00:00+00:00,DOT/USDT,4h,4.392,4.404,4.349,4.365,104360.029881
1726315200000,2024-09-14T12:00:00+00:00,DOT/USDT,4h,4.361,4.41,4.356,4.403,48644.187862
1726329600000,2024-09-14T16:00:00+00:00,DOT/USDT,4h,4.401,4.422,4.375,4.413,63636.414543
1726344000000,2024-09-14T20:00:00+00:00,DOT/USDT,4h,4.41,4.446,4.404,4.437,47020.723804
1726358400000,2024-09-15T00:00:00+00:00,DOT/USDT,4h,4.437,4.518,4.437,4.499,182769.673493
1726372800000,2024-09-15T04:00:00+00:00,DOT/USDT,4h,4.499,4.526,4.468,4.515,109403.541003
1726387200000,2024-09-15T08:00:00+00:00,DOT/USDT,4h,4.515,4.539,4.481,4.495,111969.042346
1726401600000,2024-09-15T12:00:00+00:00,DOT/USDT,4h,4.491,4.556,4.478,4.539,178428.961938
1726416000000,2024-09-15T16:00:00+00:00,DOT/USDT,4h,4.544,4.551,4.461,4.474,93365.329653
1726430400000,2024-09-15T20:00:00+00:00,DOT/USDT,4h,4.472,4.477,4.355,4.394,95041.874053
1726444800000,2024-09-16T00:00:00+00:00,DOT/USDT,4h,4.392,4.392,4.238,4.285,156372.684306
1726459200000,2024-09-16T04:00:00+00:00,DOT/USDT,4h,4.28,4.35,4.28,4.345,54899.03244
1726473600000,2024-09-16T08:00:00+00:00,DOT/USDT,4h,4.344,4.364,4.285,4.314,42985.384872
1726488000000,2024-09-16T12:00:00+00:00,DOT/USDT,4h,4.31,4.319,4.218,4.236,83908.030819
1726502400000,2024-09-16T16:00:00+00:00,DOT/USDT,4h,4.237,4.245,4.183,4.221,95007.851001
1726516800000,2024-09-16T20:00:00+00:00,DOT/USDT,4h,4.218,4.228,4.15,4.196,104028.3617
1726531200000,2024-09-17T00:00:00+00:00,DOT/USDT,4h,4.194,4.205,4.137,4.176,104061.642424
1726545600000,2024-09-17T04:00:00+00:00,DOT/USDT,4h,4.176,4.227,4.164,4.204,63657.728969
1726560000000,2024-09-17T08:00:00+00:00,DOT/USDT,4h,4.202,4.219,4.158,4.174,100052.454141
1726574400000,2024-09-17T12:00:00+00:00,DOT/USDT,4h,4.171,4.289,4.161,4.255,315546.644437
1726588800000,2024-09-17T16:00:00+00:00,DOT/USDT,4h,4.252,4.255,4.13,4.161,222855.952532
1726603200000,2024-09-17T20:00:00+00:00,DOT/USDT,4h,4.162,4.177,4.143,4.158,85544.687061
1726617600000,2024-09-18T00:00:00+00:00,DOT/USDT,4h,4.158,4.177,4.112,4.164,120645.312272
1726632000000,2024-09-18T04:00:00+00:00,DOT/USDT,4h,4.163,4.17,4.122,4.131,107299.226059
1726646400000,2024-09-18T08:00:00+00:00,DOT/USDT,4h,4.13,4.134,4.028,4.063,148390.670532
1726660800000,2024-09-18T12:00:00+00:00,DOT/USDT,4h,4.06,4.081,3.979,3.993,190131.517791
1726675200000,2024-09-18T16:00:00+00:00,DOT/USDT,4h,3.99,4.123,3.973,4.057,548867.829284
1726689600000,2024-09-18T20:00:00+00:00,DOT/USDT,4h,4.058,4.178,4.032,4.178,136424.354558
1726704000000,2024-09-19T00:00:00+00:00,DOT/USDT,4h,4.178,4.266,4.177,4.226,206486.557589
1726718400000,2024-09-19T04:00:00+00:00,DOT/USDT,4h,4.227,4.24,4.209,4.24,120089.113859
1726732800000,2024-09-19T08:00:00+00:00,DOT/USDT,4h,4.239,4.242,4.179,4.216,109884.591458
1726747200000,2024-09-19T12:00:00+00:00,DOT/USDT,4h,4.217,4.297,4.2,4.279,312748.208719
1726761600000,2024-09-19T16:00:00+00:00,DOT/USDT,4h,4.278,4.35,4.269,4.3,262495.715833
1726776000000,2024-09-19T20:00:00+00:00,DOT/USDT,4h,4.301,4.308,4.233,4.253,112400.442946
1726790400000,2024-09-20T00:00:00+00:00,DOT/USDT,4h,4.254,4.333,4.191,4.333,149966.8636
1726804800000,2024-09-20T04:00:00+00:00,DOT/USDT,4h,4.332,4.401,4.329,4.393,247253.529541
1726819200000,2024-09-20T08:00:00+00:00,DOT/USDT,4h,4.393,4.395,4.314,4.328,117044.060317
1726833600000,2024-09-20T12:00:00+00:00,DOT/USDT,4h,4.327,4.343,4.262,4.31,230532.729041
1726848000000,2024-09-20T16:00:00+00:00,DOT/USDT,4h,4.311,4.314,4.238,4.28,83883.978522
1726862400000,2024-09-20T20:00:00+00:00,DOT/USDT,4h,4.282,4.341,4.28,4.34,47498.361914
1726876800000,2024-09-21T00:00:00+00:00,DOT/USDT,4h,4.34,4.367,4.313,4.327,119400.670289
1726891200000,2024-09-21T04:00:00+00:00,DOT/USDT,4h,4.327,4.344,4.284,4.343,63273.109434
1726905600000,2024-09-21T08:00:00+00:00,DOT/USDT,4h,4.344,4.349,4.307,4.333,71272.029252
1726920000000,2024-09-21T12:00:00+00:00,DOT/USDT,4h,4.334,4.433,4.334,4.425,168383.805516
1726934400000,2024-09-21T16:00:00+00:00,DOT/USDT,4h,4.424,4.453,4.405,4.42,92393.543131
1726948800000,2024-09-21T20:00:00+00:00,DOT/USDT,4h,4.422,4.478,4.411,4.462,108634.846562
1726963200000,2024-09-22T00:00:00+00:00,DOT/USDT,4h,4.462,4.484,4.389,4.407,141665.43641
1726977600000,2024-09-22T04:00:00+00:00,DOT/USDT,4h,4.407,4.425,4.359,4.375,124128.044526
1726992000000,2024-09-22T08:00:00+00:00,DOT/USDT,4h,4.377,4.408,4.325,4.348,69703.138204
1727006400000,2024-09-22T12:00:00+00:00,DOT/USDT,4h,4.349,4.374,4.306,4.324,67166.750402
1727020800000,2024-09-22T16:00:00+00:00,DOT/USDT,4h,4.323,4.353,4.281,4.339,61260.635108
1727035200000,2024-09-22T20:00:00+00:00,DOT/USDT,4h,4.341,4.357,4.235,4.312,84657.547666
1727049600000,2024-09-23T00:00:00+00:00,DOT/USDT,4h,4.311,4.442,4.233,4.4,186075.81808
1727064000000,2024-09-23T04:00:00+00:00,DOT/USDT,4h,4.4,4.415,4.346,4.364,126480.646103
1727078400000,2024-09-23T08:00:00+00:00,DOT/USDT,4h,4.364,4.383,4.335,4.367,193314.945407
1727092800000,2024-09-23T12:00:00+00:00,DOT/USDT,4h,4.371,4.451,4.346,4.419,117263.56513
1727107200000,2024-09-23T16:00:00+00:00,DOT/USDT,4h,4.418,4.437,4.37,4.411,99069.52173
1727121600000,2024-09-23T20:00:00+00:00,DOT/USDT,4h,4.413,4.461,4.397,4.456,121236.025165
1727136000000,2024-09-24T00:00:00+00:00,DOT/USDT,4h,4.457,4.494,4.4,4.491,217469.43988
1727150400000,2024-09-24T04:00:00+00:00,DOT/USDT,4h,4.492,4.539,4.451,4.528,133888.494823
1727164800000,2024-09-24T08:00:00+00:00,DOT/USDT,4h,4.527,4.597,4.513,4.589,89054.247999
1727179200000,2024-09-24T12:00:00+00:00,DOT/USDT,4h,4.59,4.61,4.485,4.496,296015.027243
1727193600000,2024-09-24T16:00:00+00:00,DOT/USDT,4h,4.498,4.597,4.498,4.591,69318.525984
1727208000000,2024-09-24T20:00:00+00:00,DOT/USDT,4h,4.59,4.684,4.572,4.634,274584.679155
1727222400000,2024-09-25T00:00:00+00:00,DOT/USDT,4h,4.636,4.683,4.621,4.674,231530.841974
1727236800000,2024-09-25T04:00:00+00:00,DOT/USDT,4h,4.676,4.687,4.59,4.604,83823.060603
1727251200000,2024-09-25T08:00:00+00:00,DOT/USDT,4h,4.604,4.678,4.603,4.675,89606.285694
1727265600000,2024-09-25T12:00:00+00:00,DOT/USDT,4h,4.675,4.751,4.654,4.7,158593.996911
1727280000000,2024-09-25T16:00:00+00:00,DOT/USDT,4h,4.7,4.772,4.698,4.708,149192.521942
1727294400000,2024-09-25T20:00:00+00:00,DOT/USDT,4h,4.71,4.733,4.622,4.635,135216.038825
1727308800000,2024-09-26T00:00:00+00:00,DOT/USDT,4h,4.637,4.674,4.565,4.662,144484.076347
1727323200000,2024-09-26T04:00:00+00:00,DOT/USDT,4h,4.663,4.812,4.66,4.807,174459.295743
1727337600000,2024-09-26T08:00:00+00:00,DOT/USDT,4h,4.809,4.815,4.759,4.765,152980.899743
1727352000000,2024-09-26T12:00:00+00:00,DOT/USDT,4h,4.766,4.852,4.754,4.837,242897.058522
1727366400000,2024-09-26T16:00:00+00:00,DOT/USDT,4h,4.838,4.876,4.78,4.78,84425.529806
1727380800000,2024-09-26T20:00:00+00:00,DOT/USDT,4h,4.78,4.82,4.758,4.817,74547.253356
1727395200000,2024-09-27T00:00:00+00:00,DOT/USDT,4h,4.815,4.932,4.809,4.93,120201.958202
1727409600000,2024-09-27T04:00:00+00:00,DOT/USDT,4h,4.931,4.963,4.878,4.885,89310.903379
1727424000000,2024-09-27T08:00:00+00:00,DOT/USDT,4h,4.887,4.917,4.85,4.883,88289.456119
1727438400000,2024-09-27T12:00:00+00:00,DOT/USDT,4h,4.882,4.938,4.876,4.9,167823.700463
1727452800000,2024-09-27T16:00:00+00:00,DOT/USDT,4h,4.898,4.942,4.862,4.864,174283.26157
1727467200000,2024-09-27T20:00:00+00:00,DOT/USDT,4h,4.865,4.911,4.853,4.884,152575.1315
1727481600000,2024-09-28T00:00:00+00:00,DOT/USDT,4h,4.884,4.94,4.87,4.896,253559.819118
1727496000000,2024-09-28T04:00:00+00:00,DOT/USDT,4h,4.895,4.919,4.809,4.823,105475.75487
1727510400000,2024-09-28T08:00:00+00:00,DOT/USDT,4h,4.821,4.849,4.752,4.822,190024.317152
1727524800000,2024-09-28T12:00:00+00:00,DOT/USDT,4h,4.823,4.838,4.774,4.804,127328.015944
1727539200000,2024-09-28T16:00:00+00:00,DOT/USDT,4h,4.801,4.818,4.779,4.809,49344.652965
1727553600000,2024-09-28T20:00:00+00:00,DOT/USDT,4h,4.808,4.822,4.746,4.795,52894.769629
1727568000000,2024-09-29T00:00:00+00:00,DOT/USDT,4h,4.796,4.831,4.773,4.816,142406.067106
1727582400000,2024-09-29T04:00:00+00:00,DOT/USDT,4h,4.815,4.815,4.708,4.71,170593.111498
1727596800000,2024-09-29T08:00:00+00:00,DOT/USDT,4h,4.711,4.746,4.692,4.737,99169.362558
1727611200000,2024-09-29T12:00:00+00:00,DOT/USDT,4h,4.74,4.781,4.683,4.781,216086.850268
1727625600000,2024-09-29T16:00:00+00:00,DOT/USDT,4h,4.781,4.836,4.758,4.836,70448.136778
1727640000000,2024-09-29T20:00:00+00:00,DOT/USDT,4h,4.837,4.859,4.742,4.767,180030.140259
1727654400000,2024-09-30T00:00:00+00:00,DOT/USDT,4h,4.766,4.77,4.635,4.691,288136.348131
1727668800000,2024-09-30T04:00:00+00:00,DOT/USDT,4h,4.69,4.732,4.65,4.714,133382.864104
1727683200000,2024-09-30T08:00:00+00:00,DOT/USDT,4h,4.711,4.711,4.583,4.63,166815.604003
1727697600000,2024-09-30T12:00:00+00:00,DOT/USDT,4h,4.63,4.649,4.513,4.513,320008.586631
1727712000000,2024-09-30T16:00:00+00:00,DOT/USDT,4h,4.517,4.562,4.5,4.515,82527.113006
1727726400000,2024-09-30T20:00:00+00:00,DOT/USDT,4h,4.52,4.552,4.399,4.433,208269.92984
1727740800000,2024-10-01T00:00:00+00:00,DOT/USDT,4h,4.432,4.539,4.394,4.53,171727.714984
1727755200000,2024-10-01T04:00:00+00:00,DOT/USDT,4h,4.529,4.561,4.515,4.536,140485.830764
1727769600000,2024-10-01T08:00:00+00:00,DOT/USDT,4h,4.537,4.542,4.507,4.508,74496.112784
1727784000000,2024-10-01T12:00:00+00:00,DOT/USDT,4h,4.508,4.519,4.191,4.294,683453.875141
1727798400000,2024-10-01T16:00:00+00:00,DOT/USDT,4h,4.293,4.313,4.05,4.167,624484.53784
1727812800000,2024-10-01T20:00:00+00:00,DOT/USDT,4h,4.167,4.2,4.1,4.157,197380.350204
1727827200000,2024-10-02T00:00:00+00:00,DOT/USDT,4h,4.154,4.246,4.128,4.23,217119.107324
1727841600000,2024-10-02T04:00:00+00:00,DOT/USDT,4h,4.229,4.27,4.186,4.251,179250.957744
1727856000000,2024-10-02T08:00:00+00:00,DOT/USDT,4h,4.249,4.26,4.124,4.151,139581.642051
1727870400000,2024-10-02T12:00:00+00:00,DOT/USDT,4h,4.148,4.18,4.093,4.158,336176.691593
1727884800000,2024-10-02T16:00:00+00:00,DOT/USDT,4h,4.157,4.2,4.005,4.063,213518.163329
1727899200000,2024-10-02T20:00:00+00:00,DOT/USDT,4h,4.062,4.129,4.047,4.104,90239.361816
1727913600000,2024-10-03T00:00:00+00:00,DOT/USDT,4h,4.101,4.17,4.065,4.17,67794.637189
1727928000000,2024-10-03T04:00:00+00:00,DOT/USDT,4h,4.168,4.173,4.081,4.083,66076.174041
1727942400000,2024-10-03T08:00:00+00:00,DOT/USDT,4h,4.083,4.097,4.002,4.042,123910.115519
1727956800000,2024-10-03T12:00:00+00:00,DOT/USDT,4h,4.041,4.091,3.991,4.058,196836.101568
1727971200000,2024-10-03T16:00:00+00:00,DOT/USDT,4h,4.058,4.123,4.005,4.123,109422.834948
1727985600000,2024-10-03T20:00:00+00:00,DOT/USDT,4h,4.121,4.135,4.09,4.131,41174.021537
1728000000000,2024-10-04T00:00:00+00:00,DOT/USDT,4h,4.131,4.165,4.108,4.123,102718.882318
1728014400000,2024-10-04T04:00:00+00:00,DOT/USDT,4h,4.122,4.17,4.119,4.146,84624.593202
1728028800000,2024-10-04T08:00:00+00:00,DOT/USDT,4h,4.147,4.172,4.133,4.168,72107.588916
1728043200000,2024-10-04T12:00:00+00:00,DOT/USDT,4h,4.167,4.195,4.118,4.174,179154.402263
1728057600000,2024-10-04T16:00:00+00:00,DOT/USDT,4h,4.176,4.211,4.16,4.185,100628.811448
1728072000000,2024-10-04T20:00:00+00:00,DOT/USDT,4h,4.186,4.212,4.164,4.193,67635.211497
1728086400000,2024-10-05T00:00:00+00:00,DOT/USDT,4h,4.194,4.234,4.153,4.16,61741.964622
1728100800000,2024-10-05T04:00:00+00:00,DOT/USDT,4h,4.161,4.21,4.153,4.181,75874.659519
1728115200000,2024-10-05T08:00:00+00:00,DOT/USDT,4h,4.181,4.208,4.181,4.199,52715.910445
1728129600000,2024-10-05T12:00:00+00:00,DOT/USDT,4h,4.201,4.212,4.161,4.176,93790.803453
1728144000000,2024-10-05T16:00:00+00:00,DOT/USDT,4h,4.176,4.176,4.122,4.128,93209.913556
1728158400000,2024-10-05T20:00:00+00:00,DOT/USDT,4h,4.129,4.145,4.078,4.139,107166.320522
1728172800000,2024-10-06T00:00:00+00:00,DOT/USDT,4h,4.139,4.165,4.121,4.124,44616.015888
1728187200000,2024-10-06T04:00:00+00:00,DOT/USDT,4h,4.123,4.144,4.099,4.136,36291.832168
1728201600000,2024-10-06T08:00:00+00:00,DOT/USDT,4h,4.135,4.149,4.121,4.143,27129.288737
1728216000000,2024-10-06T12:00:00+00:00,DOT/USDT,4h,4.147,4.195,4.133,4.18,173706.816775
1728230400000,2024-10-06T16:00:00+00:00,DOT/USDT,4h,4.181,4.193,4.154,4.159,47804.203387
1728244800000,2024-10-06T20:00:00+00:00,DOT/USDT,4h,4.158,4.196,4.148,4.192,30878.620859
1728259200000,2024-10-07T00:00:00+00:00,DOT/USDT,4h,4.19,4.271,4.173,4.256,248753.720302
1728273600000,2024-10-07T04:00:00+00:00,DOT/USDT,4h,4.256,4.27,4.219,4.245,109812.01735
1728288000000,2024-10-07T08:00:00+00:00,DOT/USDT,4h,4.245,4.257,4.131,4.186,140016.48915
1728302400000,2024-10-07T12:00:00+00:00,DOT/USDT,4h,4.182,4.256,4.16,4.201,133130.757597
1728316800000,2024-10-07T16:00:00+00:00,DOT/USDT,4h,4.203,4.246,4.147,4.205,167519.708697
1728331200000,2024-10-07T20:00:00+00:00,DOT/USDT,4h,4.206,4.232,4.127,4.129,184120.588707
1728345600000,2024-10-08T00:00:00+00:00,DOT/USDT,4h,4.13,4.182,4.116,4.174,149001.968244
1728360000000,2024-10-08T04:00:00+00:00,DOT/USDT,4h,4.175,4.184,4.091,4.12,90658.205259
1728374400000,2024-10-08T08:00:00+00:00,DOT/USDT,4h,4.119,4.163,4.106,4.156,66470.456055
1728388800000,2024-10-08T12:00:00+00:00,DOT/USDT,4h,4.155,4.174,4.045,4.113,397691.768834
1728403200000,2024-10-08T16:00:00+00:00,DOT/USDT,4h,4.112,4.143,4.079,4.098,165962.401132
1728417600000,2024-10-08T20:00:00+00:00,DOT/USDT,4h,4.101,4.133,4.075,4.104,54703.843012
1728432000000,2024-10-09T00:00:00+00:00,DOT/USDT,4h,4.103,4.144,4.091,4.115,71289.246814
1728446400000,2024-10-09T04:00:00+00:00,DOT/USDT,4h,4.115,4.149,4.103,4.113,98264.169689
1728460800000,2024-10-09T08:00:00+00:00,DOT/USDT,4h,4.112,4.121,4.089,4.1,93491.893566
1728475200000,2024-10-09T12:00:00+00:00,DOT/USDT,4h,4.099,4.109,4.033,4.102,230725.855651
1728489600000,2024-10-09T16:00:00+00:00,DOT/USDT,4h,4.1,4.103,4.033,4.052,78732.76541
1728504000000,2024-10-09T20:00:00+00:00,DOT/USDT,4h,4.044,4.048,3.952,4.025,182614.479536
1728518400000,2024-10-10T00:00:00+00:00,DOT/USDT,4h,4.026,4.068,3.999,4.061,131017.880818
1728532800000,2024-10-10T04:00:00+00:00,DOT/USDT,4h,4.06,4.078,4.04,4.041,50459.8213
1728547200000,2024-10-10T08:00:00+00:00,DOT/USDT,4h,4.04,4.072,3.991,4.071,135360.339438
1728561600000,2024-10-10T12:00:00+00:00,DOT/USDT,4h,4.069,4.075,4.003,4.056,206447.280561
1728576000000,2024-10-10T16:00:00+00:00,DOT/USDT,4h,4.056,4.059,3.965,4.034,186879.677434
1728590400000,2024-10-10T20:00:00+00:00,DOT/USDT,4h,4.03,4.076,4.024,4.074,65642.221001
1728604800000,2024-10-11T00:00:00+00:00,DOT/USDT,4h,4.072,4.114,4.054,4.102,59771.515757
1728619200000,2024-10-11T04:00:00+00:00,DOT/USDT,4h,4.103,4.115,4.074,4.104,46690.227507
1728633600000,2024-10-11T08:00:00+00:00,DOT/USDT,4h,4.104,4.133,4.091,4.127,86282.122625
1728648000000,2024-10-11T12:00:00+00:00,DOT/USDT,4h,4.127,4.171,4.123,4.169,251766.139423
1728662400000,2024-10-11T16:00:00+00:00,DOT/USDT,4h,4.17,4.195,4.149,4.177,135884.609777
1728676800000,2024-10-11T20:00:00+00:00,DOT/USDT,4h,4.179,4.192,4.158,4.17,44431.853942
1728691200000,2024-10-12T00:00:00+00:00,DOT/USDT,4h,4.171,4.202,4.152,4.166,57758.981646
1728705600000,2024-10-12T04:00:00+00:00,DOT/USDT,4h,4.167,4.21,4.165,4.204,42597.077625
1728720000000,2024-10-12T08:00:00+00:00,DOT/USDT,4h,4.206,4.25,4.204,4.239,89939.675373
1728734400000,2024-10-12T12:00:00+00:00,DOT/USDT,4h,4.242,4.262,4.222,4.23,99361.669109
1728748800000,2024-10-12T16:00:00+00:00,DOT/USDT,4h,4.234,4.252,4.189,4.205,41815.390159
1728763200000,2024-10-12T20:00:00+00:00,DOT/USDT,4h,4.203,4.222,4.192,4.204,34247.732935
1728777600000,2024-10-13T00:00:00+00:00,DOT/USDT,4h,4.205,4.215,4.157,4.158,56417.044761
1728792000000,2024-10-13T04:00:00+00:00,DOT/USDT,4h,4.161,4.203,4.161,4.188,37749.648184
1728806400000,2024-10-13T08:00:00+00:00,DOT/USDT,4h,4.191,4.2,4.158,4.159,51409.851193
1728820800000,2024-10-13T12:00:00+00:00,DOT/USDT,4h,4.16,4.186,4.087,4.108,125067.220475
1728835200000,2024-10-13T16:00:00+00:00,DOT/USDT,4h,4.105,4.15,4.096,4.127,86020.844777
1728849600000,2024-10-13T20:00:00+00:00,DOT/USDT,4h,4.125,4.172,4.119,4.161,28716.113963
1728864000000,2024-10-14T00:00:00+00:00,DOT/USDT,4h,4.164,4.258,4.134,4.256,122384.733966
1728878400000,2024-10-14T04:00:00+00:00,DOT/USDT,4h,4.259,4.282,4.216,4.271,186255.550127
1728892800000,2024-10-14T08:00:00+00:00,DOT/USDT,4h,4.272,4.295,4.246,4.279,113808.872763
1728907200000,2024-10-14T12:00:00+00:00,DOT/USDT,4h,4.282,4.357,4.272,4.343,155405.413993
1728921600000,2024-10-14T16:00:00+00:00,DOT/USDT,4h,4.343,4.375,4.326,4.351,155544.332312
1728936000000,2024-10-14T20:00:00+00:00,DOT/USDT,4h,4.353,4.4,4.346,4.376,179776.820588
1728950400000,2024-10-15T00:00:00+00:00,DOT/USDT,4h,4.379,4.427,4.365,4.374,78869.153364
1728964800000,2024-10-15T04:00:00+00:00,DOT/USDT,4h,4.376,4.431,4.367,4.421,109406.606652
1728979200000,2024-10-15T08:00:00+00:00,DOT/USDT,4h,4.424,4.535,4.365,4.381,221317.646701
1728993600000,2024-10-15T12:00:00+00:00,DOT/USDT,4h,4.381,4.525,4.29,4.363,353320.610797
1729008000000,2024-10-15T16:00:00+00:00,DOT/USDT,4h,4.369,4.447,4.363,4.387,115264.253335
1729022400000,2024-10-15T20:00:00+00:00,DOT/USDT,4h,4.386,4.409,4.312,4.407,151891.261456
1729036800000,2024-10-16T00:00:00+00:00,DOT/USDT,4h,4.407,4.41,4.359,4.375,79594.240232
1729051200000,2024-10-16T04:00:00+00:00,DOT/USDT,4h,4.376,4.387,4.302,4.311,74118.87263
1729065600000,2024-10-16T08:00:00+00:00,DOT/USDT,4h,4.313,4.386,4.307,4.365,180318.056977
1729080000000,2024-10-16T12:00:00+00:00,DOT/USDT,4h,4.366,4.38,4.296,4.32,225973.329193
1729094400000,2024-10-16T16:00:00+00:00,DOT/USDT,4h,4.321,4.334,4.287,4.313,120073.323956
1729108800000,2024-10-16T20:00:00+00:00,DOT/USDT,4h,4.31,4.351,4.309,4.317,35784.703591
1729123200000,2024-10-17T00:00:00+00:00,DOT/USDT,4h,4.314,4.351,4.305,4.332,98375.446431
1729137600000,2024-10-17T04:00:00+00:00,DOT/USDT,4h,4.33,4.332,4.229,4.247,124423.172641
1729152000000,2024-10-17T08:00:00+00:00,DOT/USDT,4h,4.246,4.258,4.182,4.19,112363.666245
1729166400000,2024-10-17T12:00:00+00:00,DOT/USDT,4h,4.188,4.255,4.185,4.241,93903.11779
1729180800000,2024-10-17T16:00:00+00:00,DOT/USDT,4h,4.238,4.238,4.146,4.179,165629.94799
1729195200000,2024-10-17T20:00:00+00:00,DOT/USDT,4h,4.179,4.202,4.174,4.193,79165.35028
1729209600000,2024-10-18T00:00:00+00:00,DOT/USDT,4h,4.194,4.25,4.174,4.213,90771.213037
1729224000000,2024-10-18T04:00:00+00:00,DOT/USDT,4h,4.214,4.266,4.213,4.265,62164.540348
1729238400000,2024-10-18T08:00:00+00:00,DOT/USDT,4h,4.266,4.271,4.212,4.212,49337.871252
1729252800000,2024-10-18T12:00:00+00:00,DOT/USDT,4h,4.215,4.267,4.2,4.263,102493.607611
1729267200000,2024-10-18T16:00:00+00:00,DOT/USDT,4h,4.262,4.297,4.236,4.276,93873.719355
1729281600000,2024-10-18T20:00:00+00:00,DOT/USDT,4h,4.277,4.31,4.248,4.31,45265.475652
1729296000000,2024-10-19T00:00:00+00:00,DOT/USDT,4h,4.311,4.481,4.309,4.399,191153.586681
1729310400000,2024-10-19T04:00:00+00:00,DOT/USDT,4h,4.4,4.413,4.371,4.375,99702.874947
1729324800000,2024-10-19T08:00:00+00:00,DOT/USDT,4h,4.376,4.394,4.327,4.33,78934.050522
1729339200000,2024-10-19T12:00:00+00:00,DOT/USDT,4h,4.33,4.411,4.33,4.407,204288.861798
1729353600000,2024-10-19T16:00:00+00:00,DOT/USDT,4h,4.406,4.433,4.386,4.407,92035.119698
1729368000000,2024-10-19T20:00:00+00:00,DOT/USDT,4h,4.407,4.441,4.406,4.431,53558.001523
1729382400000,2024-10-20T00:00:00+00:00,DOT/USDT,4h,4.432,4.441,4.358,4.384,68361.682628
1729396800000,2024-10-20T04:00:00+00:00,DOT/USDT,4h,4.383,4.432,4.377,4.408,68989.424028
1729411200000,2024-10-20T08:00:00+00:00,DOT/USDT,4h,4.407,4.426,4.389,4.418,110296.956678
1729425600000,2024-10-20T12:00:00+00:00,DOT/USDT,4h,4.421,4.558,4.409,4.549,314553.127505
1729440000000,2024-10-20T16:00:00+00:00,DOT/USDT,4h,4.55,4.586,4.518,4.529,151214.517973
1729454400000,2024-10-20T20:00:00+00:00,DOT/USDT,4h,4.533,4.594,4.527,4.579,195729.405901
1729468800000,2024-10-21T00:00:00+00:00,DOT/USDT,4h,4.579,4.614,4.512,4.535,314328.117303
1729483200000,2024-10-21T04:00:00+00:00,DOT/USDT,4h,4.539,4.577,4.504,4.508,181926.814709
1729497600000,2024-10-21T08:00:00+00:00,DOT/USDT,4h,4.509,4.53,4.456,4.472,100736.713848
1729512000000,2024-10-21T12:00:00+00:00,DOT/USDT,4h,4.472,4.489,4.355,4.376,212199.242212
1729526400000,2024-10-21T16:00:00+00:00,DOT/USDT,4h,4.377,4.401,4.333,4.398,132961.080075
1729540800000,2024-10-21T20:00:00+00:00,DOT/USDT,4h,4.397,4.409,4.376,4.376,54182.271716
1729555200000,2024-10-22T00:00:00+00:00,DOT/USDT,4h,4.378,4.429,4.325,4.404,179477.220385
1729569600000,2024-10-22T04:00:00+00:00,DOT/USDT,4h,4.403,4.436,4.392,4.393,86142.383117
1729584000000,2024-10-22T08:00:00+00:00,DOT/USDT,4h,4.393,4.395,4.311,4.35,216760.479731
1729598400000,2024-10-22T12:00:00+00:00,DOT/USDT,4h,4.349,4.368,4.272,4.33,130985.605716
1729612800000,2024-10-22T16:00:00+00:00,DOT/USDT,4h,4.328,4.335,4.292,4.319,44061.06817
1729627200000,2024-10-22T20:00:00+00:00,DOT/USDT,4h,4.316,4.348,4.3,4.323,59768.173142
1729641600000,2024-10-23T00:00:00+00:00,DOT/USDT,4h,4.323,4.333,4.248,4.283,106196.07577
1729656000000,2024-10-23T04:00:00+00:00,DOT/USDT,4h,4.282,4.311,4.239,4.249,86070.169975
1729670400000,2024-10-23T08:00:00+00:00,DOT/USDT,4h,4.248,4.269,4.207,4.216,100608.848045
1729684800000,2024-10-23T12:00:00+00:00,DOT/USDT,4h,4.214,4.25,4.159,4.193,195579.785991
1729699200000,2024-10-23T16:00:00+00:00,DOT/USDT,4h,4.192,4.2,4.104,4.2,222922.954349
1729713600000,2024-10-23T20:00:00+00:00,DOT/USDT,4h,4.192,4.218,4.173,4.212,54154.804542
1729728000000,2024-10-24T00:00:00+00:00,DOT/USDT,4h,4.211,4.261,4.194,4.216,110056.49107
1729742400000,2024-10-24T04:00:00+00:00,DOT/USDT,4h,4.216,4.26,4.186,4.189,134117.786723
1729756800000,2024-10-24T08:00:00+00:00,DOT/USDT,4h,4.187,4.206,4.143,4.18,106481.508637
1729771200000,2024-10-24T12:00:00+00:00,DOT/USDT,4h,4.181,4.212,4.172,4.196,111755.832504
1729785600000,2024-10-24T16:00:00+00:00,DOT/USDT,4h,4.195,4.224,4.169,4.224,81885.862718
1729800000000,2024-10-24T20:00:00+00:00,DOT/USDT,4h,4.223,4.252,4.197,4.208,53145.677329
1729814400000,2024-10-25T00:00:00+00:00,DOT/USDT,4h,4.208,4.22,4.157,4.161,116599.707809
1729828800000,2024-10-25T04:00:00+00:00,DOT/USDT,4h,4.16,4.165,4.105,4.122,159225.100348
1729843200000,2024-10-25T08:00:00+00:00,DOT/USDT,4h,4.123,4.17,4.115,4.159,176963.827303
1729857600000,2024-10-25T12:00:00+00:00,DOT/USDT,4h,4.159,4.194,4.116,4.143,147490.059335
1729872000000,2024-10-25T16:00:00+00:00,DOT/USDT,4h,4.141,4.165,4.037,4.096,138714.501374
1729886400000,2024-10-25T20:00:00+00:00,DOT/USDT,4h,4.097,4.125,3.843,3.995,389687.092424
1729900800000,2024-10-26T00:00:00+00:00,DOT/USDT,4h,3.996,4.056,3.945,4.029,132020.456986
1729915200000,2024-10-26T04:00:00+00:00,DOT/USDT,4h,4.03,4.061,4.018,4.036,41098.839288
1729929600000,2024-10-26T08:00:00+00:00,DOT/USDT,4h,4.035,4.053,4.02,4.043,37345.823062
1729944000000,2024-10-26T12:00:00+00:00,DOT/USDT,4h,4.042,4.054,3.979,4.004,72165.674463
1729958400000,2024-10-26T16:00:00+00:00,DOT/USDT,4h,4.005,4.023,3.985,4.011,214564.406284
1729972800000,2024-10-26T20:00:00+00:00,DOT/USDT,4h,4.011,4.057,4.007,4.035,51502.825548
1729987200000,2024-10-27T00:00:00+00:00,DOT/USDT,4h,4.036,4.042,4.008,4.037,103181.051416
1730001600000,2024-10-27T04:00:00+00:00,DOT/USDT,4h,4.037,4.042,4.01,4.025,135906.787731
1730016000000,2024-10-27T08:00:00+00:00,DOT/USDT,4h,4.025,4.037,4.009,4.014,41902.51817
1730030400000,2024-10-27T12:00:00+00:00,DOT/USDT,4h,4.013,4.092,4.011,4.089,125813.923771
1730044800000,2024-10-27T16:00:00+00:00,DOT/USDT,4h,4.091,4.111,4.082,4.107,76686.822921
1730059200000,2024-10-27T20:00:00+00:00,DOT/USDT,4h,4.108,4.137,4.104,4.13,75024.516793
1730073600000,2024-10-28T00:00:00+00:00,DOT/USDT,4h,4.13,4.144,4.094,4.096,107710.188167
1730088000000,2024-10-28T04:00:00+00:00,DOT/USDT,4h,4.096,4.164,4.074,4.151,85046.295214
1730102400000,2024-10-28T08:00:00+00:00,DOT/USDT,4h,4.156,4.227,4.156,4.197,165355.257083
1730116800000,2024-10-28T12:00:00+00:00,DOT/USDT,4h,4.197,4.2,4.016,4.016,303548.629321
1730131200000,2024-10-28T16:00:00+00:00,DOT/USDT,4h,4.015,4.097,4.003,4.076,171478.304871
1730145600000,2024-10-28T20:00:00+00:00,DOT/USDT,4h,4.076,4.157,4.071,4.134,155419.748844
1730160000000,2024-10-29T00:00:00+00:00,DOT/USDT,4h,4.133,4.207,4.127,4.189,365402.526662
1730174400000,2024-10-29T04:00:00+00:00,DOT/USDT,4h,4.19,4.204,4.131,4.137,97369.081582
1730188800000,2024-10-29T08:00:00+00:00,DOT/USDT,4h,4.137,4.182,4.12,4.162,252763.121362
1730203200000,2024-10-29T12:00:00+00:00,DOT/USDT,4h,4.162,4.182,4.141,4.176,190443.924543
1730217600000,2024-10-29T16:00:00+00:00,DOT/USDT,4h,4.177,4.251,4.164,4.174,195626.20356
1730232000000,2024-10-29T20:00:00+00:00,DOT/USDT,4h,4.175,4.201,4.135,4.195,167035.628826
1730246400000,2024-10-30T00:00:00+00:00,DOT/USDT,4h,4.194,4.203,4.148,4.201,135583.428815
1730260800000,2024-10-30T04:00:00+00:00,DOT/USDT,4h,4.204,4.216,4.171,4.193,110396.410892
1730275200000,2024-10-30T08:00:00+00:00,DOT/USDT,4h,4.194,4.22,4.139,4.143,160272.900572
1730289600000,2024-10-30T12:00:00+00:00,DOT/USDT,4h,4.146,4.211,4.12,4.198,276692.913212
1730304000000,2024-10-30T16:00:00+00:00,DOT/USDT,4h,4.199,4.213,4.141,4.15,150221.04214
1730318400000,2024-10-30T20:00:00+00:00,DOT/USDT,4h,4.15,4.206,4.139,4.192,187989.102967
1730332800000,2024-10-31T00:00:00+00:00,DOT/USDT,4h,4.192,4.215,4.16,4.184,86824.070587
1730347200000,2024-10-31T04:00:00+00:00,DOT/USDT,4h,4.186,4.186,4.132,4.153,99742.794025
1730361600000,2024-10-31T08:00:00+00:00,DOT/USDT,4h,4.154,4.154,4.086,4.1,157574.965592
1730376000000,2024-10-31T12:00:00+00:00,DOT/USDT,4h,4.099,4.101,3.973,3.999,438918.180868
1730390400000,2024-10-31T16:00:00+00:00,DOT/USDT,4h,3.999,3.999,3.902,3.91,216439.825495
1730404800000,2024-10-31T20:00:00+00:00,DOT/USDT,4h,3.909,3.971,3.903,3.96,104125.55676
1730419200000,2024-11-01T00:00:00+00:00,DOT/USDT,4h,3.958,3.972,3.881,3.951,127515.200971
1730433600000,2024-11-01T04:00:00+00:00,DOT/USDT,4h,3.952,3.974,3.889,3.92,46032.560438
1730448000000,2024-11-01T08:00:00+00:00,DOT/USDT,4h,3.921,3.951,3.918,3.931,51666.41181
1730462400000,2024-11-01T12:00:00+00:00,DOT/USDT,4h,3.929,3.996,3.846,3.894,431474.330167
1730476800000,2024-11-01T16:00:00+00:00,DOT/USDT,4h,3.893,3.95,3.883,3.923,72875.27029
1730491200000,2024-11-01T20:00:00+00:00,DOT/USDT,4h,3.923,3.929,3.859,3.912,40145.559481
1730505600000,2024-11-02T00:00:00+00:00,DOT/USDT,4h,3.909,3.94,3.906,3.914,127547.326995
1730520000000,2024-11-02T04:00:00+00:00,DOT/USDT,4h,3.915,3.946,3.899,3.92,47835.668485
1730534400000,2024-11-02T08:00:00+00:00,DOT/USDT,4h,3.919,3.923,3.89,3.897,29881.898276
1730548800000,2024-11-02T12:00:00+00:00,DOT/USDT,4h,3.896,3.901,3.821,3.859,182680.629477
1730563200000,2024-11-02T16:00:00+00:00,DOT/USDT,4h,3.858,3.889,3.852,3.881,98323.205919
1730577600000,2024-11-02T20:00:00+00:00,DOT/USDT,4h,3.878,3.914,3.876,3.908,62159.312605
1730592000000,2024-11-03T00:00:00+00:00,DOT/USDT,4h,3.907,3.931,3.735,3.792,327219.403649
1730606400000,2024-11-03T04:00:00+00:00,DOT/USDT,4h,3.79,3.838,3.79,3.827,80615.286196
1730620800000,2024-11-03T08:00:00+00:00,DOT/USDT,4h,3.827,3.832,3.744,3.751,86462.55337
1730635200000,2024-11-03T12:00:00+00:00,DOT/USDT,4h,3.751,3.773,3.665,3.733,264984.031014
1730649600000,2024-11-03T16:00:00+00:00,DOT/USDT,4h,3.732,3.787,3.71,3.785,194623.104314
1730664000000,2024-11-03T20:00:00+00:00,DOT/USDT,4h,3.786,3.822,3.771,3.785,96149.945522
1730678400000,2024-11-04T00:00:00+00:00,DOT/USDT,4h,3.786,3.838,3.749,3.805,139147.584041
1730692800000,2024-11-04T04:00:00+00:00,DOT/USDT,4h,3.805,3.822,3.771,3.775,88881.705113
1730707200000,2024-11-04T08:00:00+00:00,DOT/USDT,4h,3.775,3.81,3.745,3.798,127836.514606
1730721600000,2024-11-04T12:00:00+00:00,DOT/USDT,4h,3.799,3.827,3.768,3.801,131296.457356
1730736000000,2024-11-04T16:00:00+00:00,DOT/USDT,4h,3.796,3.803,3.747,3.783,126600.194222
1730750400000,2024-11-04T20:00:00+00:00,DOT/USDT,4h,3.784,3.793,3.679,3.752,227755.363022
1730764800000,2024-11-05T00:00:00+00:00,DOT/USDT,4h,3.751,3.804,3.746,3.8,148507.693416
1730779200000,2024-11-05T04:00:00+00:00,DOT/USDT,4h,3.8,3.837,3.79,3.833,113665.332689
1730793600000,2024-11-05T08:00:00+00:00,DOT/USDT,4h,3.832,3.861,3.824,3.842,91439.791903
1730808000000,2024-11-05T12:00:00+00:00,DOT/USDT,4h,3.843,3.919,3.831,3.869,308671.381542
1730822400000,2024-11-05T16:00:00+00:00,DOT/USDT,4h,3.869,3.917,3.825,3.838,236199.21262
1730836800000,2024-11-05T20:00:00+00:00,DOT/USDT,4h,3.839,3.9,3.827,3.858,68012.270545
1730851200000,2024-11-06T00:00:00+00:00,DOT/USDT,4h,3.857,4.093,3.856,4.081,1657368.539441
1730865600000,2024-11-06T04:00:00+00:00,DOT/USDT,4h,4.082,4.131,4.017,4.067,699369.083689
1730880000000,2024-11-06T08:00:00+00:00,DOT/USDT,4h,4.069,4.103,4.006,4.091,244886.047753
1730894400000,2024-11-06T12:00:00+00:00,DOT/USDT,4h,4.089,4.103,4.029,4.048,412614.019529
1730908800000,2024-11-06T16:00:00+00:00,DOT/USDT,4h,4.047,4.09,4.025,4.083,228812.696547
1730923200000,2024-11-06T20:00:00+00:00,DOT/USDT,4h,4.086,4.126,4.035,4.11,2013562.228268
1730937600000,2024-11-07T00:00:00+00:00,DOT/USDT,4h,4.112,4.197,4.096,4.17,396772.004499
1730952000000,2024-11-07T04:00:00+00:00,DOT/USDT,4h,4.169,4.172,4.059,4.085,291484.394223
1730966400000,2024-11-07T08:00:00+00:00,DOT/USDT,4h,4.084,4.121,4.047,4.061,288346.645577
1730980800000,2024-11-07T12:00:00+00:00,DOT/USDT,4h,4.063,4.15,4.048,4.149,279126.615987
1730995200000,2024-11-07T16:00:00+00:00,DOT/USDT,4h,4.148,4.168,4.105,4.136,309303.4141
1731009600000,2024-11-07T20:00:00+00:00,DOT/USDT,4h,4.137,4.178,4.121,4.165,165021.055451
1731024000000,2024-11-08T00:00:00+00:00,DOT/USDT,4h,4.166,4.218,4.116,4.149,307423.475877
1731038400000,2024-11-08T04:00:00+00:00,DOT/USDT,4h,4.148,4.392,4.144,4.323,842490.893876
1731052800000,2024-11-08T08:00:00+00:00,DOT/USDT,4h,4.321,4.332,4.252,4.291,606223.5503
1731067200000,2024-11-08T12:00:00+00:00,DOT/USDT,4h,4.292,4.384,4.286,4.34,605212.149843
1731081600000,2024-11-08T16:00:00+00:00,DOT/USDT,4h,4.341,4.392,4.24,4.334,500299.25529
1731096000000,2024-11-08T20:00:00+00:00,DOT/USDT,4h,4.334,4.346,4.264,4.325,304586.010985
1731110400000,2024-11-09T00:00:00+00:00,DOT/USDT,4h,4.323,4.344,4.264,4.267,231491.29197
1731124800000,2024-11-09T04:00:00+00:00,DOT/USDT,4h,4.27,4.39,4.27,4.367,281306.073889
1731139200000,2024-11-09T08:00:00+00:00,DOT/USDT,4h,4.366,4.395,4.337,4.39,258641.571024
1731153600000,2024-11-09T12:00:00+00:00,DOT/USDT,4h,4.386,4.394,4.317,4.373,431788.450415
1731168000000,2024-11-09T16:00:00+00:00,DOT/USDT,4h,4.374,4.43,4.314,4.397,273922.291894
1731182400000,2024-11-09T20:00:00+00:00,DOT/USDT,4h,4.397,4.641,4.396,4.629,493530.668495
1731196800000,2024-11-10T00:00:00+00:00,DOT/USDT,4h,4.633,4.858,4.585,4.836,827727.31464
1731211200000,2024-11-10T04:00:00+00:00,DOT/USDT,4h,4.834,5.15,4.798,4.92,2021040.53465
1731225600000,2024-11-10T08:00:00+00:00,DOT/USDT,4h,4.921,5.17,4.921,5.157,1015956.543493
1731240000000,2024-11-10T12:00:00+00:00,DOT/USDT,4h,5.157,5.448,5.08,5.242,2035956.489322
1731254400000,2024-11-10T16:00:00+00:00,DOT/USDT,4h,5.242,5.475,5.207,5.312,1352148.022136
1731268800000,2024-11-10T20:00:00+00:00,DOT/USDT,4h,5.314,5.332,4.972,5.239,961163.753401
1731283200000,2024-11-11T00:00:00+00:00,DOT/USDT,4h,5.241,5.376,5.195,5.255,831654.703114
1731297600000,2024-11-11T04:00:00+00:00,DOT/USDT,4h,5.254,5.269,4.973,5.079,1214234.255544
1731312000000,2024-11-11T08:00:00+00:00,DOT/USDT,4h,5.079,5.169,5.032,5.164,679192.942652
1731326400000,2024-11-11T12:00:00+00:00,DOT/USDT,4h,5.165,5.27,5.05,5.2,937364.270035
1731340800000,2024-11-11T16:00:00+00:00,DOT/USDT,4h,5.199,5.291,5.169,5.246,659955.826463
1731355200000,2024-11-11T20:00:00+00:00,DOT/USDT,4h,5.24,5.785,5.226,5.709,1414813.492888
1731369600000,2024-11-12T00:00:00+00:00,DOT/USDT,4h,5.709,5.728,5.435,5.57,1410145.498517
1731384000000,2024-11-12T04:00:00+00:00,DOT/USDT,4h,5.569,5.599,5.407,5.58,1001627.331072
1731398400000,2024-11-12T08:00:00+00:00,DOT/USDT,4h,5.58,5.839,5.161,5.368,2372111.638526
1731412800000,2024-11-12T12:00:00+00:00,DOT/USDT,4h,5.368,5.461,5.119,5.288,1495602.540648
1731427200000,2024-11-12T16:00:00+00:00,DOT/USDT,4h,5.288,5.428,5.202,5.357,1011501.043277
1731441600000,2024-11-12T20:00:00+00:00,DOT/USDT,4h,5.357,5.43,5.28,5.308,425679.900146
1731456000000,2024-11-13T00:00:00+00:00,DOT/USDT,4h,5.308,5.373,5.079,5.083,902284.148592
1731470400000,2024-11-13T04:00:00+00:00,DOT/USDT,4h,5.083,5.165,4.91,5.081,821311.566242
1731484800000,2024-11-13T08:00:00+00:00,DOT/USDT,4h,5.083,5.114,4.974,5.065,316438.32417
1731499200000,2024-11-13T12:00:00+00:00,DOT/USDT,4h,5.067,5.443,5.008,5.373,3485045.921696
1731513600000,2024-11-13T16:00:00+00:00,DOT/USDT,4h,5.373,5.406,5.03,5.054,1198036.468963
1731528000000,2024-11-13T20:00:00+00:00,DOT/USDT,4h,5.055,5.129,4.954,5.072,1532760.974414
1731542400000,2024-11-14T00:00:00+00:00,DOT/USDT,4h,5.072,5.094,4.985,5.078,776644.188425
1731556800000,2024-11-14T04:00:00+00:00,DOT/USDT,4h,5.078,5.214,5.041,5.123,912537.263541
1731571200000,2024-11-14T08:00:00+00:00,DOT/USDT,4h,5.121,5.154,4.914,5.003,1039608.174298
1731585600000,2024-11-14T12:00:00+00:00,DOT/USDT,4h,5.003,5.02,4.771,4.828,1487300.406411
1731600000000,2024-11-14T16:00:00+00:00,DOT/USDT,4h,4.826,4.934,4.8,4.922,688687.88788
1731614400000,2024-11-14T20:00:00+00:00,DOT/USDT,4h,4.92,4.933,4.682,4.775,1124885.542434
1731628800000,2024-11-15T00:00:00+00:00,DOT/USDT,4h,4.775,4.856,4.723,4.845,621939.603099
1731643200000,2024-11-15T04:00:00+00:00,DOT/USDT,4h,4.844,4.895,4.705,4.859,802589.271429
1731657600000,2024-11-15T08:00:00+00:00,DOT/USDT,4h,4.859,4.974,4.809,4.965,835371.006391
1731672000000,2024-11-15T12:00:00+00:00,DOT/USDT,4h,4.966,5.057,4.857,4.922,1386317.47445
1731686400000,2024-11-15T16:00:00+00:00,DOT/USDT,4h,4.919,5.075,4.892,5.05,532892.001873
1731700800000,2024-11-15T20:00:00+00:00,DOT/USDT,4h,5.051,5.173,5.049,5.161,713516.868857
1731715200000,2024-11-16T00:00:00+00:00,DOT/USDT,4h,5.159,5.269,5.133,5.265,844022.774476
1731729600000,2024-11-16T04:00:00+00:00,DOT/USDT,4h,5.265,5.318,5.208,5.244,964374.78063
1731744000000,2024-11-16T08:00:00+00:00,DOT/USDT,4h,5.244,5.496,5.223,5.492,1124065.707204
1731758400000,2024-11-16T12:00:00+00:00,DOT/USDT,4h,5.492,5.569,5.36,5.464,1482430.551388
1731772800000,2024-11-16T16:00:00+00:00,DOT/USDT,4h,5.462,5.791,5.418,5.709,1672150.188851
1731787200000,2024-11-16T20:00:00+00:00,DOT/USDT,4h,5.71,5.8,5.652,5.783,1632597.753322
1731801600000,2024-11-17T00:00:00+00:00,DOT/USDT,4h,5.783,6.146,5.512,5.728,4095743.678501
1731816000000,2024-11-17T04:00:00+00:00,DOT/USDT,4h,5.725,5.75,5.582,5.671,1075535.566696
1731830400000,2024-11-17T08:00:00+00:00,DOT/USDT,4h,5.67,5.699,5.47,5.478,1141036.00355
1731844800000,2024-11-17T12:00:00+00:00,DOT/USDT,4h,5.478,5.596,5.472,5.544,670696.70478
1731859200000,2024-11-17T16:00:00+00:00,DOT/USDT,4h,5.544,5.6,5.401,5.437,529415.549353
1731873600000,2024-11-17T20:00:00+00:00,DOT/USDT,4h,5.438,5.465,5.31,5.423,650645.910168
1731888000000,2024-11-18T00:00:00+00:00,DOT/USDT,4h,5.424,5.802,5.395,5.762,1195139.974223
1731902400000,2024-11-18T04:00:00+00:00,DOT/USDT,4h,5.762,5.98,5.729,5.905,1940672.365745
1731916800000,2024-11-18T08:00:00+00:00,DOT/USDT,4h,5.91,5.948,5.702,5.732,1184131.456763
1731931200000,2024-11-18T12:00:00+00:00,DOT/USDT,4h,5.732,5.885,5.631,5.844,1252804.784384
1731945600000,2024-11-18T16:00:00+00:00,DOT/USDT,4h,5.844,5.997,5.703,5.828,1319943.768407
1731960000000,2024-11-18T20:00:00+00:00,DOT/USDT,4h,5.833,6.095,5.768,6.009,907294.466124
1731974400000,2024-11-19T00:00:00+00:00,DOT/USDT,4h,6.008,6.044,5.891,6.027,551514.452363
1731988800000,2024-11-19T04:00:00+00:00,DOT/USDT,4h,6.03,6.043,5.823,5.827,753971.222908
1732003200000,2024-11-19T08:00:00+00:00,DOT/USDT,4h,5.827,5.883,5.742,5.883,489716.53642
1732017600000,2024-11-19T12:00:00+00:00,DOT/USDT,4h,5.883,6.032,5.763,5.838,770467.426384
1732032000000,2024-11-19T16:00:00+00:00,DOT/USDT,4h,5.838,5.896,5.778,5.828,553157.030826
1732046400000,2024-11-19T20:00:00+00:00,DOT/USDT,4h,5.828,5.851,5.661,5.807,650623.276791
1732060800000,2024-11-20T00:00:00+00:00,DOT/USDT,4h,5.807,5.882,5.649,5.742,749083.909437
1732075200000,2024-11-20T04:00:00+00:00,DOT/USDT,4h,5.739,5.883,5.674,5.813,419531.060718
1732089600000,2024-11-20T08:00:00+00:00,DOT/USDT,4h,5.81,6.071,5.803,6.063,1463034.05002
1732104000000,2024-11-20T12:00:00+00:00,DOT/USDT,4h,6.062,6.077,5.85,5.926,798784.294775
1732118400000,2024-11-20T16:00:00+00:00,DOT/USDT,4h,5.924,5.953,5.533,5.6,678107.470581
1732132800000,2024-11-20T20:00:00+00:00,DOT/USDT,4h,5.6,5.824,5.58,5.72,351598.618545
1732147200000,2024-11-21T00:00:00+00:00,DOT/USDT,4h,5.722,5.797,5.476,5.552,800071.910728
1732161600000,2024-11-21T04:00:00+00:00,DOT/USDT,4h,5.552,5.763,5.544,5.703,732170.226753
1732176000000,2024-11-21T08:00:00+00:00,DOT/USDT,4h,5.704,5.751,5.56,5.724,645390.282011
1732190400000,2024-11-21T12:00:00+00:00,DOT/USDT,4h,5.721,5.967,5.709,5.773,1006410.647644
1732204800000,2024-11-21T16:00:00+00:00,DOT/USDT,4h,5.774,5.903,5.759,5.829,614034.490439
1732219200000,2024-11-21T20:00:00+00:00,DOT/USDT,4h,5.827,5.947,5.81,5.93,484123.700453
1732233600000,2024-11-22T00:00:00+00:00,DOT/USDT,4h,5.932,6.249,5.878,6.157,1888767.19706
1732248000000,2024-11-22T04:00:00+00:00,DOT/USDT,4h,6.157,6.271,6.075,6.086,1080579.536446
1732262400000,2024-11-22T08:00:00+00:00,DOT/USDT,4h,6.085,6.186,6.001,6.172,830957.415151
1732276800000,2024-11-22T12:00:00+00:00,DOT/USDT,4h,6.174,6.366,5.956,6.357,1490148.270841
1732291200000,2024-11-22T16:00:00+00:00,DOT/USDT,4h,6.355,6.418,6.235,6.357,1408500.666714
1732305600000,2024-11-22T20:00:00+00:00,DOT/USDT,4h,6.352,6.684,6.306,6.629,1130522.296872
1732320000000,2024-11-23T00:00:00+00:00,DOT/USDT,4h,6.629,7.26,6.587,7.194,2976269.923044
1732334400000,2024-11-23T04:00:00+00:00,DOT/USDT,4h,7.195,7.704,7.179,7.622,2486639.585796
1732348800000,2024-11-23T08:00:00+00:00,DOT/USDT,4h,7.625,7.994,7.532,7.931,1753077.475105
1732363200000,2024-11-23T12:00:00+00:00,DOT/USDT,4h,7.922,8.992,7.851,8.844,3421452.082948
1732377600000,2024-11-23T16:00:00+00:00,DOT/USDT,4h,8.849,9.44,8.363,8.638,3474264.528076
1732392000000,2024-11-23T20:00:00+00:00,DOT/USDT,4h,8.64,8.706,8.264,8.515,1353059.380372
1732406400000,2024-11-24T00:00:00+00:00,DOT/USDT,4h,8.517,10.514,8.512,9.402,7694809.743505
1732420800000,2024-11-24T04:00:00+00:00,DOT/USDT,4h,9.402,9.466,8.761,9.129,1817186.056209
1732435200000,2024-11-24T08:00:00+00:00,DOT/USDT,4h,9.12,9.149,8.47,8.474,1793769.47246
1732449600000,2024-11-24T12:00:00+00:00,DOT/USDT,4h,8.478,8.789,8.037,8.237,3276959.41089
1732464000000,2024-11-24T16:00:00+00:00,DOT/USDT,4h,8.237,8.569,8.167,8.481,1253020.735937
1732478400000,2024-11-24T20:00:00+00:00,DOT/USDT,4h,8.481,9.03,8.444,8.823,1536275.029304
1732492800000,2024-11-25T00:00:00+00:00,DOT/USDT,4h,8.824,8.827,8.406,8.717,1168487.673087
1732507200000,2024-11-25T04:00:00+00:00,DOT/USDT,4h,8.719,9.363,8.701,9.195,1543312.176165
1732521600000,2024-11-25T08:00:00+00:00,DOT/USDT,4h,9.193,9.238,8.879,8.977,1194392.049476
1732536000000,2024-11-25T12:00:00+00:00,DOT/USDT,4h,8.977,8.993,8.35,8.577,1477145.263877
1732550400000,2024-11-25T16:00:00+00:00,DOT/USDT,4h,8.58,8.643,8.35,8.501,709960.823353
1732564800000,2024-11-25T20:00:00+00:00,DOT/USDT,4h,8.503,8.581,8.11,8.233,547369.350604
1732579200000,2024-11-26T00:00:00+00:00,DOT/USDT,4h,8.233,8.467,8.18,8.331,480896.508001
1732593600000,2024-11-26T04:00:00+00:00,DOT/USDT,4h,8.333,8.445,8.155,8.223,362520.092353
1732608000000,2024-11-26T08:00:00+00:00,DOT/USDT,4h,8.223,8.228,7.548,7.849,1611165.026622
1732622400000,2024-11-26T12:00:00+00:00,DOT/USDT,4h,7.842,8.03,7.753,7.877,999064.216075
1732636800000,2024-11-26T16:00:00+00:00,DOT/USDT,4h,7.878,8.166,7.778,8.007,808074.461844
1732651200000,2024-11-26T20:00:00+00:00,DOT/USDT,4h,8.004,8.145,7.953,8.066,346474.525893
1732665600000,2024-11-27T00:00:00+00:00,DOT/USDT,4h,8.066,8.17,7.839,8.059,545918.706745
1732680000000,2024-11-27T04:00:00+00:00,DOT/USDT,4h,8.055,8.305,7.978,8.285,609208.828184
1732694400000,2024-11-27T08:00:00+00:00,DOT/USDT,4h,8.285,8.44,8.161,8.296,839048.268742
1732708800000,2024-11-27T12:00:00+00:00,DOT/USDT,4h,8.294,8.482,8.145,8.4,955585.445859
1732723200000,2024-11-27T16:00:00+00:00,DOT/USDT,4h,8.401,8.456,8.22,8.384,443904.611443
1732737600000,2024-11-27T20:00:00+00:00,DOT/USDT,4h,8.382,8.567,8.329,8.458,424078.111649
1732752000000,2024-11-28T00:00:00+00:00,DOT/USDT,4h,8.457,8.503,8.107,8.209,904217.498441
1732766400000,2024-11-28T04:00:00+00:00,DOT/USDT,4h,8.21,8.272,8.11,8.168,349418.700142
1732780800000,2024-11-28T08:00:00+00:00,DOT/USDT,4h,8.168,8.247,8.103,8.198,631296.367812
1732795200000,2024-11-28T12:00:00+00:00,DOT/USDT,4h,8.196,8.268,8.004,8.03,466758.346403
1732809600000,2024-11-28T16:00:00+00:00,DOT/USDT,4h,8.031,8.585,8.031,8.577,687782.804558
1732824000000,2024-11-28T20:00:00+00:00,DOT/USDT,4h,8.574,8.751,8.424,8.615,565549.550809
1732838400000,2024-11-29T00:00:00+00:00,DOT/USDT,4h,8.615,8.749,8.513,8.568,531626.394015
1732852800000,2024-11-29T04:00:00+00:00,DOT/USDT,4h,8.57,8.59,8.438,8.45,294196.690795
1732867200000,2024-11-29T08:00:00+00:00,DOT/USDT,4h,8.451,8.802,8.449,8.706,819619.213313
1732881600000,2024-11-29T12:00:00+00:00,DOT/USDT,4h,8.71,9.013,8.609,8.7,945071.033899
1732896000000,2024-11-29T16:00:00+00:00,DOT/USDT,4h,8.702,8.771,8.577,8.714,620015.008839
1732910400000,2024-11-29T20:00:00+00:00,DOT/USDT,4h,8.72,9.076,8.615,9.024,539219.053867
1732924800000,2024-11-30T00:00:00+00:00,DOT/USDT,4h,9.023,9.031,8.603,8.674,718332.985923
1732939200000,2024-11-30T04:00:00+00:00,DOT/USDT,4h,8.675,8.897,8.647,8.868,564839.745468
1732953600000,2024-11-30T08:00:00+00:00,DOT/USDT,4h,8.869,9.145,8.749,8.887,1362270.016127
1732968000000,2024-11-30T12:00:00+00:00,DOT/USDT,4h,8.881,8.987,8.769,8.852,564831.446554
1732982400000,2024-11-30T16:00:00+00:00,DOT/USDT,4h,8.851,9.12,8.782,9.115,490360.932767
1732996800000,2024-11-30T20:00:00+00:00,DOT/USDT,4h,9.115,9.222,8.94,8.945,423963.063977
1733011200000,2024-12-01T00:00:00+00:00,DOT/USDT,4h,8.947,9.153,8.693,8.845,591723.173356
1733025600000,2024-12-01T04:00:00+00:00,DOT/USDT,4h,8.846,8.852,8.745,8.807,190383.03945
1733040000000,2024-12-01T08:00:00+00:00,DOT/USDT,4h,8.806,9.22,8.773,9.171,492600.287633
1733054400000,2024-12-01T12:00:00+00:00,DOT/USDT,4h,9.17,9.237,9.031,9.107,615633.927607
1733068800000,2024-12-01T16:00:00+00:00,DOT/USDT,4h,9.109,9.22,8.95,9.134,434051.415988
1733083200000,2024-12-01T20:00:00+00:00,DOT/USDT,4h,9.133,9.39,8.975,9.289,827314.384268
1733097600000,2024-12-02T00:00:00+00:00,DOT/USDT,4h,9.288,9.518,9.06,9.11,1237138.988697
1733112000000,2024-12-02T04:00:00+00:00,DOT/USDT,4h,9.108,9.206,8.909,9.039,964898.371562
1733126400000,2024-12-02T08:00:00+00:00,DOT/USDT,4h,9.037,9.099,8.454,8.538,1856380.803681
1733140800000,2024-12-02T12:00:00+00:00,DOT/USDT,4h,8.538,9.185,8.503,9.13,1303652.307215
1733155200000,2024-12-02T16:00:00+00:00,DOT/USDT,4h,9.132,9.258,8.765,9.219,589482.485127
1733169600000,2024-12-02T20:00:00+00:00,DOT/USDT,4h,9.221,10.199,9.202,10.01,1513961.896907
1733184000000,2024-12-03T00:00:00+00:00,DOT/USDT,4h,10.014,10.39,9.819,10.135,1159440.272172
1733198400000,2024-12-03T04:00:00+00:00,DOT/USDT,4h,10.137,10.341,9.783,9.853,1498170.127119
1733212800000,2024-12-03T08:00:00+00:00,DOT/USDT,4h,9.857,10.122,9.759,10.055,1243223.519221
1733227200000,2024-12-03T12:00:00+00:00,DOT/USDT,4h,10.054,10.114,9.048,9.573,3238404.939195
1733241600000,2024-12-03T16:00:00+00:00,DOT/USDT,4h,9.569,9.745,9.318,9.557,806907.344329
1733256000000,2024-12-03T20:00:00+00:00,DOT/USDT,4h,9.559,9.908,9.542,9.785,606866.412097
1733270400000,2024-12-04T00:00:00+00:00,DOT/USDT,4h,9.787,10.045,9.667,9.96,858160.324759
1733284800000,2024-12-04T04:00:00+00:00,DOT/USDT,4h,9.957,10.096,9.928,10.047,555056.667944
1733299200000,2024-12-04T08:00:00+00:00,DOT/USDT,4h,10.048,11.267,9.987,10.989,2986836.261044
1733313600000,2024-12-04T12:00:00+00:00,DOT/USDT,4h,10.988,11.65,10.915,10.976,2697603.682049
1733328000000,2024-12-04T16:00:00+00:00,DOT/USDT,4h,10.979,11.326,10.348,11.068,1605360.661555
1733342400000,2024-12-04T20:00:00+00:00,DOT/USDT,4h,11.071,11.111,10.402,10.512,1574770.712064
1733356800000,2024-12-05T00:00:00+00:00,DOT/USDT,4h,10.513,10.623,9.897,10.269,1868586.161062
1733371200000,2024-12-05T04:00:00+00:00,DOT/USDT,4h,10.271,10.748,10.201,10.719,864244.220792
1733385600000,2024-12-05T08:00:00+00:00,DOT/USDT,4h,10.719,11.158,10.596,11.107,1306092.975992
1733400000000,2024-12-05T12:00:00+00:00,DOT/USDT,4h,11.106,11.181,10.69,10.896,932228.421977
1733414400000,2024-12-05T16:00:00+00:00,DOT/USDT,4h,10.903,11.232,10.751,10.808,908258.256249
1733428800000,2024-12-05T20:00:00+00:00,DOT/USDT,4h,10.805,10.92,10.163,10.369,1178436.730618
1733443200000,2024-12-06T00:00:00+00:00,DOT/USDT,4h,10.369,10.749,10.237,10.593,583179.447164
1733457600000,2024-12-06T04:00:00+00:00,DOT/USDT,4h,10.595,10.753,10.466,10.499,403697.424583
1733472000000,2024-12-06T08:00:00+00:00,DOT/USDT,4h,10.504,10.617,10.091,10.234,824175.689711
1733486400000,2024-12-06T12:00:00+00:00,DOT/USDT,4h,10.232,10.667,10.013,10.549,1412823.22824
1733500800000,2024-12-06T16:00:00+00:00,DOT/USDT,4h,10.553,10.776,10.422,10.719,720776.430574
1733515200000,2024-12-06T20:00:00+00:00,DOT/USDT,4h,10.718,10.88,10.582,10.665,992606.201963
1733529600000,2024-12-07T00:00:00+00:00,DOT/USDT,4h,10.666,10.719,10.451,10.504,497902.789548
1733544000000,2024-12-07T04:00:00+00:00,DOT/USDT,4h,10.503,10.759,10.406,10.499,465528.221224
1733558400000,2024-12-07T08:00:00+00:00,DOT/USDT,4h,10.498,10.578,10.305,10.441,606614.999919
1733572800000,2024-12-07T12:00:00+00:00,DOT/USDT,4h,10.44,10.836,10.424,10.756,550474.510251
1733587200000,2024-12-07T16:00:00+00:00,DOT/USDT,4h,10.757,10.93,10.51,10.67,610174.331755
1733601600000,2024-12-07T20:00:00+00:00,DOT/USDT,4h,10.684,10.782,10.544,10.593,285444.320028
1733616000000,2024-12-08T00:00:00+00:00,DOT/USDT,4h,10.593,10.809,10.544,10.574,347717.376728
1733630400000,2024-12-08T04:00:00+00:00,DOT/USDT,4h,10.574,10.626,10.35,10.47,410151.813767
1733644800000,2024-12-08T08:00:00+00:00,DOT/USDT,4h,10.469,10.498,10.194,10.458,345058.603527
1733659200000,2024-12-08T12:00:00+00:00,DOT/USDT,4h,10.459,10.555,10.282,10.341,495329.413292
1733673600000,2024-12-08T16:00:00+00:00,DOT/USDT,4h,10.342,10.407,10.222,10.303,467810.497836
1733688000000,2024-12-08T20:00:00+00:00,DOT/USDT,4h,10.312,10.44,10.244,10.392,281525.74944
1733702400000,2024-12-09T00:00:00+00:00,DOT/USDT,4h,10.395,10.398,9.938,10.048,700583.084381
1733716800000,2024-12-09T04:00:00+00:00,DOT/USDT,4h,10.048,10.152,9.705,9.873,733583.309026
1733731200000,2024-12-09T08:00:00+00:00,DOT/USDT,4h,9.874,9.875,9.394,9.458,1093733.378536
1733745600000,2024-12-09T12:00:00+00:00,DOT/USDT,4h,9.457,9.842,9.364,9.492,708355.745367
1733760000000,2024-12-09T16:00:00+00:00,DOT/USDT,4h,9.499,9.664,9.443,9.489,420586.223709
1733774400000,2024-12-09T20:00:00+00:00,DOT/USDT,4h,9.488,9.521,7.433,8.471,4114914.69281
1733788800000,2024-12-10T00:00:00+00:00,DOT/USDT,4h,8.474,8.722,7.935,8.317,1287827.416019
1733803200000,2024-12-10T04:00:00+00:00,DOT/USDT,4h,8.315,8.658,8.103,8.576,864907.028724
1733817600000,2024-12-10T08:00:00+00:00,DOT/USDT,4h,8.573,8.702,8.457,8.641,875318.038495
1733832000000,2024-12-10T12:00:00+00:00,DOT/USDT,4h,8.646,8.662,7.865,7.883,1383831.54345
1733846400000,2024-12-10T16:00:00+00:00,DOT/USDT,4h,7.887,8.126,7.586,8.109,1120408.954716
1733860800000,2024-12-10T20:00:00+00:00,DOT/USDT,4h,8.105,8.469,8.072,8.394,456532.730631
1733875200000,2024-12-11T00:00:00+00:00,DOT/USDT,4h,8.395,8.418,8.026,8.371,538923.838674
1733889600000,2024-12-11T04:00:00+00:00,DOT/USDT,4h,8.372,8.443,8.258,8.271,378135.562024
1733904000000,2024-12-11T08:00:00+00:00,DOT/USDT,4h,8.275,8.649,8.262,8.609,536712.480293
1733918400000,2024-12-11T12:00:00+00:00,DOT/USDT,4h,8.609,9.267,8.608,9.193,1970437.370977
1733932800000,2024-12-11T16:00:00+00:00,DOT/USDT,4h,9.195,9.223,8.948,9.033,496141.48296
1733947200000,2024-12-11T20:00:00+00:00,DOT/USDT,4h,9.033,9.134,8.99,8.995,282937.033504
1733961600000,2024-12-12T00:00:00+00:00,DOT/USDT,4h,8.996,9.424,8.926,9.269,598340.444171
1733976000000,2024-12-12T04:00:00+00:00,DOT/USDT,4h,9.267,9.673,9.257,9.315,1039371.313838
1733990400000,2024-12-12T08:00:00+00:00,DOT/USDT,4h,9.312,9.411,9.033,9.098,636247.722619
1734004800000,2024-12-12T12:00:00+00:00,DOT/USDT,4h,9.1,9.398,9.1,9.235,1013907.793909
1734019200000,2024-12-12T16:00:00+00:00,DOT/USDT,4h,9.233,9.398,8.938,8.97,584406.602609
1734033600000,2024-12-12T20:00:00+00:00,DOT/USDT,4h,8.97,9.161,8.913,9.062,365733.983146
1734048000000,2024-12-13T00:00:00+00:00,DOT/USDT,4h,9.062,9.232,8.843,9.133,390568.943746
1734062400000,2024-12-13T04:00:00+00:00,DOT/USDT,4h,9.132,9.154,8.78,8.884,506160.468984
1734076800000,2024-12-13T08:00:00+00:00,DOT/USDT,4h,8.886,9.175,8.838,9.025,459720.096068
1734091200000,2024-12-13T12:00:00+00:00,DOT/USDT,4h,9.026,9.205,8.83,8.838,666763.49279
1734105600000,2024-12-13T16:00:00+00:00,DOT/USDT,4h,8.837,9.064,8.798,9.044,446407.737719
1734120000000,2024-12-13T20:00:00+00:00,DOT/USDT,4h,9.045,9.139,8.937,9.09,214114.215686
1734134400000,2024-12-14T00:00:00+00:00,DOT/USDT,4h,9.088,9.211,9.001,9.024,237682.942764
1734148800000,2024-12-14T04:00:00+00:00,DOT/USDT,4h,9.026,9.105,8.966,8.971,195081.66242
1734163200000,2024-12-14T08:00:00+00:00,DOT/USDT,4h,8.971,9.035,8.738,8.756,536429.82073
1734177600000,2024-12-14T12:00:00+00:00,DOT/USDT,4h,8.747,8.775,8.46,8.646,397908.682815
1734192000000,2024-12-14T16:00:00+00:00,DOT/USDT,4h,8.642,8.661,8.412,8.497,324077.683857
1734206400000,2024-12-14T20:00:00+00:00,DOT/USDT,4h,8.498,8.59,8.352,8.557,285857.028568
1734220800000,2024-12-15T00:00:00+00:00,DOT/USDT,4h,8.552,8.663,8.456,8.507,164705.195337
1734235200000,2024-12-15T04:00:00+00:00,DOT/USDT,4h,8.509,8.641,8.366,8.43,190541.254963
1734249600000,2024-12-15T08:00:00+00:00,DOT/USDT,4h,8.429,8.77,8.421,8.726,438313.12057
1734264000000,2024-12-15T12:00:00+00:00,DOT/USDT,4h,8.726,9.264,8.684,9.044,851876.540234
1734278400000,2024-12-15T16:00:00+00:00,DOT/USDT,4h,9.045,9.109,8.916,8.96,233950.08104
1734292800000,2024-12-15T20:00:00+00:00,DOT/USDT,4h,8.961,9.104,8.643,9.026,408255.554287
1734307200000,2024-12-16T00:00:00+00:00,DOT/USDT,4h,9.028,9.21,8.826,8.918,678724.398616
1734321600000,2024-12-16T04:00:00+00:00,DOT/USDT,4h,8.928,8.989,8.814,8.881,178754.830996
1734336000000,2024-12-16T08:00:00+00:00,DOT/USDT,4h,8.885,8.908,8.604,8.631,375307.570837
1734350400000,2024-12-16T12:00:00+00:00,DOT/USDT,4h,8.636,8.933,8.587,8.909,573398.512455
1734364800000,2024-12-16T16:00:00+00:00,DOT/USDT,4h,8.91,9.169,8.891,8.945,790654.997986
1734379200000,2024-12-16T20:00:00+00:00,DOT/USDT,4h,8.946,8.989,8.72,8.754,271678.628916
1734393600000,2024-12-17T00:00:00+00:00,DOT/USDT,4h,8.757,8.791,8.623,8.762,311935.278783
1734408000000,2024-12-17T04:00:00+00:00,DOT/USDT,4h,8.764,8.765,8.604,8.641,159101.123259
1734422400000,2024-12-17T08:00:00+00:00,DOT/USDT,4h,8.642,8.977,8.638,8.889,462677.628471
1734436800000,2024-12-17T12:00:00+00:00,DOT/USDT,4h,8.889,8.96,8.533,8.606,746575.060565
1734451200000,2024-12-17T16:00:00+00:00,DOT/USDT,4h,8.604,8.866,8.52,8.664,561306.149617
1734465600000,2024-12-17T20:00:00+00:00,DOT/USDT,4h,8.666,8.727,8.382,8.488,483901.134215
1734480000000,2024-12-18T00:00:00+00:00,DOT/USDT,4h,8.49,8.547,8.351,8.361,402241.388728
1734494400000,2024-12-18T04:00:00+00:00,DOT/USDT,4h,8.361,8.371,8.135,8.23,543584.039244
1734508800000,2024-12-18T08:00:00+00:00,DOT/USDT,4h,8.224,8.388,8.159,8.363,463276.643976
1734523200000,2024-12-18T12:00:00+00:00,DOT/USDT,4h,8.363,8.367,8.085,8.185,470643.027285
1734537600000,2024-12-18T16:00:00+00:00,DOT/USDT,4h,8.183,8.472,8.095,8.095,415210.176988
1734552000000,2024-12-18T20:00:00+00:00,DOT/USDT,4h,8.095,8.156,7.553,7.679,2008924.278927
1734566400000,2024-12-19T00:00:00+00:00,DOT/USDT,4h,7.678,7.771,7.16,7.656,1518450.579989
1734580800000,2024-12-19T04:00:00+00:00,DOT/USDT,4h,7.651,7.672,7.566,7.64,369324.907995
1734595200000,2024-12-19T08:00:00+00:00,DOT/USDT,4h,7.64,7.8,7.516,7.731,539072.096873
1734609600000,2024-12-19T12:00:00+00:00,DOT/USDT,4h,7.73,7.755,7.274,7.434,666650.654629
1734624000000,2024-12-19T16:00:00+00:00,DOT/USDT,4h,7.433,7.688,6.834,6.955,2200692.05535
1734638400000,2024-12-19T20:00:00+00:00,DOT/USDT,4h,6.961,7.152,6.76,6.939,658396.176261
1734652800000,2024-12-20T00:00:00+00:00,DOT/USDT,4h,6.94,7.274,6.83,7.121,453660.345354
1734667200000,2024-12-20T04:00:00+00:00,DOT/USDT,4h,7.121,7.184,6.815,6.956,344868.566531
1734681600000,2024-12-20T08:00:00+00:00,DOT/USDT,4h,6.954,6.955,6.043,6.079,2014563.019835
1734696000000,2024-12-20T12:00:00+00:00,DOT/USDT,4h,6.075,6.939,6.064,6.861,1467769.829996
1734710400000,2024-12-20T16:00:00+00:00,DOT/USDT,4h,6.862,7.273,6.808,7.186,744364.432215
1734724800000,2024-12-20T20:00:00+00:00,DOT/USDT,4h,7.182,7.358,7.045,7.291,321587.432694
1734739200000,2024-12-21T00:00:00+00:00,DOT/USDT,4h,7.291,7.394,7.224,7.311,301954.611402
1734753600000,2024-12-21T04:00:00+00:00,DOT/USDT,4h,7.314,7.801,7.307,7.704,614711.491827
1734768000000,2024-12-21T08:00:00+00:00,DOT/USDT,4h,7.704,7.722,7.369,7.452,416744.83382
1734782400000,2024-12-21T12:00:00+00:00,DOT/USDT,4h,7.453,7.455,6.956,7.121,650923.027929
1734796800000,2024-12-21T16:00:00+00:00,DOT/USDT,4h,7.124,7.139,6.836,6.955,321864.58603
1734811200000,2024-12-21T20:00:00+00:00,DOT/USDT,4h,6.956,7.057,6.866,6.974,239277.468777
1734825600000,2024-12-22T00:00:00+00:00,DOT/USDT,4h,6.976,7.039,6.872,6.977,253765.732139
1734840000000,2024-12-22T04:00:00+00:00,DOT/USDT,4h,6.976,7.017,6.764,6.959,238068.502414
1734854400000,2024-12-22T08:00:00+00:00,DOT/USDT,4h,6.959,7.266,6.959,7.101,296182.541715
1734868800000,2024-12-22T12:00:00+00:00,DOT/USDT,4h,7.099,7.144,6.814,6.892,403061.374578
1734883200000,2024-12-22T16:00:00+00:00,DOT/USDT,4h,6.89,7.037,6.741,6.765,188858.239788
1734897600000,2024-12-22T20:00:00+00:00,DOT/USDT,4h,6.768,6.932,6.684,6.842,210515.788668
1734912000000,2024-12-23T00:00:00+00:00,DOT/USDT,4h,6.842,7.086,6.652,7.067,419507.79503
1734926400000,2024-12-23T04:00:00+00:00,DOT/USDT,4h,7.067,7.133,6.804,6.906,416130.571507
1734940800000,2024-12-23T08:00:00+00:00,DOT/USDT,4h,6.904,7.052,6.862,6.982,197902.918779
1734955200000,2024-12-23T12:00:00+00:00,DOT/USDT,4h,6.982,7.07,6.839,6.863,472314.217161
1734969600000,2024-12-23T16:00:00+00:00,DOT/USDT,4h,6.863,7.135,6.85,7.052,491743.11648
1734984000000,2024-12-23T20:00:00+00:00,DOT/USDT,4h,7.048,7.568,7.046,7.385,558267.385188
1734998400000,2024-12-24T00:00:00+00:00,DOT/USDT,4h,7.384,7.389,7.154,7.328,261803.501124
1735012800000,2024-12-24T04:00:00+00:00,DOT/USDT,4h,7.324,7.356,7.185,7.229,184528.934802
1735027200000,2024-12-24T08:00:00+00:00,DOT/USDT,4h,7.229,7.316,7.188,7.302,238007.262217
1735041600000,2024-12-24T12:00:00+00:00,DOT/USDT,4h,7.303,7.64,7.234,7.565,521984.669383
1735056000000,2024-12-24T16:00:00+00:00,DOT/USDT,4h,7.565,7.625,7.45,7.451,323893.117211
1735070400000,2024-12-24T20:00:00+00:00,DOT/USDT,4h,7.452,7.612,7.366,7.549,193204.86741
1735084800000,2024-12-25T00:00:00+00:00,DOT/USDT,4h,7.55,7.57,7.418,7.46,206682.095264
1735099200000,2024-12-25T04:00:00+00:00,DOT/USDT,4h,7.462,7.513,7.39,7.404,157466.139381
1735113600000,2024-12-25T08:00:00+00:00,DOT/USDT,4h,7.402,7.676,7.393,7.404,267444.55804
1735128000000,2024-12-25T12:00:00+00:00,DOT/USDT,4h,7.409,7.561,7.355,7.445,230578.10874
1735142400000,2024-12-25T16:00:00+00:00,DOT/USDT,4h,7.458,7.537,7.357,7.518,144064.62831
1735156800000,2024-12-25T20:00:00+00:00,DOT/USDT,4h,7.521,7.586,7.416,7.502,310252.847915
1735171200000,2024-12-26T00:00:00+00:00,DOT/USDT,4h,7.502,7.594,7.324,7.347,215305.407225
1735185600000,2024-12-26T04:00:00+00:00,DOT/USDT,4h,7.339,7.339,7.151,7.163,300443.126864
1735200000000,2024-12-26T08:00:00+00:00,DOT/USDT,4h,7.165,7.177,6.928,7.036,377756.866243
1735214400000,2024-12-26T12:00:00+00:00,DOT/USDT,4h,7.034,7.067,6.94,6.96,182625.889851
1735228800000,2024-12-26T16:00:00+00:00,DOT/USDT,4h,6.958,7.053,6.875,6.982,173846.958816
1735243200000,2024-12-26T20:00:00+00:00,DOT/USDT,4h,6.975,7.053,6.881,6.934,138639.557142
1735257600000,2024-12-27T00:00:00+00:00,DOT/USDT,4h,6.934,7.068,6.873,7.023,176973.298358
1735272000000,2024-12-27T04:00:00+00:00,DOT/USDT,4h,7.022,7.114,6.888,6.953,224848.743187
1735286400000,2024-12-27T08:00:00+00:00,DOT/USDT,4h,6.953,7.308,6.953,7.219,284401.007381
1735300800000,2024-12-27T12:00:00+00:00,DOT/USDT,4h,7.22,7.233,6.837,6.872,286052.454064
1735315200000,2024-12-27T16:00:00+00:00,DOT/USDT,4h,6.872,7.072,6.815,6.987,258925.372812
1735329600000,2024-12-27T20:00:00+00:00,DOT/USDT,4h,6.995,7.002,6.867,6.91,104628.963186
1735344000000,2024-12-28T00:00:00+00:00,DOT/USDT,4h,6.91,6.938,6.83,6.923,201978.916761
1735358400000,2024-12-28T04:00:00+00:00,DOT/USDT,4h,6.923,6.939,6.781,6.818,123717.208115
1735372800000,2024-12-28T08:00:00+00:00,DOT/USDT,4h,6.815,6.903,6.809,6.893,99086.454803
1735387200000,2024-12-28T12:00:00+00:00,DOT/USDT,4h,6.895,7.062,6.845,6.947,218021.750251
1735401600000,2024-12-28T16:00:00+00:00,DOT/USDT,4h,6.949,7.123,6.933,7.045,77144.319393
1735416000000,2024-12-28T20:00:00+00:00,DOT/USDT,4h,7.046,7.183,7.029,7.117,128007.37051
1735430400000,2024-12-29T00:00:00+00:00,DOT/USDT,4h,7.113,7.134,7.034,7.119,98385.609414
1735444800000,2024-12-29T04:00:00+00:00,DOT/USDT,4h,7.12,7.146,7.037,7.141,93478.95375
1735459200000,2024-12-29T08:00:00+00:00,DOT/USDT,4h,7.145,7.152,7.038,7.04,109514.710472
1735473600000,2024-12-29T12:00:00+00:00,DOT/USDT,4h,7.038,7.108,6.944,6.987,286954.230804
1735488000000,2024-12-29T16:00:00+00:00,DOT/USDT,4h,6.99,6.99,6.884,6.93,182654.756889
1735502400000,2024-12-29T20:00:00+00:00,DOT/USDT,4h,6.93,6.937,6.811,6.87,84097.028547
1735516800000,2024-12-30T00:00:00+00:00,DOT/USDT,4h,6.868,7.109,6.837,6.959,162679.1088
1735531200000,2024-12-30T04:00:00+00:00,DOT/USDT,4h,6.96,7.06,6.901,6.962,176212.372756
1735545600000,2024-12-30T08:00:00+00:00,DOT/USDT,4h,6.962,7.015,6.766,6.839,212390.922192
1735560000000,2024-12-30T12:00:00+00:00,DOT/USDT,4h,6.84,6.946,6.558,6.613,482904.708343
1735574400000,2024-12-30T16:00:00+00:00,DOT/USDT,4h,6.613,6.896,6.539,6.855,254520.876356
1735588800000,2024-12-30T20:00:00+00:00,DOT/USDT,4h,6.855,6.942,6.612,6.708,221390.520417
1735603200000,2024-12-31T00:00:00+00:00,DOT/USDT,4h,6.706,6.706,6.589,6.608,142571.909008
1735617600000,2024-12-31T04:00:00+00:00,DOT/USDT,4h,6.608,6.652,6.564,6.609,112380.489522
1735632000000,2024-12-31T08:00:00+00:00,DOT/USDT,4h,6.608,6.812,6.604,6.703,250864.207217
1735646400000,2024-12-31T12:00:00+00:00,DOT/USDT,4h,6.703,6.928,6.703,6.844,214204.003063
1735660800000,2024-12-31T16:00:00+00:00,DOT/USDT,4h,6.845,6.857,6.624,6.698,184643.232816
1735675200000,2024-12-31T20:00:00+00:00,DOT/USDT,4h,6.698,6.72,6.616,6.641,103353.125291
1735689600000,2025-01-01T00:00:00+00:00,DOT/USDT,4h,6.641,6.753,6.634,6.664,100303.055722
1735704000000,2025-01-01T04:00:00+00:00,DOT/USDT,4h,6.664,6.685,6.625,6.647,40543.867411
1735718400000,2025-01-01T08:00:00+00:00,DOT/USDT,4h,6.649,6.661,6.52,6.624,173039.565809
1735732800000,2025-01-01T12:00:00+00:00,DOT/USDT,4h,6.621,6.81,6.617,6.8,182124.799121
1735747200000,2025-01-01T16:00:00+00:00,DOT/USDT,4h,6.801,7.038,6.728,6.996,247825.493433
1735761600000,2025-01-01T20:00:00+00:00,DOT/USDT,4h,6.996,7.142,6.996,7.048,213363.202276
1735776000000,2025-01-02T00:00:00+00:00,DOT/USDT,4h,7.051,7.227,7.049,7.161,272045.476455
1735790400000,2025-01-02T04:00:00+00:00,DOT/USDT,4h,7.163,7.269,7.125,7.229,199851.888112
1735804800000,2025-01-02T08:00:00+00:00,DOT/USDT,4h,7.228,7.359,7.177,7.293,187418.865661
1735819200000,2025-01-02T12:00:00+00:00,DOT/USDT,4h,7.294,7.335,7.161,7.188,270987.796271
1735833600000,2025-01-02T16:00:00+00:00,DOT/USDT,4h,7.195,7.253,7.108,7.16,107002.457326
1735848000000,2025-01-02T20:00:00+00:00,DOT/USDT,4h,7.167,7.205,7.103,7.177,63555.954939
1735862400000,2025-01-03T00:00:00+00:00,DOT/USDT,4h,7.178,7.348,7.132,7.332,111560.262233
1735876800000,2025-01-03T04:00:00+00:00,DOT/USDT,4h,7.324,7.336,7.193,7.22,93592.250705
1735891200000,2025-01-03T08:00:00+00:00,DOT/USDT,4h,7.219,7.793,7.219,7.687,464059.714998
1735905600000,2025-01-03T12:00:00+00:00,DOT/USDT,4h,7.687,7.939,7.683,7.867,519843.607177
1735920000000,2025-01-03T16:00:00+00:00,DOT/USDT,4h,7.869,7.995,7.747,7.753,462364.715052
1735934400000,2025-01-03T20:00:00+00:00,DOT/USDT,4h,7.752,7.775,7.637,7.755,144317.266283
1735948800000,2025-01-04T00:00:00+00:00,DOT/USDT,4h,7.755,7.845,7.632,7.77,203011.235758
1735963200000,2025-01-04T04:00:00+00:00,DOT/USDT,4h,7.77,7.823,7.692,7.758,129106.384436
1735977600000,2025-01-04T08:00:00+00:00,DOT/USDT,4h,7.758,7.758,7.636,7.695,123760.088933
1735992000000,2025-01-04T12:00:00+00:00,DOT/USDT,4h,7.693,7.881,7.603,7.69,350850.213588
1736006400000,2025-01-04T16:00:00+00:00,DOT/USDT,4h,7.688,7.757,7.664,7.687,99814.609273
1736020800000,2025-01-04T20:00:00+00:00,DOT/USDT,4h,7.684,7.74,7.649,7.676,67010.831922
1736035200000,2025-01-05T00:00:00+00:00,DOT/USDT,4h,7.678,7.711,7.574,7.609,125874.238801
1736049600000,2025-01-05T04:00:00+00:00,DOT/USDT,4h,7.606,7.736,7.598,7.65,82942.590044
1736064000000,2025-01-05T08:00:00+00:00,DOT/USDT,4h,7.655,7.665,7.504,7.548,153790.055387
1736078400000,2025-01-05T12:00:00+00:00,DOT/USDT,4h,7.545,7.611,7.462,7.572,192022.195
1736092800000,2025-01-05T16:00:00+00:00,DOT/USDT,4h,7.573,7.648,7.535,7.609,122298.014143
1736107200000,2025-01-05T20:00:00+00:00,DOT/USDT,4h,7.612,7.73,7.575,7.674,132784.659275
1736121600000,2025-01-06T00:00:00+00:00,DOT/USDT,4h,7.674,7.827,7.54,7.81,248799.520832
1736136000000,2025-01-06T04:00:00+00:00,DOT/USDT,4h,7.817,7.836,7.675,7.704,180878.516577
1736150400000,2025-01-06T08:00:00+00:00,DOT/USDT,4h,7.709,7.765,7.585,7.706,174469.440039
1736164800000,2025-01-06T12:00:00+00:00,DOT/USDT,4h,7.701,7.881,7.602,7.88,315777.54768
1736179200000,2025-01-06T16:00:00+00:00,DOT/USDT,4h,7.882,7.994,7.696,7.81,417992.08428
1736193600000,2025-01-06T20:00:00+00:00,DOT/USDT,4h,7.814,7.841,7.685,7.769,121910.355521
1736208000000,2025-01-07T00:00:00+00:00,DOT/USDT,4h,7.77,7.789,7.653,7.715,118489.047081
1736222400000,2025-01-07T04:00:00+00:00,DOT/USDT,4h,7.723,7.849,7.659,7.771,161792.596692
1736236800000,2025-01-07T08:00:00+00:00,DOT/USDT,4h,7.77,7.89,7.653,7.724,164495.536231
1736251200000,2025-01-07T12:00:00+00:00,DOT/USDT,4h,7.727,7.86,7.189,7.307,894503.14211
1736265600000,2025-01-07T16:00:00+00:00,DOT/USDT,4h,7.306,7.396,7.045,7.099,365756.295308
1736280000000,2025-01-07T20:00:00+00:00,DOT/USDT,4h,7.1,7.162,7.005,7.013,463503.246251
1736294400000,2025-01-08T00:00:00+00:00,DOT/USDT,4h,7.011,7.133,6.868,6.945,289929.140157
1736308800000,2025-01-08T04:00:00+00:00,DOT/USDT,4h,6.943,6.964,6.712,6.871,283792.187275
1736323200000,2025-01-08T08:00:00+00:00,DOT/USDT,4h,6.87,7.012,6.795,6.869,361054.765361
1736337600000,2025-01-08T12:00:00+00:00,DOT/USDT,4h,6.871,6.942,6.771,6.851,348196.575585
1736352000000,2025-01-08T16:00:00+00:00,DOT/USDT,4h,6.85,6.857,6.422,6.649,587549.596077
1736366400000,2025-01-08T20:00:00+00:00,DOT/USDT,4h,6.65,6.792,6.606,6.758,174566.157109
1736380800000,2025-01-09T00:00:00+00:00,DOT/USDT,4h,6.758,6.845,6.679,6.736,212403.328773
1736395200000,2025-01-09T04:00:00+00:00,DOT/USDT,4h,6.73,6.764,6.56,6.571,141741.197481
1736409600000,2025-01-09T08:00:00+00:00,DOT/USDT,4h,6.57,6.716,6.551,6.69,307877.56569
1736424000000,2025-01-09T12:00:00+00:00,DOT/USDT,4h,6.685,6.839,6.465,6.793,508010.272834
1736438400000,2025-01-09T16:00:00+00:00,DOT/USDT,4h,6.792,6.837,6.529,6.545,261514.322397
1736452800000,2025-01-09T20:00:00+00:00,DOT/USDT,4h,6.544,6.616,6.454,6.555,171232.858381
1736467200000,2025-01-10T00:00:00+00:00,DOT/USDT,4h,6.558,6.661,6.541,6.627,88186.823737
1736481600000,2025-01-10T04:00:00+00:00,DOT/USDT,4h,6.628,6.809,6.582,6.765,126711.182703
1736496000000,2025-01-10T08:00:00+00:00,DOT/USDT,4h,6.758,6.794,6.679,6.726,257661.70248
1736510400000,2025-01-10T12:00:00+00:00,DOT/USDT,4h,6.725,6.79,6.483,6.629,675505.801523
1736524800000,2025-01-10T16:00:00+00:00,DOT/USDT,4h,6.63,6.81,6.556,6.772,198803.824235
1736539200000,2025-01-10T20:00:00+00:00,DOT/USDT,4h,6.771,6.783,6.7,6.734,103979.163115
1736553600000,2025-01-11T00:00:00+00:00,DOT/USDT,4h,6.741,6.769,6.647,6.659,81908.249008
1736568000000,2025-01-11T04:00:00+00:00,DOT/USDT,4h,6.662,6.701,6.619,6.638,70574.46004
1736582400000,2025-01-11T08:00:00+00:00,DOT/USDT,4h,6.645,6.728,6.594,6.709,72629.72012
1736596800000,2025-01-11T12:00:00+00:00,DOT/USDT,4h,6.704,6.712,6.616,6.637,80653.129423
1736611200000,2025-01-11T16:00:00+00:00,DOT/USDT,4h,6.644,6.667,6.587,6.638,53532.033063
1736625600000,2025-01-11T20:00:00+00:00,DOT/USDT,4h,6.642,6.876,6.629,6.74,109256.244741
1736640000000,2025-01-12T00:00:00+00:00,DOT/USDT,4h,6.742,6.818,6.711,6.783,71035.661007
1736654400000,2025-01-12T04:00:00+00:00,DOT/USDT,4h,6.784,6.788,6.664,6.722,46021.681726
1736668800000,2025-01-12T08:00:00+00:00,DOT/USDT,4h,6.726,6.754,6.612,6.68,66801.131137
1736683200000,2025-01-12T12:00:00+00:00,DOT/USDT,4h,6.676,6.76,6.645,6.739,73286.424629
1736697600000,2025-01-12T16:00:00+00:00,DOT/USDT,4h,6.738,6.763,6.676,6.693,38661.515021
1736712000000,2025-01-12T20:00:00+00:00,DOT/USDT,4h,6.694,6.709,6.545,6.633,62616.315693
1736726400000,2025-01-13T00:00:00+00:00,DOT/USDT,4h,6.632,6.81,6.425,6.459,458748.158543
1736740800000,2025-01-13T04:00:00+00:00,DOT/USDT,4h,6.451,6.57,6.347,6.405,1246961.466291
1736755200000,2025-01-13T08:00:00+00:00,DOT/USDT,4h,6.406,6.414,6.059,6.061,1033444.923036
1736769600000,2025-01-13T12:00:00+00:00,DOT/USDT,4h,6.061,6.355,5.997,6.284,700538.237881
1736784000000,2025-01-13T16:00:00+00:00,DOT/USDT,4h,6.286,6.318,6.12,6.196,240138.087466
1736798400000,2025-01-13T20:00:00+00:00,DOT/USDT,4h,6.194,6.481,6.159,6.397,164985.389015
1736812800000,2025-01-14T00:00:00+00:00,DOT/USDT,4h,6.398,6.459,6.368,6.411,138985.619806
1736827200000,2025-01-14T04:00:00+00:00,DOT/USDT,4h,6.41,6.5,6.399,6.401,89574.902493
1736841600000,2025-01-14T08:00:00+00:00,DOT/USDT,4h,6.402,6.589,6.402,6.465,273948.055585
1736856000000,2025-01-14T12:00:00+00:00,DOT/USDT,4h,6.465,6.571,6.392,6.521,322431.892142
1736870400000,2025-01-14T16:00:00+00:00,DOT/USDT,4h,6.52,6.682,6.466,6.625,218411.659045
1736884800000,2025-01-14T20:00:00+00:00,DOT/USDT,4h,6.63,6.69,6.568,6.663,99479.382896
1736899200000,2025-01-15T00:00:00+00:00,DOT/USDT,4h,6.67,6.739,6.614,6.701,126729.158996
1736913600000,2025-01-15T04:00:00+00:00,DOT/USDT,4h,6.705,6.802,6.639,6.775,98371.230203
1736928000000,2025-01-15T08:00:00+00:00,DOT/USDT,4h,6.776,6.838,6.56,6.594,218864.988499
1736942400000,2025-01-15T12:00:00+00:00,DOT/USDT,4h,6.595,7.071,6.557,7.016,864868.390014
1736956800000,2025-01-15T16:00:00+00:00,DOT/USDT,4h,7.018,7.095,6.877,7.026,350264.272089
1736971200000,2025-01-15T20:00:00+00:00,DOT/USDT,4h,7.026,7.197,6.963,7.165,402911.162832
1736985600000,2025-01-16T00:00:00+00:00,DOT/USDT,4h,7.166,7.193,6.989,7.06,280209.670329
1737000000000,2025-01-16T04:00:00+00:00,DOT/USDT,4h,7.066,7.087,7.015,7.017,75443.469606
1737014400000,2025-01-16T08:00:00+00:00,DOT/USDT,4h,7.015,7.091,6.846,7.079,483901.375628
1737028800000,2025-01-16T12:00:00+00:00,DOT/USDT,4h,7.077,7.391,6.985,7.239,904210.598124
1737043200000,2025-01-16T16:00:00+00:00,DOT/USDT,4h,7.238,7.354,7.209,7.327,267625.593917
1737057600000,2025-01-16T20:00:00+00:00,DOT/USDT,4h,7.326,7.349,7.094,7.152,185657.42642
1737072000000,2025-01-17T00:00:00+00:00,DOT/USDT,4h,7.156,7.413,7.156,7.29,380025.487952
1737086400000,2025-01-17T04:00:00+00:00,DOT/USDT,4h,7.289,7.416,7.25,7.33,385313.837429
1737100800000,2025-01-17T08:00:00+00:00,DOT/USDT,4h,7.328,7.444,7.29,7.398,294979.221949
1737115200000,2025-01-17T12:00:00+00:00,DOT/USDT,4h,7.397,7.447,7.291,7.409,435329.434243
1737129600000,2025-01-17T16:00:00+00:00,DOT/USDT,4h,7.412,7.501,7.356,7.481,401717.924401
1737144000000,2025-01-17T20:00:00+00:00,DOT/USDT,4h,7.48,7.601,7.468,7.503,261783.727776
1737158400000,2025-01-18T00:00:00+00:00,DOT/USDT,4h,7.513,7.585,7.239,7.285,335143.781179
1737172800000,2025-01-18T04:00:00+00:00,DOT/USDT,4h,7.283,7.32,6.981,7.039,450176.92838
1737187200000,2025-01-18T08:00:00+00:00,DOT/USDT,4h,7.038,7.11,6.925,7.092,231037.363286
1737201600000,2025-01-18T12:00:00+00:00,DOT/USDT,4h,7.094,7.121,6.963,7.01,393764.170643
1737216000000,2025-01-18T16:00:00+00:00,DOT/USDT,4h,7.016,7.028,6.843,6.979,379340.279677
1737230400000,2025-01-18T20:00:00+00:00,DOT/USDT,4h,6.98,7.062,6.877,7.045,185237.353557
1737244800000,2025-01-19T00:00:00+00:00,DOT/USDT,4h,7.047,7.237,7.008,7.04,334747.699061
1737259200000,2025-01-19T04:00:00+00:00,DOT/USDT,4h,7.04,7.053,6.763,6.794,629834.784183
1737273600000,2025-01-19T08:00:00+00:00,DOT/USDT,4h,6.793,6.793,6.413,6.462,845181.951983
1737288000000,2025-01-19T12:00:00+00:00,DOT/USDT,4h,6.462,6.903,6.452,6.817,415944.241495
1737302400000,2025-01-19T16:00:00+00:00,DOT/USDT,4h,6.814,6.905,6.762,6.825,256334.107637
1737316800000,2025-01-19T20:00:00+00:00,DOT/USDT,4h,6.826,6.842,6.102,6.246,1169876.206156
1737331200000,2025-01-20T00:00:00+00:00,DOT/USDT,4h,6.245,6.371,6.056,6.305,858691.170701
1737345600000,2025-01-20T04:00:00+00:00,DOT/USDT,4h,6.3,7.092,6.228,6.771,953503.555844
1737360000000,2025-01-20T08:00:00+00:00,DOT/USDT,4h,6.772,6.867,6.606,6.692,287180.839661
1737374400000,2025-01-20T12:00:00+00:00,DOT/USDT,4h,6.694,6.701,6.418,6.501,486422.973033
1737388800000,2025-01-20T16:00:00+00:00,DOT/USDT,4h,6.503,6.611,6.15,6.433,1184990.505163
1737403200000,2025-01-20T20:00:00+00:00,DOT/USDT,4h,6.431,6.48,6.286,6.381,181442.334228
1737417600000,2025-01-21T00:00:00+00:00,DOT/USDT,4h,6.38,6.405,6.196,6.277,349965.545853
1737432000000,2025-01-21T04:00:00+00:00,DOT/USDT,4h,6.282,6.356,6.153,6.319,129055.857313
1737446400000,2025-01-21T08:00:00+00:00,DOT/USDT,4h,6.32,6.542,6.281,6.525,228020.012102
1737460800000,2025-01-21T12:00:00+00:00,DOT/USDT,4h,6.524,6.612,6.475,6.568,247586.031299
1737475200000,2025-01-21T16:00:00+00:00,DOT/USDT,4h,6.563,6.844,6.547,6.716,260054.321231
1737489600000,2025-01-21T20:00:00+00:00,DOT/USDT,4h,6.724,6.762,6.599,6.623,134410.04581
1737504000000,2025-01-22T00:00:00+00:00,DOT/USDT,4h,6.624,6.694,6.561,6.609,154390.027164
1737518400000,2025-01-22T04:00:00+00:00,DOT/USDT,4h,6.611,6.627,6.556,6.586,146917.397903
1737532800000,2025-01-22T08:00:00+00:00,DOT/USDT,4h,6.589,6.641,6.494,6.629,198941.423445
1737547200000,2025-01-22T12:00:00+00:00,DOT/USDT,4h,6.629,6.657,6.484,6.524,110393.638618
1737561600000,2025-01-22T16:00:00+00:00,DOT/USDT,4h,6.518,6.602,6.46,6.521,98732.644175
1737576000000,2025-01-22T20:00:00+00:00,DOT/USDT,4h,6.524,6.559,6.412,6.443,102065.051098
1737590400000,2025-01-23T00:00:00+00:00,DOT/USDT,4h,6.443,6.472,6.294,6.355,147295.580492
1737604800000,2025-01-23T04:00:00+00:00,DOT/USDT,4h,6.355,6.368,6.279,6.363,68237.705414
1737619200000,2025-01-23T08:00:00+00:00,DOT/USDT,4h,6.361,6.377,6.242,6.316,110615.394536
1737633600000,2025-01-23T12:00:00+00:00,DOT/USDT,4h,6.313,6.483,6.243,6.401,352247.600983
1737648000000,2025-01-23T16:00:00+00:00,DOT/USDT,4h,6.403,6.502,6.211,6.232,203592.651561
1737662400000,2025-01-23T20:00:00+00:00,DOT/USDT,4h,6.229,6.415,6.191,6.351,301663.495506
1737676800000,2025-01-24T00:00:00+00:00,DOT/USDT,4h,6.353,6.369,6.201,6.283,192263.150688
1737691200000,2025-01-24T04:00:00+00:00,DOT/USDT,4h,6.277,6.503,6.26,6.417,122774.618114
1737705600000,2025-01-24T08:00:00+00:00,DOT/USDT,4h,6.419,6.497,6.399,6.462,134069.312915
1737720000000,2025-01-24T12:00:00+00:00,DOT/USDT,4h,6.461,6.544,6.409,6.468,171391.453577
1737734400000,2025-01-24T16:00:00+00:00,DOT/USDT,4h,6.469,6.502,6.409,6.431,115088.099333
1737748800000,2025-01-24T20:00:00+00:00,DOT/USDT,4h,6.434,6.45,6.286,6.321,123776.124939
1737763200000,2025-01-25T00:00:00+00:00,DOT/USDT,4h,6.318,6.387,6.246,6.381,119886.336095
1737777600000,2025-01-25T04:00:00+00:00,DOT/USDT,4h,6.379,6.383,6.29,6.295,130458.729345
1737792000000,2025-01-25T08:00:00+00:00,DOT/USDT,4h,6.296,6.337,6.263,6.327,167963.114207
1737806400000,2025-01-25T12:00:00+00:00,DOT/USDT,4h,6.324,6.38,6.283,6.374,133062.984297
1737820800000,2025-01-25T16:00:00+00:00,DOT/USDT,4h,6.367,6.408,6.342,6.359,87657.337609
1737835200000,2025-01-25T20:00:00+00:00,DOT/USDT,4h,6.363,6.395,6.313,6.318,64064.651136
1737849600000,2025-01-26T00:00:00+00:00,DOT/USDT,4h,6.324,6.352,6.264,6.327,84362.369456
1737864000000,2025-01-26T04:00:00+00:00,DOT/USDT,4h,6.325,6.395,6.32,6.36,91547.828658
1737878400000,2025-01-26T08:00:00+00:00,DOT/USDT,4h,6.359,6.383,6.278,6.375,142730.336578
1737892800000,2025-01-26T12:00:00+00:00,DOT/USDT,4h,6.371,6.391,6.337,6.351,100336.066523
1737907200000,2025-01-26T16:00:00+00:00,DOT/USDT,4h,6.352,6.464,6.321,6.453,152210.907394
1737921600000,2025-01-26T20:00:00+00:00,DOT/USDT,4h,6.453,6.471,6.164,6.178,283651.689337
1737936000000,2025-01-27T00:00:00+00:00,DOT/USDT,4h,6.177,6.213,5.88,5.986,536220.848999
1737950400000,2025-01-27T04:00:00+00:00,DOT/USDT,4h,5.984,5.984,5.487,5.704,962939.80674
1737964800000,2025-01-27T08:00:00+00:00,DOT/USDT,4h,5.704,5.731,5.574,5.634,345652.173348
1737979200000,2025-01-27T12:00:00+00:00,DOT/USDT,4h,5.635,5.904,5.597,5.842,338422.381546
1737993600000,2025-01-27T16:00:00+00:00,DOT/USDT,4h,5.841,5.861,5.685,5.752,159612.111384
1738008000000,2025-01-27T20:00:00+00:00,DOT/USDT,4h,5.762,6.019,5.759,5.949,191604.380939
1738022400000,2025-01-28T00:00:00+00:00,DOT/USDT,4h,5.954,6.003,5.877,5.974,119890.754317
1738036800000,2025-01-28T04:00:00+00:00,DOT/USDT,4h,5.971,6.036,5.915,5.931,119931.764692
1738051200000,2025-01-28T08:00:00+00:00,DOT/USDT,4h,5.932,5.971,5.888,5.922,145976.252734
1738065600000,2025-01-28T12:00:00+00:00,DOT/USDT,4h,5.922,5.955,5.812,5.899,311954.500196
1738080000000,2025-01-28T16:00:00+00:00,DOT/USDT,4h,5.899,5.905,5.747,5.808,209837.319229
1738094400000,2025-01-28T20:00:00+00:00,DOT/USDT,4h,5.804,5.828,5.6,5.652,162634.309652
1738108800000,2025-01-29T00:00:00+00:00,DOT/USDT,4h,5.649,5.801,5.637,5.779,85088.140249
1738123200000,2025-01-29T04:00:00+00:00,DOT/USDT,4h,5.776,5.847,5.758,5.831,56320.28739
1738137600000,2025-01-29T08:00:00+00:00,DOT/USDT,4h,5.83,5.849,5.706,5.734,91946.330422
1738152000000,2025-01-29T12:00:00+00:00,DOT/USDT,4h,5.738,5.745,5.601,5.649,124882.618243
1738166400000,2025-01-29T16:00:00+00:00,DOT/USDT,4h,5.647,5.824,5.543,5.76,309212.280144
1738180800000,2025-01-29T20:00:00+00:00,DOT/USDT,4h,5.753,5.882,5.674,5.767,460454.314097
1738195200000,2025-01-30T00:00:00+00:00,DOT/USDT,4h,5.769,5.959,5.722,5.953,121867.459024
1738209600000,2025-01-30T04:00:00+00:00,DOT/USDT,4h,5.956,5.986,5.896,5.92,89741.428191
1738224000000,2025-01-30T08:00:00+00:00,DOT/USDT,4h,5.922,6.011,5.895,6.007,107291.366485
1738238400000,2025-01-30T12:00:00+00:00,DOT/USDT,4h,6.008,6.255,5.983,6.216,361761.570112
1738252800000,2025-01-30T16:00:00+00:00,DOT/USDT,4h,6.218,6.253,6.132,6.179,158004.980452
1738267200000,2025-01-30T20:00:00+00:00,DOT/USDT,4h,6.18,6.206,6.111,6.125,93980.788546
1738281600000,2025-01-31T00:00:00+00:00,DOT/USDT,4h,6.126,6.181,6.03,6.06,104969.500266
1738296000000,2025-01-31T04:00:00+00:00,DOT/USDT,4h,6.064,6.313,6.031,6.212,108432.104767
1738310400000,2025-01-31T08:00:00+00:00,DOT/USDT,4h,6.213,6.306,6.135,6.299,239094.78048
1738324800000,2025-01-31T12:00:00+00:00,DOT/USDT,4h,6.301,6.488,6.287,6.47,552646.690128
1738339200000,2025-01-31T16:00:00+00:00,DOT/USDT,4h,6.467,6.499,6.238,6.265,248130.84732
1738353600000,2025-01-31T20:00:00+00:00,DOT/USDT,4h,6.262,6.454,6.192,6.321,590257.505591
1738368000000,2025-02-01T00:00:00+00:00,DOT/USDT,4h,6.319,6.442,6.295,6.398,261664.249408
1738382400000,2025-02-01T04:00:00+00:00,DOT/USDT,4h,6.399,6.491,6.34,6.404,202226.492994
1738396800000,2025-02-01T08:00:00+00:00,DOT/USDT,4h,6.41,6.429,6.246,6.4,232289.788402
1738411200000,2025-02-01T12:00:00+00:00,DOT/USDT,4h,6.4,6.412,6.181,6.23,137307.188219
1738425600000,2025-02-01T16:00:00+00:00,DOT/USDT,4h,6.231,6.262,6.053,6.09,152781.207523
1738440000000,2025-02-01T20:00:00+00:00,DOT/USDT,4h,6.09,6.092,5.858,5.906,304834.741887
1738454400000,2025-02-02T00:00:00+00:00,DOT/USDT,4h,5.907,6.046,5.706,5.723,260993.254862
1738468800000,2025-02-02T04:00:00+00:00,DOT/USDT,4h,5.716,5.874,5.702,5.808,206106.234044
1738483200000,2025-02-02T08:00:00+00:00,DOT/USDT,4h,5.806,5.913,5.61,5.633,200869.356443
1738497600000,2025-02-02T12:00:00+00:00,DOT/USDT,4h,5.628,5.734,5.566,5.647,262652.944439
1738512000000,2025-02-02T16:00:00+00:00,DOT/USDT,4h,5.649,5.652,5.085,5.294,1190203.265491
1738526400000,2025-02-02T20:00:00+00:00,DOT/USDT,4h,5.295,5.36,4.857,5.152,1033997.422992
1738540800000,2025-02-03T00:00:00+00:00,DOT/USDT,4h,5.153,5.156,3.762,4.333,5184533.32126
1738555200000,2025-02-03T04:00:00+00:00,DOT/USDT,4h,4.339,4.727,4.137,4.706,1787198.631233
1738569600000,2025-02-03T08:00:00+00:00,DOT/USDT,4h,4.706,4.785,4.515,4.687,836502.654071
1738584000000,2025-02-03T12:00:00+00:00,DOT/USDT,4h,4.687,4.94,4.487,4.911,1071647.235932
1738598400000,2025-02-03T16:00:00+00:00,DOT/USDT,4h,4.911,5.179,4.867,5.167,678970.318038
1738612800000,2025-02-03T20:00:00+00:00,DOT/USDT,4h,5.167,5.279,4.992,5.177,303741.311488
1738627200000,2025-02-04T00:00:00+00:00,DOT/USDT,4h,5.176,5.227,4.995,5.034,288386.138961
1738641600000,2025-02-04T04:00:00+00:00,DOT/USDT,4h,5.032,5.061,4.635,4.645,674157.779847
1738656000000,2025-02-04T08:00:00+00:00,DOT/USDT,4h,4.645,4.894,4.631,4.776,535363.857241
1738670400000,2025-02-04T12:00:00+00:00,DOT/USDT,4h,4.777,4.917,4.724,4.798,854187.759098
1738684800000,2025-02-04T16:00:00+00:00,DOT/USDT,4h,4.8,4.945,4.748,4.748,494106.853425
1738699200000,2025-02-04T20:00:00+00:00,DOT/USDT,4h,4.751,4.801,4.58,4.74,543298.923847
1738713600000,2025-02-05T00:00:00+00:00,DOT/USDT,4h,4.741,4.798,4.691,4.743,263573.596587
1738728000000,2025-02-05T04:00:00+00:00,DOT/USDT,4h,4.744,4.805,4.694,4.75,211665.874462
1738742400000,2025-02-05T08:00:00+00:00,DOT/USDT,4h,4.75,4.829,4.699,4.829,294616.309724
1738756800000,2025-02-05T12:00:00+00:00,DOT/USDT,4h,4.826,4.863,4.725,4.813,519073.421749
1738771200000,2025-02-05T16:00:00+00:00,DOT/USDT,4h,4.812,4.829,4.628,4.765,424087.410685
1738785600000,2025-02-05T20:00:00+00:00,DOT/USDT,4h,4.766,4.793,4.629,4.687,163986.44502
1738800000000,2025-02-06T00:00:00+00:00,DOT/USDT,4h,4.69,4.781,4.669,4.754,141125.033872
1738814400000,2025-02-06T04:00:00+00:00,DOT/USDT,4h,4.754,4.838,4.74,4.783,160727.805146
1738828800000,2025-02-06T08:00:00+00:00,DOT/USDT,4h,4.784,4.823,4.715,4.754,247250.666622
1738843200000,2025-02-06T12:00:00+00:00,DOT/USDT,4h,4.754,4.76,4.493,4.532,634576.95116
1738857600000,2025-02-06T16:00:00+00:00,DOT/USDT,4h,4.532,4.599,4.471,4.503,506847.112276
1738872000000,2025-02-06T20:00:00+00:00,DOT/USDT,4h,4.497,4.592,4.44,4.491,225333.322975
1738886400000,2025-02-07T00:00:00+00:00,DOT/USDT,4h,4.491,4.627,4.485,4.583,221789.229634
1738900800000,2025-02-07T04:00:00+00:00,DOT/USDT,4h,4.587,4.621,4.507,4.585,381758.316082
1738915200000,2025-02-07T08:00:00+00:00,DOT/USDT,4h,4.585,4.727,4.565,4.715,263015.483477
1738929600000,2025-02-07T12:00:00+00:00,DOT/USDT,4h,4.714,4.937,4.687,4.834,1139658.563482
1738944000000,2025-02-07T16:00:00+00:00,DOT/USDT,4h,4.834,4.837,4.667,4.68,342894.594924
1738958400000,2025-02-07T20:00:00+00:00,DOT/USDT,4h,4.68,4.684,4.451,4.593,319892.709823
1738972800000,2025-02-08T00:00:00+00:00,DOT/USDT,4h,4.592,4.652,4.555,4.572,219826.029264
1738987200000,2025-02-08T04:00:00+00:00,DOT/USDT,4h,4.572,4.632,4.503,4.6,113127.748905
1739001600000,2025-02-08T08:00:00+00:00,DOT/USDT,4h,4.601,4.619,4.508,4.535,137977.751127
1739016000000,2025-02-08T12:00:00+00:00,DOT/USDT,4h,4.534,4.623,4.499,4.573,132285.804562
1739030400000,2025-02-08T16:00:00+00:00,DOT/USDT,4h,4.574,4.679,4.55,4.668,211436.235786
1739044800000,2025-02-08T20:00:00+00:00,DOT/USDT,4h,4.669,4.764,4.648,4.745,125413.286312
1739059200000,2025-02-09T00:00:00+00:00,DOT/USDT,4h,4.744,4.847,4.714,4.83,206726.69399
1739073600000,2025-02-09T04:00:00+00:00,DOT/USDT,4h,4.828,4.83,4.715,4.792,194106.31043
1739088000000,2025-02-09T08:00:00+00:00,DOT/USDT,4h,4.793,4.877,4.757,4.795,217644.852717
1739102400000,2025-02-09T12:00:00+00:00,DOT/USDT,4h,4.794,4.845,4.696,4.804,289207.084719
1739116800000,2025-02-09T16:00:00+00:00,DOT/USDT,4h,4.805,4.851,4.716,4.728,109350.891582
1739131200000,2025-02-09T20:00:00+00:00,DOT/USDT,4h,4.726,4.784,4.512,4.765,357149.518556
1739145600000,2025-02-10T00:00:00+00:00,DOT/USDT,4h,4.762,4.887,4.609,4.783,333698.463041
1739160000000,2025-02-10T04:00:00+00:00,DOT/USDT,4h,4.779,4.842,4.734,4.822,204664.022513
1739174400000,2025-02-10T08:00:00+00:00,DOT/USDT,4h,4.82,4.887,4.801,4.845,208379.197933
1739188800000,2025-02-10T12:00:00+00:00,DOT/USDT,4h,4.844,4.92,4.774,4.835,434119.961859
1739203200000,2025-02-10T16:00:00+00:00,DOT/USDT,4h,4.835,4.913,4.822,4.862,388249.132813
1739217600000,2025-02-10T20:00:00+00:00,DOT/USDT,4h,4.861,4.89,4.819,4.845,89202.150859
1739232000000,2025-02-11T00:00:00+00:00,DOT/USDT,4h,4.846,4.991,4.843,4.985,277010.079469
1739246400000,2025-02-11T04:00:00+00:00,DOT/USDT,4h,4.986,5.211,4.969,5.143,755798.385541
1739260800000,2025-02-11T08:00:00+00:00,DOT/USDT,4h,5.139,5.184,5.032,5.093,396998.411767
1739275200000,2025-02-11T12:00:00+00:00,DOT/USDT,4h,5.094,5.106,4.885,4.975,860458.037454
1739289600000,2025-02-11T16:00:00+00:00,DOT/USDT,4h,4.971,5.006,4.749,4.768,450723.751074
1739304000000,2025-02-11T20:00:00+00:00,DOT/USDT,4h,4.763,4.876,4.756,4.808,388424.147196
1739318400000,2025-02-12T00:00:00+00:00,DOT/USDT,4h,4.808,4.871,4.785,4.817,167438.212473
1739332800000,2025-02-12T04:00:00+00:00,DOT/USDT,4h,4.811,4.851,4.779,4.824,104557.118487
1739347200000,2025-02-12T08:00:00+00:00,DOT/USDT,4h,4.822,4.997,4.815,4.954,898363.992515
1739361600000,2025-02-12T12:00:00+00:00,DOT/USDT,4h,4.955,5.223,4.751,5.092,1782532.060555
1739376000000,2025-02-12T16:00:00+00:00,DOT/USDT,4h,5.096,5.329,5.012,5.283,741943.192634
1739390400000,2025-02-12T20:00:00+00:00,DOT/USDT,4h,5.283,5.319,5.188,5.229,525862.237372
1739404800000,2025-02-13T00:00:00+00:00,DOT/USDT,4h,5.23,5.277,5.185,5.216,273845.433487
1739419200000,2025-02-13T04:00:00+00:00,DOT/USDT,4h,5.216,5.218,5.066,5.145,251316.03054
1739433600000,2025-02-13T08:00:00+00:00,DOT/USDT,4h,5.147,5.195,5.091,5.154,283653.783436
1739448000000,2025-02-13T12:00:00+00:00,DOT/USDT,4h,5.157,5.207,5.068,5.162,476907.933969
1739462400000,2025-02-13T16:00:00+00:00,DOT/USDT,4h,5.161,5.197,5.078,5.139,423963.959348
1739476800000,2025-02-13T20:00:00+00:00,DOT/USDT,4h,5.14,5.192,5.113,5.131,120304.021174
1739491200000,2025-02-14T00:00:00+00:00,DOT/USDT,4h,5.132,5.244,5.099,5.231,115937.843907
1739505600000,2025-02-14T04:00:00+00:00,DOT/USDT,4h,5.233,5.243,5.136,5.176,243111.705568
1739520000000,2025-02-14T08:00:00+00:00,DOT/USDT,4h,5.176,5.295,5.176,5.224,543358.585515
1739534400000,2025-02-14T12:00:00+00:00,DOT/USDT,4h,5.222,5.276,5.154,5.225,406583.492335
1739548800000,2025-02-14T16:00:00+00:00,DOT/USDT,4h,5.225,5.38,5.187,5.29,847269.989243
1739563200000,2025-02-14T20:00:00+00:00,DOT/USDT,4h,5.291,5.311,5.129,5.171,251618.261032
1739577600000,2025-02-15T00:00:00+00:00,DOT/USDT,4h,5.171,5.22,5.115,5.187,128711.950836
1739592000000,2025-02-15T04:00:00+00:00,DOT/USDT,4h,5.189,5.206,5.095,5.104,163987.021852
1739606400000,2025-02-15T08:00:00+00:00,DOT/USDT,4h,5.103,5.125,5.033,5.06,193099.496763
1739620800000,2025-02-15T12:00:00+00:00,DOT/USDT,4h,5.064,5.118,5.0,5.046,231737.632387
1739635200000,2025-02-15T16:00:00+00:00,DOT/USDT,4h,5.049,5.125,5.014,5.057,77904.904542
1739649600000,2025-02-15T20:00:00+00:00,DOT/USDT,4h,5.064,5.066,4.977,5.022,97454.285982
1739664000000,2025-02-16T00:00:00+00:00,DOT/USDT,4h,5.022,5.047,4.944,4.975,107124.443749
1739678400000,2025-02-16T04:00:00+00:00,DOT/USDT,4h,4.976,5.016,4.885,4.909,180561.19433
1739692800000,2025-02-16T08:00:00+00:00,DOT/USDT,4h,4.911,5.02,4.899,5.015,154297.138766
1739707200000,2025-02-16T12:00:00+00:00,DOT/USDT,4h,5.015,5.027,4.878,4.943,428364.747642
1739721600000,2025-02-16T16:00:00+00:00,DOT/USDT,4h,4.944,4.96,4.827,4.896,178480.166015
1739736000000,2025-02-16T20:00:00+00:00,DOT/USDT,4h,4.894,4.931,4.858,4.879,107331.799731
1739750400000,2025-02-17T00:00:00+00:00,DOT/USDT,4h,4.879,4.955,4.877,4.895,104916.917362
1739764800000,2025-02-17T04:00:00+00:00,DOT/USDT,4h,4.895,4.931,4.79,4.882,452067.768646
1739779200000,2025-02-17T08:00:00+00:00,DOT/USDT,4h,4.875,4.985,4.857,4.952,339792.514592
1739793600000,2025-02-17T12:00:00+00:00,DOT/USDT,4h,4.951,5.071,4.891,4.905,318537.542141
1739808000000,2025-02-17T16:00:00+00:00,DOT/USDT,4h,4.901,4.945,4.776,4.867,261493.394636
1739822400000,2025-02-17T20:00:00+00:00,DOT/USDT,4h,4.861,4.934,4.857,4.89,371255.394469
1739836800000,2025-02-18T00:00:00+00:00,DOT/USDT,4h,4.89,4.915,4.842,4.905,198085.012867
1739851200000,2025-02-18T04:00:00+00:00,DOT/USDT,4h,4.904,4.918,4.679,4.721,345403.023557
1739865600000,2025-02-18T08:00:00+00:00,DOT/USDT,4h,4.716,4.807,4.672,4.769,774957.619436
1739880000000,2025-02-18T12:00:00+00:00,DOT/USDT,4h,4.769,4.836,4.619,4.657,680636.933517
1739894400000,2025-02-18T16:00:00+00:00,DOT/USDT,4h,4.657,4.701,4.559,4.674,567786.572615
1739908800000,2025-02-18T20:00:00+00:00,DOT/USDT,4h,4.675,4.771,4.653,4.77,113360.29649
1739923200000,2025-02-19T00:00:00+00:00,DOT/USDT,4h,4.771,4.796,4.705,4.776,306360.097018
1739937600000,2025-02-19T04:00:00+00:00,DOT/USDT,4h,4.779,4.826,4.698,4.796,140018.311872
1739952000000,2025-02-19T08:00:00+00:00,DOT/USDT,4h,4.794,4.846,4.757,4.836,253721.091589
1739966400000,2025-02-19T12:00:00+00:00,DOT/USDT,4h,4.838,4.893,4.784,4.822,574309.030792
1739980800000,2025-02-19T16:00:00+00:00,DOT/USDT,4h,4.822,4.888,4.805,4.866,352641.938733
1739995200000,2025-02-19T20:00:00+00:00,DOT/USDT,4h,4.866,4.906,4.824,4.887,99862.649246
1740009600000,2025-02-20T00:00:00+00:00,DOT/USDT,4h,4.886,5.0,4.88,4.977,395829.914009
1740024000000,2025-02-20T04:00:00+00:00,DOT/USDT,4h,4.977,5.04,4.939,4.939,257432.053033
1740038400000,2025-02-20T08:00:00+00:00,DOT/USDT,4h,4.942,4.993,4.927,4.964,183574.944936
1740052800000,2025-02-20T12:00:00+00:00,DOT/USDT,4h,4.965,5.034,4.917,4.925,584598.151833
1740067200000,2025-02-20T16:00:00+00:00,DOT/USDT,4h,4.926,5.064,4.918,5.042,447988.43774
1740081600000,2025-02-20T20:00:00+00:00,DOT/USDT,4h,5.042,5.068,5.013,5.044,266109.360808
1740096000000,2025-02-21T00:00:00+00:00,DOT/USDT,4h,5.048,5.063,5.023,5.027,153126.493322
1740110400000,2025-02-21T04:00:00+00:00,DOT/USDT,4h,5.027,5.096,5.027,5.04,261248.563544
1740124800000,2025-02-21T08:00:00+00:00,DOT/USDT,4h,5.04,5.181,5.033,5.157,394140.864601
1740139200000,2025-02-21T12:00:00+00:00,DOT/USDT,4h,5.156,5.337,5.093,5.205,1146646.670866
1740153600000,2025-02-21T16:00:00+00:00,DOT/USDT,4h,5.205,5.297,4.949,4.983,752225.000626
1740168000000,2025-02-21T20:00:00+00:00,DOT/USDT,4h,4.981,5.125,4.973,5.059,272855.64476
1740182400000,2025-02-22T00:00:00+00:00,DOT/USDT,4h,5.061,5.216,5.043,5.137,261320.116588
1740196800000,2025-02-22T04:00:00+00:00,DOT/USDT,4h,5.137,5.2,5.078,5.096,123104.855076
1740211200000,2025-02-22T08:00:00+00:00,DOT/USDT,4h,5.095,5.126,5.074,5.094,141011.885973
1740225600000,2025-02-22T12:00:00+00:00,DOT/USDT,4h,5.093,5.133,5.025,5.07,368832.356508
1740240000000,2025-02-22T16:00:00+00:00,DOT/USDT,4h,5.07,5.144,5.07,5.092,280766.412717
1740254400000,2025-02-22T20:00:00+00:00,DOT/USDT,4h,5.093,5.093,5.034,5.042,79952.469994
1740268800000,2025-02-23T00:00:00+00:00,DOT/USDT,4h,5.042,5.132,5.031,5.064,167467.486123
1740283200000,2025-02-23T04:00:00+00:00,DOT/USDT,4h,5.065,5.114,5.035,5.104,134947.911424
1740297600000,2025-02-23T08:00:00+00:00,DOT/USDT,4h,5.104,5.119,5.012,5.014,128143.135058
1740312000000,2025-02-23T12:00:00+00:00,DOT/USDT,4h,5.012,5.035,4.947,4.952,234706.43328
1740326400000,2025-02-23T16:00:00+00:00,DOT/USDT,4h,4.952,4.994,4.93,4.94,109911.426201
1740340800000,2025-02-23T20:00:00+00:00,DOT/USDT,4h,4.941,4.981,4.907,4.955,95700.872086
1740355200000,2025-02-24T00:00:00+00:00,DOT/USDT,4h,4.956,4.981,4.787,4.796,193302.16269
1740369600000,2025-02-24T04:00:00+00:00,DOT/USDT,4h,4.795,4.832,4.741,4.802,201079.521179
1740384000000,2025-02-24T08:00:00+00:00,DOT/USDT,4h,4.801,4.802,4.661,4.731,402348.373546
1740398400000,2025-02-24T12:00:00+00:00,DOT/USDT,4h,4.731,4.761,4.606,4.669,489905.427115
1740412800000,2025-02-24T16:00:00+00:00,DOT/USDT,4h,4.668,4.71,4.58,4.621,140410.440297
1740427200000,2025-02-24T20:00:00+00:00,DOT/USDT,4h,4.62,4.677,4.33,4.416,938096.111622
1740441600000,2025-02-25T00:00:00+00:00,DOT/USDT,4h,4.415,4.465,4.302,4.394,634823.44435
1740456000000,2025-02-25T04:00:00+00:00,DOT/USDT,4h,4.396,4.426,4.138,4.264,842941.497267
1740470400000,2025-02-25T08:00:00+00:00,DOT/USDT,4h,4.264,4.413,4.188,4.408,618627.347266
1740484800000,2025-02-25T12:00:00+00:00,DOT/USDT,4h,4.408,4.517,4.328,4.429,890639.62254
1740499200000,2025-02-25T16:00:00+00:00,DOT/USDT,4h,4.431,4.64,4.372,4.637,701784.555991
1740513600000,2025-02-25T20:00:00+00:00,DOT/USDT,4h,4.637,4.759,4.613,4.64,494964.057534
1740528000000,2025-02-26T00:00:00+00:00,DOT/USDT,4h,4.641,4.747,4.593,4.708,278066.295791
1740542400000,2025-02-26T04:00:00+00:00,DOT/USDT,4h,4.708,4.8,4.688,4.765,373564.647006
1740556800000,2025-02-26T08:00:00+00:00,DOT/USDT,4h,4.764,4.871,4.719,4.803,472209.161335
1740571200000,2025-02-26T12:00:00+00:00,DOT/USDT,4h,4.807,4.903,4.681,4.846,593229.018421
1740585600000,2025-02-26T16:00:00+00:00,DOT/USDT,4h,4.847,4.93,4.647,4.686,537780.708759
1740600000000,2025-02-26T20:00:00+00:00,DOT/USDT,4h,4.689,4.867,4.615,4.755,517459.772705
1740614400000,2025-02-27T00:00:00+00:00,DOT/USDT,4h,4.756,4.91,4.715,4.853,291474.863562
1740628800000,2025-02-27T04:00:00+00:00,DOT/USDT,4h,4.852,5.037,4.808,5.001,285558.717981
1740643200000,2025-02-27T08:00:00+00:00,DOT/USDT,4h,5.002,5.183,4.97,5.066,802343.44176
1740657600000,2025-02-27T12:00:00+00:00,DOT/USDT,4h,5.069,5.168,5.028,5.084,669757.517697
1740672000000,2025-02-27T16:00:00+00:00,DOT/USDT,4h,5.084,5.109,4.906,4.922,406262.260225
1740686400000,2025-02-27T20:00:00+00:00,DOT/USDT,4h,4.924,4.956,4.845,4.935,479351.333293
1740700800000,2025-02-28T00:00:00+00:00,DOT/USDT,4h,4.935,4.935,4.595,4.602,847155.819348
1740715200000,2025-02-28T04:00:00+00:00,DOT/USDT,4h,4.604,4.626,4.491,4.535,1091798.613279
1740729600000,2025-02-28T08:00:00+00:00,DOT/USDT,4h,4.537,4.677,4.454,4.578,933788.70669
1740744000000,2025-02-28T12:00:00+00:00,DOT/USDT,4h,4.576,4.797,4.486,4.74,1914091.053976
1740758400000,2025-02-28T16:00:00+00:00,DOT/USDT,4h,4.744,4.759,4.662,4.722,263137.482777
1740772800000,2025-02-28T20:00:00+00:00,DOT/USDT,4h,4.72,4.742,4.677,4.713,229614.723038
1740787200000,2025-03-01T00:00:00+00:00,DOT/USDT,4h,4.714,4.82,4.689,4.728,315888.20201
1740801600000,2025-03-01T04:00:00+00:00,DOT/USDT,4h,4.727,4.772,4.619,4.62,188663.702183
1740816000000,2025-03-01T08:00:00+00:00,DOT/USDT,4h,4.621,4.687,4.557,4.585,304511.088157
1740830400000,2025-03-01T12:00:00+00:00,DOT/USDT,4h,4.587,4.595,4.526,4.579,217988.295127
1740844800000,2025-03-01T16:00:00+00:00,DOT/USDT,4h,4.577,4.655,4.565,4.648,103669.617379
1740859200000,2025-03-01T20:00:00+00:00,DOT/USDT,4h,4.649,4.731,4.626,4.665,130690.144337
1740873600000,2025-03-02T00:00:00+00:00,DOT/USDT,4h,4.663,4.711,4.64,4.682,200011.722998
1740888000000,2025-03-02T04:00:00+00:00,DOT/USDT,4h,4.683,4.701,4.627,4.629,116806.052592
1740902400000,2025-03-02T08:00:00+00:00,DOT/USDT,4h,4.628,4.667,4.599,4.635,198054.636707
1740916800000,2025-03-02T12:00:00+00:00,DOT/USDT,4h,4.636,4.847,4.568,4.749,450110.947166
1740931200000,2025-03-02T16:00:00+00:00,DOT/USDT,4h,4.75,5.178,4.742,5.106,1706423.923425
1740945600000,2025-03-02T20:00:00+00:00,DOT/USDT,4h,5.106,5.229,5.07,5.203,633244.702723
1740960000000,2025-03-03T00:00:00+00:00,DOT/USDT,4h,5.205,5.249,5.053,5.094,618249.747794
1740974400000,2025-03-03T04:00:00+00:00,DOT/USDT,4h,5.099,5.149,4.894,4.966,408798.795578
1740988800000,2025-03-03T08:00:00+00:00,DOT/USDT,4h,4.965,4.977,4.805,4.911,231300.38217
1741003200000,2025-03-03T12:00:00+00:00,DOT/USDT,4h,4.91,5.023,4.8,4.863,451954.478154
1741017600000,2025-03-03T16:00:00+00:00,DOT/USDT,4h,4.865,4.913,4.457,4.495,950597.348502
1741032000000,2025-03-03T20:00:00+00:00,DOT/USDT,4h,4.497,4.555,4.435,4.474,463139.198419
1741046400000,2025-03-04T00:00:00+00:00,DOT/USDT,4h,4.473,4.514,4.146,4.226,1291449.353066
1741060800000,2025-03-04T04:00:00+00:00,DOT/USDT,4h,4.224,4.34,4.217,4.249,503334.882328
1741075200000,2025-03-04T08:00:00+00:00,DOT/USDT,4h,4.247,4.312,4.211,4.231,496881.295894
1741089600000,2025-03-04T12:00:00+00:00,DOT/USDT,4h,4.227,4.359,4.106,4.222,816538.155083
1741104000000,2025-03-04T16:00:00+00:00,DOT/USDT,4h,4.223,4.386,4.014,4.375,731927.849135
1741118400000,2025-03-04T20:00:00+00:00,DOT/USDT,4h,4.376,4.423,4.28,4.329,256472.860819
1741132800000,2025-03-05T00:00:00+00:00,DOT/USDT,4h,4.328,4.398,4.279,4.291,184615.898244
1741147200000,2025-03-05T04:00:00+00:00,DOT/USDT,4h,4.291,4.343,4.279,4.34,124084.984067
1741161600000,2025-03-05T08:00:00+00:00,DOT/USDT,4h,4.339,4.484,4.333,4.4,242303.367055
1741176000000,2025-03-05T12:00:00+00:00,DOT/USDT,4h,4.401,4.442,4.31,4.367,423254.801313
1741190400000,2025-03-05T16:00:00+00:00,DOT/USDT,4h,4.366,4.495,4.332,4.486,220413.404047
1741204800000,2025-03-05T20:00:00+00:00,DOT/USDT,4h,4.487,4.549,4.487,4.523,163181.189651
1741219200000,2025-03-06T00:00:00+00:00,DOT/USDT,4h,4.526,4.559,4.453,4.558,251320.507724
1741233600000,2025-03-06T04:00:00+00:00,DOT/USDT,4h,4.559,4.663,4.522,4.53,339170.236443
1741248000000,2025-03-06T08:00:00+00:00,DOT/USDT,4h,4.531,4.603,4.521,4.574,262733.720401
1741262400000,2025-03-06T12:00:00+00:00,DOT/USDT,4h,4.575,4.581,4.428,4.496,263596.452585
1741276800000,2025-03-06T16:00:00+00:00,DOT/USDT,4h,4.499,4.514,4.343,4.38,287682.93314
1741291200000,2025-03-06T20:00:00+00:00,DOT/USDT,4h,4.376,4.495,4.375,4.43,420117.623477
1741305600000,2025-03-07T00:00:00+00:00,DOT/USDT,4h,4.43,4.477,4.214,4.376,651466.839736
1741320000000,2025-03-07T04:00:00+00:00,DOT/USDT,4h,4.375,4.553,4.37,4.55,179813.265961
1741334400000,2025-03-07T08:00:00+00:00,DOT/USDT,4h,4.549,4.638,4.523,4.626,451864.683902
1741348800000,2025-03-07T12:00:00+00:00,DOT/USDT,4h,4.629,4.677,4.518,4.578,741740.483821
1741363200000,2025-03-07T16:00:00+00:00,DOT/USDT,4h,4.577,4.626,4.461,4.553,591791.776394
1741377600000,2025-03-07T20:00:00+00:00,DOT/USDT,4h,4.552,4.579,4.372,4.414,473887.080822
1741392000000,2025-03-08T00:00:00+00:00,DOT/USDT,4h,4.413,4.445,4.312,4.391,185178.736807
1741406400000,2025-03-08T04:00:00+00:00,DOT/USDT,4h,4.391,4.423,4.355,4.381,272505.514738
1741420800000,2025-03-08T08:00:00+00:00,DOT/USDT,4h,4.38,4.411,4.291,4.331,381810.708507
1741435200000,2025-03-08T12:00:00+00:00,DOT/USDT,4h,4.332,4.405,4.33,4.342,223120.756479
1741449600000,2025-03-08T16:00:00+00:00,DOT/USDT,4h,4.342,4.375,4.258,4.357,252835.351942
1741464000000,2025-03-08T20:00:00+00:00,DOT/USDT,4h,4.357,4.359,4.268,4.288,143046.078056
1741478400000,2025-03-09T00:00:00+00:00,DOT/USDT,4h,4.291,4.351,4.269,4.309,269460.033944
1741492800000,2025-03-09T04:00:00+00:00,DOT/USDT,4h,4.308,4.348,4.291,4.319,127512.734467
1741507200000,2025-03-09T08:00:00+00:00,DOT/USDT,4h,4.319,4.319,4.199,4.223,410376.52967
1741521600000,2025-03-09T12:00:00+00:00,DOT/USDT,4h,4.223,4.27,4.134,4.163,391567.085298
1741536000000,2025-03-09T16:00:00+00:00,DOT/USDT,4h,4.162,4.19,3.98,4.06,666330.109733
1741550400000,2025-03-09T20:00:00+00:00,DOT/USDT,4h,4.061,4.094,3.988,4.016,283046.770498
1741564800000,2025-03-10T00:00:00+00:00,DOT/USDT,4h,4.019,4.225,3.973,4.203,576942.288415
1741579200000,2025-03-10T04:00:00+00:00,DOT/USDT,4h,4.202,4.25,4.148,4.169,288102.374739
1741593600000,2025-03-10T08:00:00+00:00,DOT/USDT,4h,4.17,4.285,4.123,4.218,443050.286372
1741608000000,2025-03-10T12:00:00+00:00,DOT/USDT,4h,4.219,4.239,3.994,4.066,524221.200516
1741622400000,2025-03-10T16:00:00+00:00,DOT/USDT,4h,4.065,4.082,3.775,3.938,915987.01637
1741636800000,2025-03-10T20:00:00+00:00,DOT/USDT,4h,3.937,3.976,3.864,3.869,546234.972257
1741651200000,2025-03-11T00:00:00+00:00,DOT/USDT,4h,3.872,3.929,3.657,3.885,893332.727605
1741665600000,2025-03-11T04:00:00+00:00,DOT/USDT,4h,3.885,3.992,3.88,3.947,268899.474679
1741680000000,2025-03-11T08:00:00+00:00,DOT/USDT,4h,3.947,4.024,3.938,3.997,525167.017052
1741694400000,2025-03-11T12:00:00+00:00,DOT/USDT,4h,3.997,4.022,3.817,3.975,1222704.727915
1741708800000,2025-03-11T16:00:00+00:00,DOT/USDT,4h,3.975,4.123,3.934,4.105,630452.280854
1741723200000,2025-03-11T20:00:00+00:00,DOT/USDT,4h,4.105,4.114,4.033,4.042,216993.425596
1741737600000,2025-03-12T00:00:00+00:00,DOT/USDT,4h,4.044,4.096,3.948,3.953,390772.428813
1741752000000,2025-03-12T04:00:00+00:00,DOT/USDT,4h,3.953,4.014,3.914,3.99,295862.143038
1741766400000,2025-03-12T08:00:00+00:00,DOT/USDT,4h,3.99,4.067,3.949,4.017,586809.74047
1741780800000,2025-03-12T12:00:00+00:00,DOT/USDT,4h,4.017,4.096,3.848,3.932,604202.859073
1741795200000,2025-03-12T16:00:00+00:00,DOT/USDT,4h,3.927,3.986,3.919,3.971,178628.367545
1741809600000,2025-03-12T20:00:00+00:00,DOT/USDT,4h,3.971,4.0,3.948,3.969,230739.29406
1741824000000,2025-03-13T00:00:00+00:00,DOT/USDT,4h,3.972,4.031,3.927,3.972,469133.105748
1741838400000,2025-03-13T04:00:00+00:00,DOT/USDT,4h,3.973,3.987,3.912,3.949,246700.006181
1741852800000,2025-03-13T08:00:00+00:00,DOT/USDT,4h,3.949,4.07,3.921,4.069,431898.117863
1741867200000,2025-03-13T12:00:00+00:00,DOT/USDT,4h,4.068,4.11,3.944,3.961,462754.951842
1741881600000,2025-03-13T16:00:00+00:00,DOT/USDT,4h,3.961,3.966,3.825,3.886,472374.734599
1741896000000,2025-03-13T20:00:00+00:00,DOT/USDT,4h,3.887,4.005,3.877,3.981,120341.833222
1741910400000,2025-03-14T00:00:00+00:00,DOT/USDT,4h,3.982,4.061,3.969,4.028,257842.148703
1741924800000,2025-03-14T04:00:00+00:00,DOT/USDT,4h,4.028,4.05,4.015,4.028,162668.629447
1741939200000,2025-03-14T08:00:00+00:00,DOT/USDT,4h,4.028,4.193,4.023,4.162,423682.168965
1741953600000,2025-03-14T12:00:00+00:00,DOT/USDT,4h,4.161,4.204,4.098,4.168,610404.409621
1741968000000,2025-03-14T16:00:00+00:00,DOT/USDT,4h,4.17,4.222,4.169,4.19,502275.79908
1741982400000,2025-03-14T20:00:00+00:00,DOT/USDT,4h,4.182,4.228,4.159,4.185,328700.56538
1741996800000,2025-03-15T00:00:00+00:00,DOT/USDT,4h,4.187,4.252,4.185,4.238,232033.209536
1742011200000,2025-03-15T04:00:00+00:00,DOT/USDT,4h,4.237,4.309,4.227,4.258,376375.201598
1742025600000,2025-03-15T08:00:00+00:00,DOT/USDT,4h,4.259,4.351,4.246,4.349,250012.957661
1742040000000,2025-03-15T12:00:00+00:00,DOT/USDT,4h,4.347,4.427,4.344,4.379,405371.883475
1742054400000,2025-03-15T16:00:00+00:00,DOT/USDT,4h,4.382,4.404,4.334,4.355,179091.495667
1742068800000,2025-03-15T20:00:00+00:00,DOT/USDT,4h,4.357,4.4,4.344,4.349,137375.308898
1742083200000,2025-03-16T00:00:00+00:00,DOT/USDT,4h,4.349,4.361,4.294,4.334,129754.057592
1742097600000,2025-03-16T04:00:00+00:00,DOT/USDT,4h,4.333,4.357,4.302,4.313,118786.48711
1742112000000,2025-03-16T08:00:00+00:00,DOT/USDT,4h,4.314,4.325,4.185,4.198,323413.248456
1742126400000,2025-03-16T12:00:00+00:00,DOT/USDT,4h,4.198,4.262,4.194,4.238,227714.128395
1742140800000,2025-03-16T16:00:00+00:00,DOT/USDT,4h,4.238,4.342,4.202,4.229,200904.453285
1742155200000,2025-03-16T20:00:00+00:00,DOT/USDT,4h,4.23,4.364,4.227,4.298,149844.264054
1742169600000,2025-03-17T00:00:00+00:00,DOT/USDT,4h,4.299,4.467,4.298,4.435,295090.547599
1742184000000,2025-03-17T04:00:00+00:00,DOT/USDT,4h,4.435,4.444,4.342,4.393,224106.531245
1742198400000,2025-03-17T08:00:00+00:00,DOT/USDT,4h,4.389,4.436,4.36,4.371,233734.006645
1742212800000,2025-03-17T12:00:00+00:00,DOT/USDT,4h,4.371,4.42,4.325,4.375,346658.125145
1742227200000,2025-03-17T16:00:00+00:00,DOT/USDT,4h,4.376,4.436,4.34,4.403,226278.678846
1742241600000,2025-03-17T20:00:00+00:00,DOT/USDT,4h,4.404,4.435,4.366,4.37,255782.435458
1742256000000,2025-03-18T00:00:00+00:00,DOT/USDT,4h,4.37,4.37,4.261,4.266,198235.967977
1742270400000,2025-03-18T04:00:00+00:00,DOT/USDT,4h,4.263,4.313,4.233,4.3,302830.342563
1742284800000,2025-03-18T08:00:00+00:00,DOT/USDT,4h,4.3,4.339,4.254,4.264,299935.991438
1742299200000,2025-03-18T12:00:00+00:00,DOT/USDT,4h,4.263,4.333,4.256,4.291,453720.661706
1742313600000,2025-03-18T16:00:00+00:00,DOT/USDT,4h,4.288,4.399,4.242,4.385,294052.369727
1742328000000,2025-03-18T20:00:00+00:00,DOT/USDT,4h,4.388,4.488,4.359,4.45,268805.015553
1742342400000,2025-03-19T00:00:00+00:00,DOT/USDT,4h,4.451,4.533,4.437,4.526,295320.26813
1742356800000,2025-03-19T04:00:00+00:00,DOT/USDT,4h,4.526,4.555,4.496,4.508,270373.205234
1742371200000,2025-03-19T08:00:00+00:00,DOT/USDT,4h,4.513,4.558,4.473,4.535,353380.133161
1742385600000,2025-03-19T12:00:00+00:00,DOT/USDT,4h,4.537,4.589,4.49,4.536,354224.392013
1742400000000,2025-03-19T16:00:00+00:00,DOT/USDT,4h,4.535,4.597,4.454,4.563,374970.739167
1742414400000,2025-03-19T20:00:00+00:00,DOT/USDT,4h,4.564,4.58,4.505,4.539,222355.181967
1742428800000,2025-03-20T00:00:00+00:00,DOT/USDT,4h,4.542,4.569,4.469,4.474,223169.600217
1742443200000,2025-03-20T04:00:00+00:00,DOT/USDT,4h,4.474,4.479,4.436,4.47,137241.674695
1742457600000,2025-03-20T08:00:00+00:00,DOT/USDT,4h,4.472,4.501,4.384,4.398,302371.572275
1742472000000,2025-03-20T12:00:00+00:00,DOT/USDT,4h,4.399,4.455,4.383,4.39,146214.392826
1742486400000,2025-03-20T16:00:00+00:00,DOT/USDT,4h,4.388,4.407,4.326,4.344,231672.615136
1742500800000,2025-03-20T20:00:00+00:00,DOT/USDT,4h,4.343,4.404,4.341,4.399,389270.859903
1742515200000,2025-03-21T00:00:00+00:00,DOT/USDT,4h,4.399,4.541,4.39,4.465,335415.011889
1742529600000,2025-03-21T04:00:00+00:00,DOT/USDT,4h,4.464,4.566,4.464,4.509,332827.972194
1742544000000,2025-03-21T08:00:00+00:00,DOT/USDT,4h,4.508,4.536,4.409,4.427,393270.681506
1742558400000,2025-03-21T12:00:00+00:00,DOT/USDT,4h,4.423,4.471,4.38,4.445,272393.392634
1742572800000,2025-03-21T16:00:00+00:00,DOT/USDT,4h,4.447,4.578,4.422,4.515,286005.882793
1742587200000,2025-03-21T20:00:00+00:00,DOT/USDT,4h,4.517,4.585,4.49,4.496,154658.570699
1742601600000,2025-03-22T00:00:00+00:00,DOT/USDT,4h,4.499,4.503,4.442,4.46,112668.197693
1742616000000,2025-03-22T04:00:00+00:00,DOT/USDT,4h,4.46,4.53,4.45,4.473,178171.67226
1742630400000,2025-03-22T08:00:00+00:00,DOT/USDT,4h,4.475,4.509,4.448,4.464,162848.755208
1742644800000,2025-03-22T12:00:00+00:00,DOT/USDT,4h,4.468,4.484,4.416,4.466,462155.227077
1742659200000,2025-03-22T16:00:00+00:00,DOT/USDT,4h,4.465,4.545,4.453,4.526,237757.574198
1742673600000,2025-03-22T20:00:00+00:00,DOT/USDT,4h,4.526,4.532,4.428,4.446,113267.60458
1742688000000,2025-03-23T00:00:00+00:00,DOT/USDT,4h,4.445,4.468,4.431,4.453,171164.380336
1742702400000,2025-03-23T04:00:00+00:00,DOT/USDT,4h,4.454,4.488,4.403,4.458,211968.621519
1742716800000,2025-03-23T08:00:00+00:00,DOT/USDT,4h,4.458,4.487,4.422,4.472,128548.059791
1742731200000,2025-03-23T12:00:00+00:00,DOT/USDT,4h,4.474,4.497,4.452,4.453,189348.717246
1742745600000,2025-03-23T16:00:00+00:00,DOT/USDT,4h,4.452,4.469,4.399,4.468,132957.556968
1742760000000,2025-03-23T20:00:00+00:00,DOT/USDT,4h,4.47,4.517,4.446,4.502,160707.969475
1742774400000,2025-03-24T00:00:00+00:00,DOT/USDT,4h,4.502,4.571,4.47,4.552,251672.329003
1742788800000,2025-03-24T04:00:00+00:00,DOT/USDT,4h,4.551,4.749,4.551,4.709,347474.535524
1742803200000,2025-03-24T08:00:00+00:00,DOT/USDT,4h,4.71,4.774,4.688,4.693,255104.452087
1742817600000,2025-03-24T12:00:00+00:00,DOT/USDT,4h,4.693,4.752,4.662,4.726,217296.831089
1742832000000,2025-03-24T16:00:00+00:00,DOT/USDT,4h,4.726,4.73,4.668,4.69,186643.035389
1742846400000,2025-03-24T20:00:00+00:00,DOT/USDT,4h,4.693,4.703,4.582,4.622,362851.709615
1742860800000,2025-03-25T00:00:00+00:00,DOT/USDT,4h,4.619,4.677,4.584,4.601,238602.770473
1742875200000,2025-03-25T04:00:00+00:00,DOT/USDT,4h,4.598,4.645,4.587,4.612,140150.82751
1742889600000,2025-03-25T08:00:00+00:00,DOT/USDT,4h,4.615,4.684,4.615,4.673,155532.051327
1742904000000,2025-03-25T12:00:00+00:00,DOT/USDT,4h,4.674,4.72,4.652,4.667,360742.205583
1742918400000,2025-03-25T16:00:00+00:00,DOT/USDT,4h,4.668,4.684,4.632,4.661,288332.139952
1742932800000,2025-03-25T20:00:00+00:00,DOT/USDT,4h,4.66,4.687,4.607,4.637,116698.816486
1742947200000,2025-03-26T00:00:00+00:00,DOT/USDT,4h,4.637,4.696,4.595,4.607,312095.842319
1742961600000,2025-03-26T04:00:00+00:00,DOT/USDT,4h,4.605,4.728,4.6,4.719,384158.092205
1742976000000,2025-03-26T08:00:00+00:00,DOT/USDT,4h,4.72,4.767,4.682,4.754,238212.831766
1742990400000,2025-03-26T12:00:00+00:00,DOT/USDT,4h,4.754,4.762,4.614,4.711,497385.015815
1743004800000,2025-03-26T16:00:00+00:00,DOT/USDT,4h,4.712,4.738,4.606,4.671,364202.86685
1743019200000,2025-03-26T20:00:00+00:00,DOT/USDT,4h,4.667,4.733,4.647,4.694,349079.748045
1743033600000,2025-03-27T00:00:00+00:00,DOT/USDT,4h,4.695,4.757,4.685,4.736,260977.850831
1743048000000,2025-03-27T04:00:00+00:00,DOT/USDT,4h,4.737,4.743,4.664,4.673,120291.386449
1743062400000,2025-03-27T08:00:00+00:00,DOT/USDT,4h,4.674,4.687,4.58,4.582,272892.90128
1743076800000,2025-03-27T12:00:00+00:00,DOT/USDT,4h,4.58,4.659,4.496,4.572,613278.257469
1743091200000,2025-03-27T16:00:00+00:00,DOT/USDT,4h,4.572,4.615,4.55,4.588,396549.461215
1743105600000,2025-03-27T20:00:00+00:00,DOT/USDT,4h,4.588,4.668,4.583,4.623,106208.06768
1743120000000,2025-03-28T00:00:00+00:00,DOT/USDT,4h,4.625,4.646,4.556,4.573,209904.388254
1743134400000,2025-03-28T04:00:00+00:00,DOT/USDT,4h,4.572,4.575,4.307,4.308,612568.627898
1743148800000,2025-03-28T08:00:00+00:00,DOT/USDT,4h,4.308,4.333,4.25,4.291,601668.327619
1743163200000,2025-03-28T12:00:00+00:00,DOT/USDT,4h,4.291,4.355,4.242,4.294,713215.332467
1743177600000,2025-03-28T16:00:00+00:00,DOT/USDT,4h,4.29,4.318,4.248,4.268,226403.674832
1743192000000,2025-03-28T20:00:00+00:00,DOT/USDT,4h,4.27,4.31,4.249,4.281,96739.251588
1743206400000,2025-03-29T00:00:00+00:00,DOT/USDT,4h,4.281,4.304,4.168,4.231,249867.023015
1743220800000,2025-03-29T04:00:00+00:00,DOT/USDT,4h,4.232,4.242,4.126,4.141,111650.637618
1743235200000,2025-03-29T08:00:00+00:00,DOT/USDT,4h,4.141,4.179,4.051,4.081,441362.228201
1743249600000,2025-03-29T12:00:00+00:00,DOT/USDT,4h,4.081,4.116,4.06,4.07,185266.089009
1743264000000,2025-03-29T16:00:00+00:00,DOT/USDT,4h,4.071,4.095,4.006,4.07,351829.695608
1743278400000,2025-03-29T20:00:00+00:00,DOT/USDT,4h,4.07,4.071,3.995,4.051,156121.033999
1743292800000,2025-03-30T00:00:00+00:00,DOT/USDT,4h,4.05,4.15,4.029,4.107,220999.978482
1743307200000,2025-03-30T04:00:00+00:00,DOT/USDT,4h,4.108,4.136,4.089,4.127,110569.812568
1743321600000,2025-03-30T08:00:00+00:00,DOT/USDT,4h,4.129,4.172,4.091,4.1,169601.347278
1743336000000,2025-03-30T12:00:00+00:00,DOT/USDT,4h,4.099,4.112,4.028,4.064,170415.771466
1743350400000,2025-03-30T16:00:00+00:00,DOT/USDT,4h,4.063,4.122,4.0,4.083,165383.1952
1743364800000,2025-03-30T20:00:00+00:00,DOT/USDT,4h,4.083,4.086,3.988,4.043,139677.808808
1743379200000,2025-03-31T00:00:00+00:00,DOT/USDT,4h,4.044,4.082,3.974,4.019,143036.574825
1743393600000,2025-03-31T04:00:00+00:00,DOT/USDT,4h,4.019,4.086,3.979,4.001,201235.210772
1743408000000,2025-03-31T08:00:00+00:00,DOT/USDT,4h,4.001,4.041,3.948,4.028,167782.508546
1743422400000,2025-03-31T12:00:00+00:00,DOT/USDT,4h,4.028,4.094,3.964,4.058,370255.813616
1743436800000,2025-03-31T16:00:00+00:00,DOT/USDT,4h,4.056,4.084,4.018,4.036,62634.720219
1743451200000,2025-03-31T20:00:00+00:00,DOT/USDT,4h,4.038,4.058,4.009,4.021,63673.818331
1743465600000,2025-04-01T00:00:00+00:00,DOT/USDT,4h,4.02,4.092,4.016,4.08,138582.505263
1743480000000,2025-04-01T04:00:00+00:00,DOT/USDT,4h,4.082,4.167,4.079,4.143,140090.415257
1743494400000,2025-04-01T08:00:00+00:00,DOT/USDT,4h,4.146,4.26,4.146,4.193,313696.089689
1743508800000,2025-04-01T12:00:00+00:00,DOT/USDT,4h,4.193,4.283,4.131,4.253,296745.091629
1743523200000,2025-04-01T16:00:00+00:00,DOT/USDT,4h,4.253,4.263,4.147,4.154,186235.506604
1743537600000,2025-04-01T20:00:00+00:00,DOT/USDT,4h,4.154,4.197,4.131,4.171,121752.553866
1743552000000,2025-04-02T00:00:00+00:00,DOT/USDT,4h,4.171,4.176,4.063,4.11,195566.560771
1743566400000,2025-04-02T04:00:00+00:00,DOT/USDT,4h,4.108,4.121,4.016,4.069,264719.455619
1743580800000,2025-04-02T08:00:00+00:00,DOT/USDT,4h,4.065,4.135,4.05,4.065,229021.901408
1743595200000,2025-04-02T12:00:00+00:00,DOT/USDT,4h,4.066,4.238,4.045,4.211,625071.975735
1743609600000,2025-04-02T16:00:00+00:00,DOT/USDT,4h,4.212,4.227,4.119,4.151,228089.571066
1743624000000,2025-04-02T20:00:00+00:00,DOT/USDT,4h,4.151,4.236,3.911,3.964,752967.343519
1743638400000,2025-04-03T00:00:00+00:00,DOT/USDT,4h,3.966,4.108,3.942,4.04,200492.41352
1743652800000,2025-04-03T04:00:00+00:00,DOT/USDT,4h,4.039,4.068,3.976,4.0,177393.38755
1743667200000,2025-04-03T08:00:00+00:00,DOT/USDT,4h,4.001,4.026,3.929,3.944,189532.109578
1743681600000,2025-04-03T12:00:00+00:00,DOT/USDT,4h,3.941,3.962,3.845,3.958,626644.781329
1743696000000,2025-04-03T16:00:00+00:00,DOT/USDT,4h,3.957,4.063,3.946,4.025,305079.313751
1743710400000,2025-04-03T20:00:00+00:00,DOT/USDT,4h,4.027,4.08,4.004,4.054,154019.227603
1743724800000,2025-04-04T00:00:00+00:00,DOT/USDT,4h,4.058,4.072,3.988,4.02,191828.194851
1743739200000,2025-04-04T04:00:00+00:00,DOT/USDT,4h,4.022,4.095,3.981,4.085,163860.233712
1743753600000,2025-04-04T08:00:00+00:00,DOT/USDT,4h,4.087,4.132,3.946,4.023,332389.992369
1743768000000,2025-04-04T12:00:00+00:00,DOT/USDT,4h,4.022,4.123,3.992,4.056,378606.050906
1743782400000,2025-04-04T16:00:00+00:00,DOT/USDT,4h,4.059,4.099,4.021,4.044,206695.604116
1743796800000,2025-04-04T20:00:00+00:00,DOT/USDT,4h,4.043,4.078,4.011,4.035,72927.844897
1743811200000,2025-04-05T00:00:00+00:00,DOT/USDT,4h,4.034,4.069,4.014,4.024,72844.814355
1743825600000,2025-04-05T04:00:00+00:00,DOT/USDT,4h,4.025,4.028,3.99,4.005,86928.870139
1743840000000,2025-04-05T08:00:00+00:00,DOT/USDT,4h,4.004,4.016,3.981,3.985,71424.493402
1743854400000,2025-04-05T12:00:00+00:00,DOT/USDT,4h,3.984,3.99,3.898,3.913,235224.393672
1743868800000,2025-04-05T16:00:00+00:00,DOT/USDT,4h,3.913,3.954,3.904,3.927,76061.250284
1743883200000,2025-04-05T20:00:00+00:00,DOT/USDT,4h,3.928,3.964,3.922,3.956,69401.873952
1743897600000,2025-04-06T00:00:00+00:00,DOT/USDT,4h,3.957,3.976,3.915,3.932,135880.22801
1743912000000,2025-04-06T04:00:00+00:00,DOT/USDT,4h,3.934,3.961,3.909,3.92,59347.381161
1743926400000,2025-04-06T08:00:00+00:00,DOT/USDT,4h,3.921,3.946,3.907,3.941,117933.174629
1743940800000,2025-04-06T12:00:00+00:00,DOT/USDT,4h,3.939,3.943,3.838,3.893,310218.56318
1743955200000,2025-04-06T16:00:00+00:00,DOT/USDT,4h,3.894,3.9,3.685,3.738,661987.821423
1743969600000,2025-04-06T20:00:00+00:00,DOT/USDT,4h,3.737,3.758,3.601,3.685,756802.061786
1743984000000,2025-04-07T00:00:00+00:00,DOT/USDT,4h,3.685,3.707,3.442,3.501,926931.648677
1743998400000,2025-04-07T04:00:00+00:00,DOT/USDT,4h,3.501,3.545,3.283,3.334,1343857.680528
1744012800000,2025-04-07T08:00:00+00:00,DOT/USDT,4h,3.332,3.481,3.305,3.403,520620.537562
1744027200000,2025-04-07T12:00:00+00:00,DOT/USDT,4h,3.404,3.735,3.385,3.602,1450936.139538
1744041600000,2025-04-07T16:00:00+00:00,DOT/USDT,4h,3.598,3.65,3.516,3.565,636047.169889
1744056000000,2025-04-07T20:00:00+00:00,DOT/USDT,4h,3.566,3.653,3.563,3.592,146546.52653
1744070400000,2025-04-08T00:00:00+00:00,DOT/USDT,4h,3.592,3.706,3.574,3.651,577680.511233
1744084800000,2025-04-08T04:00:00+00:00,DOT/USDT,4h,3.652,3.682,3.58,3.6,157391.102153
1744099200000,2025-04-08T08:00:00+00:00,DOT/USDT,4h,3.6,3.678,3.568,3.671,162795.440003
1744113600000,2025-04-08T12:00:00+00:00,DOT/USDT,4h,3.673,3.687,3.57,3.594,308620.837007
1744128000000,2025-04-08T16:00:00+00:00,DOT/USDT,4h,3.593,3.596,3.393,3.405,538953.193484
1744142400000,2025-04-08T20:00:00+00:00,DOT/USDT,4h,3.405,3.45,3.342,3.376,299716.95129
1744156800000,2025-04-09T00:00:00+00:00,DOT/USDT,4h,3.377,3.421,3.248,3.356,672561.933205
1744171200000,2025-04-09T04:00:00+00:00,DOT/USDT,4h,3.355,3.491,3.347,3.478,297443.863803
1744185600000,2025-04-09T08:00:00+00:00,DOT/USDT,4h,3.479,3.491,3.364,3.385,540658.397417
1744200000000,2025-04-09T12:00:00+00:00,DOT/USDT,4h,3.385,3.455,3.34,3.37,599321.869918
1744214400000,2025-04-09T16:00:00+00:00,DOT/USDT,4h,3.372,3.738,3.363,3.691,1222496.740042
1744228800000,2025-04-09T20:00:00+00:00,DOT/USDT,4h,3.695,3.753,3.629,3.643,392785.048999
1744243200000,2025-04-10T00:00:00+00:00,DOT/USDT,4h,3.642,3.649,3.506,3.55,273705.831074
1744257600000,2025-04-10T04:00:00+00:00,DOT/USDT,4h,3.55,3.61,3.519,3.557,241244.815156
1744272000000,2025-04-10T08:00:00+00:00,DOT/USDT,4h,3.557,3.563,3.455,3.502,773839.240695
1744286400000,2025-04-10T12:00:00+00:00,DOT/USDT,4h,3.501,3.566,3.392,3.413,687480.907532
1744300800000,2025-04-10T16:00:00+00:00,DOT/USDT,4h,3.41,3.469,3.393,3.453,348081.76086
1744315200000,2025-04-10T20:00:00+00:00,DOT/USDT,4h,3.452,3.495,3.449,3.462,103486.980705
1744329600000,2025-04-11T00:00:00+00:00,DOT/USDT,4h,3.463,3.541,3.45,3.531,225631.14126
1744344000000,2025-04-11T04:00:00+00:00,DOT/USDT,4h,3.531,3.543,3.479,3.504,451419.656188
1744358400000,2025-04-11T08:00:00+00:00,DOT/USDT,4h,3.505,3.547,3.486,3.511,234635.420996
1744372800000,2025-04-11T12:00:00+00:00,DOT/USDT,4h,3.512,3.553,3.487,3.529,296314.541774
1744387200000,2025-04-11T16:00:00+00:00,DOT/USDT,4h,3.529,3.595,3.523,3.569,164554.020639
1744401600000,2025-04-11T20:00:00+00:00,DOT/USDT,4h,3.571,3.599,3.541,3.559,63013.027925
1744416000000,2025-04-12T00:00:00+00:00,DOT/USDT,4h,3.557,3.571,3.525,3.546,67596.834979
1744430400000,2025-04-12T04:00:00+00:00,DOT/USDT,4h,3.55,3.589,3.537,3.575,95967.290314
1744444800000,2025-04-12T08:00:00+00:00,DOT/USDT,4h,3.575,3.607,3.57,3.599,67897.958689
1744459200000,2025-04-12T12:00:00+00:00,DOT/USDT,4h,3.599,3.756,3.59,3.727,274873.217733
1744473600000,2025-04-12T16:00:00+00:00,DOT/USDT,4h,3.726,3.739,3.682,3.702,186794.531148
1744488000000,2025-04-12T20:00:00+00:00,DOT/USDT,4h,3.703,3.745,3.697,3.713,122467.131429
1744502400000,2025-04-13T00:00:00+00:00,DOT/USDT,4h,3.713,3.736,3.671,3.687,165037.632348
1744516800000,2025-04-13T04:00:00+00:00,DOT/USDT,4h,3.686,3.691,3.633,3.638,115103.457112
1744531200000,2025-04-13T08:00:00+00:00,DOT/USDT,4h,3.638,3.768,3.626,3.732,283552.713219
1744545600000,2025-04-13T12:00:00+00:00,DOT/USDT,4h,3.733,3.762,3.643,3.705,237778.264868
1744560000000,2025-04-13T16:00:00+00:00,DOT/USDT,4h,3.703,3.816,3.657,3.704,332640.356663
1744574400000,2025-04-13T20:00:00+00:00,DOT/USDT,4h,3.704,3.765,3.616,3.668,350292.278225
1744588800000,2025-04-14T00:00:00+00:00,DOT/USDT,4h,3.669,3.772,3.666,3.691,305686.908231
1744603200000,2025-04-14T04:00:00+00:00,DOT/USDT,4h,3.693,3.735,3.633,3.665,161192.082945
1744617600000,2025-04-14T08:00:00+00:00,DOT/USDT,4h,3.668,3.79,3.641,3.776,343169.750641
1744632000000,2025-04-14T12:00:00+00:00,DOT/USDT,4h,3.778,3.798,3.684,3.708,628565.990627
1744646400000,2025-04-14T16:00:00+00:00,DOT/USDT,4h,3.706,3.765,3.678,3.734,222580.162
1744660800000,2025-04-14T20:00:00+00:00,DOT/USDT,4h,3.735,3.738,3.663,3.675,119035.039123
1744675200000,2025-04-15T00:00:00+00:00,DOT/USDT,4h,3.674,3.704,3.635,3.699,167125.296552
1744689600000,2025-04-15T04:00:00+00:00,DOT/USDT,4h,3.7,3.702,3.651,3.7,133290.494032
1744704000000,2025-04-15T08:00:00+00:00,DOT/USDT,4h,3.696,3.735,3.636,3.658,219965.371978
1744718400000,2025-04-15T12:00:00+00:00,DOT/USDT,4h,3.657,3.723,3.579,3.603,302862.936167
1744732800000,2025-04-15T16:00:00+00:00,DOT/USDT,4h,3.604,3.62,3.554,3.583,182033.355507
1744747200000,2025-04-15T20:00:00+00:00,DOT/USDT,4h,3.58,3.607,3.517,3.519,209042.429883
1744761600000,2025-04-16T00:00:00+00:00,DOT/USDT,4h,3.518,3.572,3.505,3.556,157635.589463
1744776000000,2025-04-16T04:00:00+00:00,DOT/USDT,4h,3.552,3.559,3.511,3.519,165971.77907
1744790400000,2025-04-16T08:00:00+00:00,DOT/USDT,4h,3.518,3.554,3.486,3.526,208789.005863
1744804800000,2025-04-16T12:00:00+00:00,DOT/USDT,4h,3.526,3.612,3.485,3.556,259992.326053
1744819200000,2025-04-16T16:00:00+00:00,DOT/USDT,4h,3.557,3.606,3.469,3.576,284699.56708
1744833600000,2025-04-16T20:00:00+00:00,DOT/USDT,4h,3.575,3.618,3.539,3.557,148733.736525
1744848000000,2025-04-17T00:00:00+00:00,DOT/USDT,4h,3.556,3.594,3.54,3.561,90331.335292
1744862400000,2025-04-17T04:00:00+00:00,DOT/USDT,4h,3.561,3.698,3.551,3.657,360132.606327
1744876800000,2025-04-17T08:00:00+00:00,DOT/USDT,4h,3.659,3.68,3.619,3.641,340066.906501
1744891200000,2025-04-17T12:00:00+00:00,DOT/USDT,4h,3.641,3.658,3.57,3.639,271247.256886
1744905600000,2025-04-17T16:00:00+00:00,DOT/USDT,4h,3.641,3.686,3.606,3.633,301811.416924
1744920000000,2025-04-17T20:00:00+00:00,DOT/USDT,4h,3.634,3.663,3.61,3.633,154278.800468
1744934400000,2025-04-18T00:00:00+00:00,DOT/USDT,4h,3.635,3.662,3.611,3.66,88381.408806
1744948800000,2025-04-18T04:00:00+00:00,DOT/USDT,4h,3.663,3.689,3.644,3.677,131231.527858
1744963200000,2025-04-18T08:00:00+00:00,DOT/USDT,4h,3.677,3.726,3.673,3.716,187896.267117
1744977600000,2025-04-18T12:00:00+00:00,DOT/USDT,4h,3.717,3.748,3.676,3.688,200329.241877
1744992000000,2025-04-18T16:00:00+00:00,DOT/USDT,4h,3.686,3.712,3.682,3.696,49906.542994
1745006400000,2025-04-18T20:00:00+00:00,DOT/USDT,4h,3.695,3.716,3.676,3.676,59291.737307
1745020800000,2025-04-19T00:00:00+00:00,DOT/USDT,4h,3.677,3.74,3.646,3.729,241838.169256
1745035200000,2025-04-19T04:00:00+00:00,DOT/USDT,4h,3.73,3.738,3.715,3.73,171105.860789
1745049600000,2025-04-19T08:00:00+00:00,DOT/USDT,4h,3.73,3.737,3.72,3.736,146400.642247
1745064000000,2025-04-19T12:00:00+00:00,DOT/USDT,4h,3.738,3.752,3.717,3.732,216542.395426
1745078400000,2025-04-19T16:00:00+00:00,DOT/USDT,4h,3.73,3.787,3.716,3.779,223303.065588
1745092800000,2025-04-19T20:00:00+00:00,DOT/USDT,4h,3.781,3.892,3.779,3.879,259581.962362
1745107200000,2025-04-20T00:00:00+00:00,DOT/USDT,4h,3.88,3.922,3.867,3.914,316393.829336
1745121600000,2025-04-20T04:00:00+00:00,DOT/USDT,4h,3.914,3.952,3.869,3.881,348023.169451
1745136000000,2025-04-20T08:00:00+00:00,DOT/USDT,4h,3.882,3.884,3.81,3.827,327129.90424
1745150400000,2025-04-20T12:00:00+00:00,DOT/USDT,4h,3.826,3.873,3.788,3.862,225002.629146
1745164800000,2025-04-20T16:00:00+00:00,DOT/USDT,4h,3.863,3.915,3.857,3.89,135172.824386
1745179200000,2025-04-20T20:00:00+00:00,DOT/USDT,4h,3.891,3.926,3.873,3.881,96130.00652
1745193600000,2025-04-21T00:00:00+00:00,DOT/USDT,4h,3.881,3.955,3.874,3.908,395663.618854
1745208000000,2025-04-21T04:00:00+00:00,DOT/USDT,4h,3.908,3.968,3.892,3.953,219404.23534
1745222400000,2025-04-21T08:00:00+00:00,DOT/USDT,4h,3.953,3.983,3.885,3.899,360618.848195
1745236800000,2025-04-21T12:00:00+00:00,DOT/USDT,4h,3.899,3.942,3.87,3.885,262767.187326
1745251200000,2025-04-21T16:00:00+00:00,DOT/USDT,4h,3.885,3.897,3.789,3.842,259573.55576
1745265600000,2025-04-21T20:00:00+00:00,DOT/USDT,4h,3.84,3.842,3.77,3.781,113624.733681
1745280000000,2025-04-22T00:00:00+00:00,DOT/USDT,4h,3.781,3.812,3.724,3.751,223571.263934
1745294400000,2025-04-22T04:00:00+00:00,DOT/USDT,4h,3.752,3.781,3.691,3.765,289183.487925
1745308800000,2025-04-22T08:00:00+00:00,DOT/USDT,4h,3.765,3.797,3.728,3.783,255817.507853
1745323200000,2025-04-22T12:00:00+00:00,DOT/USDT,4h,3.782,3.931,3.761,3.865,761834.552995
1745337600000,2025-04-22T16:00:00+00:00,DOT/USDT,4h,3.865,3.922,3.853,3.908,137727.412346
1745352000000,2025-04-22T20:00:00+00:00,DOT/USDT,4h,3.906,4.04,3.896,4.009,518981.420498
1745366400000,2025-04-23T00:00:00+00:00,DOT/USDT,4h,4.009,4.098,3.998,4.092,367940.567625
1745380800000,2025-04-23T04:00:00+00:00,DOT/USDT,4h,4.092,4.117,4.053,4.099,384973.845659
1745395200000,2025-04-23T08:00:00+00:00,DOT/USDT,4h,4.099,4.199,4.08,4.11,464977.17206
1745409600000,2025-04-23T12:00:00+00:00,DOT/USDT,4h,4.114,4.173,4.01,4.079,1110177.194837
1745424000000,2025-04-23T16:00:00+00:00,DOT/USDT,4h,4.079,4.151,4.042,4.069,292850.295414
1745438400000,2025-04-23T20:00:00+00:00,DOT/USDT,4h,4.069,4.114,4.062,4.092,75037.550352
1745452800000,2025-04-24T00:00:00+00:00,DOT/USDT,4h,4.093,4.102,3.978,3.982,194295.600136
1745467200000,2025-04-24T04:00:00+00:00,DOT/USDT,4h,3.981,4.045,3.965,3.981,307278.305768
1745481600000,2025-04-24T08:00:00+00:00,DOT/USDT,4h,3.98,4.023,3.931,4.001,334699.134189
1745496000000,2025-04-24T12:00:00+00:00,DOT/USDT,4h,3.996,4.17,3.984,4.126,541545.264318
1745510400000,2025-04-24T16:00:00+00:00,DOT/USDT,4h,4.128,4.245,4.12,4.208,872447.624212
1745524800000,2025-04-24T20:00:00+00:00,DOT/USDT,4h,4.211,4.287,4.21,4.269,308325.889833
1745539200000,2025-04-25T00:00:00+00:00,DOT/USDT,4h,4.268,4.373,4.216,4.259,742455.060278
1745553600000,2025-04-25T04:00:00+00:00,DOT/USDT,4h,4.257,4.363,4.239,4.33,262799.930006
1745568000000,2025-04-25T08:00:00+00:00,DOT/USDT,4h,4.33,4.349,4.262,4.302,348322.122902
1745582400000,2025-04-25T12:00:00+00:00,DOT/USDT,4h,4.303,4.327,4.226,4.305,579515.939746
1745596800000,2025-04-25T16:00:00+00:00,DOT/USDT,4h,4.305,4.323,4.255,4.273,233060.371091
1745611200000,2025-04-25T20:00:00+00:00,DOT/USDT,4h,4.276,4.304,4.23,4.253,172507.716726
1745625600000,2025-04-26T00:00:00+00:00,DOT/USDT,4h,4.256,4.365,4.256,4.268,553005.160126
1745640000000,2025-04-26T04:00:00+00:00,DOT/USDT,4h,4.266,4.331,4.243,4.307,232485.000783
1745654400000,2025-04-26T08:00:00+00:00,DOT/USDT,4h,4.306,4.341,4.231,4.237,431435.780492
1745668800000,2025-04-26T12:00:00+00:00,DOT/USDT,4h,4.238,4.292,4.202,4.284,256812.510294
1745683200000,2025-04-26T16:00:00+00:00,DOT/USDT,4h,4.285,4.296,4.261,4.279,90126.986326
1745697600000,2025-04-26T20:00:00+00:00,DOT/USDT,4h,4.279,4.302,4.256,4.262,114322.298809
1745712000000,2025-04-27T00:00:00+00:00,DOT/USDT,4h,4.265,4.292,4.151,4.179,301179.19438
1745726400000,2025-04-27T04:00:00+00:00,DOT/USDT,4h,4.179,4.189,4.11,4.144,281753.160686
1745740800000,2025-04-27T08:00:00+00:00,DOT/USDT,4h,4.144,4.161,4.106,4.114,185218.814958
1745755200000,2025-04-27T12:00:00+00:00,DOT/USDT,4h,4.114,4.14,4.074,4.094,405373.759123
1745769600000,2025-04-27T16:00:00+00:00,DOT/USDT,4h,4.094,4.14,4.056,4.14,637109.031105
1745784000000,2025-04-27T20:00:00+00:00,DOT/USDT,4h,4.14,4.149,4.088,4.088,585490.834535
1745798400000,2025-04-28T00:00:00+00:00,DOT/USDT,4h,4.089,4.127,4.011,4.115,275177.569167
1745812800000,2025-04-28T04:00:00+00:00,DOT/USDT,4h,4.117,4.235,4.11,4.223,468338.221837
1745827200000,2025-04-28T08:00:00+00:00,DOT/USDT,4h,4.224,4.266,4.184,4.23,529395.560183
1745841600000,2025-04-28T12:00:00+00:00,DOT/USDT,4h,4.231,4.234,4.088,4.113,422162.410657
1745856000000,2025-04-28T16:00:00+00:00,DOT/USDT,4h,4.113,4.247,4.089,4.242,450307.045039
1745870400000,2025-04-28T20:00:00+00:00,DOT/USDT,4h,4.242,4.268,4.211,4.243,313813.470967
1745884800000,2025-04-29T00:00:00+00:00,DOT/USDT,4h,4.244,4.315,4.244,4.276,252605.911319
1745899200000,2025-04-29T04:00:00+00:00,DOT/USDT,4h,4.278,4.331,4.238,4.302,148213.639879
1745913600000,2025-04-29T08:00:00+00:00,DOT/USDT,4h,4.298,4.312,4.241,4.253,201700.868031
1745928000000,2025-04-29T12:00:00+00:00,DOT/USDT,4h,4.253,4.291,4.199,4.273,176634.300935
1745942400000,2025-04-29T16:00:00+00:00,DOT/USDT,4h,4.274,4.283,4.226,4.228,119446.686947
1745956800000,2025-04-29T20:00:00+00:00,DOT/USDT,4h,4.232,4.233,4.103,4.149,344413.785288
1745971200000,2025-04-30T00:00:00+00:00,DOT/USDT,4h,4.147,4.173,4.091,4.17,251304.9663
1745985600000,2025-04-30T04:00:00+00:00,DOT/USDT,4h,4.17,4.175,4.09,4.116,145777.652492
1746000000000,2025-04-30T08:00:00+00:00,DOT/USDT,4h,4.113,4.174,4.084,4.16,137473.102233
1746014400000,2025-04-30T12:00:00+00:00,DOT/USDT,4h,4.16,4.16,4.028,4.077,593060.99492
1746028800000,2025-04-30T16:00:00+00:00,DOT/USDT,4h,4.076,4.113,4.038,4.076,160868.185944
1746043200000,2025-04-30T20:00:00+00:00,DOT/USDT,4h,4.075,4.139,4.064,4.065,165364.07201
1746057600000,2025-05-01T00:00:00+00:00,DOT/USDT,4h,4.066,4.13,4.063,4.099,217250.805104
1746072000000,2025-05-01T04:00:00+00:00,DOT/USDT,4h,4.101,4.123,4.077,4.119,79965.553654
1746086400000,2025-05-01T08:00:00+00:00,DOT/USDT,4h,4.118,4.189,4.109,4.177,152073.582476
1746100800000,2025-05-01T12:00:00+00:00,DOT/USDT,4h,4.179,4.216,4.121,4.159,302635.126561
1746115200000,2025-05-01T16:00:00+00:00,DOT/USDT,4h,4.157,4.207,4.142,4.171,128699.093761
1746129600000,2025-05-01T20:00:00+00:00,DOT/USDT,4h,4.168,4.224,4.154,4.179,127723.797069
1746144000000,2025-05-02T00:00:00+00:00,DOT/USDT,4h,4.178,4.289,4.169,4.243,267470.746396
1746158400000,2025-05-02T04:00:00+00:00,DOT/USDT,4h,4.243,4.251,4.172,4.186,152508.337077
1746172800000,2025-05-02T08:00:00+00:00,DOT/USDT,4h,4.187,4.233,4.166,4.173,171537.172372
1746187200000,2025-05-02T12:00:00+00:00,DOT/USDT,4h,4.174,4.241,4.159,4.203,162349.87889
1746201600000,2025-05-02T16:00:00+00:00,DOT/USDT,4h,4.205,4.231,4.127,4.14,132749.308326
1746216000000,2025-05-02T20:00:00+00:00,DOT/USDT,4h,4.139,4.171,4.131,4.161,63829.844729
1746230400000,2025-05-03T00:00:00+00:00,DOT/USDT,4h,4.161,4.163,4.101,4.137,73640.593164
1746244800000,2025-05-03T04:00:00+00:00,DOT/USDT,4h,4.137,4.171,4.133,4.142,72993.862289
1746259200000,2025-05-03T08:00:00+00:00,DOT/USDT,4h,4.144,4.151,4.075,4.084,225347.634068
1746273600000,2025-05-03T12:00:00+00:00,DOT/USDT,4h,4.086,4.145,4.085,4.113,70793.227801
1746288000000,2025-05-03T16:00:00+00:00,DOT/USDT,4h,4.115,4.115,4.013,4.069,121269.885603
1746302400000,2025-05-03T20:00:00+00:00,DOT/USDT,4h,4.07,4.075,4.027,4.029,66719.803137
1746316800000,2025-05-04T00:00:00+00:00,DOT/USDT,4h,4.028,4.054,3.987,4.005,309383.247715
1746331200000,2025-05-04T04:00:00+00:00,DOT/USDT,4h,4.006,4.042,3.983,4.022,267778.936104
1746345600000,2025-05-04T08:00:00+00:00,DOT/USDT,4h,4.023,4.028,3.952,3.966,148927.555222
1746360000000,2025-05-04T12:00:00+00:00,DOT/USDT,4h,3.964,3.997,3.923,3.963,340549.086811
1746374400000,2025-05-04T16:00:00+00:00,DOT/USDT,4h,3.962,3.969,3.896,3.942,174081.08501
1746388800000,2025-05-04T20:00:00+00:00,DOT/USDT,4h,3.942,3.975,3.906,3.919,225938.363588
1746403200000,2025-05-05T00:00:00+00:00,DOT/USDT,4h,3.92,4.007,3.915,3.971,167657.988344
1746417600000,2025-05-05T04:00:00+00:00,DOT/USDT,4h,3.973,4.021,3.956,3.981,128268.003032
1746432000000,2025-05-05T08:00:00+00:00,DOT/USDT,4h,3.979,3.992,3.895,3.914,368966.830522
1746446400000,2025-05-05T12:00:00+00:00,DOT/USDT,4h,3.916,3.938,3.888,3.897,246766.601722
1746460800000,2025-05-05T16:00:00+00:00,DOT/USDT,4h,3.897,3.985,3.897,3.935,83030.51123
1746475200000,2025-05-05T20:00:00+00:00,DOT/USDT,4h,3.939,3.959,3.884,3.918,125506.411576
1746489600000,2025-05-06T00:00:00+00:00,DOT/USDT,4h,3.918,3.931,3.86,3.917,192444.646992
1746504000000,2025-05-06T04:00:00+00:00,DOT/USDT,4h,3.918,3.929,3.883,3.893,80260.686001
1746518400000,2025-05-06T08:00:00+00:00,DOT/USDT,4h,3.891,3.901,3.823,3.84,259994.993532
1746532800000,2025-05-06T12:00:00+00:00,DOT/USDT,4h,3.84,3.932,3.827,3.91,371483.068648
1746547200000,2025-05-06T16:00:00+00:00,DOT/USDT,4h,3.909,3.963,3.886,3.936,72874.974872
1746561600000,2025-05-06T20:00:00+00:00,DOT/USDT,4h,3.936,3.977,3.847,3.971,250972.687994
1746576000000,2025-05-07T00:00:00+00:00,DOT/USDT,4h,3.972,4.007,3.934,3.965,220336.33296
1746590400000,2025-05-07T04:00:00+00:00,DOT/USDT,4h,3.964,3.985,3.933,3.983,87165.982827
1746604800000,2025-05-07T08:00:00+00:00,DOT/USDT,4h,3.983,4.003,3.966,3.975,108529.318444
1746619200000,2025-05-07T12:00:00+00:00,DOT/USDT,4h,3.98,3.98,3.914,3.922,215246.079762
1746633600000,2025-05-07T16:00:00+00:00,DOT/USDT,4h,3.923,3.94,3.88,3.901,248128.811725
1746648000000,2025-05-07T20:00:00+00:00,DOT/USDT,4h,3.901,3.987,3.892,3.966,125336.053244
1746662400000,2025-05-08T00:00:00+00:00,DOT/USDT,4h,3.969,4.17,3.967,4.17,250488.497848
1746676800000,2025-05-08T04:00:00+00:00,DOT/USDT,4h,4.171,4.266,4.171,4.212,405167.229134
1746691200000,2025-05-08T08:00:00+00:00,DOT/USDT,4h,4.213,4.322,4.213,4.247,472675.969219
1746705600000,2025-05-08T12:00:00+00:00,DOT/USDT,4h,4.247,4.349,4.203,4.298,412051.805904
1746720000000,2025-05-08T16:00:00+00:00,DOT/USDT,4h,4.299,4.334,4.278,4.327,375047.930275
1746734400000,2025-05-08T20:00:00+00:00,DOT/USDT,4h,4.331,4.493,4.315,4.456,610719.312828
1746748800000,2025-05-09T00:00:00+00:00,DOT/USDT,4h,4.452,4.552,4.434,4.475,425529.855243
1746763200000,2025-05-09T04:00:00+00:00,DOT/USDT,4h,4.477,4.637,4.447,4.605,479701.730842
1746777600000,2025-05-09T08:00:00+00:00,DOT/USDT,4h,4.604,4.75,4.551,4.688,660137.590423
1746792000000,2025-05-09T12:00:00+00:00,DOT/USDT,4h,4.684,4.762,4.626,4.732,469379.498434
1746806400000,2025-05-09T16:00:00+00:00,DOT/USDT,4h,4.73,4.863,4.693,4.76,422786.399607
1746820800000,2025-05-09T20:00:00+00:00,DOT/USDT,4h,4.763,4.819,4.746,4.8,183875.146066
1746835200000,2025-05-10T00:00:00+00:00,DOT/USDT,4h,4.799,5.039,4.797,4.982,732296.060753
1746849600000,2025-05-10T04:00:00+00:00,DOT/USDT,4h,4.979,5.133,4.928,5.062,493275.332668
1746864000000,2025-05-10T08:00:00+00:00,DOT/USDT,4h,5.063,5.209,5.036,5.048,561043.668037
1746878400000,2025-05-10T12:00:00+00:00,DOT/USDT,4h,5.051,5.116,4.986,5.003,316441.574401
1746892800000,2025-05-10T16:00:00+00:00,DOT/USDT,4h,5.004,5.137,4.986,5.074,278881.129398
1746907200000,2025-05-10T20:00:00+00:00,DOT/USDT,4h,5.074,5.325,5.041,5.309,377796.20672
1746921600000,2025-05-11T00:00:00+00:00,DOT/USDT,4h,5.309,5.364,5.046,5.127,643069.02546
1746936000000,2025-05-11T04:00:00+00:00,DOT/USDT,4h,5.128,5.212,4.952,5.003,432731.091743
1746950400000,2025-05-11T08:00:00+00:00,DOT/USDT,4h,5.004,5.115,4.977,5.108,283144.622365
1746964800000,2025-05-11T12:00:00+00:00,DOT/USDT,4h,5.109,5.122,4.997,5.055,468506.507027
1746979200000,2025-05-11T16:00:00+00:00,DOT/USDT,4h,5.052,5.152,4.987,5.103,285581.777115
1746993600000,2025-05-11T20:00:00+00:00,DOT/USDT,4h,5.106,5.149,5.058,5.097,131830.506197
1747008000000,2025-05-12T00:00:00+00:00,DOT/USDT,4h,5.098,5.158,5.018,5.147,226144.451744
1747022400000,2025-05-12T04:00:00+00:00,DOT/USDT,4h,5.147,5.394,5.095,5.266,419230.251749
1747036800000,2025-05-12T08:00:00+00:00,DOT/USDT,4h,5.27,5.31,5.176,5.197,442815.759964
1747051200000,2025-05-12T12:00:00+00:00,DOT/USDT,4h,5.198,5.373,5.057,5.103,665957.682042
1747065600000,2025-05-12T16:00:00+00:00,DOT/USDT,4h,5.105,5.184,4.885,5.051,404990.292386
1747080000000,2025-05-12T20:00:00+00:00,DOT/USDT,4h,5.049,5.116,5.016,5.07,129634.698718
1747094400000,2025-05-13T00:00:00+00:00,DOT/USDT,4h,5.07,5.07,4.822,4.843,561817.708125
1747108800000,2025-05-13T04:00:00+00:00,DOT/USDT,4h,4.841,5.013,4.832,4.97,238082.351385
1747123200000,2025-05-13T08:00:00+00:00,DOT/USDT,4h,4.972,5.064,4.943,5.004,304723.304966
1747137600000,2025-05-13T12:00:00+00:00,DOT/USDT,4h,5.003,5.074,4.954,5.045,383583.424837
1747152000000,2025-05-13T16:00:00+00:00,DOT/USDT,4h,5.045,5.274,5.039,5.211,364710.371221
1747166400000,2025-05-13T20:00:00+00:00,DOT/USDT,4h,5.211,5.236,5.158,5.194,180106.217837
1747180800000,2025-05-14T00:00:00+00:00,DOT/USDT,4h,5.194,5.268,5.121,5.195,195130.160553
1747195200000,2025-05-14T04:00:00+00:00,DOT/USDT,4h,5.195,5.249,5.137,5.149,262081.156774
1747209600000,2025-05-14T08:00:00+00:00,DOT/USDT,4h,5.149,5.165,5.018,5.126,747177.522832
1747224000000,2025-05-14T12:00:00+00:00,DOT/USDT,4h,5.126,5.132,4.973,5.022,381908.696905
1747238400000,2025-05-14T16:00:00+00:00,DOT/USDT,4h,5.021,5.044,4.954,5.016,181029.036746
1747252800000,2025-05-14T20:00:00+00:00,DOT/USDT,4h,5.014,5.029,4.948,4.98,123844.453646
1747267200000,2025-05-15T00:00:00+00:00,DOT/USDT,4h,4.984,5.027,4.886,4.903,172015.342001
1747281600000,2025-05-15T04:00:00+00:00,DOT/USDT,4h,4.904,4.93,4.757,4.762,373453.481464
1747296000000,2025-05-15T08:00:00+00:00,DOT/USDT,4h,4.763,4.853,4.718,4.789,439298.225066
1747310400000,2025-05-15T12:00:00+00:00,DOT/USDT,4h,4.787,4.849,4.685,4.838,722256.166839
1747324800000,2025-05-15T16:00:00+00:00,DOT/USDT,4h,4.838,4.932,4.747,4.807,422952.556726
1747339200000,2025-05-15T20:00:00+00:00,DOT/USDT,4h,4.807,4.842,4.677,4.775,405793.637582
1747353600000,2025-05-16T00:00:00+00:00,DOT/USDT,4h,4.778,4.881,4.75,4.873,322616.423974
1747368000000,2025-05-16T04:00:00+00:00,DOT/USDT,4h,4.873,4.913,4.819,4.881,151443.940625
1747382400000,2025-05-16T08:00:00+00:00,DOT/USDT,4h,4.884,4.957,4.796,4.932,204906.592827
1747396800000,2025-05-16T12:00:00+00:00,DOT/USDT,4h,4.933,4.942,4.849,4.909,310267.379286
1747411200000,2025-05-16T16:00:00+00:00,DOT/USDT,4h,4.908,4.927,4.807,4.843,115688.889657
1747425600000,2025-05-16T20:00:00+00:00,DOT/USDT,4h,4.84,4.841,4.711,4.756,568777.324734
1747440000000,2025-05-17T00:00:00+00:00,DOT/USDT,4h,4.754,4.769,4.606,4.683,542478.920546
1747454400000,2025-05-17T04:00:00+00:00,DOT/USDT,4h,4.683,4.763,4.675,4.73,152476.256351
1747468800000,2025-05-17T08:00:00+00:00,DOT/USDT,4h,4.73,4.749,4.656,4.685,118470.269787
1747483200000,2025-05-17T12:00:00+00:00,DOT/USDT,4h,4.687,4.701,4.605,4.662,113286.424436
1747497600000,2025-05-17T16:00:00+00:00,DOT/USDT,4h,4.662,4.68,4.571,4.593,236094.231633
1747512000000,2025-05-17T20:00:00+00:00,DOT/USDT,4h,4.593,4.682,4.556,4.615,200080.165321
1747526400000,2025-05-18T00:00:00+00:00,DOT/USDT,4h,4.613,4.646,4.582,4.611,154924.482796
1747540800000,2025-05-18T04:00:00+00:00,DOT/USDT,4h,4.608,4.758,4.608,4.752,143120.223773
1747555200000,2025-05-18T08:00:00+00:00,DOT/USDT,4h,4.753,4.802,4.735,4.746,100176.077579
1747569600000,2025-05-18T12:00:00+00:00,DOT/USDT,4h,4.746,4.92,4.72,4.91,273169.039424
1747584000000,2025-05-18T16:00:00+00:00,DOT/USDT,4h,4.911,4.919,4.586,4.587,464976.056336
1747598400000,2025-05-18T20:00:00+00:00,DOT/USDT,4h,4.586,4.814,4.509,4.793,432895.081735
1747612800000,2025-05-19T00:00:00+00:00,DOT/USDT,4h,4.795,4.82,4.543,4.552,277111.678923
1747627200000,2025-05-19T04:00:00+00:00,DOT/USDT,4h,4.552,4.581,4.413,4.5,301063.831152
1747641600000,2025-05-19T08:00:00+00:00,DOT/USDT,4h,4.5,4.535,4.462,4.525,136323.398884
1747656000000,2025-05-19T12:00:00+00:00,DOT/USDT,4h,4.524,4.585,4.438,4.561,250178.092581
1747670400000,2025-05-19T16:00:00+00:00,DOT/USDT,4h,4.559,4.653,4.521,4.599,198228.478394
1747684800000,2025-05-19T20:00:00+00:00,DOT/USDT,4h,4.6,4.613,4.559,4.597,121381.295174
1747699200000,2025-05-20T00:00:00+00:00,DOT/USDT,4h,4.598,4.728,4.575,4.648,215042.095141
1747713600000,2025-05-20T04:00:00+00:00,DOT/USDT,4h,4.65,4.686,4.579,4.595,129860.577843
1747728000000,2025-05-20T08:00:00+00:00,DOT/USDT,4h,4.595,4.611,4.53,4.571,121594.705941
1747742400000,2025-05-20T12:00:00+00:00,DOT/USDT,4h,4.57,4.608,4.52,4.601,121354.618574
1747756800000,2025-05-20T16:00:00+00:00,DOT/USDT,4h,4.602,4.657,4.525,4.637,269166.583223
1747771200000,2025-05-20T20:00:00+00:00,DOT/USDT,4h,4.635,4.704,4.617,4.676,162470.160247
1747785600000,2025-05-21T00:00:00+00:00,DOT/USDT,4h,4.679,4.752,4.621,4.727,213281.946356
1747800000000,2025-05-21T04:00:00+00:00,DOT/USDT,4h,4.727,4.773,4.67,4.682,324741.936755
1747814400000,2025-05-21T08:00:00+00:00,DOT/USDT,4h,4.685,4.719,4.623,4.681,183006.164443
1747828800000,2025-05-21T12:00:00+00:00,DOT/USDT,4h,4.683,4.777,4.651,4.76,418657.239395
1747843200000,2025-05-21T16:00:00+00:00,DOT/USDT,4h,4.761,4.882,4.61,4.753,904645.702003
1747857600000,2025-05-21T20:00:00+00:00,DOT/USDT,4h,4.753,4.802,4.706,4.74,298286.932023
1747872000000,2025-05-22T00:00:00+00:00,DOT/USDT,4h,4.74,4.862,4.731,4.845,252918.535408
1747886400000,2025-05-22T04:00:00+00:00,DOT/USDT,4h,4.846,4.864,4.784,4.857,227440.374593
1747900800000,2025-05-22T08:00:00+00:00,DOT/USDT,4h,4.858,4.95,4.847,4.879,215551.89258
1747915200000,2025-05-22T12:00:00+00:00,DOT/USDT,4h,4.881,4.977,4.843,4.93,273486.36572
1747929600000,2025-05-22T16:00:00+00:00,DOT/USDT,4h,4.933,4.964,4.888,4.902,128754.466117
1747944000000,2025-05-22T20:00:00+00:00,DOT/USDT,4h,4.903,4.958,4.881,4.949,97913.902679
1747958400000,2025-05-23T00:00:00+00:00,DOT/USDT,4h,4.95,5.111,4.929,5.107,708205.03296
1747972800000,2025-05-23T04:00:00+00:00,DOT/USDT,4h,5.108,5.119,4.901,4.923,312698.30676
1747987200000,2025-05-23T08:00:00+00:00,DOT/USDT,4h,4.923,5.015,4.718,4.745,362629.800671
1748001600000,2025-05-23T12:00:00+00:00,DOT/USDT,4h,4.746,4.818,4.599,4.714,1129794.477877
1748016000000,2025-05-23T16:00:00+00:00,DOT/USDT,4h,4.715,4.769,4.675,4.69,245060.26446
1748030400000,2025-05-23T20:00:00+00:00,DOT/USDT,4h,4.691,4.691,4.531,4.561,313779.361998
1748044800000,2025-05-24T00:00:00+00:00,DOT/USDT,4h,4.562,4.634,4.541,4.616,106960.34343
1748059200000,2025-05-24T04:00:00+00:00,DOT/USDT,4h,4.614,4.631,4.565,4.589,77697.406933
1748073600000,2025-05-24T08:00:00+00:00,DOT/USDT,4h,4.593,4.631,4.576,4.607,66211.860102
1748088000000,2025-05-24T12:00:00+00:00,DOT/USDT,4h,4.609,4.614,4.559,4.569,73325.346489
1748102400000,2025-05-24T16:00:00+00:00,DOT/USDT,4h,4.57,4.612,4.545,4.592,73064.144714
1748116800000,2025-05-24T20:00:00+00:00,DOT/USDT,4h,4.594,4.606,4.512,4.545,183686.719882
1748131200000,2025-05-25T00:00:00+00:00,DOT/USDT,4h,4.544,4.563,4.456,4.52,252819.210372
1748145600000,2025-05-25T04:00:00+00:00,DOT/USDT,4h,4.519,4.549,4.494,4.51,92895.197968
1748160000000,2025-05-25T08:00:00+00:00,DOT/USDT,4h,4.513,4.513,4.428,4.459,186809.999978
1748174400000,2025-05-25T12:00:00+00:00,DOT/USDT,4h,4.457,4.491,4.351,4.411,220539.047526
1748188800000,2025-05-25T16:00:00+00:00,DOT/USDT,4h,4.413,4.462,4.369,4.446,98828.621984
1748203200000,2025-05-25T20:00:00+00:00,DOT/USDT,4h,4.447,4.53,4.399,4.525,144877.67146
1748217600000,2025-05-26T00:00:00+00:00,DOT/USDT,4h,4.526,4.575,4.496,4.561,161344.812244
1748232000000,2025-05-26T04:00:00+00:00,DOT/USDT,4h,4.564,4.617,4.547,4.607,200057.966651
1748246400000,2025-05-26T08:00:00+00:00,DOT/USDT,4h,4.607,4.609,4.51,4.518,725430.414026
1748260800000,2025-05-26T12:00:00+00:00,DOT/USDT,4h,4.518,4.553,4.463,4.527,433704.731504
1748275200000,2025-05-26T16:00:00+00:00,DOT/USDT,4h,4.528,4.547,4.427,4.454,156240.068248
1748289600000,2025-05-26T20:00:00+00:00,DOT/USDT,4h,4.446,4.5,4.434,4.469,91986.432148
1748304000000,2025-05-27T00:00:00+00:00,DOT/USDT,4h,4.47,4.494,4.371,4.428,160886.82847
1748318400000,2025-05-27T04:00:00+00:00,DOT/USDT,4h,4.428,4.537,4.427,4.52,108940.957973
1748332800000,2025-05-27T08:00:00+00:00,DOT/USDT,4h,4.523,4.574,4.523,4.56,133931.00778
1748347200000,2025-05-27T12:00:00+00:00,DOT/USDT,4h,4.56,4.62,4.494,4.582,247503.414525
1748361600000,2025-05-27T16:00:00+00:00,DOT/USDT,4h,4.585,4.614,4.551,4.555,113795.384026
1748376000000,2025-05-27T20:00:00+00:00,DOT/USDT,4h,4.555,4.587,4.516,4.535,144959.759269
1748390400000,2025-05-28T00:00:00+00:00,DOT/USDT,4h,4.536,4.561,4.485,4.548,153341.354533
1748404800000,2025-05-28T04:00:00+00:00,DOT/USDT,4h,4.548,4.573,4.494,4.535,74663.983498
1748419200000,2025-05-28T08:00:00+00:00,DOT/USDT,4h,4.539,4.618,4.504,4.615,170837.068233
1748433600000,2025-05-28T12:00:00+00:00,DOT/USDT,4h,4.617,4.662,4.473,4.489,336280.484122
1748448000000,2025-05-28T16:00:00+00:00,DOT/USDT,4h,4.491,4.557,4.418,4.424,93077.916284
1748462400000,2025-05-28T20:00:00+00:00,DOT/USDT,4h,4.424,4.598,4.421,4.588,89620.307646
1748476800000,2025-05-29T00:00:00+00:00,DOT/USDT,4h,4.589,4.682,4.563,4.626,272752.256972
1748491200000,2025-05-29T04:00:00+00:00,DOT/USDT,4h,4.627,4.636,4.525,4.554,235767.180331
1748505600000,2025-05-29T08:00:00+00:00,DOT/USDT,4h,4.558,4.598,4.538,4.585,84489.050828
1748520000000,2025-05-29T12:00:00+00:00,DOT/USDT,4h,4.584,4.588,4.455,4.498,265806.631056
1748534400000,2025-05-29T16:00:00+00:00,DOT/USDT,4h,4.498,4.52,4.403,4.435,218849.799508
1748548800000,2025-05-29T20:00:00+00:00,DOT/USDT,4h,4.435,4.468,4.33,4.333,271354.611671
1748563200000,2025-05-30T00:00:00+00:00,DOT/USDT,4h,4.331,4.358,4.101,4.212,872731.278116
1748577600000,2025-05-30T04:00:00+00:00,DOT/USDT,4h,4.213,4.225,4.141,4.188,224865.104275
1748592000000,2025-05-30T08:00:00+00:00,DOT/USDT,4h,4.189,4.225,4.163,4.217,244356.075566
1748606400000,2025-05-30T12:00:00+00:00,DOT/USDT,4h,4.217,4.224,4.158,4.177,290749.439666
1748620800000,2025-05-30T16:00:00+00:00,DOT/USDT,4h,4.177,4.196,4.042,4.185,369732.086578
1748635200000,2025-05-30T20:00:00+00:00,DOT/USDT,4h,4.184,4.186,4.008,4.05,195412.738303
1748649600000,2025-05-31T00:00:00+00:00,DOT/USDT,4h,4.051,4.065,3.895,3.96,583999.220052
1748664000000,2025-05-31T04:00:00+00:00,DOT/USDT,4h,3.96,4.013,3.925,3.986,210123.41124
1748678400000,2025-05-31T08:00:00+00:00,DOT/USDT,4h,3.986,4.016,3.965,3.978,66710.897545
1748692800000,2025-05-31T12:00:00+00:00,DOT/USDT,4h,3.981,4.12,3.975,4.079,144376.426612
1748707200000,2025-05-31T16:00:00+00:00,DOT/USDT,4h,4.079,4.118,4.069,4.095,61017.16502
1748721600000,2025-05-31T20:00:00+00:00,DOT/USDT,4h,4.098,4.117,4.069,4.077,60791.372234
1748736000000,2025-06-01T00:00:00+00:00,DOT/USDT,4h,4.077,4.087,4.028,4.067,74218.536696
1748750400000,2025-06-01T04:00:00+00:00,DOT/USDT,4h,4.066,4.1,4.038,4.048,58128.069683
1748764800000,2025-06-01T08:00:00+00:00,DOT/USDT,4h,4.046,4.049,3.971,4.024,129116.362137
1748779200000,2025-06-01T12:00:00+00:00,DOT/USDT,4h,4.026,4.065,3.991,4.047,62943.08787
1748793600000,2025-06-01T16:00:00+00:00,DOT/USDT,4h,4.05,4.087,3.993,4.041,132585.628534
1748808000000,2025-06-01T20:00:00+00:00,DOT/USDT,4h,4.04,4.081,4.024,4.067,79798.374545
1748822400000,2025-06-02T00:00:00+00:00,DOT/USDT,4h,4.067,4.089,4.003,4.02,54041.836769
1748836800000,2025-06-02T04:00:00+00:00,DOT/USDT,4h,4.021,4.05,4.01,4.016,110192.121653
1748851200000,2025-06-02T08:00:00+00:00,DOT/USDT,4h,4.015,4.025,3.952,3.973,183893.572906
1748865600000,2025-06-02T12:00:00+00:00,DOT/USDT,4h,3.972,4.056,3.965,4.033,161854.357438
1748880000000,2025-06-02T16:00:00+00:00,DOT/USDT,4h,4.035,4.061,4.012,4.037,90463.031997
1748894400000,2025-06-02T20:00:00+00:00,DOT/USDT,4h,4.037,4.171,4.037,4.149,178702.754876
1748908800000,2025-06-03T00:00:00+00:00,DOT/USDT,4h,4.149,4.221,4.142,4.148,149835.206822
1748923200000,2025-06-03T04:00:00+00:00,DOT/USDT,4h,4.148,4.189,4.123,4.164,96630.097339
1748937600000,2025-06-03T08:00:00+00:00,DOT/USDT,4h,4.164,4.181,4.136,4.152,162406.399817
1748952000000,2025-06-03T12:00:00+00:00,DOT/USDT,4h,4.152,4.205,4.132,4.182,278606.283953
1748966400000,2025-06-03T16:00:00+00:00,DOT/USDT,4h,4.185,4.207,4.166,4.194,107142.390533
1748980800000,2025-06-03T20:00:00+00:00,DOT/USDT,4h,4.196,4.196,4.095,4.138,129362.979204
1748995200000,2025-06-04T00:00:00+00:00,DOT/USDT,4h,4.138,4.206,4.124,4.19,148587.030723
1749009600000,2025-06-04T04:00:00+00:00,DOT/USDT,4h,4.193,4.214,4.172,4.184,112890.733794
1749024000000,2025-06-04T08:00:00+00:00,DOT/USDT,4h,4.183,4.204,4.127,4.13,127906.69268
1749038400000,2025-06-04T12:00:00+00:00,DOT/USDT,4h,4.131,4.137,4.039,4.108,518965.172298
1749052800000,2025-06-04T16:00:00+00:00,DOT/USDT,4h,4.108,4.108,4.033,4.041,137814.78937
1749067200000,2025-06-04T20:00:00+00:00,DOT/USDT,4h,4.04,4.046,3.985,4.008,155518.976462
1749081600000,2025-06-05T00:00:00+00:00,DOT/USDT,4h,4.005,4.048,3.999,4.035,63317.609647
1749096000000,2025-06-05T04:00:00+00:00,DOT/USDT,4h,4.035,4.058,4.009,4.03,67982.498699
1749110400000,2025-06-05T08:00:00+00:00,DOT/USDT,4h,4.031,4.039,3.987,4.006,62166.678659
1749124800000,2025-06-05T12:00:00+00:00,DOT/USDT,4h,4.005,4.076,3.962,4.02,143462.51185
1749139200000,2025-06-05T16:00:00+00:00,DOT/USDT,4h,4.019,4.021,3.829,3.894,460483.397873
1749153600000,2025-06-05T20:00:00+00:00,DOT/USDT,4h,3.897,3.913,3.742,3.815,630156.174418
1749168000000,2025-06-06T00:00:00+00:00,DOT/USDT,4h,3.815,3.921,3.803,3.917,171787.867632
1749182400000,2025-06-06T04:00:00+00:00,DOT/USDT,4h,3.914,3.924,3.878,3.88,177954.247669
1749196800000,2025-06-06T08:00:00+00:00,DOT/USDT,4h,3.88,3.919,3.873,3.91,95122.519008
1749211200000,2025-06-06T12:00:00+00:00,DOT/USDT,4h,3.911,3.991,3.908,3.969,206276.153082
1749225600000,2025-06-06T16:00:00+00:00,DOT/USDT,4h,3.967,3.981,3.88,3.891,121347.788692
1749240000000,2025-06-06T20:00:00+00:00,DOT/USDT,4h,3.891,3.912,3.877,3.885,78241.455284
1749254400000,2025-06-07T00:00:00+00:00,DOT/USDT,4h,3.885,3.98,3.868,3.978,71298.531577
1749268800000,2025-06-07T04:00:00+00:00,DOT/USDT,4h,3.978,4.032,3.959,4.027,200950.400918
1749283200000,2025-06-07T08:00:00+00:00,DOT/USDT,4h,4.028,4.035,3.986,4.027,105505.707232
1749297600000,2025-06-07T12:00:00+00:00,DOT/USDT,4h,4.026,4.057,4.025,4.04,66667.398668
1749312000000,2025-06-07T16:00:00+00:00,DOT/USDT,4h,4.04,4.046,4.003,4.015,39804.346193
1749326400000,2025-06-07T20:00:00+00:00,DOT/USDT,4h,4.016,4.053,4.016,4.03,52593.692594
1749340800000,2025-06-08T00:00:00+00:00,DOT/USDT,4h,4.03,4.04,4.012,4.02,22965.297961
1749355200000,2025-06-08T04:00:00+00:00,DOT/USDT,4h,4.019,4.057,4.015,4.022,70113.886968
1749369600000,2025-06-08T08:00:00+00:00,DOT/USDT,4h,4.021,4.046,3.977,4.043,150950.635755
1749384000000,2025-06-08T12:00:00+00:00,DOT/USDT,4h,4.046,4.099,4.03,4.077,201324.695538
1749398400000,2025-06-08T16:00:00+00:00,DOT/USDT,4h,4.078,4.113,4.061,4.078,79521.927825
1749412800000,2025-06-08T20:00:00+00:00,DOT/USDT,4h,4.08,4.083,4.017,4.025,90932.270725
1749427200000,2025-06-09T00:00:00+00:00,DOT/USDT,4h,4.023,4.039,3.986,4.007,84796.826354
1749441600000,2025-06-09T04:00:00+00:00,DOT/USDT,4h,4.005,4.011,3.962,3.986,141607.92368
1749456000000,2025-06-09T08:00:00+00:00,DOT/USDT,4h,3.987,4.076,3.974,4.054,228189.472485
1749470400000,2025-06-09T12:00:00+00:00,DOT/USDT,4h,4.057,4.058,3.982,4.022,310497.261753
1749484800000,2025-06-09T16:00:00+00:00,DOT/USDT,4h,4.022,4.095,4.022,4.066,172653.286574
1749499200000,2025-06-09T20:00:00+00:00,DOT/USDT,4h,4.065,4.16,4.063,4.152,267404.685334
1749513600000,2025-06-10T00:00:00+00:00,DOT/USDT,4h,4.152,4.215,4.143,4.149,254384.059879
1749528000000,2025-06-10T04:00:00+00:00,DOT/USDT,4h,4.15,4.154,4.095,4.126,116551.330533
1749542400000,2025-06-10T08:00:00+00:00,DOT/USDT,4h,4.127,4.24,4.102,4.235,275263.867915
1749556800000,2025-06-10T12:00:00+00:00,DOT/USDT,4h,4.232,4.311,4.191,4.238,642890.242968
1749571200000,2025-06-10T16:00:00+00:00,DOT/USDT,4h,4.24,4.315,4.226,4.274,253725.883207
1749585600000,2025-06-10T20:00:00+00:00,DOT/USDT,4h,4.274,4.316,4.232,4.294,268851.802694
1749600000000,2025-06-11T00:00:00+00:00,DOT/USDT,4h,4.294,4.312,4.238,4.274,207826.297315
1749614400000,2025-06-11T04:00:00+00:00,DOT/USDT,4h,4.273,4.336,4.252,4.315,255600.500235
1749628800000,2025-06-11T08:00:00+00:00,DOT/USDT,4h,4.315,4.325,4.212,4.231,245370.921082
1749643200000,2025-06-11T12:00:00+00:00,DOT/USDT,4h,4.23,4.346,4.215,4.334,602583.426583
1749657600000,2025-06-11T16:00:00+00:00,DOT/USDT,4h,4.334,4.341,4.22,4.246,742218.797905
1749672000000,2025-06-11T20:00:00+00:00,DOT/USDT,4h,4.245,4.27,4.147,4.189,358397.335831
1749686400000,2025-06-12T00:00:00+00:00,DOT/USDT,4h,4.189,4.203,4.124,4.141,310917.298504
1749700800000,2025-06-12T04:00:00+00:00,DOT/USDT,4h,4.141,4.148,4.059,4.059,284371.791924
1749715200000,2025-06-12T08:00:00+00:00,DOT/USDT,4h,4.058,4.084,4.003,4.015,297493.220564
1749729600000,2025-06-12T12:00:00+00:00,DOT/USDT,4h,4.016,4.105,4.007,4.025,237476.167187
1749744000000,2025-06-12T16:00:00+00:00,DOT/USDT,4h,4.026,4.096,3.969,3.982,245056.542323
1749758400000,2025-06-12T20:00:00+00:00,DOT/USDT,4h,3.979,3.995,3.907,3.92,290668.351405
1749772800000,2025-06-13T00:00:00+00:00,DOT/USDT,4h,3.92,3.92,3.663,3.78,1348962.441545
1749787200000,2025-06-13T04:00:00+00:00,DOT/USDT,4h,3.779,3.832,3.753,3.822,225577.957908
1749801600000,2025-06-13T08:00:00+00:00,DOT/USDT,4h,3.823,3.856,3.783,3.845,438418.708119
1749816000000,2025-06-13T12:00:00+00:00,DOT/USDT,4h,3.844,3.856,3.783,3.823,279452.439067
1749830400000,2025-06-13T16:00:00+00:00,DOT/USDT,4h,3.825,3.858,3.752,3.767,240859.65469
1749844800000,2025-06-13T20:00:00+00:00,DOT/USDT,4h,3.767,3.845,3.759,3.841,195071.686663
1749859200000,2025-06-14T00:00:00+00:00,DOT/USDT,4h,3.837,3.846,3.795,3.819,153885.903484
1749873600000,2025-06-14T04:00:00+00:00,DOT/USDT,4h,3.817,3.83,3.787,3.812,106273.702384
1749888000000,2025-06-14T08:00:00+00:00,DOT/USDT,4h,3.81,3.812,3.778,3.806,74901.231101
1749902400000,2025-06-14T12:00:00+00:00,DOT/USDT,4h,3.805,3.815,3.748,3.765,311380.483177
1749916800000,2025-06-14T16:00:00+00:00,DOT/USDT,4h,3.762,3.77,3.717,3.743,122715.166459
1749931200000,2025-06-14T20:00:00+00:00,DOT/USDT,4h,3.742,3.793,3.72,3.78,75117.233895
1749945600000,2025-06-15T00:00:00+00:00,DOT/USDT,4h,3.782,3.795,3.769,3.787,70596.454644
1749960000000,2025-06-15T04:00:00+00:00,DOT/USDT,4h,3.786,3.817,3.767,3.775,78460.869039
1749974400000,2025-06-15T08:00:00+00:00,DOT/USDT,4h,3.776,3.79,3.753,3.78,51253.034678
1749988800000,2025-06-15T12:00:00+00:00,DOT/USDT,4h,3.782,3.835,3.772,3.803,103133.022133
1750003200000,2025-06-15T16:00:00+00:00,DOT/USDT,4h,3.806,3.81,3.765,3.785,48945.309696
1750017600000,2025-06-15T20:00:00+00:00,DOT/USDT,4h,3.786,3.828,3.734,3.821,124034.548209
1750032000000,2025-06-16T00:00:00+00:00,DOT/USDT,4h,3.822,3.858,3.786,3.843,116044.848801
1750046400000,2025-06-16T04:00:00+00:00,DOT/USDT,4h,3.844,3.906,3.841,3.903,139804.472841
1750060800000,2025-06-16T08:00:00+00:00,DOT/USDT,4h,3.904,3.917,3.877,3.905,148927.613683
1750075200000,2025-06-16T12:00:00+00:00,DOT/USDT,4h,3.906,3.961,3.888,3.936,149232.484055
1750089600000,2025-06-16T16:00:00+00:00,DOT/USDT,4h,3.938,3.99,3.938,3.973,109378.999947
1750104000000,2025-06-16T20:00:00+00:00,DOT/USDT,4h,3.974,3.992,3.839,3.849,253584.653255
1750118400000,2025-06-17T00:00:00+00:00,DOT/USDT,4h,3.847,3.896,3.772,3.87,162909.34044
1750132800000,2025-06-17T04:00:00+00:00,DOT/USDT,4h,3.871,3.875,3.825,3.834,84825.151693
1750147200000,2025-06-17T08:00:00+00:00,DOT/USDT,4h,3.832,3.834,3.76,3.775,211714.311315
1750161600000,2025-06-17T12:00:00+00:00,DOT/USDT,4h,3.775,3.79,3.7,3.726,231133.299814
1750176000000,2025-06-17T16:00:00+00:00,DOT/USDT,4h,3.726,3.768,3.664,3.747,289113.442666
1750190400000,2025-06-17T20:00:00+00:00,DOT/USDT,4h,3.748,3.756,3.697,3.719,46175.892629
1750204800000,2025-06-18T00:00:00+00:00,DOT/USDT,4h,3.721,3.761,3.718,3.752,61708.871417
1750219200000,2025-06-18T04:00:00+00:00,DOT/USDT,4h,3.753,3.785,3.741,3.749,61716.33952
1750233600000,2025-06-18T08:00:00+00:00,DOT/USDT,4h,3.751,3.76,3.637,3.691,216588.201962
1750248000000,2025-06-18T12:00:00+00:00,DOT/USDT,4h,3.691,3.698,3.587,3.638,469320.119784
1750262400000,2025-06-18T16:00:00+00:00,DOT/USDT,4h,3.636,3.647,3.574,3.6,285646.087015
1750276800000,2025-06-18T20:00:00+00:00,DOT/USDT,4h,3.603,3.675,3.59,3.625,126314.223205
1750291200000,2025-06-19T00:00:00+00:00,DOT/USDT,4h,3.626,3.667,3.584,3.608,531549.737367
1750305600000,2025-06-19T04:00:00+00:00,DOT/USDT,4h,3.609,3.618,3.563,3.573,130955.055365
1750320000000,2025-06-19T08:00:00+00:00,DOT/USDT,4h,3.573,3.59,3.555,3.58,226906.949353
1750334400000,2025-06-19T12:00:00+00:00,DOT/USDT,4h,3.58,3.596,3.526,3.528,246711.485915
1750348800000,2025-06-19T16:00:00+00:00,DOT/USDT,4h,3.528,3.58,3.495,3.555,186233.158487
1750363200000,2025-06-19T20:00:00+00:00,DOT/USDT,4h,3.558,3.574,3.537,3.548,73022.638835
1750377600000,2025-06-20T00:00:00+00:00,DOT/USDT,4h,3.548,3.565,3.506,3.513,82071.021005
1750392000000,2025-06-20T04:00:00+00:00,DOT/USDT,4h,3.511,3.543,3.459,3.541,317455.339715
1750406400000,2025-06-20T08:00:00+00:00,DOT/USDT,4h,3.54,3.566,3.498,3.548,180633.533414
1750420800000,2025-06-20T12:00:00+00:00,DOT/USDT,4h,3.547,3.577,3.464,3.475,242453.771322
1750435200000,2025-06-20T16:00:00+00:00,DOT/USDT,4h,3.474,3.477,3.332,3.425,581098.625457
1750449600000,2025-06-20T20:00:00+00:00,DOT/USDT,4h,3.422,3.456,3.392,3.436,189983.864758
1750464000000,2025-06-21T00:00:00+00:00,DOT/USDT,4h,3.439,3.466,3.434,3.456,152531.004122
1750478400000,2025-06-21T04:00:00+00:00,DOT/USDT,4h,3.459,3.496,3.444,3.482,150542.724339
1750492800000,2025-06-21T08:00:00+00:00,DOT/USDT,4h,3.486,3.509,3.459,3.463,86815.249384
1750507200000,2025-06-21T12:00:00+00:00,DOT/USDT,4h,3.463,3.467,3.387,3.411,138034.026001
1750521600000,2025-06-21T16:00:00+00:00,DOT/USDT,4h,3.41,3.424,3.346,3.348,264133.824758
1750536000000,2025-06-21T20:00:00+00:00,DOT/USDT,4h,3.348,3.382,3.21,3.323,745904.681364
1750550400000,2025-06-22T00:00:00+00:00,DOT/USDT,4h,3.326,3.364,3.235,3.259,254811.603209
1750564800000,2025-06-22T04:00:00+00:00,DOT/USDT,4h,3.259,3.324,3.248,3.285,139483.455343
1750579200000,2025-06-22T08:00:00+00:00,DOT/USDT,4h,3.286,3.305,3.246,3.283,125260.35761
1750593600000,2025-06-22T12:00:00+00:00,DOT/USDT,4h,3.281,3.297,3.127,3.174,724465.887868
1750608000000,2025-06-22T16:00:00+00:00,DOT/USDT,4h,3.171,3.204,3.133,3.146,395489.408415
1750622400000,2025-06-22T20:00:00+00:00,DOT/USDT,4h,3.146,3.16,3.016,3.154,936032.372249
1750636800000,2025-06-23T00:00:00+00:00,DOT/USDT,4h,3.154,3.183,3.124,3.179,178392.955674
1750651200000,2025-06-23T04:00:00+00:00,DOT/USDT,4h,3.179,3.248,3.167,3.215,282106.188229
1750665600000,2025-06-23T08:00:00+00:00,DOT/USDT,4h,3.216,3.229,3.17,3.193,304671.301112
1750680000000,2025-06-23T12:00:00+00:00,DOT/USDT,4h,3.194,3.3,3.179,3.207,449299.621208
1750694400000,2025-06-23T16:00:00+00:00,DOT/USDT,4h,3.209,3.296,3.112,3.284,444646.242928
1750708800000,2025-06-23T20:00:00+00:00,DOT/USDT,4h,3.285,3.422,3.278,3.416,790536.265208
1750723200000,2025-06-24T00:00:00+00:00,DOT/USDT,4h,3.416,3.432,3.386,3.4,300646.376579
1750737600000,2025-06-24T04:00:00+00:00,DOT/USDT,4h,3.402,3.486,3.386,3.414,257748.048828
1750752000000,2025-06-24T08:00:00+00:00,DOT/USDT,4h,3.416,3.451,3.384,3.428,139595.495106
1750766400000,2025-06-24T12:00:00+00:00,DOT/USDT,4h,3.429,3.478,3.416,3.448,232401.506178
1750780800000,2025-06-24T16:00:00+00:00,DOT/USDT,4h,3.45,3.523,3.416,3.431,238060.279035
1750795200000,2025-06-24T20:00:00+00:00,DOT/USDT,4h,3.432,3.463,3.42,3.439,72880.110474
1750809600000,2025-06-25T00:00:00+00:00,DOT/USDT,4h,3.438,3.459,3.408,3.425,206637.961272
1750824000000,2025-06-25T04:00:00+00:00,DOT/USDT,4h,3.426,3.444,3.398,3.431,119227.372529
1750838400000,2025-06-25T08:00:00+00:00,DOT/USDT,4h,3.43,3.442,3.374,3.423,136787.472342
1750852800000,2025-06-25T12:00:00+00:00,DOT/USDT,4h,3.423,3.459,3.352,3.362,378925.084606
1750867200000,2025-06-25T16:00:00+00:00,DOT/USDT,4h,3.361,3.414,3.347,3.396,208711.348302
1750881600000,2025-06-25T20:00:00+00:00,DOT/USDT,4h,3.394,3.419,3.341,3.353,112148.325395
1750896000000,2025-06-26T00:00:00+00:00,DOT/USDT,4h,3.352,3.434,3.335,3.381,238573.34325
1750910400000,2025-06-26T04:00:00+00:00,DOT/USDT,4h,3.383,3.396,3.334,3.375,285986.019741
1750924800000,2025-06-26T08:00:00+00:00,DOT/USDT,4h,3.375,3.381,3.316,3.328,215097.349818
1750939200000,2025-06-26T12:00:00+00:00,DOT/USDT,4h,3.328,3.332,3.271,3.315,320137.566411
1750953600000,2025-06-26T16:00:00+00:00,DOT/USDT,4h,3.313,3.331,3.286,3.322,106848.408679
1750968000000,2025-06-26T20:00:00+00:00,DOT/USDT,4h,3.322,3.358,3.292,3.298,146228.069909
1750982400000,2025-06-27T00:00:00+00:00,DOT/USDT,4h,3.299,3.355,3.275,3.345,169352.694989
1750996800000,2025-06-27T04:00:00+00:00,DOT/USDT,4h,3.345,3.377,3.288,3.295,235872.699411
1751011200000,2025-06-27T08:00:00+00:00,DOT/USDT,4h,3.297,3.331,3.295,3.312,85372.032183
1751025600000,2025-06-27T12:00:00+00:00,DOT/USDT,4h,3.312,3.362,3.292,3.356,210748.520257
1751040000000,2025-06-27T16:00:00+00:00,DOT/USDT,4h,3.358,3.396,3.294,3.326,197868.160723
1751054400000,2025-06-27T20:00:00+00:00,DOT/USDT,4h,3.326,3.38,3.319,3.36,231386.156574
1751068800000,2025-06-28T00:00:00+00:00,DOT/USDT,4h,3.36,3.387,3.349,3.36,107195.707012
1751083200000,2025-06-28T04:00:00+00:00,DOT/USDT,4h,3.36,3.36,3.34,3.355,174100.337062
1751097600000,2025-06-28T08:00:00+00:00,DOT/USDT,4h,3.356,3.363,3.331,3.358,91503.876826
1751112000000,2025-06-28T12:00:00+00:00,DOT/USDT,4h,3.358,3.376,3.339,3.374,56403.49124
1751126400000,2025-06-28T16:00:00+00:00,DOT/USDT,4h,3.376,3.418,3.366,3.405,187352.022511
1751140800000,2025-06-28T20:00:00+00:00,DOT/USDT,4h,3.405,3.426,3.392,3.409,65702.850026
1751155200000,2025-06-29T00:00:00+00:00,DOT/USDT,4h,3.408,3.425,3.38,3.381,69910.138152
1751169600000,2025-06-29T04:00:00+00:00,DOT/USDT,4h,3.383,3.411,3.379,3.41,30249.927247
1751184000000,2025-06-29T08:00:00+00:00,DOT/USDT,4h,3.411,3.437,3.41,3.433,52546.307648
1751198400000,2025-06-29T12:00:00+00:00,DOT/USDT,4h,3.433,3.442,3.394,3.4,114940.262164
1751212800000,2025-06-29T16:00:00+00:00,DOT/USDT,4h,3.4,3.439,3.395,3.433,66854.120823
1751227200000,2025-06-29T20:00:00+00:00,DOT/USDT,4h,3.433,3.581,3.402,3.543,315647.693058
1751241600000,2025-06-30T00:00:00+00:00,DOT/USDT,4h,3.543,3.561,3.472,3.479,211323.497706
1751256000000,2025-06-30T04:00:00+00:00,DOT/USDT,4h,3.478,3.481,3.414,3.461,98339.586333
1751270400000,2025-06-30T08:00:00+00:00,DOT/USDT,4h,3.46,3.467,3.412,3.422,170792.694471
1751284800000,2025-06-30T12:00:00+00:00,DOT/USDT,4h,3.422,3.433,3.351,3.396,599484.749226
1751299200000,2025-06-30T16:00:00+00:00,DOT/USDT,4h,3.396,3.46,3.383,3.457,245315.101084
1751313600000,2025-06-30T20:00:00+00:00,DOT/USDT,4h,3.457,3.465,3.395,3.4,315375.753659
1751328000000,2025-07-01T00:00:00+00:00,DOT/USDT,4h,3.399,3.42,3.372,3.385,158518.415557
1751342400000,2025-07-01T04:00:00+00:00,DOT/USDT,4h,3.385,3.385,3.314,3.357,329566.799418
1751356800000,2025-07-01T08:00:00+00:00,DOT/USDT,4h,3.357,3.357,3.324,3.335,264665.367607
1751371200000,2025-07-01T12:00:00+00:00,DOT/USDT,4h,3.335,3.363,3.31,3.334,327489.992702
1751385600000,2025-07-01T16:00:00+00:00,DOT/USDT,4h,3.334,3.351,3.281,3.283,143834.651589
1751400000000,2025-07-01T20:00:00+00:00,DOT/USDT,4h,3.282,3.3,3.257,3.281,344016.387621
1751414400000,2025-07-02T00:00:00+00:00,DOT/USDT,4h,3.281,3.315,3.243,3.302,139209.583003
1751428800000,2025-07-02T04:00:00+00:00,DOT/USDT,4h,3.302,3.341,3.296,3.315,94571.484911
1751443200000,2025-07-02T08:00:00+00:00,DOT/USDT,4h,3.315,3.337,3.295,3.325,160154.470113
1751457600000,2025-07-02T12:00:00+00:00,DOT/USDT,4h,3.326,3.433,3.318,3.432,266072.823924
1751472000000,2025-07-02T16:00:00+00:00,DOT/USDT,4h,3.432,3.59,3.432,3.582,1053485.272653
1751486400000,2025-07-02T20:00:00+00:00,DOT/USDT,4h,3.58,3.626,3.539,3.545,616033.725988
1751500800000,2025-07-03T00:00:00+00:00,DOT/USDT,4h,3.545,3.572,3.532,3.535,177731.222493
1751515200000,2025-07-03T04:00:00+00:00,DOT/USDT,4h,3.537,3.664,3.534,3.652,509590.683125
1751529600000,2025-07-03T08:00:00+00:00,DOT/USDT,4h,3.654,3.66,3.579,3.59,305132.813569
1751544000000,2025-07-03T12:00:00+00:00,DOT/USDT,4h,3.59,3.626,3.493,3.505,769082.285159
1751558400000,2025-07-03T16:00:00+00:00,DOT/USDT,4h,3.506,3.551,3.504,3.544,188766.227534
1751572800000,2025-07-03T20:00:00+00:00,DOT/USDT,4h,3.547,3.567,3.531,3.539,179352.51607
1751587200000,2025-07-04T00:00:00+00:00,DOT/USDT,4h,3.54,3.561,3.502,3.515,310290.404679
1751601600000,2025-07-04T04:00:00+00:00,DOT/USDT,4h,3.514,3.524,3.444,3.446,268933.629759
1751616000000,2025-07-04T08:00:00+00:00,DOT/USDT,4h,3.447,3.463,3.412,3.438,253414.832481
1751630400000,2025-07-04T12:00:00+00:00,DOT/USDT,4h,3.438,3.444,3.35,3.352,488761.691047
1751644800000,2025-07-04T16:00:00+00:00,DOT/USDT,4h,3.352,3.355,3.314,3.331,152267.616742
1751659200000,2025-07-04T20:00:00+00:00,DOT/USDT,4h,3.33,3.395,3.324,3.357,211412.658883
1751673600000,2025-07-05T00:00:00+00:00,DOT/USDT,4h,3.358,3.383,3.336,3.368,96909.055662
1751688000000,2025-07-05T04:00:00+00:00,DOT/USDT,4h,3.368,3.39,3.345,3.374,69764.279361
1751702400000,2025-07-05T08:00:00+00:00,DOT/USDT,4h,3.374,3.383,3.347,3.364,55038.744119
1751716800000,2025-07-05T12:00:00+00:00,DOT/USDT,4h,3.365,3.366,3.339,3.345,75815.50537
1751731200000,2025-07-05T16:00:00+00:00,DOT/USDT,4h,3.346,3.351,3.308,3.338,81579.928796
1751745600000,2025-07-05T20:00:00+00:00,DOT/USDT,4h,3.34,3.363,3.33,3.355,39005.451227
1751760000000,2025-07-06T00:00:00+00:00,DOT/USDT,4h,3.356,3.358,3.336,3.344,33695.713036
1751774400000,2025-07-06T04:00:00+00:00,DOT/USDT,4h,3.344,3.357,3.327,3.346,111007.158565
1751788800000,2025-07-06T08:00:00+00:00,DOT/USDT,4h,3.347,3.37,3.337,3.37,96289.417106
1751803200000,2025-07-06T12:00:00+00:00,DOT/USDT,4h,3.37,3.424,3.347,3.391,400714.022944
1751817600000,2025-07-06T16:00:00+00:00,DOT/USDT,4h,3.391,3.407,3.369,3.392,172181.218167
1751832000000,2025-07-06T20:00:00+00:00,DOT/USDT,4h,3.393,3.449,3.358,3.394,328971.086249
1751846400000,2025-07-07T00:00:00+00:00,DOT/USDT,4h,3.395,3.439,3.378,3.414,224173.090308
1751860800000,2025-07-07T04:00:00+00:00,DOT/USDT,4h,3.415,3.428,3.381,3.411,84999.866326
1751875200000,2025-07-07T08:00:00+00:00,DOT/USDT,4h,3.411,3.416,3.371,3.386,85859.650082
1751889600000,2025-07-07T12:00:00+00:00,DOT/USDT,4h,3.384,3.427,3.366,3.391,261099.339282
1751904000000,2025-07-07T16:00:00+00:00,DOT/USDT,4h,3.394,3.407,3.347,3.381,174778.240243
1751918400000,2025-07-07T20:00:00+00:00,DOT/USDT,4h,3.38,3.38,3.323,3.37,107487.692522
1751932800000,2025-07-08T00:00:00+00:00,DOT/USDT,4h,3.368,3.387,3.334,3.348,216016.432838
1751947200000,2025-07-08T04:00:00+00:00,DOT/USDT,4h,3.346,3.359,3.331,3.356,124411.806218
1751961600000,2025-07-08T08:00:00+00:00,DOT/USDT,4h,3.357,3.401,3.327,3.385,163460.721807
1751976000000,2025-07-08T12:00:00+00:00,DOT/USDT,4h,3.385,3.417,3.364,3.371,292772.555347
1751990400000,2025-07-08T16:00:00+00:00,DOT/USDT,4h,3.373,3.467,3.36,3.439,353893.327769
1752004800000,2025-07-08T20:00:00+00:00,DOT/USDT,4h,3.44,3.476,3.431,3.448,285399.831194
1752019200000,2025-07-09T00:00:00+00:00,DOT/USDT,4h,3.449,3.455,3.416,3.417,299374.860045
1752033600000,2025-07-09T04:00:00+00:00,DOT/USDT,4h,3.419,3.487,3.417,3.484,504311.26843
1752048000000,2025-07-09T08:00:00+00:00,DOT/USDT,4h,3.485,3.53,3.472,3.522,188519.911167
1752062400000,2025-07-09T12:00:00+00:00,DOT/USDT,4h,3.525,3.566,3.492,3.524,393004.198689
1752076800000,2025-07-09T16:00:00+00:00,DOT/USDT,4h,3.526,3.635,3.5,3.624,425705.761901
1752091200000,2025-07-09T20:00:00+00:00,DOT/USDT,4h,3.626,3.658,3.586,3.62,267706.358929
1752105600000,2025-07-10T00:00:00+00:00,DOT/USDT,4h,3.62,3.649,3.59,3.639,229747.378549
1752120000000,2025-07-10T04:00:00+00:00,DOT/USDT,4h,3.64,3.683,3.624,3.658,267284.263372
1752134400000,2025-07-10T08:00:00+00:00,DOT/USDT,4h,3.66,3.698,3.647,3.67,218473.354487
1752148800000,2025-07-10T12:00:00+00:00,DOT/USDT,4h,3.67,3.685,3.617,3.63,316678.582434
1752163200000,2025-07-10T16:00:00+00:00,DOT/USDT,4h,3.631,3.758,3.623,3.718,341671.438046
1752177600000,2025-07-10T20:00:00+00:00,DOT/USDT,4h,3.714,3.892,3.713,3.881,708267.267026
1752192000000,2025-07-11T00:00:00+00:00,DOT/USDT,4h,3.882,3.933,3.811,3.917,553822.029209
1752206400000,2025-07-11T04:00:00+00:00,DOT/USDT,4h,3.915,4.015,3.888,3.908,934307.222787
1752220800000,2025-07-11T08:00:00+00:00,DOT/USDT,4h,3.909,3.999,3.909,3.936,317250.940259
1752235200000,2025-07-11T12:00:00+00:00,DOT/USDT,4h,3.937,4.109,3.933,3.974,561698.648068
1752249600000,2025-07-11T16:00:00+00:00,DOT/USDT,4h,3.977,4.084,3.959,4.076,262224.567711
1752264000000,2025-07-11T20:00:00+00:00,DOT/USDT,4h,4.074,4.074,3.829,3.906,306845.980678
1752278400000,2025-07-12T00:00:00+00:00,DOT/USDT,4h,3.907,4.013,3.849,4.013,387733.813562
1752292800000,2025-07-12T04:00:00+00:00,DOT/USDT,4h,4.014,4.065,3.902,3.987,384872.27358
1752307200000,2025-07-12T08:00:00+00:00,DOT/USDT,4h,3.987,4.024,3.96,3.988,191639.866609
1752321600000,2025-07-12T12:00:00+00:00,DOT/USDT,4h,3.99,4.004,3.794,3.824,398738.254585
1752336000000,2025-07-12T16:00:00+00:00,DOT/USDT,4h,3.824,3.912,3.808,3.899,206862.694136
1752350400000,2025-07-12T20:00:00+00:00,DOT/USDT,4h,3.901,3.905,3.832,3.891,99325.22228
1752364800000,2025-07-13T00:00:00+00:00,DOT/USDT,4h,3.892,3.929,3.876,3.921,125130.271176
1752379200000,2025-07-13T04:00:00+00:00,DOT/USDT,4h,3.921,4.001,3.897,4.0,142696.457701
1752393600000,2025-07-13T08:00:00+00:00,DOT/USDT,4h,4.001,4.012,3.936,3.968,281405.473507
1752408000000,2025-07-13T12:00:00+00:00,DOT/USDT,4h,3.968,4.069,3.955,4.01,510743.122564
1752422400000,2025-07-13T16:00:00+00:00,DOT/USDT,4h,4.011,4.059,3.974,4.018,123766.942339
1752436800000,2025-07-13T20:00:00+00:00,DOT/USDT,4h,4.022,4.042,3.939,3.985,147278.512882
1752451200000,2025-07-14T00:00:00+00:00,DOT/USDT,4h,3.986,4.162,3.973,4.142,324284.865874
1752465600000,2025-07-14T04:00:00+00:00,DOT/USDT,4h,4.142,4.196,4.075,4.152,399550.271439
1752480000000,2025-07-14T08:00:00+00:00,DOT/USDT,4h,4.153,4.155,4.078,4.086,828178.893184
1752494400000,2025-07-14T12:00:00+00:00,DOT/USDT,4h,4.084,4.13,3.968,4.001,1405657.795719
1752508800000,2025-07-14T16:00:00+00:00,DOT/USDT,4h,4.002,4.037,3.931,3.944,310077.395967
1752523200000,2025-07-14T20:00:00+00:00,DOT/USDT,4h,3.946,3.975,3.901,3.95,149254.374436
1752537600000,2025-07-15T00:00:00+00:00,DOT/USDT,4h,3.951,3.986,3.805,3.832,279029.147106
1752552000000,2025-07-15T04:00:00+00:00,DOT/USDT,4h,3.834,3.897,3.801,3.865,171653.317512
1752566400000,2025-07-15T08:00:00+00:00,DOT/USDT,4h,3.865,3.9,3.833,3.884,123828.004027
1752580800000,2025-07-15T12:00:00+00:00,DOT/USDT,4h,3.885,3.964,3.837,3.945,292718.461172
1752595200000,2025-07-15T16:00:00+00:00,DOT/USDT,4h,3.947,4.099,3.945,3.949,569814.859359
1752609600000,2025-07-15T20:00:00+00:00,DOT/USDT,4h,3.948,4.098,3.936,4.083,212535.451081
1752624000000,2025-07-16T00:00:00+00:00,DOT/USDT,4h,4.083,4.126,4.012,4.043,229621.220154
1752638400000,2025-07-16T04:00:00+00:00,DOT/USDT,4h,4.044,4.145,4.013,4.127,389857.102787
1752652800000,2025-07-16T08:00:00+00:00,DOT/USDT,4h,4.128,4.14,4.095,4.119,910331.296608
1752667200000,2025-07-16T12:00:00+00:00,DOT/USDT,4h,4.119,4.186,4.083,4.133,428726.452691
1752681600000,2025-07-16T16:00:00+00:00,DOT/USDT,4h,4.133,4.235,4.112,4.17,339394.123232
1752696000000,2025-07-16T20:00:00+00:00,DOT/USDT,4h,4.171,4.268,4.137,4.158,490616.249502
1752710400000,2025-07-17T00:00:00+00:00,DOT/USDT,4h,4.156,4.216,4.066,4.098,526972.340882
1752724800000,2025-07-17T04:00:00+00:00,DOT/USDT,4h,4.093,4.225,4.081,4.185,514075.381599
1752739200000,2025-07-17T08:00:00+00:00,DOT/USDT,4h,4.19,4.277,4.18,4.224,467061.867542
1752753600000,2025-07-17T12:00:00+00:00,DOT/USDT,4h,4.226,4.269,4.14,4.188,756408.397334
1752768000000,2025-07-17T16:00:00+00:00,DOT/USDT,4h,4.188,4.207,4.1,4.121,370199.402426
1752782400000,2025-07-17T20:00:00+00:00,DOT/USDT,4h,4.122,4.304,4.074,4.259,1044561.756013
1752796800000,2025-07-18T00:00:00+00:00,DOT/USDT,4h,4.259,4.437,4.234,4.434,1870508.310401
1752811200000,2025-07-18T04:00:00+00:00,DOT/USDT,4h,4.434,4.623,4.408,4.484,1877252.50624
1752825600000,2025-07-18T08:00:00+00:00,DOT/USDT,4h,4.484,4.539,4.377,4.423,941956.799777
1752840000000,2025-07-18T12:00:00+00:00,DOT/USDT,4h,4.424,4.492,4.249,4.293,617989.270257
1752854400000,2025-07-18T16:00:00+00:00,DOT/USDT,4h,4.293,4.358,4.221,4.255,273774.522991
1752868800000,2025-07-18T20:00:00+00:00,DOT/USDT,4h,4.255,4.271,4.133,4.227,536727.760685
1752883200000,2025-07-19T00:00:00+00:00,DOT/USDT,4h,4.226,4.299,4.131,4.297,495740.241949
1752897600000,2025-07-19T04:00:00+00:00,DOT/USDT,4h,4.299,4.335,4.271,4.285,199364.592601
1752912000000,2025-07-19T08:00:00+00:00,DOT/USDT,4h,4.284,4.303,4.216,4.23,171109.265405
1752926400000,2025-07-19T12:00:00+00:00,DOT/USDT,4h,4.23,4.251,4.165,4.222,213116.329718
1752940800000,2025-07-19T16:00:00+00:00,DOT/USDT,4h,4.221,4.404,4.202,4.387,397633.915527
1752955200000,2025-07-19T20:00:00+00:00,DOT/USDT,4h,4.387,4.452,4.309,4.41,310050.061429
1752969600000,2025-07-20T00:00:00+00:00,DOT/USDT,4h,4.411,4.437,4.358,4.389,228057.050192
1752984000000,2025-07-20T04:00:00+00:00,DOT/USDT,4h,4.392,4.441,4.347,4.414,1314235.110934
1752998400000,2025-07-20T08:00:00+00:00,DOT/USDT,4h,4.414,4.508,4.414,4.49,267539.152556
1753012800000,2025-07-20T12:00:00+00:00,DOT/USDT,4h,4.488,4.553,4.461,4.538,475633.425481
1753027200000,2025-07-20T16:00:00+00:00,DOT/USDT,4h,4.54,4.586,4.47,4.524,492921.082518
1753041600000,2025-07-20T20:00:00+00:00,DOT/USDT,4h,4.528,4.537,4.381,4.481,476961.466252
1753056000000,2025-07-21T00:00:00+00:00,DOT/USDT,4h,4.482,4.548,4.393,4.536,399558.97184
1753070400000,2025-07-21T04:00:00+00:00,DOT/USDT,4h,4.537,4.604,4.503,4.582,396611.454129
1753084800000,2025-07-21T08:00:00+00:00,DOT/USDT,4h,4.581,4.622,4.512,4.583,471736.802583
1753099200000,2025-07-21T12:00:00+00:00,DOT/USDT,4h,4.585,4.674,4.551,4.594,499936.463645
1753113600000,2025-07-21T16:00:00+00:00,DOT/USDT,4h,4.596,4.598,4.43,4.445,776940.524502
1753128000000,2025-07-21T20:00:00+00:00,DOT/USDT,4h,4.446,4.519,4.427,4.5,262349.621089
1753142400000,2025-07-22T00:00:00+00:00,DOT/USDT,4h,4.499,4.538,4.361,4.417,1035276.23661
1753156800000,2025-07-22T04:00:00+00:00,DOT/USDT,4h,4.417,4.44,4.308,4.387,1042980.651719
1753171200000,2025-07-22T08:00:00+00:00,DOT/USDT,4h,4.387,4.415,4.278,4.407,736034.038918
1753185600000,2025-07-22T12:00:00+00:00,DOT/USDT,4h,4.408,4.498,4.331,4.42,541388.630099
1753200000000,2025-07-22T16:00:00+00:00,DOT/USDT,4h,4.421,4.474,4.356,4.369,335148.712511
1753214400000,2025-07-22T20:00:00+00:00,DOT/USDT,4h,4.368,4.552,4.354,4.548,294420.361816
1753228800000,2025-07-23T00:00:00+00:00,DOT/USDT,4h,4.55,4.55,4.444,4.473,372431.22879
1753243200000,2025-07-23T04:00:00+00:00,DOT/USDT,4h,4.473,4.536,4.43,4.446,353859.679485
1753257600000,2025-07-23T08:00:00+00:00,DOT/USDT,4h,4.445,4.462,4.327,4.365,500610.740812
1753272000000,2025-07-23T12:00:00+00:00,DOT/USDT,4h,4.365,4.375,4.121,4.241,1903070.575555
1753286400000,2025-07-23T16:00:00+00:00,DOT/USDT,4h,4.24,4.241,4.075,4.139,655564.988852
1753300800000,2025-07-23T20:00:00+00:00,DOT/USDT,4h,4.139,4.165,4.0,4.111,638848.517041
1753315200000,2025-07-24T00:00:00+00:00,DOT/USDT,4h,4.111,4.2,4.085,4.14,347602.268473
1753329600000,2025-07-24T04:00:00+00:00,DOT/USDT,4h,4.144,4.155,3.894,4.008,1572018.096995
1753344000000,2025-07-24T08:00:00+00:00,DOT/USDT,4h,4.007,4.04,3.914,4.02,559872.829632
1753358400000,2025-07-24T12:00:00+00:00,DOT/USDT,4h,4.019,4.14,3.939,4.084,906271.534856
1753372800000,2025-07-24T16:00:00+00:00,DOT/USDT,4h,4.085,4.112,3.985,4.06,425427.280712
1753387200000,2025-07-24T20:00:00+00:00,DOT/USDT,4h,4.06,4.097,3.985,4.0,290251.14719
1753401600000,2025-07-25T00:00:00+00:00,DOT/USDT,4h,4.002,4.014,3.864,3.927,413943.727142
1753416000000,2025-07-25T04:00:00+00:00,DOT/USDT,4h,3.925,3.981,3.883,3.938,261400.684897
1753430400000,2025-07-25T08:00:00+00:00,DOT/USDT,4h,3.938,4.059,3.926,4.05,385069.497654
1753444800000,2025-07-25T12:00:00+00:00,DOT/USDT,4h,4.049,4.077,3.896,3.954,448350.021312
1753459200000,2025-07-25T16:00:00+00:00,DOT/USDT,4h,3.954,4.025,3.931,3.996,391305.19386
1753473600000,2025-07-25T20:00:00+00:00,DOT/USDT,4h,3.996,4.1,3.995,4.088,204117.061373
1753488000000,2025-07-26T00:00:00+00:00,DOT/USDT,4h,4.088,4.13,4.067,4.121,179705.740126
1753502400000,2025-07-26T04:00:00+00:00,DOT/USDT,4h,4.12,4.125,4.088,4.093,71166.77598
1753516800000,2025-07-26T08:00:00+00:00,DOT/USDT,4h,4.094,4.117,4.084,4.103,233683.248983
1753531200000,2025-07-26T12:00:00+00:00,DOT/USDT,4h,4.104,4.144,4.087,4.142,435899.756541
1753545600000,2025-07-26T16:00:00+00:00,DOT/USDT,4h,4.143,4.193,4.103,4.193,184497.233309
1753560000000,2025-07-26T20:00:00+00:00,DOT/USDT,4h,4.192,4.193,4.119,4.121,131447.632163
1753574400000,2025-07-27T00:00:00+00:00,DOT/USDT,4h,4.125,4.194,4.114,4.161,137372.183896
1753588800000,2025-07-27T04:00:00+00:00,DOT/USDT,4h,4.163,4.206,4.154,4.163,121209.807442
1753603200000,2025-07-27T08:00:00+00:00,DOT/USDT,4h,4.164,4.188,4.115,4.151,212941.093271
1753617600000,2025-07-27T12:00:00+00:00,DOT/USDT,4h,4.151,4.185,4.137,4.169,267548.649237
1753632000000,2025-07-27T16:00:00+00:00,DOT/USDT,4h,4.17,4.22,4.164,4.178,179637.980459
1753646400000,2025-07-27T20:00:00+00:00,DOT/USDT,4h,4.181,4.255,4.164,4.24,133111.95393
1753660800000,2025-07-28T00:00:00+00:00,DOT/USDT,4h,4.241,4.268,4.183,4.245,221093.931297
1753675200000,2025-07-28T04:00:00+00:00,DOT/USDT,4h,4.247,4.31,4.228,4.272,187707.105525
1753689600000,2025-07-28T08:00:00+00:00,DOT/USDT,4h,4.271,4.286,4.208,4.223,154629.161264
1753704000000,2025-07-28T12:00:00+00:00,DOT/USDT,4h,4.225,4.236,4.049,4.071,465005.145466
1753718400000,2025-07-28T16:00:00+00:00,DOT/USDT,4h,4.072,4.093,3.975,4.008,383852.085347
1753732800000,2025-07-28T20:00:00+00:00,DOT/USDT,4h,4.008,4.013,3.931,3.965,232911.278388
1753747200000,2025-07-29T00:00:00+00:00,DOT/USDT,4h,3.964,4.003,3.906,3.994,354369.756202
1753761600000,2025-07-29T04:00:00+00:00,DOT/USDT,4h,3.994,4.083,3.968,4.076,234547.980927
1753776000000,2025-07-29T08:00:00+00:00,DOT/USDT,4h,4.075,4.075,3.96,3.994,259372.846418
1753790400000,2025-07-29T12:00:00+00:00,DOT/USDT,4h,3.994,4.042,3.891,3.917,255684.785635
1753804800000,2025-07-29T16:00:00+00:00,DOT/USDT,4h,3.916,3.923,3.839,3.857,321530.642846
1753819200000,2025-07-29T20:00:00+00:00,DOT/USDT,4h,3.857,3.916,3.821,3.906,238035.716093
1753833600000,2025-07-30T00:00:00+00:00,DOT/USDT,4h,3.905,3.921,3.836,3.898,166369.382726
1753848000000,2025-07-30T04:00:00+00:00,DOT/USDT,4h,3.896,3.909,3.855,3.87,100007.14816
1753862400000,2025-07-30T08:00:00+00:00,DOT/USDT,4h,3.87,3.888,3.737,3.759,410402.454771
1753876800000,2025-07-30T12:00:00+00:00,DOT/USDT,4h,3.76,3.858,3.734,3.82,430579.094947
1753891200000,2025-07-30T16:00:00+00:00,DOT/USDT,4h,3.821,3.858,3.626,3.781,795321.118194
1753905600000,2025-07-30T20:00:00+00:00,DOT/USDT,4h,3.779,3.813,3.736,3.808,137923.590155
1753920000000,2025-07-31T00:00:00+00:00,DOT/USDT,4h,3.807,3.882,3.8,3.876,113130.91715
1753934400000,2025-07-31T04:00:00+00:00,DOT/USDT,4h,3.875,3.904,3.865,3.886,103588.072159
1753948800000,2025-07-31T08:00:00+00:00,DOT/USDT,4h,3.886,3.921,3.88,3.888,133036.209755
1753963200000,2025-07-31T12:00:00+00:00,DOT/USDT,4h,3.89,3.891,3.744,3.788,319845.608213
1753977600000,2025-07-31T16:00:00+00:00,DOT/USDT,4h,3.79,3.871,3.736,3.75,255221.193692
1753992000000,2025-07-31T20:00:00+00:00,DOT/USDT,4h,3.749,3.764,3.666,3.681,224274.401573
1754006400000,2025-08-01T00:00:00+00:00,DOT/USDT,4h,3.683,3.725,3.586,3.693,836906.725907
1754020800000,2025-08-01T04:00:00+00:00,DOT/USDT,4h,3.692,3.692,3.617,3.657,423272.190195
1754035200000,2025-08-01T08:00:00+00:00,DOT/USDT,4h,3.654,3.659,3.567,3.652,542094.540838
1754049600000,2025-08-01T12:00:00+00:00,DOT/USDT,4h,3.652,3.693,3.544,3.645,378173.314097
1754064000000,2025-08-01T16:00:00+00:00,DOT/USDT,4h,3.644,3.672,3.537,3.627,254457.074101
1754078400000,2025-08-01T20:00:00+00:00,DOT/USDT,4h,3.624,3.632,3.445,3.548,409262.61976
1754092800000,2025-08-02T00:00:00+00:00,DOT/USDT,4h,3.547,3.6,3.538,3.597,105049.884384
1754107200000,2025-08-02T04:00:00+00:00,DOT/USDT,4h,3.598,3.63,3.51,3.589,191935.119714
1754121600000,2025-08-02T08:00:00+00:00,DOT/USDT,4h,3.586,3.592,3.515,3.556,142690.198174
1754136000000,2025-08-02T12:00:00+00:00,DOT/USDT,4h,3.552,3.574,3.486,3.496,230523.02233
1754150400000,2025-08-02T16:00:00+00:00,DOT/USDT,4h,3.497,3.536,3.427,3.481,335494.869504
1754164800000,2025-08-02T20:00:00+00:00,DOT/USDT,4h,3.479,3.53,3.476,3.509,104677.875374
1754179200000,2025-08-03T00:00:00+00:00,DOT/USDT,4h,3.509,3.557,3.458,3.541,102124.231829
1754193600000,2025-08-03T04:00:00+00:00,DOT/USDT,4h,3.541,3.581,3.529,3.575,75906.22886
1754208000000,2025-08-03T08:00:00+00:00,DOT/USDT,4h,3.577,3.618,3.571,3.606,158033.29563
1754222400000,2025-08-03T12:00:00+00:00,DOT/USDT,4h,3.608,3.617,3.568,3.589,231742.36962
1754236800000,2025-08-03T16:00:00+00:00,DOT/USDT,4h,3.59,3.615,3.572,3.597,120728.543229
1754251200000,2025-08-03T20:00:00+00:00,DOT/USDT,4h,3.599,3.627,3.587,3.603,138413.066893
1754265600000,2025-08-04T00:00:00+00:00,DOT/USDT,4h,3.603,3.666,3.598,3.623,142917.163722
1754280000000,2025-08-04T04:00:00+00:00,DOT/USDT,4h,3.623,3.654,3.607,3.635,148404.07667
1754294400000,2025-08-04T08:00:00+00:00,DOT/USDT,4h,3.635,3.645,3.61,3.621,272236.62221
1754308800000,2025-08-04T12:00:00+00:00,DOT/USDT,4h,3.621,3.71,3.614,3.693,255714.879429
1754323200000,2025-08-04T16:00:00+00:00,DOT/USDT,4h,3.693,3.758,3.669,3.681,255505.626009
1754337600000,2025-08-04T20:00:00+00:00,DOT/USDT,4h,3.681,3.735,3.674,3.719,110829.282143
1754352000000,2025-08-05T00:00:00+00:00,DOT/USDT,4h,3.72,3.724,3.661,3.661,182865.264562
1754366400000,2025-08-05T04:00:00+00:00,DOT/USDT,4h,3.663,3.679,3.587,3.598,246225.765319
1754380800000,2025-08-05T08:00:00+00:00,DOT/USDT,4h,3.598,3.705,3.592,3.701,211850.392313
1754395200000,2025-08-05T12:00:00+00:00,DOT/USDT,4h,3.7,3.705,3.561,3.578,483852.500636
1754409600000,2025-08-05T16:00:00+00:00,DOT/USDT,4h,3.577,3.617,3.571,3.583,130649.052605
1754424000000,2025-08-05T20:00:00+00:00,DOT/USDT,4h,3.586,3.626,3.538,3.623,122100.780808
1754438400000,2025-08-06T00:00:00+00:00,DOT/USDT,4h,3.62,3.62,3.56,3.574,86870.547231
1754452800000,2025-08-06T04:00:00+00:00,DOT/USDT,4h,3.572,3.646,3.553,3.634,116047.587523
1754467200000,2025-08-06T08:00:00+00:00,DOT/USDT,4h,3.635,3.642,3.594,3.608,229028.371161
1754481600000,2025-08-06T12:00:00+00:00,DOT/USDT,4h,3.608,3.682,3.573,3.679,187005.172927
1754496000000,2025-08-06T16:00:00+00:00,DOT/USDT,4h,3.679,3.698,3.643,3.674,121388.719704
1754510400000,2025-08-06T20:00:00+00:00,DOT/USDT,4h,3.675,3.686,3.66,3.675,46265.629842
1754524800000,2025-08-07T00:00:00+00:00,DOT/USDT,4h,3.676,3.697,3.644,3.648,117619.274816
1754539200000,2025-08-07T04:00:00+00:00,DOT/USDT,4h,3.647,3.693,3.643,3.683,323511.580396
1754553600000,2025-08-07T08:00:00+00:00,DOT/USDT,4h,3.684,3.79,3.673,3.787,482799.759112
1754568000000,2025-08-07T12:00:00+00:00,DOT/USDT,4h,3.788,3.805,3.741,3.766,350684.673523
1754582400000,2025-08-07T16:00:00+00:00,DOT/USDT,4h,3.766,3.787,3.691,3.787,141538.837957
1754596800000,2025-08-07T20:00:00+00:00,DOT/USDT,4h,3.788,3.872,3.783,3.865,194912.161799
1754611200000,2025-08-08T00:00:00+00:00,DOT/USDT,4h,3.867,3.93,3.808,3.877,3938747.30601
1754625600000,2025-08-08T04:00:00+00:00,DOT/USDT,4h,3.878,3.952,3.841,3.921,343036.196322
1754640000000,2025-08-08T08:00:00+00:00,DOT/USDT,4h,3.921,3.944,3.887,3.916,141224.725306
1754654400000,2025-08-08T12:00:00+00:00,DOT/USDT,4h,3.915,3.965,3.858,3.884,277066.99743
1754668800000,2025-08-08T16:00:00+00:00,DOT/USDT,4h,3.884,3.989,3.881,3.989,286506.229989
1754683200000,2025-08-08T20:00:00+00:00,DOT/USDT,4h,3.987,3.998,3.957,3.977,98931.440257
1754697600000,2025-08-09T00:00:00+00:00,DOT/USDT,4h,3.979,4.025,3.971,3.999,132515.353282
1754712000000,2025-08-09T04:00:00+00:00,DOT/USDT,4h,4.001,4.092,3.991,4.074,372978.60422
1754726400000,2025-08-09T08:00:00+00:00,DOT/USDT,4h,4.075,4.111,4.07,4.099,204160.357631
1754740800000,2025-08-09T12:00:00+00:00,DOT/USDT,4h,4.1,4.146,4.052,4.075,861456.581045
1754755200000,2025-08-09T16:00:00+00:00,DOT/USDT,4h,4.077,4.14,4.077,4.128,160308.062013
1754769600000,2025-08-09T20:00:00+00:00,DOT/USDT,4h,4.13,4.165,4.107,4.136,229943.610619
1754784000000,2025-08-10T00:00:00+00:00,DOT/USDT,4h,4.139,4.182,4.087,4.136,336729.130764
1754798400000,2025-08-10T04:00:00+00:00,DOT/USDT,4h,4.136,4.167,4.007,4.011,388116.345075
1754812800000,2025-08-10T08:00:00+00:00,DOT/USDT,4h,4.011,4.056,3.964,3.991,327683.567801
1754827200000,2025-08-10T12:00:00+00:00,DOT/USDT,4h,3.991,4.084,3.975,4.056,222602.623059
1754841600000,2025-08-10T16:00:00+00:00,DOT/USDT,4h,4.055,4.091,4.034,4.074,280358.795358
1754856000000,2025-08-10T20:00:00+00:00,DOT/USDT,4h,4.075,4.081,4.012,4.047,197979.151399
1754870400000,2025-08-11T00:00:00+00:00,DOT/USDT,4h,4.048,4.158,4.033,4.13,279065.785997
1754884800000,2025-08-11T04:00:00+00:00,DOT/USDT,4h,4.131,4.159,4.04,4.051,304688.526318
1754899200000,2025-08-11T08:00:00+00:00,DOT/USDT,4h,4.049,4.074,3.913,3.934,338631.049047
1754913600000,2025-08-11T12:00:00+00:00,DOT/USDT,4h,3.935,3.986,3.885,3.963,485561.83281
1754928000000,2025-08-11T16:00:00+00:00,DOT/USDT,4h,3.963,4.022,3.88,3.909,723409.640116
1754942400000,2025-08-11T20:00:00+00:00,DOT/USDT,4h,3.907,3.924,3.817,3.855,186046.603571
1754956800000,2025-08-12T00:00:00+00:00,DOT/USDT,4h,3.854,3.935,3.846,3.898,215645.2311
1754971200000,2025-08-12T04:00:00+00:00,DOT/USDT,4h,3.897,3.935,3.853,3.921,746899.081707
1754985600000,2025-08-12T08:00:00+00:00,DOT/USDT,4h,3.922,3.922,3.836,3.884,167887.334695
1755000000000,2025-08-12T12:00:00+00:00,DOT/USDT,4h,3.884,4.097,3.871,4.094,818253.159563
1755014400000,2025-08-12T16:00:00+00:00,DOT/USDT,4h,4.095,4.233,4.072,4.171,615613.055142
1755028800000,2025-08-12T20:00:00+00:00,DOT/USDT,4h,4.174,4.21,4.13,4.157,244621.553931
1755043200000,2025-08-13T00:00:00+00:00,DOT/USDT,4h,4.157,4.199,4.096,4.188,400147.405435
1755057600000,2025-08-13T04:00:00+00:00,DOT/USDT,4h,4.186,4.226,4.132,4.202,306521.17604
1755072000000,2025-08-13T08:00:00+00:00,DOT/USDT,4h,4.2,4.292,4.198,4.261,489572.529803
1755086400000,2025-08-13T12:00:00+00:00,DOT/USDT,4h,4.262,4.318,4.185,4.218,580065.425855
1755100800000,2025-08-13T16:00:00+00:00,DOT/USDT,4h,4.222,4.252,4.176,4.248,542233.534112
1755115200000,2025-08-13T20:00:00+00:00,DOT/USDT,4h,4.25,4.318,4.221,4.277,371339.608263
1755129600000,2025-08-14T00:00:00+00:00,DOT/USDT,4h,4.277,4.369,4.247,4.332,389689.5939
1755144000000,2025-08-14T04:00:00+00:00,DOT/USDT,4h,4.335,4.349,4.214,4.254,400913.486188
1755158400000,2025-08-14T08:00:00+00:00,DOT/USDT,4h,4.256,4.257,4.165,4.196,316753.790662
1755172800000,2025-08-14T12:00:00+00:00,DOT/USDT,4h,4.195,4.226,3.913,4.027,1895005.308612
1755187200000,2025-08-14T16:00:00+00:00,DOT/USDT,4h,4.024,4.026,3.936,3.991,277047.971127
1755201600000,2025-08-14T20:00:00+00:00,DOT/USDT,4h,3.99,4.0,3.903,3.986,202173.344711
1755216000000,2025-08-15T00:00:00+00:00,DOT/USDT,4h,3.986,4.05,3.966,4.038,206682.440446
1755230400000,2025-08-15T04:00:00+00:00,DOT/USDT,4h,4.034,4.104,3.997,4.031,337520.060474
1755244800000,2025-08-15T08:00:00+00:00,DOT/USDT,4h,4.032,4.042,3.976,3.991,282991.98309
1755259200000,2025-08-15T12:00:00+00:00,DOT/USDT,4h,3.991,4.037,3.831,3.86,712912.761138
1755273600000,2025-08-15T16:00:00+00:00,DOT/USDT,4h,3.86,3.911,3.818,3.831,493768.584083
1755288000000,2025-08-15T20:00:00+00:00,DOT/USDT,4h,3.831,3.937,3.821,3.896,220811.927445
1755302400000,2025-08-16T00:00:00+00:00,DOT/USDT,4h,3.894,3.956,3.89,3.906,117740.307183
1755316800000,2025-08-16T04:00:00+00:00,DOT/USDT,4h,3.911,3.939,3.89,3.935,180741.757595
1755331200000,2025-08-16T08:00:00+00:00,DOT/USDT,4h,3.936,3.965,3.895,3.898,179269.231325
1755345600000,2025-08-16T12:00:00+00:00,DOT/USDT,4h,3.9,3.997,3.894,3.981,244565.60343
1755360000000,2025-08-16T16:00:00+00:00,DOT/USDT,4h,3.983,3.99,3.937,3.948,146254.209368
1755374400000,2025-08-16T20:00:00+00:00,DOT/USDT,4h,3.948,3.984,3.942,3.965,151830.401858
1755388800000,2025-08-17T00:00:00+00:00,DOT/USDT,4h,3.966,3.989,3.927,3.98,159772.055421
1755403200000,2025-08-17T04:00:00+00:00,DOT/USDT,4h,3.981,4.036,3.979,4.023,257684.986576
1755417600000,2025-08-17T08:00:00+00:00,DOT/USDT,4h,4.025,4.097,4.02,4.09,354123.600066
1755432000000,2025-08-17T12:00:00+00:00,DOT/USDT,4h,4.09,4.171,4.051,4.171,307748.534974
1755446400000,2025-08-17T16:00:00+00:00,DOT/USDT,4h,4.171,4.194,4.044,4.063,377746.908979
1755460800000,2025-08-17T20:00:00+00:00,DOT/USDT,4h,4.063,4.103,4.05,4.052,196749.35151
1755475200000,2025-08-18T00:00:00+00:00,DOT/USDT,4h,4.052,4.062,3.849,3.899,675063.61067
1755489600000,2025-08-18T04:00:00+00:00,DOT/USDT,4h,3.897,3.933,3.836,3.861,437373.192509
1755504000000,2025-08-18T08:00:00+00:00,DOT/USDT,4h,3.863,3.928,3.832,3.92,783186.971647
1755518400000,2025-08-18T12:00:00+00:00,DOT/USDT,4h,3.919,3.98,3.866,3.919,393022.254853
1755532800000,2025-08-18T16:00:00+00:00,DOT/USDT,4h,3.918,3.957,3.877,3.929,206220.127524
1755547200000,2025-08-18T20:00:00+00:00,DOT/USDT,4h,3.93,3.974,3.899,3.914,131176.698853
1755561600000,2025-08-19T00:00:00+00:00,DOT/USDT,4h,3.914,3.962,3.812,3.826,730739.695106
1755576000000,2025-08-19T04:00:00+00:00,DOT/USDT,4h,3.823,3.854,3.785,3.838,676845.14015
1755590400000,2025-08-19T08:00:00+00:00,DOT/USDT,4h,3.838,3.898,3.811,3.889,156451.691984
1755604800000,2025-08-19T12:00:00+00:00,DOT/USDT,4h,3.888,3.907,3.77,3.774,790136.222444
1755619200000,2025-08-19T16:00:00+00:00,DOT/USDT,4h,3.774,3.805,3.72,3.741,676087.600401
1755633600000,2025-08-19T20:00:00+00:00,DOT/USDT,4h,3.741,3.786,3.712,3.721,166496.77725
1755648000000,2025-08-20T00:00:00+00:00,DOT/USDT,4h,3.72,3.777,3.694,3.755,256665.165935
1755662400000,2025-08-20T04:00:00+00:00,DOT/USDT,4h,3.754,3.789,3.753,3.77,271951.912109
1755676800000,2025-08-20T08:00:00+00:00,DOT/USDT,4h,3.771,3.816,3.732,3.778,464738.000138
1755691200000,2025-08-20T12:00:00+00:00,DOT/USDT,4h,3.779,3.865,3.71,3.821,571941.476187
1755705600000,2025-08-20T16:00:00+00:00,DOT/USDT,4h,3.821,3.904,3.817,3.901,173374.52722
1755720000000,2025-08-20T20:00:00+00:00,DOT/USDT,4h,3.903,3.907,3.877,3.884,102269.743767
1755734400000,2025-08-21T00:00:00+00:00,DOT/USDT,4h,3.885,3.921,3.857,3.881,158032.438395
1755748800000,2025-08-21T04:00:00+00:00,DOT/USDT,4h,3.88,3.898,3.842,3.872,86349.564492
1755763200000,2025-08-21T08:00:00+00:00,DOT/USDT,4h,3.873,3.875,3.82,3.832,175518.550868
1755777600000,2025-08-21T12:00:00+00:00,DOT/USDT,4h,3.831,3.872,3.783,3.796,295469.140951
1755792000000,2025-08-21T16:00:00+00:00,DOT/USDT,4h,3.795,3.847,3.773,3.799,127595.45335
1755806400000,2025-08-21T20:00:00+00:00,DOT/USDT,4h,3.799,3.84,3.779,3.797,84917.630886
1755820800000,2025-08-22T00:00:00+00:00,DOT/USDT,4h,3.798,3.853,3.77,3.798,136302.520823
1755835200000,2025-08-22T04:00:00+00:00,DOT/USDT,4h,3.798,3.85,3.797,3.84,140095.796237
1755849600000,2025-08-22T08:00:00+00:00,DOT/USDT,4h,3.841,3.853,3.751,3.752,148643.321429
1755864000000,2025-08-22T12:00:00+00:00,DOT/USDT,4h,3.753,4.003,3.686,3.959,1264708.811593
1755878400000,2025-08-22T16:00:00+00:00,DOT/USDT,4h,3.959,4.114,3.959,4.098,1061967.263272
1755892800000,2025-08-22T20:00:00+00:00,DOT/USDT,4h,4.1,4.205,4.1,4.179,489954.106981
1755907200000,2025-08-23T00:00:00+00:00,DOT/USDT,4h,4.18,4.191,4.026,4.047,554658.756365
1755921600000,2025-08-23T04:00:00+00:00,DOT/USDT,4h,4.048,4.184,4.047,4.146,296084.642856
1755936000000,2025-08-23T08:00:00+00:00,DOT/USDT,4h,4.146,4.163,4.122,4.141,153281.645108
1755950400000,2025-08-23T12:00:00+00:00,DOT/USDT,4h,4.141,4.173,4.121,4.156,178263.372483
1755964800000,2025-08-23T16:00:00+00:00,DOT/USDT,4h,4.158,4.242,4.134,4.235,216458.392417
1755979200000,2025-08-23T20:00:00+00:00,DOT/USDT,4h,4.237,4.265,4.182,4.227,427768.239742
1755993600000,2025-08-24T00:00:00+00:00,DOT/USDT,4h,4.226,4.241,4.138,4.162,216773.839235
1756008000000,2025-08-24T04:00:00+00:00,DOT/USDT,4h,4.163,4.171,4.077,4.09,192180.681369
1756022400000,2025-08-24T08:00:00+00:00,DOT/USDT,4h,4.09,4.112,4.013,4.034,262948.072429
1756036800000,2025-08-24T12:00:00+00:00,DOT/USDT,4h,4.036,4.107,4.022,4.062,180512.793899
1756051200000,2025-08-24T16:00:00+00:00,DOT/USDT,4h,4.063,4.283,4.043,4.134,921198.859207
1756065600000,2025-08-24T20:00:00+00:00,DOT/USDT,4h,4.135,4.16,4.04,4.108,342847.099647
1756080000000,2025-08-25T00:00:00+00:00,DOT/USDT,4h,4.109,4.145,4.035,4.101,219628.971081
1756094400000,2025-08-25T04:00:00+00:00,DOT/USDT,4h,4.102,4.109,3.898,3.912,511109.624162
1756108800000,2025-08-25T08:00:00+00:00,DOT/USDT,4h,3.913,3.939,3.852,3.899,735388.464626
1756123200000,2025-08-25T12:00:00+00:00,DOT/USDT,4h,3.899,3.931,3.861,3.87,341655.218751
1756137600000,2025-08-25T16:00:00+00:00,DOT/USDT,4h,3.87,3.896,3.771,3.777,419714.519628
1756152000000,2025-08-25T20:00:00+00:00,DOT/USDT,4h,3.779,3.797,3.69,3.733,590616.845411
1756166400000,2025-08-26T00:00:00+00:00,DOT/USDT,4h,3.735,3.81,3.708,3.79,314734.389493
1756180800000,2025-08-26T04:00:00+00:00,DOT/USDT,4h,3.79,3.823,3.756,3.794,285579.069699
1756195200000,2025-08-26T08:00:00+00:00,DOT/USDT,4h,3.794,3.814,3.762,3.781,118516.646158
1756209600000,2025-08-26T12:00:00+00:00,DOT/USDT,4h,3.78,3.856,3.761,3.815,395087.180382
1756224000000,2025-08-26T16:00:00+00:00,DOT/USDT,4h,3.816,3.913,3.806,3.908,133561.419077
1756238400000,2025-08-26T20:00:00+00:00,DOT/USDT,4h,3.907,3.923,3.88,3.886,155177.668031
1756252800000,2025-08-27T00:00:00+00:00,DOT/USDT,4h,3.887,3.915,3.849,3.894,136114.612776
1756267200000,2025-08-27T04:00:00+00:00,DOT/USDT,4h,3.893,3.926,3.849,3.853,201145.335487
1756281600000,2025-08-27T08:00:00+00:00,DOT/USDT,4h,3.853,3.89,3.838,3.884,127439.571848
1756296000000,2025-08-27T12:00:00+00:00,DOT/USDT,4h,3.884,3.933,3.856,3.913,226109.636976
1756310400000,2025-08-27T16:00:00+00:00,DOT/USDT,4h,3.913,3.919,3.842,3.867,335995.108459
1756324800000,2025-08-27T20:00:00+00:00,DOT/USDT,4h,3.867,3.913,3.823,3.838,602297.787252
1756339200000,2025-08-28T00:00:00+00:00,DOT/USDT,4h,3.837,3.878,3.808,3.874,297550.820306
1756353600000,2025-08-28T04:00:00+00:00,DOT/USDT,4h,3.875,3.941,3.867,3.934,220992.121827
1756368000000,2025-08-28T08:00:00+00:00,DOT/USDT,4h,3.934,3.99,3.931,3.966,229497.457689
1756382400000,2025-08-28T12:00:00+00:00,DOT/USDT,4h,3.966,4.019,3.946,3.957,485835.246129
1756396800000,2025-08-28T16:00:00+00:00,DOT/USDT,4h,3.957,3.984,3.881,3.881,224792.247509
1756411200000,2025-08-28T20:00:00+00:00,DOT/USDT,4h,3.882,4.005,3.874,3.98,207151.823846
1756425600000,2025-08-29T00:00:00+00:00,DOT/USDT,4h,3.981,4.002,3.923,3.953,140091.08408
1756440000000,2025-08-29T04:00:00+00:00,DOT/USDT,4h,3.953,3.96,3.81,3.815,542930.397901
1756454400000,2025-08-29T08:00:00+00:00,DOT/USDT,4h,3.816,3.833,3.749,3.828,463293.288911
1756468800000,2025-08-29T12:00:00+00:00,DOT/USDT,4h,3.828,3.914,3.754,3.771,501474.993623
1756483200000,2025-08-29T16:00:00+00:00,DOT/USDT,4h,3.772,3.789,3.725,3.764,219898.393233
1756497600000,2025-08-29T20:00:00+00:00,DOT/USDT,4h,3.764,3.786,3.724,3.775,326346.943837
1756512000000,2025-08-30T00:00:00+00:00,DOT/USDT,4h,3.776,3.826,3.713,3.82,454637.296241
1756526400000,2025-08-30T04:00:00+00:00,DOT/USDT,4h,3.82,3.821,3.79,3.813,434749.156069
1756540800000,2025-08-30T08:00:00+00:00,DOT/USDT,4h,3.814,3.814,3.775,3.795,159022.380307
1756555200000,2025-08-30T12:00:00+00:00,DOT/USDT,4h,3.796,3.796,3.732,3.788,426867.405956
1756569600000,2025-08-30T16:00:00+00:00,DOT/USDT,4h,3.787,3.794,3.758,3.792,120672.495588
1756584000000,2025-08-30T20:00:00+00:00,DOT/USDT,4h,3.792,3.812,3.775,3.81,132816.71722
1756598400000,2025-08-31T00:00:00+00:00,DOT/USDT,4h,3.81,3.875,3.81,3.858,204705.280568
1756612800000,2025-08-31T04:00:00+00:00,DOT/USDT,4h,3.86,3.862,3.799,3.801,213805.570367
1756627200000,2025-08-31T08:00:00+00:00,DOT/USDT,4h,3.803,3.845,3.784,3.816,212405.131091
1756641600000,2025-08-31T12:00:00+00:00,DOT/USDT,4h,3.817,3.829,3.78,3.818,121911.789222
1756656000000,2025-08-31T16:00:00+00:00,DOT/USDT,4h,3.818,3.829,3.788,3.798,79488.01299
1756670400000,2025-08-31T20:00:00+00:00,DOT/USDT,4h,3.799,3.815,3.735,3.743,233101.235908
1756684800000,2025-09-01T00:00:00+00:00,DOT/USDT,4h,3.742,3.754,3.675,3.69,573545.459493
1756699200000,2025-09-01T04:00:00+00:00,DOT/USDT,4h,3.689,3.822,3.657,3.822,319962.051467
1756713600000,2025-09-01T08:00:00+00:00,DOT/USDT,4h,3.822,3.888,3.761,3.769,689915.017556
1756728000000,2025-09-01T12:00:00+00:00,DOT/USDT,4h,3.771,3.797,3.721,3.732,146844.108036
1756742400000,2025-09-01T16:00:00+00:00,DOT/USDT,4h,3.732,3.744,3.695,3.742,90683.927989
1756756800000,2025-09-01T20:00:00+00:00,DOT/USDT,4h,3.741,3.743,3.614,3.695,540925.805492
1756771200000,2025-09-02T00:00:00+00:00,DOT/USDT,4h,3.695,3.787,3.679,3.772,149230.255341
1756785600000,2025-09-02T04:00:00+00:00,DOT/USDT,4h,3.773,3.788,3.747,3.755,396531.728444
1756800000000,2025-09-02T08:00:00+00:00,DOT/USDT,4h,3.756,3.784,3.751,3.753,61538.580655
1756814400000,2025-09-02T12:00:00+00:00,DOT/USDT,4h,3.756,3.817,3.692,3.732,505505.831225
1756828800000,2025-09-02T16:00:00+00:00,DOT/USDT,4h,3.734,3.788,3.734,3.749,58764.561286
1756843200000,2025-09-02T20:00:00+00:00,DOT/USDT,4h,3.751,3.829,3.746,3.821,148745.285897
1756857600000,2025-09-03T00:00:00+00:00,DOT/USDT,4h,3.821,3.841,3.79,3.822,81984.410817
1756872000000,2025-09-03T04:00:00+00:00,DOT/USDT,4h,3.82,3.827,3.785,3.811,54357.598193
1756886400000,2025-09-03T08:00:00+00:00,DOT/USDT,4h,3.81,3.851,3.808,3.827,99878.374553
1756900800000,2025-09-03T12:00:00+00:00,DOT/USDT,4h,3.827,3.905,3.812,3.892,264258.417482
1756915200000,2025-09-03T16:00:00+00:00,DOT/USDT,4h,3.892,3.903,3.864,3.893,69867.526201
1756929600000,2025-09-03T20:00:00+00:00,DOT/USDT,4h,3.893,3.899,3.859,3.865,60078.240831
1756944000000,2025-09-04T00:00:00+00:00,DOT/USDT,4h,3.866,3.877,3.808,3.809,107261.248883
1756958400000,2025-09-04T04:00:00+00:00,DOT/USDT,4h,3.811,3.819,3.762,3.786,95001.374853
1756972800000,2025-09-04T08:00:00+00:00,DOT/USDT,4h,3.786,3.805,3.767,3.782,68001.249388
1756987200000,2025-09-04T12:00:00+00:00,DOT/USDT,4h,3.782,3.8,3.742,3.758,140783.668275
1757001600000,2025-09-04T16:00:00+00:00,DOT/USDT,4h,3.757,3.778,3.724,3.742,124833.734078
1757016000000,2025-09-04T20:00:00+00:00,DOT/USDT,4h,3.739,3.804,3.736,3.763,113852.273388
1757030400000,2025-09-05T00:00:00+00:00,DOT/USDT,4h,3.764,3.789,3.756,3.784,59960.143668
1757044800000,2025-09-05T04:00:00+00:00,DOT/USDT,4h,3.785,3.842,3.775,3.839,99618.69308
1757059200000,2025-09-05T08:00:00+00:00,DOT/USDT,4h,3.84,3.843,3.808,3.83,80916.472833
1757073600000,2025-09-05T12:00:00+00:00,DOT/USDT,4h,3.83,3.894,3.775,3.807,561026.89288
1757088000000,2025-09-05T16:00:00+00:00,DOT/USDT,4h,3.81,3.829,3.788,3.827,85920.978353
1757102400000,2025-09-05T20:00:00+00:00,DOT/USDT,4h,3.828,3.848,3.808,3.827,75444.976625
1757116800000,2025-09-06T00:00:00+00:00,DOT/USDT,4h,3.828,3.885,3.826,3.883,132281.952924
1757131200000,2025-09-06T04:00:00+00:00,DOT/USDT,4h,3.882,3.883,3.82,3.826,157243.966601
1757145600000,2025-09-06T08:00:00+00:00,DOT/USDT,4h,3.827,3.829,3.796,3.814,80764.378464
1757160000000,2025-09-06T12:00:00+00:00,DOT/USDT,4h,3.814,3.826,3.791,3.793,91148.032752
1757174400000,2025-09-06T16:00:00+00:00,DOT/USDT,4h,3.793,3.824,3.781,3.792,106374.622636
1757188800000,2025-09-06T20:00:00+00:00,DOT/USDT,4h,3.793,3.835,3.791,3.824,42084.528828
1757203200000,2025-09-07T00:00:00+00:00,DOT/USDT,4h,3.824,3.861,3.822,3.851,64566.217979
1757217600000,2025-09-07T04:00:00+00:00,DOT/USDT,4h,3.852,3.869,3.846,3.853,63884.610904
1757232000000,2025-09-07T08:00:00+00:00,DOT/USDT,4h,3.853,3.866,3.847,3.866,47866.764075
1757246400000,2025-09-07T12:00:00+00:00,DOT/USDT,4h,3.867,4.09,3.865,3.969,1504694.820853
1757260800000,2025-09-07T16:00:00+00:00,DOT/USDT,4h,3.969,4.015,3.952,3.992,313209.547731
1757275200000,2025-09-07T20:00:00+00:00,DOT/USDT,4h,3.991,4.019,3.977,3.994,144629.296568
1757289600000,2025-09-08T00:00:00+00:00,DOT/USDT,4h,3.996,4.074,3.981,4.052,319914.555561
1757304000000,2025-09-08T04:00:00+00:00,DOT/USDT,4h,4.051,4.057,3.987,3.996,220597.983984
1757318400000,2025-09-08T08:00:00+00:00,DOT/USDT,4h,3.997,4.055,3.996,4.023,314325.368273
1757332800000,2025-09-08T12:00:00+00:00,DOT/USDT,4h,4.024,4.079,4.005,4.07,387501.175663
1757347200000,2025-09-08T16:00:00+00:00,DOT/USDT,4h,4.07,4.08,4.016,4.022,249902.156853
1757361600000,2025-09-08T20:00:00+00:00,DOT/USDT,4h,4.023,4.071,4.003,4.045,195048.522805
1757376000000,2025-09-09T00:00:00+00:00,DOT/USDT,4h,4.045,4.1,4.004,4.046,374111.161893
1757390400000,2025-09-09T04:00:00+00:00,DOT/USDT,4h,4.044,4.174,4.03,4.125,495090.046238
1757404800000,2025-09-09T08:00:00+00:00,DOT/USDT,4h,4.126,4.181,4.119,4.146,317123.153322
1757419200000,2025-09-09T12:00:00+00:00,DOT/USDT,4h,4.148,4.188,4.049,4.07,803201.694881
1757433600000,2025-09-09T16:00:00+00:00,DOT/USDT,4h,4.07,4.114,4.03,4.107,153164.757014
1757448000000,2025-09-09T20:00:00+00:00,DOT/USDT,4h,4.107,4.144,4.09,4.138,153167.999576
1757462400000,2025-09-10T00:00:00+00:00,DOT/USDT,4h,4.14,4.154,4.098,4.134,347420.163672
1757476800000,2025-09-10T04:00:00+00:00,DOT/USDT,4h,4.135,4.135,4.075,4.114,126785.087164
1757491200000,2025-09-10T08:00:00+00:00,DOT/USDT,4h,4.116,4.127,4.054,4.083,238747.982979
1757505600000,2025-09-10T12:00:00+00:00,DOT/USDT,4h,4.082,4.208,4.078,4.172,647567.016343
1757520000000,2025-09-10T16:00:00+00:00,DOT/USDT,4h,4.175,4.198,4.144,4.161,264902.634634
1757534400000,2025-09-10T20:00:00+00:00,DOT/USDT,4h,4.162,4.228,4.16,4.217,215554.623737
1757548800000,2025-09-11T00:00:00+00:00,DOT/USDT,4h,4.217,4.257,4.196,4.241,275515.505286
1757563200000,2025-09-11T04:00:00+00:00,DOT/USDT,4h,4.243,4.244,4.196,4.227,206790.151919
1757577600000,2025-09-11T08:00:00+00:00,DOT/USDT,4h,4.226,4.228,4.174,4.193,188831.092425
1757592000000,2025-09-11T12:00:00+00:00,DOT/USDT,4h,4.194,4.246,4.128,4.164,504834.395075
1757606400000,2025-09-11T16:00:00+00:00,DOT/USDT,4h,4.164,4.23,4.161,4.212,174299.036166
1757620800000,2025-09-11T20:00:00+00:00,DOT/USDT,4h,4.212,4.257,4.203,4.241,97076.505437
1757635200000,2025-09-12T00:00:00+00:00,DOT/USDT,4h,4.242,4.279,4.201,4.218,191869.387422
1757649600000,2025-09-12T04:00:00+00:00,DOT/USDT,4h,4.218,4.269,4.202,4.232,180866.933282
1757664000000,2025-09-12T08:00:00+00:00,DOT/USDT,4h,4.233,4.234,4.17,4.174,206033.853081
1757678400000,2025-09-12T12:00:00+00:00,DOT/USDT,4h,4.176,4.245,4.152,4.196,239034.634902
1757692800000,2025-09-12T16:00:00+00:00,DOT/USDT,4h,4.197,4.297,4.196,4.293,256834.05279
1757707200000,2025-09-12T20:00:00+00:00,DOT/USDT,4h,4.293,4.322,4.252,4.318,235252.407308
1757721600000,2025-09-13T00:00:00+00:00,DOT/USDT,4h,4.319,4.383,4.303,4.377,306939.896989
1757736000000,2025-09-13T04:00:00+00:00,DOT/USDT,4h,4.377,4.504,4.361,4.456,780872.944461
1757750400000,2025-09-13T08:00:00+00:00,DOT/USDT,4h,4.458,4.594,4.451,4.584,777979.827618
1757764800000,2025-09-13T12:00:00+00:00,DOT/USDT,4h,4.586,4.626,4.485,4.509,798765.048752
1757779200000,2025-09-13T16:00:00+00:00,DOT/USDT,4h,4.511,4.54,4.417,4.464,408229.783011
1757793600000,2025-09-13T20:00:00+00:00,DOT/USDT,4h,4.465,4.515,4.461,4.494,113538.144264
1757808000000,2025-09-14T00:00:00+00:00,DOT/USDT,4h,4.491,4.496,4.392,4.399,390802.502447
1757822400000,2025-09-14T04:00:00+00:00,DOT/USDT,4h,4.4,4.445,4.364,4.418,209070.803386
1757836800000,2025-09-14T08:00:00+00:00,DOT/USDT,4h,4.419,4.467,4.366,4.374,330888.611682
1757851200000,2025-09-14T12:00:00+00:00,DOT/USDT,4h,4.375,4.395,4.278,4.326,442599.76746
1757865600000,2025-09-14T16:00:00+00:00,DOT/USDT,4h,4.327,4.377,4.316,4.33,184134.926867
1757880000000,2025-09-14T20:00:00+00:00,DOT/USDT,4h,4.33,4.372,4.309,4.314,101945.571932
1757894400000,2025-09-15T00:00:00+00:00,DOT/USDT,4h,4.315,4.377,4.288,4.367,174452.793952
1757908800000,2025-09-15T04:00:00+00:00,DOT/USDT,4h,4.367,4.403,4.238,4.249,618130.653386
1757923200000,2025-09-15T08:00:00+00:00,DOT/USDT,4h,4.248,4.251,4.137,4.189,548698.737728
1757937600000,2025-09-15T12:00:00+00:00,DOT/USDT,4h,4.189,4.204,4.116,4.145,285186.268213
1757952000000,2025-09-15T16:00:00+00:00,DOT/USDT,4h,4.143,4.162,4.104,4.144,359093.755692
1757966400000,2025-09-15T20:00:00+00:00,DOT/USDT,4h,4.144,4.179,4.139,4.152,126127.047647
1757980800000,2025-09-16T00:00:00+00:00,DOT/USDT,4h,4.151,4.164,4.122,4.154,134309.455144
1757995200000,2025-09-16T04:00:00+00:00,DOT/USDT,4h,4.155,4.21,4.109,4.17,328832.641563
1758009600000,2025-09-16T08:00:00+00:00,DOT/USDT,4h,4.17,4.253,4.169,4.209,492118.712877
1758024000000,2025-09-16T12:00:00+00:00,DOT/USDT,4h,4.21,4.247,4.151,4.227,329669.419232
1758038400000,2025-09-16T16:00:00+00:00,DOT/USDT,4h,4.228,4.29,4.194,4.275,296167.835356
1758052800000,2025-09-16T20:00:00+00:00,DOT/USDT,4h,4.276,4.297,4.246,4.254,139765.711805
1758067200000,2025-09-17T00:00:00+00:00,DOT/USDT,4h,4.255,4.265,4.211,4.214,164780.765505
1758081600000,2025-09-17T04:00:00+00:00,DOT/USDT,4h,4.214,4.241,4.174,4.23,296671.290631
1758096000000,2025-09-17T08:00:00+00:00,DOT/USDT,4h,4.229,4.229,4.161,4.181,220768.939056
1758110400000,2025-09-17T12:00:00+00:00,DOT/USDT,4h,4.182,4.203,4.156,4.168,185572.265656
1758124800000,2025-09-17T16:00:00+00:00,DOT/USDT,4h,4.166,4.283,4.137,4.283,983729.520157
1758139200000,2025-09-17T20:00:00+00:00,DOT/USDT,4h,4.284,4.432,4.224,4.402,518905.358852
1758153600000,2025-09-18T00:00:00+00:00,DOT/USDT,4h,4.403,4.489,4.374,4.476,376420.152675
1758168000000,2025-09-18T04:00:00+00:00,DOT/USDT,4h,4.476,4.517,4.418,4.491,570515.361823
1758182400000,2025-09-18T08:00:00+00:00,DOT/USDT,4h,4.49,4.569,4.476,4.525,533501.09196
1758196800000,2025-09-18T12:00:00+00:00,DOT/USDT,4h,4.524,4.58,4.512,4.548,701285.471259
1758211200000,2025-09-18T16:00:00+00:00,DOT/USDT,4h,4.548,4.597,4.528,4.562,354920.778741
1758225600000,2025-09-18T20:00:00+00:00,DOT/USDT,4h,4.562,4.573,4.512,4.531,243120.940522
1758240000000,2025-09-19T00:00:00+00:00,DOT/USDT,4h,4.532,4.88,4.532,4.632,2194597.946657
1758254400000,2025-09-19T04:00:00+00:00,DOT/USDT,4h,4.63,4.675,4.567,4.603,972512.560671
1758268800000,2025-09-19T08:00:00+00:00,DOT/USDT,4h,4.603,4.64,4.461,4.495,633514.568092
1758283200000,2025-09-19T12:00:00+00:00,DOT/USDT,4h,4.495,4.541,4.412,4.441,676499.060347
1758297600000,2025-09-19T16:00:00+00:00,DOT/USDT,4h,4.442,4.458,4.352,4.39,467000.714964
1758312000000,2025-09-19T20:00:00+00:00,DOT/USDT,4h,4.389,4.419,4.32,4.359,214942.152296
1758326400000,2025-09-20T00:00:00+00:00,DOT/USDT,4h,4.359,4.388,4.289,4.336,441540.620055
1758340800000,2025-09-20T04:00:00+00:00,DOT/USDT,4h,4.335,4.415,4.323,4.415,239646.223441
1758355200000,2025-09-20T08:00:00+00:00,DOT/USDT,4h,4.416,4.416,4.334,4.36,199347.78316
1758369600000,2025-09-20T12:00:00+00:00,DOT/USDT,4h,4.359,4.461,4.323,4.403,418441.712667
1758384000000,2025-09-20T16:00:00+00:00,DOT/USDT,4h,4.404,4.423,4.345,4.357,258125.451718
1758398400000,2025-09-20T20:00:00+00:00,DOT/USDT,4h,4.357,4.395,4.342,4.356,124530.866882
1758412800000,2025-09-21T00:00:00+00:00,DOT/USDT,4h,4.356,4.373,4.319,4.359,186528.298329
1758427200000,2025-09-21T04:00:00+00:00,DOT/USDT,4h,4.358,4.387,4.333,4.368,196632.168055
1758441600000,2025-09-21T08:00:00+00:00,DOT/USDT,4h,4.369,4.379,4.285,4.306,243280.76915
1758456000000,2025-09-21T12:00:00+00:00,DOT/USDT,4h,4.305,4.339,4.275,4.282,154505.51143
1758470400000,2025-09-21T16:00:00+00:00,DOT/USDT,4h,4.282,4.302,4.237,4.289,215381.928176
1758484800000,2025-09-21T20:00:00+00:00,DOT/USDT,4h,4.289,4.292,4.254,4.263,118572.738026
1758499200000,2025-09-22T00:00:00+00:00,DOT/USDT,4h,4.262,4.28,4.084,4.136,924581.189557
1758513600000,2025-09-22T04:00:00+00:00,DOT/USDT,4h,4.136,4.149,3.802,3.979,2827494.423058
1758528000000,2025-09-22T08:00:00+00:00,DOT/USDT,4h,3.98,4.005,3.937,3.975,799095.706221
1758542400000,2025-09-22T12:00:00+00:00,DOT/USDT,4h,3.976,4.027,3.966,3.977,327500.177838
1758556800000,2025-09-22T16:00:00+00:00,DOT/USDT,4h,3.977,3.997,3.931,3.946,329441.255766
1758571200000,2025-09-22T20:00:00+00:00,DOT/USDT,4h,3.945,4.039,3.941,4.037,213657.508373
1758585600000,2025-09-23T00:00:00+00:00,DOT/USDT,4h,4.036,4.059,3.937,4.02,362888.05773
1758600000000,2025-09-23T04:00:00+00:00,DOT/USDT,4h,4.021,4.044,3.987,4.013,250372.552356
1758614400000,2025-09-23T08:00:00+00:00,DOT/USDT,4h,4.016,4.044,4.0,4.021,182194.290134
1758628800000,2025-09-23T12:00:00+00:00,DOT/USDT,4h,4.02,4.05,3.996,4.032,172640.648641
1758643200000,2025-09-23T16:00:00+00:00,DOT/USDT,4h,4.033,4.055,3.959,3.966,338871.057363
1758657600000,2025-09-23T20:00:00+00:00,DOT/USDT,4h,3.965,4.016,3.959,3.964,188786.977396
1758672000000,2025-09-24T00:00:00+00:00,DOT/USDT,4h,3.965,4.022,3.932,3.942,389129.993556
1758686400000,2025-09-24T04:00:00+00:00,DOT/USDT,4h,3.942,4.044,3.89,4.033,995940.270797
1758700800000,2025-09-24T08:00:00+00:00,DOT/USDT,4h,4.033,4.082,4.025,4.067,248410.211639
1758715200000,2025-09-24T12:00:00+00:00,DOT/USDT,4h,4.067,4.114,4.05,4.062,493716.596367
1758729600000,2025-09-24T16:00:00+00:00,DOT/USDT,4h,4.062,4.071,4.023,4.041,225464.913838
1758744000000,2025-09-24T20:00:00+00:00,DOT/USDT,4h,4.041,4.052,3.979,3.992,264710.465406
1758758400000,2025-09-25T00:00:00+00:00,DOT/USDT,4h,3.993,4.004,3.928,3.954,520130.290125
1758772800000,2025-09-25T04:00:00+00:00,DOT/USDT,4h,3.953,3.965,3.875,3.906,659986.071626
1758787200000,2025-09-25T08:00:00+00:00,DOT/USDT,4h,3.908,3.957,3.892,3.904,476296.3584
1758801600000,2025-09-25T12:00:00+00:00,DOT/USDT,4h,3.903,3.991,3.829,3.933,1129292.382505
1758816000000,2025-09-25T16:00:00+00:00,DOT/USDT,4h,3.933,3.94,3.775,3.86,1084063.617797
1758830400000,2025-09-25T20:00:00+00:00,DOT/USDT,4h,3.861,3.87,3.772,3.804,444698.569317
1758844800000,2025-09-26T00:00:00+00:00,DOT/USDT,4h,3.805,3.862,3.794,3.836,288379.772837
1758859200000,2025-09-26T04:00:00+00:00,DOT/USDT,4h,3.836,3.861,3.804,3.833,493086.652138
1758873600000,2025-09-26T08:00:00+00:00,DOT/USDT,4h,3.835,3.852,3.777,3.822,430676.882807
1758888000000,2025-09-26T12:00:00+00:00,DOT/USDT,4h,3.822,3.908,3.786,3.901,739685.082845
1758902400000,2025-09-26T16:00:00+00:00,DOT/USDT,4h,3.899,3.97,3.898,3.921,265019.246649
1758916800000,2025-09-26T20:00:00+00:00,DOT/USDT,4h,3.921,3.94,3.906,3.925,160415.171433
1758931200000,2025-09-27T00:00:00+00:00,DOT/USDT,4h,3.925,3.926,3.9,3.909,119624.040042
1758945600000,2025-09-27T04:00:00+00:00,DOT/USDT,4h,3.908,3.919,3.875,3.886,554917.978934
1758960000000,2025-09-27T08:00:00+00:00,DOT/USDT,4h,3.886,3.894,3.849,3.879,150152.66066
1758974400000,2025-09-27T12:00:00+00:00,DOT/USDT,4h,3.879,3.9,3.86,3.896,143555.460199
1758988800000,2025-09-27T16:00:00+00:00,DOT/USDT,4h,3.897,3.899,3.854,3.877,164878.869868
1759003200000,2025-09-27T20:00:00+00:00,DOT/USDT,4h,3.877,3.917,3.868,3.889,124572.326103
1759017600000,2025-09-28T00:00:00+00:00,DOT/USDT,4h,3.89,3.892,3.823,3.837,241836.18944
1759032000000,2025-09-28T04:00:00+00:00,DOT/USDT,4h,3.837,3.839,3.804,3.829,149295.403763
1759046400000,2025-09-28T08:00:00+00:00,DOT/USDT,4h,3.828,3.835,3.793,3.813,270756.92247
1759060800000,2025-09-28T12:00:00+00:00,DOT/USDT,4h,3.813,3.872,3.797,3.866,369268.172814
1759075200000,2025-09-28T16:00:00+00:00,DOT/USDT,4h,3.866,3.912,3.866,3.9,241152.820935
1759089600000,2025-09-28T20:00:00+00:00,DOT/USDT,4h,3.901,4.029,3.897,3.996,506617.075668
1759104000000,2025-09-29T00:00:00+00:00,DOT/USDT,4h,3.997,4.008,3.959,3.988,416799.893808
1759118400000,2025-09-29T04:00:00+00:00,DOT/USDT,4h,3.986,3.989,3.925,3.942,274714.29662
1759132800000,2025-09-29T08:00:00+00:00,DOT/USDT,4h,3.942,4.004,3.916,3.934,609041.944617
1759147200000,2025-09-29T12:00:00+00:00,DOT/USDT,4h,3.934,4.005,3.86,3.958,672427.29526
1759161600000,2025-09-29T16:00:00+00:00,DOT/USDT,4h,3.958,3.98,3.917,3.976,135062.71451
1759176000000,2025-09-29T20:00:00+00:00,DOT/USDT,4h,3.976,4.023,3.974,3.981,205403.008453
1759190400000,2025-09-30T00:00:00+00:00,DOT/USDT,4h,3.98,3.992,3.927,3.934,264929.506191
1759204800000,2025-09-30T04:00:00+00:00,DOT/USDT,4h,3.934,3.941,3.897,3.904,281738.437559
1759219200000,2025-09-30T08:00:00+00:00,DOT/USDT,4h,3.903,3.907,3.861,3.904,253027.079899
1759233600000,2025-09-30T12:00:00+00:00,DOT/USDT,4h,3.903,3.909,3.81,3.838,303404.39915
1759248000000,2025-09-30T16:00:00+00:00,DOT/USDT,4h,3.837,3.909,3.808,3.901,279868.327051
1759262400000,2025-09-30T20:00:00+00:00,DOT/USDT,4h,3.902,3.935,3.88,3.909,258961.243472
1759276800000,2025-10-01T00:00:00+00:00,DOT/USDT,4h,3.909,3.94,3.883,3.892,326087.035907
1759291200000,2025-10-01T04:00:00+00:00,DOT/USDT,4h,3.893,3.936,3.889,3.915,154057.838119
1759305600000,2025-10-01T08:00:00+00:00,DOT/USDT,4h,3.914,4.11,3.912,4.079,1033679.775564
1759320000000,2025-10-01T12:00:00+00:00,DOT/USDT,4h,4.08,4.086,4.041,4.074,265491.206369
1759334400000,2025-10-01T16:00:00+00:00,DOT/USDT,4h,4.075,4.123,4.047,4.113,228802.504833
1759348800000,2025-10-01T20:00:00+00:00,DOT/USDT,4h,4.112,4.125,4.085,4.125,90746.194754
1759363200000,2025-10-02T00:00:00+00:00,DOT/USDT,4h,4.126,4.187,4.1,4.174,430842.058404
1759377600000,2025-10-02T04:00:00+00:00,DOT/USDT,4h,4.175,4.253,4.158,4.194,424111.357238
1759392000000,2025-10-02T08:00:00+00:00,DOT/USDT,4h,4.194,4.268,4.178,4.253,223649.679353
1759406400000,2025-10-02T12:00:00+00:00,DOT/USDT,4h,4.254,4.318,4.168,4.24,732092.331349
1759420800000,2025-10-02T16:00:00+00:00,DOT/USDT,4h,4.241,4.339,4.23,4.318,333123.871801
1759435200000,2025-10-02T20:00:00+00:00,DOT/USDT,4h,4.319,4.331,4.285,4.307,277176.677523
1759449600000,2025-10-03T00:00:00+00:00,DOT/USDT,4h,4.308,4.311,4.223,4.24,377645.962472
1759464000000,2025-10-03T04:00:00+00:00,DOT/USDT,4h,4.241,4.283,4.188,4.205,330673.725038
1759478400000,2025-10-03T08:00:00+00:00,DOT/USDT,4h,4.205,4.249,4.179,4.227,215335.822804
1759492800000,2025-10-03T12:00:00+00:00,DOT/USDT,4h,4.228,4.323,4.201,4.319,477581.809805
1759507200000,2025-10-03T16:00:00+00:00,DOT/USDT,4h,4.32,4.384,4.237,4.318,776331.416936
1759521600000,2025-10-03T20:00:00+00:00,DOT/USDT,4h,4.318,4.344,4.295,4.32,156735.321169
1759536000000,2025-10-04T00:00:00+00:00,DOT/USDT,4h,4.321,4.328,4.248,4.27,158837.903258
1759550400000,2025-10-04T04:00:00+00:00,DOT/USDT,4h,4.27,4.31,4.249,4.279,146262.887037
1759564800000,2025-10-04T08:00:00+00:00,DOT/USDT,4h,4.279,4.284,4.192,4.206,331973.242885
1759579200000,2025-10-04T12:00:00+00:00,DOT/USDT,4h,4.206,4.248,4.14,4.152,265562.901686
1759593600000,2025-10-04T16:00:00+00:00,DOT/USDT,4h,4.153,4.183,4.135,4.176,131384.217833
1759608000000,2025-10-04T20:00:00+00:00,DOT/USDT,4h,4.176,4.211,4.169,4.19,76005.966817
1759622400000,2025-10-05T00:00:00+00:00,DOT/USDT,4h,4.19,4.277,4.166,4.249,218133.621578
1759636800000,2025-10-05T04:00:00+00:00,DOT/USDT,4h,4.248,4.357,4.24,4.355,466054.789868
1759651200000,2025-10-05T08:00:00+00:00,DOT/USDT,4h,4.356,4.375,4.23,4.264,438116.766256
1759665600000,2025-10-05T12:00:00+00:00,DOT/USDT,4h,4.264,4.267,4.213,4.243,155476.297503
1759680000000,2025-10-05T16:00:00+00:00,DOT/USDT,4h,4.242,4.253,4.079,4.1,565770.569516
1759694400000,2025-10-05T20:00:00+00:00,DOT/USDT,4h,4.1,4.15,4.079,4.135,222630.53275
1759708800000,2025-10-06T00:00:00+00:00,DOT/USDT,4h,4.135,4.183,4.11,4.16,252885.473313
1759723200000,2025-10-06T04:00:00+00:00,DOT/USDT,4h,4.16,4.197,4.135,4.164,132212.518603
1759737600000,2025-10-06T08:00:00+00:00,DOT/USDT,4h,4.165,4.239,4.165,4.217,192064.635813
1759752000000,2025-10-06T12:00:00+00:00,DOT/USDT,4h,4.218,4.443,4.213,4.377,936583.216995
1759766400000,2025-10-06T16:00:00+00:00,DOT/USDT,4h,4.378,4.406,4.349,4.388,355101.544225
1759780800000,2025-10-06T20:00:00+00:00,DOT/USDT,4h,4.389,4.41,4.353,4.398,312228.179042
1759795200000,2025-10-07T00:00:00+00:00,DOT/USDT,4h,4.398,4.434,4.359,4.366,368019.367376
1759809600000,2025-10-07T04:00:00+00:00,DOT/USDT,4h,4.366,4.388,4.28,4.291,416910.022793
1759824000000,2025-10-07T08:00:00+00:00,DOT/USDT,4h,4.292,4.337,4.249,4.33,264060.173512
1759838400000,2025-10-07T12:00:00+00:00,DOT/USDT,4h,4.329,4.364,4.13,4.155,1100095.608775
1759852800000,2025-10-07T16:00:00+00:00,DOT/USDT,4h,4.156,4.211,4.11,4.142,415605.726832
1759867200000,2025-10-07T20:00:00+00:00,DOT/USDT,4h,4.142,4.19,4.132,4.139,102014.468023
1759881600000,2025-10-08T00:00:00+00:00,DOT/USDT,4h,4.14,4.186,4.086,4.102,261637.417303
1759896000000,2025-10-08T04:00:00+00:00,DOT/USDT,4h,4.101,4.157,4.064,4.155,234358.905255
1759910400000,2025-10-08T08:00:00+00:00,DOT/USDT,4h,4.156,4.185,4.113,4.154,204042.137463
1759924800000,2025-10-08T12:00:00+00:00,DOT/USDT,4h,4.154,4.2,4.114,4.138,321593.506532
1759939200000,2025-10-08T16:00:00+00:00,DOT/USDT,4h,4.137,4.242,4.128,4.22,357761.212538
1759953600000,2025-10-08T20:00:00+00:00,DOT/USDT,4h,4.22,4.229,4.188,4.194,72043.466338
1759968000000,2025-10-09T00:00:00+00:00,DOT/USDT,4h,4.195,4.199,4.063,4.111,400390.863366
1759982400000,2025-10-09T04:00:00+00:00,DOT/USDT,4h,4.11,4.13,4.055,4.057,216238.296138
1759996800000,2025-10-09T08:00:00+00:00,DOT/USDT,4h,4.057,4.061,3.984,4.039,505739.218274
1760011200000,2025-10-09T12:00:00+00:00,DOT/USDT,4h,4.038,4.081,3.981,4.006,336566.216734
1760025600000,2025-10-09T16:00:00+00:00,DOT/USDT,4h,4.004,4.042,3.964,4.035,207542.265575
1760040000000,2025-10-09T20:00:00+00:00,DOT/USDT,4h,4.036,4.102,4.026,4.074,201590.034894
1760054400000,2025-10-10T00:00:00+00:00,DOT/USDT,4h,4.075,4.151,4.05,4.114,157518.835035
1760068800000,2025-10-10T04:00:00+00:00,DOT/USDT,4h,4.113,4.151,4.075,4.082,194213.619877
1760083200000,2025-10-10T08:00:00+00:00,DOT/USDT,4h,4.082,4.188,4.063,4.178,274387.46698
1760097600000,2025-10-10T12:00:00+00:00,DOT/USDT,4h,4.178,4.292,4.012,4.059,1248931.485099
1760112000000,2025-10-10T16:00:00+00:00,DOT/USDT,4h,4.058,4.089,3.876,3.931,1125463.851862
1760126400000,2025-10-10T20:00:00+00:00,DOT/USDT,4h,3.93,3.969,0.964,2.928,14791074.67628
1760140800000,2025-10-11T00:00:00+00:00,DOT/USDT,4h,2.928,3.182,2.858,3.115,5151691.748376
1760155200000,2025-10-11T04:00:00+00:00,DOT/USDT,4h,3.116,3.212,3.088,3.194,2134377.445307
1760169600000,2025-10-11T08:00:00+00:00,DOT/USDT,4h,3.193,3.315,3.163,3.222,1533483.435794
1760184000000,2025-10-11T12:00:00+00:00,DOT/USDT,4h,3.222,3.222,3.073,3.141,996821.773143
1760198400000,2025-10-11T16:00:00+00:00,DOT/USDT,4h,3.14,3.166,2.983,3.013,850144.656142
1760212800000,2025-10-11T20:00:00+00:00,DOT/USDT,4h,3.014,3.025,2.896,2.998,1029334.780386
1760227200000,2025-10-12T00:00:00+00:00,DOT/USDT,4h,2.997,3.003,2.909,2.976,849383.307449
1760241600000,2025-10-12T04:00:00+00:00,DOT/USDT,4h,2.977,3.061,2.975,3.019,513136.778852
1760256000000,2025-10-12T08:00:00+00:00,DOT/USDT,4h,3.019,3.038,2.968,3.024,516214.729163
1760270400000,2025-10-12T12:00:00+00:00,DOT/USDT,4h,3.023,3.211,2.986,3.202,1238874.124237
1760284800000,2025-10-12T16:00:00+00:00,DOT/USDT,4h,3.201,3.289,3.2,3.28,1187559.328736
1760299200000,2025-10-12T20:00:00+00:00,DOT/USDT,4h,3.28,3.308,3.196,3.241,624228.121668
1760313600000,2025-10-13T00:00:00+00:00,DOT/USDT,4h,3.241,3.267,3.195,3.224,783090.498941
1760328000000,2025-10-13T04:00:00+00:00,DOT/USDT,4h,3.224,3.327,3.202,3.295,850043.809324
1760342400000,2025-10-13T08:00:00+00:00,DOT/USDT,4h,3.295,3.365,3.219,3.274,1244647.600598
1760356800000,2025-10-13T12:00:00+00:00,DOT/USDT,4h,3.273,3.35,3.234,3.318,1595235.11596
1760371200000,2025-10-13T16:00:00+00:00,DOT/USDT,4h,3.32,3.41,3.286,3.396,710867.166003
1760385600000,2025-10-13T20:00:00+00:00,DOT/USDT,4h,3.396,3.445,3.367,3.374,533785.867151
1760400000000,2025-10-14T00:00:00+00:00,DOT/USDT,4h,3.375,3.398,3.291,3.301,620539.074542
1760414400000,2025-10-14T04:00:00+00:00,DOT/USDT,4h,3.302,3.314,3.071,3.115,1606741.244925
1760428800000,2025-10-14T08:00:00+00:00,DOT/USDT,4h,3.114,3.175,3.075,3.139,641389.196385
1760443200000,2025-10-14T12:00:00+00:00,DOT/USDT,4h,3.138,3.242,3.067,3.237,829529.803782
1760457600000,2025-10-14T16:00:00+00:00,DOT/USDT,4h,3.238,3.286,3.184,3.236,876736.691256
1760472000000,2025-10-14T20:00:00+00:00,DOT/USDT,4h,3.235,3.265,3.211,3.248,148369.175999
1760486400000,2025-10-15T00:00:00+00:00,DOT/USDT,4h,3.247,3.264,3.202,3.223,243254.264332
1760500800000,2025-10-15T04:00:00+00:00,DOT/USDT,4h,3.225,3.286,3.206,3.279,398329.736888
1760515200000,2025-10-15T08:00:00+00:00,DOT/USDT,4h,3.279,3.343,3.217,3.224,490873.566949
1760529600000,2025-10-15T12:00:00+00:00,DOT/USDT,4h,3.224,3.237,3.121,3.145,1038563.181453
1760544000000,2025-10-15T16:00:00+00:00,DOT/USDT,4h,3.145,3.188,3.122,3.147,571648.732269
1760558400000,2025-10-15T20:00:00+00:00,DOT/USDT,4h,3.148,3.168,3.088,3.137,474616.427192
1760572800000,2025-10-16T00:00:00+00:00,DOT/USDT,4h,3.138,3.177,3.12,3.121,213196.709672
1760587200000,2025-10-16T04:00:00+00:00,DOT/USDT,4h,3.123,3.177,3.115,3.148,245817.351581
1760601600000,2025-10-16T08:00:00+00:00,DOT/USDT,4h,3.149,3.2,3.047,3.183,695718.260815
1760616000000,2025-10-16T12:00:00+00:00,DOT/USDT,4h,3.184,3.205,3.045,3.059,736735.004793
1760630400000,2025-10-16T16:00:00+00:00,DOT/USDT,4h,3.058,3.129,2.993,3.02,851715.428729
1760644800000,2025-10-16T20:00:00+00:00,DOT/USDT,4h,3.02,3.037,2.966,3.017,502248.242179
1760659200000,2025-10-17T00:00:00+00:00,DOT/USDT,4h,3.018,3.06,3.009,3.043,293208.968764
1760673600000,2025-10-17T04:00:00+00:00,DOT/USDT,4h,3.044,3.047,2.812,2.821,1115911.96788
1760688000000,2025-10-17T08:00:00+00:00,DOT/USDT,4h,2.821,2.936,2.772,2.911,1526930.097943
1760702400000,2025-10-17T12:00:00+00:00,DOT/USDT,4h,2.91,2.931,2.857,2.923,608706.439953
1760716800000,2025-10-17T16:00:00+00:00,DOT/USDT,4h,2.923,2.96,2.891,2.904,393456.36712
1760731200000,2025-10-17T20:00:00+00:00,DOT/USDT,4h,2.904,2.948,2.886,2.892,307970.380683
1760745600000,2025-10-18T00:00:00+00:00,DOT/USDT,4h,2.893,2.947,2.889,2.936,190115.19674
1760760000000,2025-10-18T04:00:00+00:00,DOT/USDT,4h,2.936,2.97,2.899,2.923,392083.776759
1760774400000,2025-10-18T08:00:00+00:00,DOT/USDT,4h,2.924,2.95,2.914,2.945,197686.775224
1760788800000,2025-10-18T12:00:00+00:00,DOT/USDT,4h,2.946,2.955,2.901,2.921,124870.204507
1760803200000,2025-10-18T16:00:00+00:00,DOT/USDT,4h,2.921,2.939,2.894,2.934,207817.256868
1760817600000,2025-10-18T20:00:00+00:00,DOT/USDT,4h,2.933,2.947,2.919,2.932,64317.285229
1760832000000,2025-10-19T00:00:00+00:00,DOT/USDT,4h,2.933,2.942,2.905,2.936,160423.032037
1760846400000,2025-10-19T04:00:00+00:00,DOT/USDT,4h,2.936,2.94,2.899,2.915,141736.054996
1760860800000,2025-10-19T08:00:00+00:00,DOT/USDT,4h,2.916,3.02,2.886,2.983,497277.140671
1760875200000,2025-10-19T12:00:00+00:00,DOT/USDT,4h,2.987,3.044,2.964,3.03,339226.150852
1760889600000,2025-10-19T16:00:00+00:00,DOT/USDT,4h,3.033,3.058,3.013,3.026,314793.547234
1760904000000,2025-10-19T20:00:00+00:00,DOT/USDT,4h,3.026,3.038,3.004,3.009,168480.725012
1760918400000,2025-10-20T00:00:00+00:00,DOT/USDT,4h,3.009,3.072,2.949,3.061,435856.336913
1760932800000,2025-10-20T04:00:00+00:00,DOT/USDT,4h,3.062,3.122,3.052,3.092,419394.822083
1760947200000,2025-10-20T08:00:00+00:00,DOT/USDT,4h,3.093,3.113,3.072,3.093,251462.454317
1760961600000,2025-10-20T12:00:00+00:00,DOT/USDT,4h,3.092,3.133,3.079,3.089,427829.516478
1760976000000,2025-10-20T16:00:00+00:00,DOT/USDT,4h,3.087,3.11,3.033,3.099,571859.862679
1760990400000,2025-10-20T20:00:00+00:00,DOT/USDT,4h,3.099,3.114,3.074,3.086,243474.36999
1761004800000,2025-10-21T00:00:00+00:00,DOT/USDT,4h,3.085,3.09,3.019,3.026,281965.537365
1761019200000,2025-10-21T04:00:00+00:00,DOT/USDT,4h,3.025,3.026,2.949,2.994,391859.171705
1761033600000,2025-10-21T08:00:00+00:00,DOT/USDT,4h,2.992,3.013,2.961,3.004,405427.752016
1761048000000,2025-10-21T12:00:00+00:00,DOT/USDT,4h,3.003,3.184,2.989,3.171,801469.867318
1761062400000,2025-10-21T16:00:00+00:00,DOT/USDT,4h,3.172,3.188,3.108,3.131,898105.81604
1761076800000,2025-10-21T20:00:00+00:00,DOT/USDT,4h,3.132,3.136,2.998,3.005,666683.020474
1761091200000,2025-10-22T00:00:00+00:00,DOT/USDT,4h,3.005,3.028,2.982,3.01,357053.113791
1761105600000,2025-10-22T04:00:00+00:00,DOT/USDT,4h,3.01,3.027,2.965,2.987,542859.786725
1761120000000,2025-10-22T08:00:00+00:00,DOT/USDT,4h,2.986,2.994,2.92,2.975,432996.331392
1761134400000,2025-10-22T12:00:00+00:00,DOT/USDT,4h,2.975,3.027,2.954,2.99,561746.757472
1761148800000,2025-10-22T16:00:00+00:00,DOT/USDT,4h,2.991,2.999,2.92,2.945,402639.831902
1761163200000,2025-10-22T20:00:00+00:00,DOT/USDT,4h,2.945,2.951,2.829,2.918,721368.17699
1761177600000,2025-10-23T00:00:00+00:00,DOT/USDT,4h,2.919,2.946,2.912,2.921,233609.672072
1761192000000,2025-10-23T04:00:00+00:00,DOT/USDT,4h,2.921,2.979,2.916,2.967,284697.267497
1761206400000,2025-10-23T08:00:00+00:00,DOT/USDT,4h,2.968,2.987,2.956,2.963,213629.298279
1761220800000,2025-10-23T12:00:00+00:00,DOT/USDT,4h,2.962,3.009,2.935,2.995,252468.338409
1761235200000,2025-10-23T16:00:00+00:00,DOT/USDT,4h,2.996,3.037,2.985,2.996,287262.266786
1761249600000,2025-10-23T20:00:00+00:00,DOT/USDT,4h,2.996,3.005,2.958,3.003,267148.996516
1761264000000,2025-10-24T00:00:00+00:00,DOT/USDT,4h,3.004,3.011,2.991,3.004,307941.402215
1761278400000,2025-10-24T04:00:00+00:00,DOT/USDT,4h,3.004,3.065,3.0,3.051,422319.052764
1761292800000,2025-10-24T08:00:00+00:00,DOT/USDT,4h,3.052,3.076,3.024,3.058,233583.549305
1761307200000,2025-10-24T12:00:00+00:00,DOT/USDT,4h,3.059,3.122,3.018,3.029,677688.477192
1761321600000,2025-10-24T16:00:00+00:00,DOT/USDT,4h,3.03,3.075,3.014,3.07,175690.855443
1761336000000,2025-10-24T20:00:00+00:00,DOT/USDT,4h,3.07,3.093,3.068,3.079,162355.739926
1761350400000,2025-10-25T00:00:00+00:00,DOT/USDT,4h,3.079,3.082,3.051,3.053,116592.328643
1761364800000,2025-10-25T04:00:00+00:00,DOT/USDT,4h,3.052,3.065,3.041,3.046,85010.999878
1761379200000,2025-10-25T08:00:00+00:00,DOT/USDT,4h,3.047,3.058,3.027,3.047,141222.933568
1761393600000,2025-10-25T12:00:00+00:00,DOT/USDT,4h,3.046,3.078,3.045,3.064,299927.422984
1761408000000,2025-10-25T16:00:00+00:00,DOT/USDT,4h,3.066,3.092,3.058,3.092,134079.541202
1761422400000,2025-10-25T20:00:00+00:00,DOT/USDT,4h,3.093,3.106,3.08,3.09,109740.755415
1761436800000,2025-10-26T00:00:00+00:00,DOT/USDT,4h,3.092,3.098,3.057,3.063,233613.68195
1761451200000,2025-10-26T04:00:00+00:00,DOT/USDT,4h,3.065,3.1,3.062,3.099,134773.517602
1761465600000,2025-10-26T08:00:00+00:00,DOT/USDT,4h,3.099,3.147,3.096,3.144,246272.845977
1761480000000,2025-10-26T12:00:00+00:00,DOT/USDT,4h,3.145,3.186,3.139,3.183,287879.764821
1761494400000,2025-10-26T16:00:00+00:00,DOT/USDT,4h,3.181,3.182,3.157,3.175,115265.502328
1761508800000,2025-10-26T20:00:00+00:00,DOT/USDT,4h,3.176,3.24,3.146,3.195,307400.94964
1761523200000,2025-10-27T00:00:00+00:00,DOT/USDT,4h,3.197,3.232,3.188,3.208,344048.973265
1761537600000,2025-10-27T04:00:00+00:00,DOT/USDT,4h,3.208,3.248,3.185,3.203,183168.78531
1761552000000,2025-10-27T08:00:00+00:00,DOT/USDT,4h,3.201,3.21,3.141,3.174,442915.454813
1761566400000,2025-10-27T12:00:00+00:00,DOT/USDT,4h,3.174,3.176,3.118,3.152,282066.086462
1761580800000,2025-10-27T16:00:00+00:00,DOT/USDT,4h,3.153,3.215,3.152,3.173,171964.76368
1761595200000,2025-10-27T20:00:00+00:00,DOT/USDT,4h,3.174,3.174,3.12,3.139,120341.657096
1761609600000,2025-10-28T00:00:00+00:00,DOT/USDT,4h,3.139,3.164,3.112,3.125,207037.232188
1761624000000,2025-10-28T04:00:00+00:00,DOT/USDT,4h,3.123,3.178,3.1,3.139,216724.631478
1761638400000,2025-10-28T08:00:00+00:00,DOT/USDT,4h,3.14,3.155,3.125,3.133,197149.032366
1761652800000,2025-10-28T12:00:00+00:00,DOT/USDT,4h,3.132,3.194,3.09,3.136,490609.283024
1761667200000,2025-10-28T16:00:00+00:00,DOT/USDT,4h,3.136,3.168,3.072,3.087,264260.316026
1761681600000,2025-10-28T20:00:00+00:00,DOT/USDT,4h,3.086,3.087,2.99,3.05,615745.714557
1761696000000,2025-10-29T00:00:00+00:00,DOT/USDT,4h,3.05,3.07,3.039,3.052,159284.068207
1761710400000,2025-10-29T04:00:00+00:00,DOT/USDT,4h,3.052,3.086,3.05,3.08,171085.048872
1761724800000,2025-10-29T08:00:00+00:00,DOT/USDT,4h,3.079,3.11,3.046,3.106,186154.303416
1761739200000,2025-10-29T12:00:00+00:00,DOT/USDT,4h,3.104,3.132,3.047,3.062,471672.831329
1761753600000,2025-10-29T16:00:00+00:00,DOT/USDT,4h,3.062,3.176,3.021,3.142,1231312.158166
1761768000000,2025-10-29T20:00:00+00:00,DOT/USDT,4h,3.142,3.177,3.066,3.079,380754.793341
1761782400000,2025-10-30T00:00:00+00:00,DOT/USDT,4h,3.079,3.117,3.06,3.089,216952.826752
1761796800000,2025-10-30T04:00:00+00:00,DOT/USDT,4h,3.087,3.101,2.964,3.093,836776.848633
1761811200000,2025-10-30T08:00:00+00:00,DOT/USDT,4h,3.09,3.09,2.994,2.996,424173.989114
1761825600000,2025-10-30T12:00:00+00:00,DOT/USDT,4h,2.994,3.0,2.852,2.863,1828021.870624
1761840000000,2025-10-30T16:00:00+00:00,DOT/USDT,4h,2.863,2.881,2.781,2.798,1061803.004718
1761854400000,2025-10-30T20:00:00+00:00,DOT/USDT,4h,2.798,2.876,2.789,2.871,266929.976425
1761868800000,2025-10-31T00:00:00+00:00,DOT/USDT,4h,2.871,2.915,2.867,2.895,312461.642085
1761883200000,2025-10-31T04:00:00+00:00,DOT/USDT,4h,2.896,2.925,2.887,2.895,250109.988655
1761897600000,2025-10-31T08:00:00+00:00,DOT/USDT,4h,2.895,2.913,2.868,2.911,318589.166613
1761912000000,2025-10-31T12:00:00+00:00,DOT/USDT,4h,2.911,2.924,2.881,2.9,575187.25524
1761926400000,2025-10-31T16:00:00+00:00,DOT/USDT,4h,2.901,2.908,2.826,2.896,487768.279928
1761940800000,2025-10-31T20:00:00+00:00,DOT/USDT,4h,2.895,2.899,2.862,2.884,184867.537947
1761955200000,2025-11-01T00:00:00+00:00,DOT/USDT,4h,2.884,2.914,2.864,2.91,180164.201396
1761969600000,2025-11-01T04:00:00+00:00,DOT/USDT,4h,2.911,2.917,2.877,2.903,248573.669472
1761984000000,2025-11-01T08:00:00+00:00,DOT/USDT,4h,2.902,2.945,2.902,2.941,212698.256088
1761998400000,2025-11-01T12:00:00+00:00,DOT/USDT,4h,2.942,2.956,2.906,2.95,287919.058325
1762012800000,2025-11-01T16:00:00+00:00,DOT/USDT,4h,2.951,2.968,2.942,2.95,108894.267438
1762027200000,2025-11-01T20:00:00+00:00,DOT/USDT,4h,2.951,2.973,2.93,2.971,132177.728963
1762041600000,2025-11-02T00:00:00+00:00,DOT/USDT,4h,2.97,2.97,2.946,2.953,112946.860084
1762056000000,2025-11-02T04:00:00+00:00,DOT/USDT,4h,2.952,3.016,2.95,3.009,131086.032883
1762070400000,2025-11-02T08:00:00+00:00,DOT/USDT,4h,3.01,3.013,2.961,3.0,340228.193526
1762084800000,2025-11-02T12:00:00+00:00,DOT/USDT,4h,3.001,3.001,2.901,2.907,474771.347132
1762099200000,2025-11-02T16:00:00+00:00,DOT/USDT,4h,2.908,2.924,2.864,2.903,274533.306564
1762113600000,2025-11-02T20:00:00+00:00,DOT/USDT,4h,2.903,2.996,2.895,2.986,359611.295885
1762128000000,2025-11-03T00:00:00+00:00,DOT/USDT,4h,2.987,2.993,2.78,2.788,791355.5096
1762142400000,2025-11-03T04:00:00+00:00,DOT/USDT,4h,2.787,2.823,2.725,2.769,647501.579228
1762156800000,2025-11-03T08:00:00+00:00,DOT/USDT,4h,2.768,2.804,2.722,2.76,506583.976057
1762171200000,2025-11-03T12:00:00+00:00,DOT/USDT,4h,2.762,2.793,2.485,2.583,1695228.617936
1762185600000,2025-11-03T16:00:00+00:00,DOT/USDT,4h,2.584,2.668,2.562,2.579,595804.178367
1762200000000,2025-11-03T20:00:00+00:00,DOT/USDT,4h,2.58,2.587,2.521,2.585,510749.605343
1762214400000,2025-11-04T00:00:00+00:00,DOT/USDT,4h,2.585,2.653,2.567,2.65,339482.368974
1762228800000,2025-11-04T04:00:00+00:00,DOT/USDT,4h,2.651,2.662,2.505,2.534,989803.46126
1762243200000,2025-11-04T08:00:00+00:00,DOT/USDT,4h,2.535,2.638,2.519,2.612,570736.872086
1762257600000,2025-11-04T12:00:00+00:00,DOT/USDT,4h,2.61,2.654,2.559,2.601,855761.504103
1762272000000,2025-11-04T16:00:00+00:00,DOT/USDT,4h,2.601,2.62,2.42,2.457,1005975.07151
1762286400000,2025-11-04T20:00:00+00:00,DOT/USDT,4h,2.458,2.53,2.343,2.509,1367475.545954
1762300800000,2025-11-05T00:00:00+00:00,DOT/USDT,4h,2.508,2.576,2.385,2.568,675742.01286
1762315200000,2025-11-05T04:00:00+00:00,DOT/USDT,4h,2.566,2.588,2.547,2.587,353624.820963
1762329600000,2025-11-05T08:00:00+00:00,DOT/USDT,4h,2.587,2.61,2.535,2.607,409679.54429
1762344000000,2025-11-05T12:00:00+00:00,DOT/USDT,4h,2.607,2.634,2.576,2.634,466194.936707
1762358400000,2025-11-05T16:00:00+00:00,DOT/USDT,4h,2.634,2.654,2.6,2.64,421303.231459
1762372800000,2025-11-05T20:00:00+00:00,DOT/USDT,4h,2.642,2.676,2.637,2.669,362706.303427
1762387200000,2025-11-06T00:00:00+00:00,DOT/USDT,4h,2.668,2.682,2.616,2.658,455192.400323
1762401600000,2025-11-06T04:00:00+00:00,DOT/USDT,4h,2.659,2.666,2.594,2.604,316428.186422
1762416000000,2025-11-06T08:00:00+00:00,DOT/USDT,4h,2.602,2.62,2.584,2.615,431752.484922
1762430400000,2025-11-06T12:00:00+00:00,DOT/USDT,4h,2.615,2.652,2.559,2.575,880094.806527
1762444800000,2025-11-06T16:00:00+00:00,DOT/USDT,4h,2.576,2.662,2.532,2.657,596434.444746
1762459200000,2025-11-06T20:00:00+00:00,DOT/USDT,4h,2.658,2.673,2.623,2.666,389695.310225
1762473600000,2025-11-07T00:00:00+00:00,DOT/USDT,4h,2.669,2.822,2.665,2.797,2388425.700192
1762488000000,2025-11-07T04:00:00+00:00,DOT/USDT,4h,2.797,2.861,2.742,2.854,853329.628789
1762502400000,2025-11-07T08:00:00+00:00,DOT/USDT,4h,2.855,2.859,2.746,2.784,957290.817085
1762516800000,2025-11-07T12:00:00+00:00,DOT/USDT,4h,2.785,2.909,2.706,2.891,1301704.989315
1762531200000,2025-11-07T16:00:00+00:00,DOT/USDT,4h,2.891,3.34,2.879,3.263,3502668.709784
1762545600000,2025-11-07T20:00:00+00:00,DOT/USDT,4h,3.262,3.296,3.194,3.254,1182168.088484
1762560000000,2025-11-08T00:00:00+00:00,DOT/USDT,4h,3.254,3.53,3.191,3.371,2740129.652055
1762574400000,2025-11-08T04:00:00+00:00,DOT/USDT,4h,3.371,3.44,3.22,3.257,1939910.56951
1762588800000,2025-11-08T08:00:00+00:00,DOT/USDT,4h,3.257,3.314,3.21,3.28,850233.297235
1762603200000,2025-11-08T12:00:00+00:00,DOT/USDT,4h,3.279,3.29,3.118,3.126,1611894.369331
1762617600000,2025-11-08T16:00:00+00:00,DOT/USDT,4h,3.126,3.23,3.085,3.162,874804.688136
1762632000000,2025-11-08T20:00:00+00:00,DOT/USDT,4h,3.163,3.255,3.148,3.252,520309.62697
1762646400000,2025-11-09T00:00:00+00:00,DOT/USDT,4h,3.252,3.309,3.127,3.132,1309920.841524
1762660800000,2025-11-09T04:00:00+00:00,DOT/USDT,4h,3.133,3.168,3.086,3.147,926659.28437
1762675200000,2025-11-09T08:00:00+00:00,DOT/USDT,4h,3.146,3.173,3.038,3.146,988626.698525
1762689600000,2025-11-09T12:00:00+00:00,DOT/USDT,4h,3.146,3.265,3.13,3.238,1714206.216861
1762704000000,2025-11-09T16:00:00+00:00,DOT/USDT,4h,3.24,3.252,3.158,3.225,1558390.552212
1762718400000,2025-11-09T20:00:00+00:00,DOT/USDT,4h,3.225,3.25,3.18,3.233,766195.732094
1762732800000,2025-11-10T00:00:00+00:00,DOT/USDT,4h,3.234,3.272,3.2,3.258,1003384.895166
1762747200000,2025-11-10T04:00:00+00:00,DOT/USDT,4h,3.256,3.28,3.215,3.257,557367.561085
1762761600000,2025-11-10T08:00:00+00:00,DOT/USDT,4h,3.258,3.278,3.197,3.253,544813.672099
1762776000000,2025-11-10T12:00:00+00:00,DOT/USDT,4h,3.256,3.316,3.158,3.169,866244.688693
1762790400000,2025-11-10T16:00:00+00:00,DOT/USDT,4h,3.171,3.254,3.127,3.224,372419.005563
1762804800000,2025-11-10T20:00:00+00:00,DOT/USDT,4h,3.224,3.308,3.195,3.266,484287.68827
1762819200000,2025-11-11T00:00:00+00:00,DOT/USDT,4h,3.268,3.386,3.218,3.314,1171170.59331
1762833600000,2025-11-11T04:00:00+00:00,DOT/USDT,4h,3.313,3.325,3.147,3.148,719416.393274
1762848000000,2025-11-11T08:00:00+00:00,DOT/USDT,4h,3.148,3.202,3.138,3.167,771931.751031
1762862400000,2025-11-11T12:00:00+00:00,DOT/USDT,4h,3.168,3.219,3.154,3.19,544565.5653
1762876800000,2025-11-11T16:00:00+00:00,DOT/USDT,4h,3.189,3.222,3.122,3.127,346280.12302
1762891200000,2025-11-11T20:00:00+00:00,DOT/USDT,4h,3.128,3.135,3.042,3.055,374523.257178
1762905600000,2025-11-12T00:00:00+00:00,DOT/USDT,4h,3.056,3.092,3.037,3.088,380873.795774
1762920000000,2025-11-12T04:00:00+00:00,DOT/USDT,4h,3.09,3.104,3.056,3.059,192133.405399
1762934400000,2025-11-12T08:00:00+00:00,DOT/USDT,4h,3.059,3.146,3.059,3.091,336738.473429
1762948800000,2025-11-12T12:00:00+00:00,DOT/USDT,4h,3.091,3.121,2.949,2.963,1558578.534009
1762963200000,2025-11-12T16:00:00+00:00,DOT/USDT,4h,2.963,2.971,2.876,2.901,649589.441385
1762977600000,2025-11-12T20:00:00+00:00,DOT/USDT,4h,2.903,2.94,2.895,2.926,148361.278736
1762992000000,2025-11-13T00:00:00+00:00,DOT/USDT,4h,2.927,3.009,2.911,2.988,353973.091516
1763006400000,2025-11-13T04:00:00+00:00,DOT/USDT,4h,2.989,3.045,2.969,2.978,447317.022892
1763020800000,2025-11-13T08:00:00+00:00,DOT/USDT,4h,2.978,3.004,2.955,2.999,430817.028254
1763035200000,2025-11-13T12:00:00+00:00,DOT/USDT,4h,2.999,3.045,2.936,2.972,451399.984698
1763049600000,2025-11-13T16:00:00+00:00,DOT/USDT,4h,2.971,2.982,2.776,2.793,899234.521044
1763064000000,2025-11-13T20:00:00+00:00,DOT/USDT,4h,2.793,2.877,2.762,2.852,333753.854853
1763078400000,2025-11-14T00:00:00+00:00,DOT/USDT,4h,2.854,2.882,2.829,2.854,399663.210797
1763092800000,2025-11-14T04:00:00+00:00,DOT/USDT,4h,2.855,2.922,2.75,2.892,761582.013962
1763107200000,2025-11-14T08:00:00+00:00,DOT/USDT,4h,2.891,2.896,2.818,2.834,363229.955027
1763121600000,2025-11-14T12:00:00+00:00,DOT/USDT,4h,2.834,2.896,2.763,2.857,733069.678424
1763136000000,2025-11-14T16:00:00+00:00,DOT/USDT,4h,2.86,2.895,2.841,2.884,295457.135472
1763150400000,2025-11-14T20:00:00+00:00,DOT/USDT,4h,2.884,2.887,2.773,2.814,543653.503055
1763164800000,2025-11-15T00:00:00+00:00,DOT/USDT,4h,2.814,2.905,2.812,2.884,357482.431503
1763179200000,2025-11-15T04:00:00+00:00,DOT/USDT,4h,2.885,2.951,2.872,2.915,350946.233465
1763193600000,2025-11-15T08:00:00+00:00,DOT/USDT,4h,2.916,2.917,2.85,2.859,345732.492403
1763208000000,2025-11-15T12:00:00+00:00,DOT/USDT,4h,2.857,2.935,2.85,2.869,558030.00174
1763222400000,2025-11-15T16:00:00+00:00,DOT/USDT,4h,2.868,2.892,2.84,2.863,321171.489212
1763236800000,2025-11-15T20:00:00+00:00,DOT/USDT,4h,2.863,2.867,2.82,2.831,203099.176011
1763251200000,2025-11-16T00:00:00+00:00,DOT/USDT,4h,2.832,2.878,2.783,2.87,249290.864238
1763265600000,2025-11-16T04:00:00+00:00,DOT/USDT,4h,2.871,2.882,2.851,2.876,133492.470166
1763280000000,2025-11-16T08:00:00+00:00,DOT/USDT,4h,2.878,2.897,2.817,2.825,229681.068056
1763294400000,2025-11-16T12:00:00+00:00,DOT/USDT,4h,2.826,2.843,2.77,2.775,403893.441161
1763308800000,2025-11-16T16:00:00+00:00,DOT/USDT,4h,2.776,2.796,2.695,2.74,749208.672474
1763323200000,2025-11-16T20:00:00+00:00,DOT/USDT,4h,2.741,2.805,2.715,2.785,226836.182969
1763337600000,2025-11-17T00:00:00+00:00,DOT/USDT,4h,2.785,2.842,2.772,2.823,288743.284397
1763352000000,2025-11-17T04:00:00+00:00,DOT/USDT,4h,2.826,2.842,2.806,2.833,286408.847342
1763366400000,2025-11-17T08:00:00+00:00,DOT/USDT,4h,2.834,2.844,2.81,2.832,255409.324135
1763380800000,2025-11-17T12:00:00+00:00,DOT/USDT,4h,2.833,2.867,2.739,2.773,592448.263721
1763395200000,2025-11-17T16:00:00+00:00,DOT/USDT,4h,2.774,2.798,2.641,2.653,613263.958545
1763409600000,2025-11-17T20:00:00+00:00,DOT/USDT,4h,2.652,2.683,2.627,2.665,435042.449893
1763424000000,2025-11-18T00:00:00+00:00,DOT/USDT,4h,2.666,2.748,2.615,2.737,506978.795637
1763438400000,2025-11-18T04:00:00+00:00,DOT/USDT,4h,2.738,2.764,2.701,2.725,296707.344481
1763452800000,2025-11-18T08:00:00+00:00,DOT/USDT,4h,2.726,2.755,2.706,2.71,298512.746738
1763467200000,2025-11-18T12:00:00+00:00,DOT/USDT,4h,2.713,2.771,2.687,2.75,316008.074972
1763481600000,2025-11-18T16:00:00+00:00,DOT/USDT,4h,2.749,2.803,2.741,2.782,371404.584417
1763496000000,2025-11-18T20:00:00+00:00,DOT/USDT,4h,2.783,2.787,2.735,2.755,62872.003374
1763510400000,2025-11-19T00:00:00+00:00,DOT/USDT,4h,2.756,2.769,2.712,2.717,159430.143401
1763524800000,2025-11-19T04:00:00+00:00,DOT/USDT,4h,2.717,2.723,2.642,2.71,297510.379733
1763539200000,2025-11-19T08:00:00+00:00,DOT/USDT,4h,2.709,2.731,2.692,2.706,107730.110605
1763553600000,2025-11-19T12:00:00+00:00,DOT/USDT,4h,2.705,2.738,2.643,2.645,353186.913439
1763568000000,2025-11-19T16:00:00+00:00,DOT/USDT,4h,2.644,2.666,2.568,2.592,406499.963136
1763582400000,2025-11-19T20:00:00+00:00,DOT/USDT,4h,2.595,2.701,2.585,2.692,245564.009145
1763596800000,2025-11-20T00:00:00+00:00,DOT/USDT,4h,2.694,2.719,2.67,2.705,238600.971204
1763611200000,2025-11-20T04:00:00+00:00,DOT/USDT,4h,2.705,2.745,2.699,2.741,425670.418326
1763625600000,2025-11-20T08:00:00+00:00,DOT/USDT,4h,2.741,2.77,2.735,2.756,682743.172166
1763640000000,2025-11-20T12:00:00+00:00,DOT/USDT,4h,2.755,2.821,2.722,2.723,514894.459971
1763654400000,2025-11-20T16:00:00+00:00,DOT/USDT,4h,2.725,2.726,2.505,2.555,839168.740821
1763668800000,2025-11-20T20:00:00+00:00,DOT/USDT,4h,2.554,2.621,2.525,2.544,405542.497614
1763683200000,2025-11-21T00:00:00+00:00,DOT/USDT,4h,2.544,2.592,2.513,2.54,283645.976091
1763697600000,2025-11-21T04:00:00+00:00,DOT/USDT,4h,2.539,2.547,2.271,2.403,1098674.297123
1763712000000,2025-11-21T08:00:00+00:00,DOT/USDT,4h,2.403,2.445,2.338,2.345,884464.715543
1763726400000,2025-11-21T12:00:00+00:00,DOT/USDT,4h,2.346,2.434,2.29,2.358,830628.966305
1763740800000,2025-11-21T16:00:00+00:00,DOT/USDT,4h,2.358,2.435,2.329,2.377,297432.817461
1763755200000,2025-11-21T20:00:00+00:00,DOT/USDT,4h,2.377,2.385,2.273,2.349,300313.991581
1763769600000,2025-11-22T00:00:00+00:00,DOT/USDT,4h,2.349,2.357,2.316,2.325,302151.691144
1763784000000,2025-11-22T04:00:00+00:00,DOT/USDT,4h,2.324,2.325,2.266,2.314,331004.99419
1763798400000,2025-11-22T08:00:00+00:00,DOT/USDT,4h,2.313,2.322,2.275,2.315,369040.850332
1763812800000,2025-11-22T12:00:00+00:00,DOT/USDT,4h,2.316,2.316,2.258,2.29,197375.415908
1763827200000,2025-11-22T16:00:00+00:00,DOT/USDT,4h,2.289,2.317,2.279,2.293,210332.207064
1763841600000,2025-11-22T20:00:00+00:00,DOT/USDT,4h,2.292,2.346,2.282,2.311,188056.887232
1763856000000,2025-11-23T00:00:00+00:00,DOT/USDT,4h,2.311,2.358,2.305,2.345,120010.24674
1763870400000,2025-11-23T04:00:00+00:00,DOT/USDT,4h,2.345,2.37,2.323,2.34,178581.290509
1763884800000,2025-11-23T08:00:00+00:00,DOT/USDT,4h,2.341,2.359,2.32,2.336,166493.218724
1763899200000,2025-11-23T12:00:00+00:00,DOT/USDT,4h,2.336,2.358,2.31,2.327,143608.634205
1763913600000,2025-11-23T16:00:00+00:00,DOT/USDT,4h,2.327,2.331,2.274,2.308,192969.909694
1763928000000,2025-11-23T20:00:00+00:00,DOT/USDT,4h,2.309,2.326,2.247,2.257,247633.41265
1763942400000,2025-11-24T00:00:00+00:00,DOT/USDT,4h,2.258,2.339,2.244,2.316,243536.015759
1763956800000,2025-11-24T04:00:00+00:00,DOT/USDT,4h,2.316,2.332,2.273,2.286,424344.393372
1763971200000,2025-11-24T08:00:00+00:00,DOT/USDT,4h,2.285,2.301,2.244,2.277,199522.320675
1763985600000,2025-11-24T12:00:00+00:00,DOT/USDT,4h,2.275,2.311,2.251,2.3,260114.631351
1764000000000,2025-11-24T16:00:00+00:00,DOT/USDT,4h,2.301,2.372,2.301,2.359,364747.991604
1764014400000,2025-11-24T20:00:00+00:00,DOT/USDT,4h,2.362,2.396,2.338,2.341,178697.013885
1764028800000,2025-11-25T00:00:00+00:00,DOT/USDT,4h,2.341,2.35,2.305,2.316,195555.794727
1764043200000,2025-11-25T04:00:00+00:00,DOT/USDT,4h,2.314,2.33,2.264,2.266,314415.916922
1764057600000,2025-11-25T08:00:00+00:00,DOT/USDT,4h,2.267,2.28,2.245,2.256,386274.98369
1764072000000,2025-11-25T12:00:00+00:00,DOT/USDT,4h,2.256,2.279,2.175,2.223,1046006.856619
1764086400000,2025-11-25T16:00:00+00:00,DOT/USDT,4h,2.223,2.289,2.218,2.264,360829.895577
1764100800000,2025-11-25T20:00:00+00:00,DOT/USDT,4h,2.264,2.315,2.247,2.295,187162.922444
1764115200000,2025-11-26T00:00:00+00:00,DOT/USDT,4h,2.296,2.309,2.267,2.268,227293.946416
1764129600000,2025-11-26T04:00:00+00:00,DOT/USDT,4h,2.269,2.316,2.262,2.312,202277.510803
1764144000000,2025-11-26T08:00:00+00:00,DOT/USDT,4h,2.312,2.318,2.256,2.262,286940.421453
1764158400000,2025-11-26T12:00:00+00:00,DOT/USDT,4h,2.261,2.293,2.24,2.261,212645.578604
1764172800000,2025-11-26T16:00:00+00:00,DOT/USDT,4h,2.262,2.371,2.261,2.363,370783.31883
1764187200000,2025-11-26T20:00:00+00:00,DOT/USDT,4h,2.363,2.37,2.34,2.344,154185.96611
1764201600000,2025-11-27T00:00:00+00:00,DOT/USDT,4h,2.344,2.36,2.316,2.316,293615.489331
1764216000000,2025-11-27T04:00:00+00:00,DOT/USDT,4h,2.317,2.343,2.316,2.329,112336.114474
1764230400000,2025-11-27T08:00:00+00:00,DOT/USDT,4h,2.327,2.352,2.319,2.33,90744.948659
1764244800000,2025-11-27T12:00:00+00:00,DOT/USDT,4h,2.329,2.351,2.309,2.348,213008.698032
1764259200000,2025-11-27T16:00:00+00:00,DOT/USDT,4h,2.349,2.385,2.344,2.381,187230.001909
1764273600000,2025-11-27T20:00:00+00:00,DOT/USDT,4h,2.382,2.391,2.328,2.336,224152.214854
1764288000000,2025-11-28T00:00:00+00:00,DOT/USDT,4h,2.337,2.345,2.292,2.317,281142.169716
1764302400000,2025-11-28T04:00:00+00:00,DOT/USDT,4h,2.317,2.324,2.301,2.317,196697.691061
1764316800000,2025-11-28T08:00:00+00:00,DOT/USDT,4h,2.318,2.376,2.306,2.321,333923.573352
1764331200000,2025-11-28T12:00:00+00:00,DOT/USDT,4h,2.32,2.365,2.312,2.351,249502.900209
1764345600000,2025-11-28T16:00:00+00:00,DOT/USDT,4h,2.352,2.352,2.26,2.3,342687.628484
1764360000000,2025-11-28T20:00:00+00:00,DOT/USDT,4h,2.299,2.303,2.277,2.285,174239.349565
1764374400000,2025-11-29T00:00:00+00:00,DOT/USDT,4h,2.284,2.298,2.274,2.275,84155.772256
1764388800000,2025-11-29T04:00:00+00:00,DOT/USDT,4h,2.275,2.29,2.26,2.269,96407.529484
1764403200000,2025-11-29T08:00:00+00:00,DOT/USDT,4h,2.267,2.28,2.254,2.277,117947.475736
1764417600000,2025-11-29T12:00:00+00:00,DOT/USDT,4h,2.277,2.28,2.248,2.271,147619.322888
1764432000000,2025-11-29T16:00:00+00:00,DOT/USDT,4h,2.272,2.272,2.228,2.242,121600.291213
1764446400000,2025-11-29T20:00:00+00:00,DOT/USDT,4h,2.243,2.263,2.239,2.258,90900.221462
1764460800000,2025-11-30T00:00:00+00:00,DOT/USDT,4h,2.259,2.271,2.246,2.271,55347.974696
1764475200000,2025-11-30T04:00:00+00:00,DOT/USDT,4h,2.272,2.274,2.249,2.266,67285.180502
1764489600000,2025-11-30T08:00:00+00:00,DOT/USDT,4h,2.266,2.276,2.254,2.256,70043.811912
1764504000000,2025-11-30T12:00:00+00:00,DOT/USDT,4h,2.256,2.293,2.249,2.261,123807.533614
1764518400000,2025-11-30T16:00:00+00:00,DOT/USDT,4h,2.262,2.288,2.26,2.27,53787.777489
1764532800000,2025-11-30T20:00:00+00:00,DOT/USDT,4h,2.27,2.279,2.204,2.209,128672.964644
1764547200000,2025-12-01T00:00:00+00:00,DOT/USDT,4h,2.209,2.209,2.045,2.049,1246657.569071
1764561600000,2025-12-01T04:00:00+00:00,DOT/USDT,4h,2.05,2.053,2.007,2.038,580340.065525
1764576000000,2025-12-01T08:00:00+00:00,DOT/USDT,4h,2.039,2.057,2.032,2.037,218482.514701
1764590400000,2025-12-01T12:00:00+00:00,DOT/USDT,4h,2.038,2.051,1.962,1.998,757704.2566
1764604800000,2025-12-01T16:00:00+00:00,DOT/USDT,4h,1.998,2.011,1.978,1.996,227748.755659
1764619200000,2025-12-01T20:00:00+00:00,DOT/USDT,4h,1.996,2.049,1.996,2.041,238820.614194
1764633600000,2025-12-02T00:00:00+00:00,DOT/USDT,4h,2.042,2.065,2.033,2.055,136298.38263
1764648000000,2025-12-02T04:00:00+00:00,DOT/USDT,4h,2.057,2.074,2.047,2.066,185596.423245
1764662400000,2025-12-02T08:00:00+00:00,DOT/USDT,4h,2.067,2.122,2.044,2.095,375189.70716
1764676800000,2025-12-02T12:00:00+00:00,DOT/USDT,4h,2.096,2.252,2.08,2.245,655526.496203
1764691200000,2025-12-02T16:00:00+00:00,DOT/USDT,4h,2.247,2.286,2.231,2.234,661911.311729
1764705600000,2025-12-02T20:00:00+00:00,DOT/USDT,4h,2.234,2.266,2.224,2.249,352736.39941
1764720000000,2025-12-03T00:00:00+00:00,DOT/USDT,4h,2.25,2.305,2.247,2.291,283623.013229
1764734400000,2025-12-03T04:00:00+00:00,DOT/USDT,4h,2.291,2.332,2.289,2.292,592934.401607
1764748800000,2025-12-03T08:00:00+00:00,DOT/USDT,4h,2.294,2.312,2.287,2.296,237461.660761
1764763200000,2025-12-03T12:00:00+00:00,DOT/USDT,4h,2.296,2.313,2.241,2.301,609483.621833
1764777600000,2025-12-03T16:00:00+00:00,DOT/USDT,4h,2.301,2.336,2.285,2.326,154022.611465
1764792000000,2025-12-03T20:00:00+00:00,DOT/USDT,4h,2.326,2.398,2.319,2.365,439115.271654
1764806400000,2025-12-04T00:00:00+00:00,DOT/USDT,4h,2.365,2.375,2.34,2.341,332037.561522
1764820800000,2025-12-04T04:00:00+00:00,DOT/USDT,4h,2.341,2.353,2.327,2.338,288991.677137
1764835200000,2025-12-04T08:00:00+00:00,DOT/USDT,4h,2.339,2.351,2.319,2.327,92508.319313
1764849600000,2025-12-04T12:00:00+00:00,DOT/USDT,4h,2.327,2.337,2.304,2.329,236219.107363
1764864000000,2025-12-04T16:00:00+00:00,DOT/USDT,4h,2.329,2.342,2.245,2.291,188595.665198
1764878400000,2025-12-04T20:00:00+00:00,DOT/USDT,4h,2.291,2.302,2.272,2.273,79236.888108
1764892800000,2025-12-05T00:00:00+00:00,DOT/USDT,4h,2.273,2.307,2.272,2.288,99012.353805
1764907200000,2025-12-05T04:00:00+00:00,DOT/USDT,4h,2.287,2.292,2.254,2.282,262764.396756
1764921600000,2025-12-05T08:00:00+00:00,DOT/USDT,4h,2.281,2.283,2.224,2.236,172094.390214
1764936000000,2025-12-05T12:00:00+00:00,DOT/USDT,4h,2.234,2.244,2.186,2.208,359719.621042
1764950400000,2025-12-05T16:00:00+00:00,DOT/USDT,4h,2.208,2.21,2.083,2.124,593933.382001
1764964800000,2025-12-05T20:00:00+00:00,DOT/USDT,4h,2.123,2.131,2.104,2.126,124244.622602
1764979200000,2025-12-06T00:00:00+00:00,DOT/USDT,4h,2.127,2.128,2.105,2.122,91710.525586
1764993600000,2025-12-06T04:00:00+00:00,DOT/USDT,4h,2.121,2.122,2.1,2.105,67187.343035
1765008000000,2025-12-06T08:00:00+00:00,DOT/USDT,4h,2.106,2.11,2.088,2.107,89039.42434
1765022400000,2025-12-06T12:00:00+00:00,DOT/USDT,4h,2.107,2.141,2.101,2.12,148321.528921
1765036800000,2025-12-06T16:00:00+00:00,DOT/USDT,4h,2.12,2.165,2.12,2.132,183820.54406
1765051200000,2025-12-06T20:00:00+00:00,DOT/USDT,4h,2.133,2.152,2.12,2.128,99211.41728
1765065600000,2025-12-07T00:00:00+00:00,DOT/USDT,4h,2.129,2.146,2.127,2.142,234241.627278
1765080000000,2025-12-07T04:00:00+00:00,DOT/USDT,4h,2.141,2.156,2.127,2.13,120925.739016
1765094400000,2025-12-07T08:00:00+00:00,DOT/USDT,4h,2.13,2.132,2.087,2.094,188982.72948
1765108800000,2025-12-07T12:00:00+00:00,DOT/USDT,4h,2.094,2.12,2.04,2.119,481581.208062
1765123200000,2025-12-07T16:00:00+00:00,DOT/USDT,4h,2.118,2.161,2.097,2.141,466243.866965
1765137600000,2025-12-07T20:00:00+00:00,DOT/USDT,4h,2.142,2.149,2.055,2.093,377241.524265
1765152000000,2025-12-08T00:00:00+00:00,DOT/USDT,4h,2.095,2.14,2.084,2.121,164694.583793
1765166400000,2025-12-08T04:00:00+00:00,DOT/USDT,4h,2.121,2.148,2.118,2.137,486835.955233
1765180800000,2025-12-08T08:00:00+00:00,DOT/USDT,4h,2.138,2.179,2.128,2.131,449895.569325
1765195200000,2025-12-08T12:00:00+00:00,DOT/USDT,4h,2.131,2.169,2.119,2.133,582257.220341
1765209600000,2025-12-08T16:00:00+00:00,DOT/USDT,4h,2.133,2.155,2.111,2.123,347288.735413
1765224000000,2025-12-08T20:00:00+00:00,DOT/USDT,4h,2.124,2.156,2.122,2.13,302922.264971
1765238400000,2025-12-09T00:00:00+00:00,DOT/USDT,4h,2.13,2.141,2.096,2.128,308729.454013
1765252800000,2025-12-09T04:00:00+00:00,DOT/USDT,4h,2.128,2.13,2.09,2.117,211226.580879
1765267200000,2025-12-09T08:00:00+00:00,DOT/USDT,4h,2.117,2.119,2.09,2.11,117508.226109
1765281600000,2025-12-09T12:00:00+00:00,DOT/USDT,4h,2.109,2.221,2.106,2.217,514235.300407
1765296000000,2025-12-09T16:00:00+00:00,DOT/USDT,4h,2.22,2.391,2.219,2.313,1043368.540877
1765310400000,2025-12-09T20:00:00+00:00,DOT/USDT,4h,2.312,2.322,2.259,2.293,230300.316187
1765324800000,2025-12-10T00:00:00+00:00,DOT/USDT,4h,2.293,2.298,2.235,2.244,282050.022593
1765339200000,2025-12-10T04:00:00+00:00,DOT/USDT,4h,2.246,2.249,2.204,2.222,149168.116905
1765353600000,2025-12-10T08:00:00+00:00,DOT/USDT,4h,2.222,2.248,2.19,2.202,397200.625361
1765368000000,2025-12-10T12:00:00+00:00,DOT/USDT,4h,2.201,2.221,2.189,2.204,422443.231425
1765382400000,2025-12-10T16:00:00+00:00,DOT/USDT,4h,2.203,2.282,2.2,2.267,496301.071627
1765396800000,2025-12-10T20:00:00+00:00,DOT/USDT,4h,2.268,2.321,2.182,2.19,505620.26187
1765411200000,2025-12-11T00:00:00+00:00,DOT/USDT,4h,2.191,2.193,2.056,2.062,649460.094671
1765425600000,2025-12-11T04:00:00+00:00,DOT/USDT,4h,2.061,2.088,2.051,2.069,253773.552247
1765440000000,2025-12-11T08:00:00+00:00,DOT/USDT,4h,2.067,2.067,2.037,2.045,353024.222778
1765454400000,2025-12-11T12:00:00+00:00,DOT/USDT,4h,2.044,2.057,2.016,2.027,629818.375462
1765468800000,2025-12-11T16:00:00+00:00,DOT/USDT,4h,2.027,2.059,2.009,2.033,298221.991506
1765483200000,2025-12-11T20:00:00+00:00,DOT/USDT,4h,2.032,2.093,2.027,2.066,277963.014918
1765497600000,2025-12-12T00:00:00+00:00,DOT/USDT,4h,2.067,2.083,2.029,2.066,143742.191699
1765512000000,2025-12-12T04:00:00+00:00,DOT/USDT,4h,2.066,2.095,2.051,2.057,154939.316337
1765526400000,2025-12-12T08:00:00+00:00,DOT/USDT,4h,2.058,2.06,2.027,2.047,268920.089641
1765540800000,2025-12-12T12:00:00+00:00,DOT/USDT,4h,2.046,2.069,1.954,1.969,548196.092956
1765555200000,2025-12-12T16:00:00+00:00,DOT/USDT,4h,1.968,2.008,1.945,1.985,624916.621865
1765569600000,2025-12-12T20:00:00+00:00,DOT/USDT,4h,1.985,2.018,1.978,2.012,203494.032913
1765584000000,2025-12-13T00:00:00+00:00,DOT/USDT,4h,2.013,2.042,2.01,2.031,104202.95397
1765598400000,2025-12-13T04:00:00+00:00,DOT/USDT,4h,2.031,2.043,2.023,2.039,308182.453855
1765612800000,2025-12-13T08:00:00+00:00,DOT/USDT,4h,2.039,2.057,2.035,2.039,167581.885253
1765627200000,2025-12-13T12:00:00+00:00,DOT/USDT,4h,2.039,2.048,2.029,2.046,215503.335683
1765641600000,2025-12-13T16:00:00+00:00,DOT/USDT,4h,2.045,2.057,2.029,2.04,126895.672143
1765656000000,2025-12-13T20:00:00+00:00,DOT/USDT,4h,2.04,2.044,2.022,2.038,106964.494913
1765670400000,2025-12-14T00:00:00+00:00,DOT/USDT,4h,2.038,2.045,2.026,2.028,106202.577971
1765684800000,2025-12-14T04:00:00+00:00,DOT/USDT,4h,2.028,2.032,2.001,2.009,238642.94002
1765699200000,2025-12-14T08:00:00+00:00,DOT/USDT,4h,2.01,2.016,1.963,1.985,337794.75295
1765713600000,2025-12-14T12:00:00+00:00,DOT/USDT,4h,1.984,1.991,1.963,1.974,225215.681574
1765728000000,2025-12-14T16:00:00+00:00,DOT/USDT,4h,1.974,1.99,1.947,1.962,243470.258759
1765742400000,2025-12-14T20:00:00+00:00,DOT/USDT,4h,1.962,1.973,1.932,1.952,199969.573018
1765756800000,2025-12-15T00:00:00+00:00,DOT/USDT,4h,1.953,2.009,1.953,1.988,139718.29413
1765771200000,2025-12-15T04:00:00+00:00,DOT/USDT,4h,1.99,2.01,1.987,1.994,138903.348713
1765785600000,2025-12-15T08:00:00+00:00,DOT/USDT,4h,1.994,2.007,1.99,1.995,124906.971325
1765800000000,2025-12-15T12:00:00+00:00,DOT/USDT,4h,1.995,2.009,1.873,1.887,816388.187167
1765814400000,2025-12-15T16:00:00+00:00,DOT/USDT,4h,1.886,1.892,1.831,1.874,685764.398541
1765828800000,2025-12-15T20:00:00+00:00,DOT/USDT,4h,1.874,1.904,1.856,1.902,283525.278194
1765843200000,2025-12-16T00:00:00+00:00,DOT/USDT,4h,1.902,1.905,1.875,1.892,176140.413999
1765857600000,2025-12-16T04:00:00+00:00,DOT/USDT,4h,1.893,1.904,1.863,1.879,166753.296051
1765872000000,2025-12-16T08:00:00+00:00,DOT/USDT,4h,1.879,1.943,1.877,1.925,395964.98549
1765886400000,2025-12-16T12:00:00+00:00,DOT/USDT,4h,1.925,1.937,1.874,1.92,475846.866648
1765900800000,2025-12-16T16:00:00+00:00,DOT/USDT,4h,1.921,1.923,1.889,1.907,160260.227495
1765915200000,2025-12-16T20:00:00+00:00,DOT/USDT,4h,1.906,1.912,1.891,1.9,109191.537607
1765929600000,2025-12-17T00:00:00+00:00,DOT/USDT,4h,1.898,1.909,1.883,1.889,89628.556429
1765944000000,2025-12-17T04:00:00+00:00,DOT/USDT,4h,1.889,1.891,1.859,1.878,236775.362917
1765958400000,2025-12-17T08:00:00+00:00,DOT/USDT,4h,1.877,1.877,1.855,1.869,222197.249475
1765972800000,2025-12-17T12:00:00+00:00,DOT/USDT,4h,1.869,1.954,1.861,1.869,575682.808454
1765987200000,2025-12-17T16:00:00+00:00,DOT/USDT,4h,1.87,1.888,1.791,1.816,434204.901631
1766001600000,2025-12-17T20:00:00+00:00,DOT/USDT,4h,1.817,1.83,1.793,1.815,146892.626963
1766016000000,2025-12-18T00:00:00+00:00,DOT/USDT,4h,1.815,1.818,1.781,1.792,330953.860749
1766030400000,2025-12-18T04:00:00+00:00,DOT/USDT,4h,1.793,1.801,1.771,1.789,180140.248167
1766044800000,2025-12-18T08:00:00+00:00,DOT/USDT,4h,1.789,1.81,1.788,1.807,161087.927704
1766059200000,2025-12-18T12:00:00+00:00,DOT/USDT,4h,1.807,1.889,1.801,1.861,481801.234498
1766073600000,2025-12-18T16:00:00+00:00,DOT/USDT,4h,1.862,1.863,1.72,1.727,598281.738976
1766088000000,2025-12-18T20:00:00+00:00,DOT/USDT,4h,1.727,1.78,1.725,1.76,259741.830174
1766102400000,2025-12-19T00:00:00+00:00,DOT/USDT,4h,1.76,1.804,1.74,1.784,343458.408416
1766116800000,2025-12-19T04:00:00+00:00,DOT/USDT,4h,1.785,1.81,1.769,1.797,220242.853939
1766131200000,2025-12-19T08:00:00+00:00,DOT/USDT,4h,1.797,1.811,1.791,1.808,256857.509912
1766145600000,2025-12-19T12:00:00+00:00,DOT/USDT,4h,1.809,1.867,1.799,1.834,565397.053346
1766160000000,2025-12-19T16:00:00+00:00,DOT/USDT,4h,1.835,1.879,1.817,1.868,399988.996867
1766174400000,2025-12-19T20:00:00+00:00,DOT/USDT,4h,1.87,1.881,1.849,1.849,160000.900276
1766188800000,2025-12-20T00:00:00+00:00,DOT/USDT,4h,1.85,1.85,1.832,1.843,134123.605995
1766203200000,2025-12-20T04:00:00+00:00,DOT/USDT,4h,1.843,1.859,1.83,1.856,206895.924365
1766217600000,2025-12-20T08:00:00+00:00,DOT/USDT,4h,1.856,1.87,1.847,1.862,135169.77329
1766232000000,2025-12-20T12:00:00+00:00,DOT/USDT,4h,1.862,1.862,1.828,1.832,211420.40842
1766246400000,2025-12-20T16:00:00+00:00,DOT/USDT,4h,1.833,1.838,1.827,1.834,107161.899187
1766260800000,2025-12-20T20:00:00+00:00,DOT/USDT,4h,1.834,1.84,1.828,1.832,72120.988173
1766275200000,2025-12-21T00:00:00+00:00,DOT/USDT,4h,1.833,1.837,1.799,1.809,83881.256169
1766289600000,2025-12-21T04:00:00+00:00,DOT/USDT,4h,1.809,1.832,1.804,1.831,417447.210613
1766304000000,2025-12-21T08:00:00+00:00,DOT/USDT,4h,1.831,1.852,1.825,1.826,529717.702121
1766318400000,2025-12-21T12:00:00+00:00,DOT/USDT,4h,1.826,1.83,1.75,1.771,503089.938523
1766332800000,2025-12-21T16:00:00+00:00,DOT/USDT,4h,1.769,1.796,1.762,1.793,183209.527355
1766347200000,2025-12-21T20:00:00+00:00,DOT/USDT,4h,1.794,1.814,1.766,1.802,99405.238634
1766361600000,2025-12-22T00:00:00+00:00,DOT/USDT,4h,1.803,1.843,1.777,1.814,297515.528965
1766376000000,2025-12-22T04:00:00+00:00,DOT/USDT,4h,1.814,1.822,1.806,1.813,129015.956457
1766390400000,2025-12-22T08:00:00+00:00,DOT/USDT,4h,1.813,1.835,1.81,1.822,244404.457521
1766404800000,2025-12-22T12:00:00+00:00,DOT/USDT,4h,1.823,1.853,1.813,1.835,584824.640831
1766419200000,2025-12-22T16:00:00+00:00,DOT/USDT,4h,1.837,1.849,1.765,1.769,320830.325909
1766433600000,2025-12-22T20:00:00+00:00,DOT/USDT,4h,1.769,1.792,1.757,1.784,200525.429743
1766448000000,2025-12-23T00:00:00+00:00,DOT/USDT,4h,1.784,1.801,1.762,1.776,163473.195299
1766462400000,2025-12-23T04:00:00+00:00,DOT/USDT,4h,1.775,1.779,1.754,1.76,140399.408821
1766476800000,2025-12-23T08:00:00+00:00,DOT/USDT,4h,1.761,1.779,1.756,1.775,105870.286961
1766491200000,2025-12-23T12:00:00+00:00,DOT/USDT,4h,1.775,1.775,1.729,1.748,419577.06575
1766505600000,2025-12-23T16:00:00+00:00,DOT/USDT,4h,1.748,1.777,1.739,1.76,378286.321646
1766520000000,2025-12-23T20:00:00+00:00,DOT/USDT,4h,1.76,1.787,1.755,1.763,121670.526143
1766534400000,2025-12-24T00:00:00+00:00,DOT/USDT,4h,1.765,1.775,1.73,1.75,157984.974745
1766548800000,2025-12-24T04:00:00+00:00,DOT/USDT,4h,1.749,1.758,1.718,1.724,173702.634589
1766563200000,2025-12-24T08:00:00+00:00,DOT/USDT,4h,1.724,1.734,1.716,1.727,328004.049869
1766577600000,2025-12-24T12:00:00+00:00,DOT/USDT,4h,1.727,1.738,1.704,1.733,359817.828709
1766592000000,2025-12-24T16:00:00+00:00,DOT/USDT,4h,1.733,1.744,1.716,1.729,241148.986129
1766606400000,2025-12-24T20:00:00+00:00,DOT/USDT,4h,1.73,1.747,1.727,1.738,128275.04643
1766620800000,2025-12-25T00:00:00+00:00,DOT/USDT,4h,1.739,1.752,1.732,1.746,116272.436509
1766635200000,2025-12-25T04:00:00+00:00,DOT/USDT,4h,1.747,1.747,1.736,1.738,152488.470778
1766649600000,2025-12-25T08:00:00+00:00,DOT/USDT,4h,1.737,1.743,1.704,1.713,183659.216549
1766664000000,2025-12-25T12:00:00+00:00,DOT/USDT,4h,1.712,1.737,1.705,1.733,161448.418392
1766678400000,2025-12-25T16:00:00+00:00,DOT/USDT,4h,1.734,1.739,1.728,1.735,216208.379964
1766692800000,2025-12-25T20:00:00+00:00,DOT/USDT,4h,1.735,1.735,1.678,1.685,300853.631443
1766707200000,2025-12-26T00:00:00+00:00,DOT/USDT,4h,1.684,1.753,1.654,1.739,723671.672021
1766721600000,2025-12-26T04:00:00+00:00,DOT/USDT,4h,1.739,1.746,1.714,1.717,334614.61547
1766736000000,2025-12-26T08:00:00+00:00,DOT/USDT,4h,1.717,1.725,1.705,1.715,353657.271952
1766750400000,2025-12-26T12:00:00+00:00,DOT/USDT,4h,1.715,1.734,1.684,1.707,338537.499513
1766764800000,2025-12-26T16:00:00+00:00,DOT/USDT,4h,1.708,1.723,1.692,1.721,135845.87277
1766779200000,2025-12-26T20:00:00+00:00,DOT/USDT,4h,1.72,1.732,1.718,1.723,97006.937595
1766793600000,2025-12-27T00:00:00+00:00,DOT/USDT,4h,1.724,1.776,1.723,1.764,344149.921281
1766808000000,2025-12-27T04:00:00+00:00,DOT/USDT,4h,1.765,1.767,1.747,1.751,364976.156101
1766822400000,2025-12-27T08:00:00+00:00,DOT/USDT,4h,1.752,1.768,1.735,1.765,122544.23944
1766836800000,2025-12-27T12:00:00+00:00,DOT/USDT,4h,1.766,1.823,1.762,1.802,455886.20443
1766851200000,2025-12-27T16:00:00+00:00,DOT/USDT,4h,1.802,1.849,1.798,1.834,513689.166713
1766865600000,2025-12-27T20:00:00+00:00,DOT/USDT,4h,1.834,1.927,1.834,1.91,653079.487943
1766880000000,2025-12-28T00:00:00+00:00,DOT/USDT,4h,1.91,1.915,1.868,1.871,180970.387045
1766894400000,2025-12-28T04:00:00+00:00,DOT/USDT,4h,1.87,1.896,1.868,1.891,131988.920127
1766908800000,2025-12-28T08:00:00+00:00,DOT/USDT,4h,1.892,1.899,1.876,1.881,89500.011737
1766923200000,2025-12-28T12:00:00+00:00,DOT/USDT,4h,1.882,1.888,1.869,1.878,100344.397531
1766937600000,2025-12-28T16:00:00+00:00,DOT/USDT,4h,1.879,1.883,1.834,1.843,241405.312252
1766952000000,2025-12-28T20:00:00+00:00,DOT/USDT,4h,1.843,1.852,1.828,1.851,174031.109766
1766966400000,2025-12-29T00:00:00+00:00,DOT/USDT,4h,1.851,1.898,1.844,1.897,333947.809254
1766980800000,2025-12-29T04:00:00+00:00,DOT/USDT,4h,1.897,1.905,1.873,1.889,349176.818151
1766995200000,2025-12-29T08:00:00+00:00,DOT/USDT,4h,1.889,1.891,1.844,1.849,285896.052571
1767009600000,2025-12-29T12:00:00+00:00,DOT/USDT,4h,1.848,1.872,1.819,1.856,353959.491995
1767024000000,2025-12-29T16:00:00+00:00,DOT/USDT,4h,1.857,1.86,1.833,1.84,143659.026495
1767038400000,2025-12-29T20:00:00+00:00,DOT/USDT,4h,1.839,1.848,1.822,1.825,137291.912908
1767052800000,2025-12-30T00:00:00+00:00,DOT/USDT,4h,1.825,1.829,1.792,1.81,95554.639005
1767067200000,2025-12-30T04:00:00+00:00,DOT/USDT,4h,1.81,1.82,1.794,1.812,154072.857694
1767081600000,2025-12-30T08:00:00+00:00,DOT/USDT,4h,1.813,1.841,1.813,1.824,127523.511138
1767096000000,2025-12-30T12:00:00+00:00,DOT/USDT,4h,1.825,1.846,1.797,1.841,1190474.385616
1767110400000,2025-12-30T16:00:00+00:00,DOT/USDT,4h,1.842,1.846,1.808,1.829,566630.842528
1767124800000,2025-12-30T20:00:00+00:00,DOT/USDT,4h,1.829,1.83,1.808,1.812,75081.71599
1767139200000,2025-12-31T00:00:00+00:00,DOT/USDT,4h,1.812,1.835,1.801,1.813,123085.227484
1767153600000,2025-12-31T04:00:00+00:00,DOT/USDT,4h,1.813,1.82,1.805,1.809,262803.780013
1767168000000,2025-12-31T08:00:00+00:00,DOT/USDT,4h,1.809,1.824,1.802,1.823,403086.961183
1767182400000,2025-12-31T12:00:00+00:00,DOT/USDT,4h,1.823,1.845,1.803,1.813,894014.819759
1767196800000,2025-12-31T16:00:00+00:00,DOT/USDT,4h,1.813,1.814,1.761,1.777,458795.152934
1767211200000,2025-12-31T20:00:00+00:00,DOT/USDT,4h,1.777,1.798,1.766,1.791,222657.262619
1767225600000,2026-01-01T00:00:00+00:00,DOT/USDT,4h,1.791,1.794,1.775,1.777,128907.721058
1767240000000,2026-01-01T04:00:00+00:00,DOT/USDT,4h,1.777,1.79,1.765,1.787,77037.392662
1767254400000,2026-01-01T08:00:00+00:00,DOT/USDT,4h,1.786,1.81,1.785,1.809,181938.798606
1767268800000,2026-01-01T12:00:00+00:00,DOT/USDT,4h,1.81,1.903,1.805,1.894,1493601.483295
1767283200000,2026-01-01T16:00:00+00:00,DOT/USDT,4h,1.894,2.005,1.894,2.001,817990.096932
1767297600000,2026-01-01T20:00:00+00:00,DOT/USDT,4h,2.005,2.033,1.979,1.998,565014.979358
1767312000000,2026-01-02T00:00:00+00:00,DOT/USDT,4h,1.999,2.013,1.984,2.009,343338.174346
1767326400000,2026-01-02T04:00:00+00:00,DOT/USDT,4h,2.008,2.011,1.982,1.983,175803.138605
1767340800000,2026-01-02T08:00:00+00:00,DOT/USDT,4h,1.983,2.01,1.968,1.99,376963.223673
1767355200000,2026-01-02T12:00:00+00:00,DOT/USDT,4h,1.989,2.025,1.979,2.007,344777.210546
1767369600000,2026-01-02T16:00:00+00:00,DOT/USDT,4h,2.008,2.124,2.004,2.112,889977.073281
1767384000000,2026-01-02T20:00:00+00:00,DOT/USDT,4h,2.114,2.17,2.079,2.165,596440.473045
1767398400000,2026-01-03T00:00:00+00:00,DOT/USDT,4h,2.165,2.219,2.148,2.163,539292.041494
1767412800000,2026-01-03T04:00:00+00:00,DOT/USDT,4h,2.162,2.162,2.109,2.112,231769.7282
1767427200000,2026-01-03T08:00:00+00:00,DOT/USDT,4h,2.111,2.142,2.108,2.114,255212.654782
1767441600000,2026-01-03T12:00:00+00:00,DOT/USDT,4h,2.114,2.14,2.113,2.128,274268.907837
1767456000000,2026-01-03T16:00:00+00:00,DOT/USDT,4h,2.13,2.149,2.122,2.136,241603.051453
1767470400000,2026-01-03T20:00:00+00:00,DOT/USDT,4h,2.136,2.147,2.121,2.125,188576.700759
1767484800000,2026-01-04T00:00:00+00:00,DOT/USDT,4h,2.125,2.146,2.116,2.129,348194.949377
1767499200000,2026-01-04T04:00:00+00:00,DOT/USDT,4h,2.129,2.158,2.121,2.137,259649.310627
1767513600000,2026-01-04T08:00:00+00:00,DOT/USDT,4h,2.136,2.158,2.123,2.156,250724.655629
1767528000000,2026-01-04T12:00:00+00:00,DOT/USDT,4h,2.156,2.18,2.148,2.167,305129.246402
1767542400000,2026-01-04T16:00:00+00:00,DOT/USDT,4h,2.167,2.18,2.118,2.138,502412.459353
1767556800000,2026-01-04T20:00:00+00:00,DOT/USDT,4h,2.135,2.161,2.132,2.144,193402.537154
1767571200000,2026-01-05T00:00:00+00:00,DOT/USDT,4h,2.144,2.173,2.122,2.154,506689.984292
1767585600000,2026-01-05T04:00:00+00:00,DOT/USDT,4h,2.154,2.157,2.109,2.147,284701.877841
1767600000000,2026-01-05T08:00:00+00:00,DOT/USDT,4h,2.147,2.154,2.095,2.115,365558.602374
1767614400000,2026-01-05T12:00:00+00:00,DOT/USDT,4h,2.116,2.204,2.108,2.195,527367.682153
1767628800000,2026-01-05T16:00:00+00:00,DOT/USDT,4h,2.195,2.22,2.155,2.191,625524.653884
1767643200000,2026-01-05T20:00:00+00:00,DOT/USDT,4h,2.192,2.236,2.189,2.207,394162.063631
1767657600000,2026-01-06T00:00:00+00:00,DOT/USDT,4h,2.208,2.239,2.182,2.22,265337.86431
1767672000000,2026-01-06T04:00:00+00:00,DOT/USDT,4h,2.22,2.246,2.178,2.187,359332.284383
1767686400000,2026-01-06T08:00:00+00:00,DOT/USDT,4h,2.19,2.224,2.184,2.219,295960.060281
1767700800000,2026-01-06T12:00:00+00:00,DOT/USDT,4h,2.218,2.264,2.184,2.198,764055.637056
1767715200000,2026-01-06T16:00:00+00:00,DOT/USDT,4h,2.199,2.205,2.116,2.149,559705.313318
1767729600000,2026-01-06T20:00:00+00:00,DOT/USDT,4h,2.15,2.242,2.15,2.234,357092.163039
1767744000000,2026-01-07T00:00:00+00:00,DOT/USDT,4h,2.235,2.237,2.173,2.19,220437.922464
1767758400000,2026-01-07T04:00:00+00:00,DOT/USDT,4h,2.19,2.239,2.188,2.239,217521.923637
1767772800000,2026-01-07T08:00:00+00:00,DOT/USDT,4h,2.239,2.25,2.179,2.199,387251.006304
1767787200000,2026-01-07T12:00:00+00:00,DOT/USDT,4h,2.199,2.199,2.128,2.137,345511.492717
1767801600000,2026-01-07T16:00:00+00:00,DOT/USDT,4h,2.136,2.172,2.129,2.145,297267.090758
1767816000000,2026-01-07T20:00:00+00:00,DOT/USDT,4h,2.145,2.16,2.121,2.145,170800.4602
1767830400000,2026-01-08T00:00:00+00:00,DOT/USDT,4h,2.144,2.158,2.118,2.12,169816.387987
1767844800000,2026-01-08T04:00:00+00:00,DOT/USDT,4h,2.12,2.15,2.084,2.13,345113.128574
1767859200000,2026-01-08T08:00:00+00:00,DOT/USDT,4h,2.13,2.141,2.084,2.123,299669.625261
1767873600000,2026-01-08T12:00:00+00:00,DOT/USDT,4h,2.124,2.156,2.089,2.156,310696.284784
1767888000000,2026-01-08T16:00:00+00:00,DOT/USDT,4h,2.156,2.159,2.111,2.115,227309.880922
1767902400000,2026-01-08T20:00:00+00:00,DOT/USDT,4h,2.114,2.13,2.093,2.111,202669.305136
1767916800000,2026-01-09T00:00:00+00:00,DOT/USDT,4h,2.111,2.126,2.084,2.113,421465.593312
1767931200000,2026-01-09T04:00:00+00:00,DOT/USDT,4h,2.112,2.117,2.097,2.104,89700.623257
1767945600000,2026-01-09T08:00:00+00:00,DOT/USDT,4h,2.106,2.108,2.061,2.08,219453.722672
1767960000000,2026-01-09T12:00:00+00:00,DOT/USDT,4h,2.081,2.138,2.049,2.105,407616.35798
1767974400000,2026-01-09T16:00:00+00:00,DOT/USDT,4h,2.106,2.144,2.059,2.065,266437.549283
1767988800000,2026-01-09T20:00:00+00:00,DOT/USDT,4h,2.064,2.095,2.062,2.082,183745.325656
1768003200000,2026-01-10T00:00:00+00:00,DOT/USDT,4h,2.084,2.092,2.07,2.09,62614.668161
1768017600000,2026-01-10T04:00:00+00:00,DOT/USDT,4h,2.089,2.116,2.077,2.104,75188.58402
1768032000000,2026-01-10T08:00:00+00:00,DOT/USDT,4h,2.102,2.109,2.082,2.108,93285.138926
1768046400000,2026-01-10T12:00:00+00:00,DOT/USDT,4h,2.108,2.13,2.106,2.118,114536.517461
1768060800000,2026-01-10T16:00:00+00:00,DOT/USDT,4h,2.118,2.129,2.097,2.129,86673.235002
1768075200000,2026-01-10T20:00:00+00:00,DOT/USDT,4h,2.13,2.131,2.084,2.092,84605.104737
1768089600000,2026-01-11T00:00:00+00:00,DOT/USDT,4h,2.094,2.103,2.085,2.101,47214.444896
1768104000000,2026-01-11T04:00:00+00:00,DOT/USDT,4h,2.101,2.117,2.094,2.116,58660.283983
1768118400000,2026-01-11T08:00:00+00:00,DOT/USDT,4h,2.116,2.119,2.105,2.111,105639.998291
1768132800000,2026-01-11T12:00:00+00:00,DOT/USDT,4h,2.112,2.127,2.07,2.08,204927.626128
1768147200000,2026-01-11T16:00:00+00:00,DOT/USDT,4h,2.08,2.112,2.074,2.089,138169.791998
1768161600000,2026-01-11T20:00:00+00:00,DOT/USDT,4h,2.089,2.089,2.034,2.071,234366.841874
1768176000000,2026-01-12T00:00:00+00:00,DOT/USDT,4h,2.072,2.153,2.048,2.115,331780.836538
1768190400000,2026-01-12T04:00:00+00:00,DOT/USDT,4h,2.116,2.136,2.064,2.065,154715.522276
1768204800000,2026-01-12T08:00:00+00:00,DOT/USDT,4h,2.066,2.081,2.034,2.059,228080.02414
1768219200000,2026-01-12T12:00:00+00:00,DOT/USDT,4h,2.059,2.09,2.02,2.087,275590.432813
1768233600000,2026-01-12T16:00:00+00:00,DOT/USDT,4h,2.088,2.116,2.054,2.075,260181.520868
1768248000000,2026-01-12T20:00:00+00:00,DOT/USDT,4h,2.075,2.085,2.038,2.055,146706.901305
1768262400000,2026-01-13T00:00:00+00:00,DOT/USDT,4h,2.054,2.097,2.052,2.065,268929.865189
1768276800000,2026-01-13T04:00:00+00:00,DOT/USDT,4h,2.065,2.107,2.065,2.079,179089.669423
1768291200000,2026-01-13T08:00:00+00:00,DOT/USDT,4h,2.08,2.1,2.073,2.089,196682.636175
1768305600000,2026-01-13T12:00:00+00:00,DOT/USDT,4h,2.088,2.247,2.081,2.242,1033773.700563
1768320000000,2026-01-13T16:00:00+00:00,DOT/USDT,4h,2.243,2.343,2.225,2.248,950235.741435
1768334400000,2026-01-13T20:00:00+00:00,DOT/USDT,4h,2.251,2.332,2.215,2.283,520224.873237
1768348800000,2026-01-14T00:00:00+00:00,DOT/USDT,4h,2.283,2.297,2.261,2.28,258056.845652
1768363200000,2026-01-14T04:00:00+00:00,DOT/USDT,4h,2.28,2.297,2.259,2.278,412839.803104
1768377600000,2026-01-14T08:00:00+00:00,DOT/USDT,4h,2.278,2.296,2.25,2.252,427662.214383
1768392000000,2026-01-14T12:00:00+00:00,DOT/USDT,4h,2.254,2.296,2.235,2.266,341634.405375
1768406400000,2026-01-14T16:00:00+00:00,DOT/USDT,4h,2.267,2.283,2.195,2.238,432290.616363
1768420800000,2026-01-14T20:00:00+00:00,DOT/USDT,4h,2.238,2.256,2.212,2.225,127273.028471
1768435200000,2026-01-15T00:00:00+00:00,DOT/USDT,4h,2.226,2.24,2.158,2.167,348313.745926
1768449600000,2026-01-15T04:00:00+00:00,DOT/USDT,4h,2.167,2.204,2.166,2.197,150335.797665
1768464000000,2026-01-15T08:00:00+00:00,DOT/USDT,4h,2.197,2.212,2.182,2.2,272970.070963
1768478400000,2026-01-15T12:00:00+00:00,DOT/USDT,4h,2.199,2.237,2.129,2.165,269623.413885
1768492800000,2026-01-15T16:00:00+00:00,DOT/USDT,4h,2.164,2.173,2.099,2.121,257182.159211
1768507200000,2026-01-15T20:00:00+00:00,DOT/USDT,4h,2.121,2.13,2.097,2.118,213106.578507
1768521600000,2026-01-16T00:00:00+00:00,DOT/USDT,4h,2.118,2.134,2.103,2.113,142108.555877
1768536000000,2026-01-16T04:00:00+00:00,DOT/USDT,4h,2.113,2.15,2.098,2.137,309968.777999
1768550400000,2026-01-16T08:00:00+00:00,DOT/USDT,4h,2.138,2.156,2.119,2.129,210425.657989
1768564800000,2026-01-16T12:00:00+00:00,DOT/USDT,4h,2.129,2.13,2.06,2.075,463239.663852
1768579200000,2026-01-16T16:00:00+00:00,DOT/USDT,4h,2.075,2.099,2.055,2.093,387382.832147
1768593600000,2026-01-16T20:00:00+00:00,DOT/USDT,4h,2.093,2.138,2.084,2.119,213564.697011
1768608000000,2026-01-17T00:00:00+00:00,DOT/USDT,4h,2.12,2.137,2.114,2.129,120057.16125
1768622400000,2026-01-17T04:00:00+00:00,DOT/USDT,4h,2.129,2.161,2.122,2.158,126526.728771
1768636800000,2026-01-17T08:00:00+00:00,DOT/USDT,4h,2.159,2.235,2.158,2.183,622165.351856
1768651200000,2026-01-17T12:00:00+00:00,DOT/USDT,4h,2.182,2.228,2.178,2.21,292175.727047
1768665600000,2026-01-17T16:00:00+00:00,DOT/USDT,4h,2.209,2.216,2.183,2.198,211009.8383
1768680000000,2026-01-17T20:00:00+00:00,DOT/USDT,4h,2.199,2.203,2.171,2.178,192433.900999
1768694400000,2026-01-18T00:00:00+00:00,DOT/USDT,4h,2.179,2.202,2.159,2.163,249542.783604
1768708800000,2026-01-18T04:00:00+00:00,DOT/USDT,4h,2.164,2.165,2.14,2.152,135493.435812
1768723200000,2026-01-18T08:00:00+00:00,DOT/USDT,4h,2.153,2.163,2.143,2.148,207741.838174
1768737600000,2026-01-18T12:00:00+00:00,DOT/USDT,4h,2.149,2.171,2.13,2.163,177607.995857
1768752000000,2026-01-18T16:00:00+00:00,DOT/USDT,4h,2.163,2.191,2.149,2.171,149355.164015
1768766400000,2026-01-18T20:00:00+00:00,DOT/USDT,4h,2.172,2.199,2.062,2.067,328824.64058
1768780800000,2026-01-19T00:00:00+00:00,DOT/USDT,4h,2.065,2.066,1.845,1.978,1954668.233533
1768795200000,2026-01-19T04:00:00+00:00,DOT/USDT,4h,1.977,1.983,1.954,1.97,535030.047705
1768809600000,2026-01-19T08:00:00+00:00,DOT/USDT,4h,1.97,2.0,1.966,1.972,292604.098812
1768824000000,2026-01-19T12:00:00+00:00,DOT/USDT,4h,1.974,1.99,1.965,1.978,237740.437886
1768838400000,2026-01-19T16:00:00+00:00,DOT/USDT,4h,1.978,2.063,1.976,2.046,510768.856054
1768852800000,2026-01-19T20:00:00+00:00,DOT/USDT,4h,2.047,2.05,2.007,2.029,255813.02524
1768867200000,2026-01-20T00:00:00+00:00,DOT/USDT,4h,2.029,2.051,2.014,2.034,237389.677198
1768881600000,2026-01-20T04:00:00+00:00,DOT/USDT,4h,2.033,2.051,1.986,1.991,549292.917722
1768896000000,2026-01-20T08:00:00+00:00,DOT/USDT,4h,1.992,1.995,1.958,1.96,217736.446905
1768910400000,2026-01-20T12:00:00+00:00,DOT/USDT,4h,1.961,1.983,1.931,1.94,300472.49646
1768924800000,2026-01-20T16:00:00+00:00,DOT/USDT,4h,1.94,1.951,1.897,1.914,254506.082296
1768939200000,2026-01-20T20:00:00+00:00,DOT/USDT,4h,1.914,1.934,1.882,1.898,204490.872456
1768953600000,2026-01-21T00:00:00+00:00,DOT/USDT,4h,1.899,1.961,1.896,1.948,224398.435458
1768968000000,2026-01-21T04:00:00+00:00,DOT/USDT,4h,1.949,1.96,1.939,1.944,118933.299278
1768982400000,2026-01-21T08:00:00+00:00,DOT/USDT,4h,1.945,1.948,1.917,1.919,109735.07808
1768996800000,2026-01-21T12:00:00+00:00,DOT/USDT,4h,1.919,1.98,1.897,1.969,396060.189248
1769011200000,2026-01-21T16:00:00+00:00,DOT/USDT,4h,1.969,1.993,1.873,1.993,605547.433695
1769025600000,2026-01-21T20:00:00+00:00,DOT/USDT,4h,1.994,2.0,1.942,1.954,263510.236064
1769040000000,2026-01-22T00:00:00+00:00,DOT/USDT,4h,1.955,1.982,1.95,1.956,86945.84066
1769054400000,2026-01-22T04:00:00+00:00,DOT/USDT,4h,1.956,1.959,1.929,1.945,72905.359569
1769068800000,2026-01-22T08:00:00+00:00,DOT/USDT,4h,1.945,1.961,1.939,1.949,147562.25724
1769083200000,2026-01-22T12:00:00+00:00,DOT/USDT,4h,1.95,1.963,1.905,1.926,142846.793681
1769097600000,2026-01-22T16:00:00+00:00,DOT/USDT,4h,1.927,1.945,1.919,1.938,103724.310535
1769112000000,2026-01-22T20:00:00+00:00,DOT/USDT,4h,1.938,1.943,1.915,1.926,127882.361999
1769126400000,2026-01-23T00:00:00+00:00,DOT/USDT,4h,1.927,1.966,1.924,1.955,88142.988367
1769140800000,2026-01-23T04:00:00+00:00,DOT/USDT,4h,1.957,1.984,1.935,1.939,183407.335332
1769155200000,2026-01-23T08:00:00+00:00,DOT/USDT,4h,1.94,1.949,1.92,1.945,167405.329954
1769169600000,2026-01-23T12:00:00+00:00,DOT/USDT,4h,1.946,1.951,1.897,1.945,192515.903774
1769184000000,2026-01-23T16:00:00+00:00,DOT/USDT,4h,1.945,1.982,1.92,1.927,282946.546748
1769198400000,2026-01-23T20:00:00+00:00,DOT/USDT,4h,1.927,1.931,1.903,1.926,135777.7494
1769212800000,2026-01-24T00:00:00+00:00,DOT/USDT,4h,1.926,1.94,1.923,1.931,61866.951166
1769227200000,2026-01-24T04:00:00+00:00,DOT/USDT,4h,1.932,1.941,1.924,1.925,78362.53482
1769241600000,2026-01-24T08:00:00+00:00,DOT/USDT,4h,1.925,1.934,1.915,1.92,69410.1503
1769256000000,2026-01-24T12:00:00+00:00,DOT/USDT,4h,1.92,1.923,1.905,1.906,112074.45629
1769270400000,2026-01-24T16:00:00+00:00,DOT/USDT,4h,1.906,1.923,1.899,1.911,89321.955502
1769284800000,2026-01-24T20:00:00+00:00,DOT/USDT,4h,1.912,1.932,1.912,1.929,157113.137117
1769299200000,2026-01-25T00:00:00+00:00,DOT/USDT,4h,1.93,1.945,1.902,1.906,154631.117894
1769313600000,2026-01-25T04:00:00+00:00,DOT/USDT,4h,1.906,1.911,1.894,1.9,105375.510354
1769328000000,2026-01-25T08:00:00+00:00,DOT/USDT,4h,1.9,1.919,1.883,1.899,183784.046937
1769342400000,2026-01-25T12:00:00+00:00,DOT/USDT,4h,1.899,1.904,1.878,1.887,153457.924837
1769356800000,2026-01-25T16:00:00+00:00,DOT/USDT,4h,1.888,1.888,1.782,1.792,455056.322968
1769371200000,2026-01-25T20:00:00+00:00,DOT/USDT,4h,1.793,1.828,1.79,1.823,194359.672736
1769385600000,2026-01-26T00:00:00+00:00,DOT/USDT,4h,1.824,1.863,1.819,1.83,198601.766844
1769400000000,2026-01-26T04:00:00+00:00,DOT/USDT,4h,1.832,1.865,1.832,1.855,117233.718763
1769414400000,2026-01-26T08:00:00+00:00,DOT/USDT,4h,1.856,1.874,1.841,1.844,225525.137886
1769428800000,2026-01-26T12:00:00+00:00,DOT/USDT,4h,1.845,1.899,1.843,1.871,586182.854684
1769443200000,2026-01-26T16:00:00+00:00,DOT/USDT,4h,1.872,1.889,1.851,1.869,302814.513594
1769457600000,2026-01-26T20:00:00+00:00,DOT/USDT,4h,1.869,1.889,1.857,1.875,194100.835872
1769472000000,2026-01-27T00:00:00+00:00,DOT/USDT,4h,1.876,1.885,1.867,1.876,98846.522162
1769486400000,2026-01-27T04:00:00+00:00,DOT/USDT,4h,1.876,1.887,1.863,1.866,54164.982793
1769500800000,2026-01-27T08:00:00+00:00,DOT/USDT,4h,1.867,1.871,1.848,1.852,80369.027802
1769515200000,2026-01-27T12:00:00+00:00,DOT/USDT,4h,1.852,1.856,1.829,1.854,199657.99451
1769529600000,2026-01-27T16:00:00+00:00,DOT/USDT,4h,1.855,1.883,1.829,1.871,232198.139143
1769544000000,2026-01-27T20:00:00+00:00,DOT/USDT,4h,1.87,1.899,1.87,1.876,186420.643856
1769558400000,2026-01-28T00:00:00+00:00,DOT/USDT,4h,1.877,1.88,1.86,1.863,133647.849469
1769572800000,2026-01-28T04:00:00+00:00,DOT/USDT,4h,1.863,1.867,1.848,1.861,156675.873723
1769587200000,2026-01-28T08:00:00+00:00,DOT/USDT,4h,1.862,1.895,1.852,1.894,160963.909132
1769601600000,2026-01-28T12:00:00+00:00,DOT/USDT,4h,1.894,1.895,1.834,1.846,211686.721039
1769616000000,2026-01-28T16:00:00+00:00,DOT/USDT,4h,1.848,1.863,1.831,1.861,135799.248953
1769630400000,2026-01-28T20:00:00+00:00,DOT/USDT,4h,1.858,1.89,1.842,1.87,167475.928596
1769644800000,2026-01-29T00:00:00+00:00,DOT/USDT,4h,1.871,1.875,1.807,1.816,200805.686518
1769659200000,2026-01-29T04:00:00+00:00,DOT/USDT,4h,1.817,1.818,1.801,1.81,89274.156122
1769673600000,2026-01-29T08:00:00+00:00,DOT/USDT,4h,1.811,1.815,1.787,1.789,223026.765044
1769688000000,2026-01-29T12:00:00+00:00,DOT/USDT,4h,1.789,1.796,1.71,1.731,740477.636963
1769702400000,2026-01-29T16:00:00+00:00,DOT/USDT,4h,1.731,1.765,1.698,1.725,891692.861716
1769716800000,2026-01-29T20:00:00+00:00,DOT/USDT,4h,1.725,1.745,1.721,1.735,196874.172081
1769731200000,2026-01-30T00:00:00+00:00,DOT/USDT,4h,1.736,1.748,1.672,1.704,964552.322999
1769745600000,2026-01-30T04:00:00+00:00,DOT/USDT,4h,1.704,1.726,1.673,1.71,228153.607579
1769760000000,2026-01-30T08:00:00+00:00,DOT/USDT,4h,1.71,1.726,1.692,1.719,282141.32626
1769774400000,2026-01-30T12:00:00+00:00,DOT/USDT,4h,1.72,1.722,1.662,1.686,694422.97817
1769788800000,2026-01-30T16:00:00+00:00,DOT/USDT,4h,1.686,1.722,1.652,1.714,472855.166967
1769803200000,2026-01-30T20:00:00+00:00,DOT/USDT,4h,1.714,1.714,1.681,1.69,321256.797497
1769817600000,2026-01-31T00:00:00+00:00,DOT/USDT,4h,1.691,1.691,1.676,1.682,161061.259139
1769832000000,2026-01-31T04:00:00+00:00,DOT/USDT,4h,1.682,1.687,1.646,1.657,274765.309997
1769846400000,2026-01-31T08:00:00+00:00,DOT/USDT,4h,1.658,1.66,1.616,1.635,475300.045491
1769860800000,2026-01-31T12:00:00+00:00,DOT/USDT,4h,1.635,1.638,1.535,1.571,951060.415105
1769875200000,2026-01-31T16:00:00+00:00,DOT/USDT,4h,1.572,1.592,1.399,1.497,3444561.81725
1769889600000,2026-01-31T20:00:00+00:00,DOT/USDT,4h,1.497,1.557,1.479,1.547,455124.281696
1769904000000,2026-02-01T00:00:00+00:00,DOT/USDT,4h,1.548,1.558,1.534,1.554,287777.741452
1769918400000,2026-02-01T04:00:00+00:00,DOT/USDT,4h,1.554,1.56,1.538,1.547,199614.23418
1769932800000,2026-02-01T08:00:00+00:00,DOT/USDT,4h,1.548,1.56,1.529,1.547,186012.568108
1769947200000,2026-02-01T12:00:00+00:00,DOT/USDT,4h,1.546,1.547,1.481,1.499,377262.27365
1769961600000,2026-02-01T16:00:00+00:00,DOT/USDT,4h,1.5,1.531,1.488,1.503,194353.170547
1769976000000,2026-02-01T20:00:00+00:00,DOT/USDT,4h,1.503,1.522,1.46,1.495,339265.404889
1769990400000,2026-02-02T00:00:00+00:00,DOT/USDT,4h,1.495,1.536,1.452,1.511,400924.468455
1770004800000,2026-02-02T04:00:00+00:00,DOT/USDT,4h,1.511,1.52,1.455,1.497,479127.644199
1770019200000,2026-02-02T08:00:00+00:00,DOT/USDT,4h,1.497,1.532,1.496,1.513,304269.024319
1770033600000,2026-02-02T12:00:00+00:00,DOT/USDT,4h,1.514,1.575,1.514,1.57,494548.604224
1770048000000,2026-02-02T16:00:00+00:00,DOT/USDT,4h,1.571,1.576,1.546,1.546,154553.752212
1770062400000,2026-02-02T20:00:00+00:00,DOT/USDT,4h,1.546,1.554,1.537,1.542,105608.126859
1770076800000,2026-02-03T00:00:00+00:00,DOT/USDT,4h,1.543,1.547,1.51,1.538,157839.349285
1770091200000,2026-02-03T04:00:00+00:00,DOT/USDT,4h,1.538,1.55,1.521,1.537,119494.288402
1770105600000,2026-02-03T08:00:00+00:00,DOT/USDT,4h,1.538,1.544,1.51,1.518,478485.195613
1770120000000,2026-02-03T12:00:00+00:00,DOT/USDT,4h,1.518,1.533,1.49,1.525,500317.489749
1770134400000,2026-02-03T16:00:00+00:00,DOT/USDT,4h,1.524,1.524,1.432,1.505,668034.229376
1770148800000,2026-02-03T20:00:00+00:00,DOT/USDT,4h,1.504,1.567,1.488,1.5,586013.073778
1770163200000,2026-02-04T00:00:00+00:00,DOT/USDT,4h,1.499,1.534,1.494,1.528,186516.13577
1770177600000,2026-02-04T04:00:00+00:00,DOT/USDT,4h,1.528,1.531,1.502,1.518,147545.619333
1770192000000,2026-02-04T08:00:00+00:00,DOT/USDT,4h,1.518,1.525,1.489,1.502,181010.702954
1770206400000,2026-02-04T12:00:00+00:00,DOT/USDT,4h,1.502,1.504,1.436,1.451,373324.0422
1770220800000,2026-02-04T16:00:00+00:00,DOT/USDT,4h,1.451,1.491,1.426,1.487,542139.955446
1770235200000,2026-02-04T20:00:00+00:00,DOT/USDT,4h,1.487,1.491,1.432,1.462,357047.722552
1770249600000,2026-02-05T00:00:00+00:00,DOT/USDT,4h,1.462,1.478,1.44,1.443,346911.290572
1770264000000,2026-02-05T04:00:00+00:00,DOT/USDT,4h,1.443,1.46,1.421,1.424,356309.81312
1770278400000,2026-02-05T08:00:00+00:00,DOT/USDT,4h,1.425,1.447,1.374,1.392,450629.296822
1770292800000,2026-02-05T12:00:00+00:00,DOT/USDT,4h,1.393,1.411,1.295,1.329,1143223.622223
1770307200000,2026-02-05T16:00:00+00:00,DOT/USDT,4h,1.329,1.359,1.293,1.301,923095.391527
1770321600000,2026-02-05T20:00:00+00:00,DOT/USDT,4h,1.301,1.31,1.231,1.247,1200034.355414
1770336000000,2026-02-06T00:00:00+00:00,DOT/USDT,4h,1.247,1.276,1.102,1.24,2930722.266187
1770350400000,2026-02-06T04:00:00+00:00,DOT/USDT,4h,1.241,1.303,1.233,1.271,623845.987617
1770364800000,2026-02-06T08:00:00+00:00,DOT/USDT,4h,1.271,1.33,1.263,1.325,715427.199708
1770379200000,2026-02-06T12:00:00+00:00,DOT/USDT,4h,1.325,1.354,1.312,1.348,607401.195944
1770393600000,2026-02-06T16:00:00+00:00,DOT/USDT,4h,1.347,1.407,1.343,1.365,387384.599714
1770408000000,2026-02-06T20:00:00+00:00,DOT/USDT,4h,1.364,1.387,1.349,1.368,255379.337315
1770422400000,2026-02-07T00:00:00+00:00,DOT/USDT,4h,1.368,1.381,1.343,1.378,428421.730075
1770436800000,2026-02-07T04:00:00+00:00,DOT/USDT,4h,1.376,1.39,1.318,1.331,361895.067699
1770451200000,2026-02-07T08:00:00+00:00,DOT/USDT,4h,1.331,1.343,1.323,1.331,155458.714213
1770465600000,2026-02-07T12:00:00+00:00,DOT/USDT,4h,1.33,1.371,1.328,1.355,390014.911357
1770480000000,2026-02-07T16:00:00+00:00,DOT/USDT,4h,1.356,1.403,1.351,1.376,937597.844235
1770494400000,2026-02-07T20:00:00+00:00,DOT/USDT,4h,1.376,1.387,1.366,1.373,234297.117687
1770508800000,2026-02-08T00:00:00+00:00,DOT/USDT,4h,1.373,1.374,1.352,1.352,102431.085518
1770523200000,2026-02-08T04:00:00+00:00,DOT/USDT,4h,1.353,1.356,1.34,1.349,127087.211933
1770537600000,2026-02-08T08:00:00+00:00,DOT/USDT,4h,1.349,1.375,1.347,1.37,150425.668049
1770552000000,2026-02-08T12:00:00+00:00,DOT/USDT,4h,1.37,1.372,1.351,1.357,173345.549319
1770566400000,2026-02-08T16:00:00+00:00,DOT/USDT,4h,1.357,1.361,1.327,1.359,177462.789718
1770580800000,2026-02-08T20:00:00+00:00,DOT/USDT,4h,1.359,1.367,1.325,1.337,188074.589938
1770595200000,2026-02-09T00:00:00+00:00,DOT/USDT,4h,1.337,1.351,1.328,1.348,148972.872842
1770609600000,2026-02-09T04:00:00+00:00,DOT/USDT,4h,1.347,1.347,1.315,1.318,195566.331236
1770624000000,2026-02-09T08:00:00+00:00,DOT/USDT,4h,1.316,1.32,1.278,1.291,310848.103715
1770638400000,2026-02-09T12:00:00+00:00,DOT/USDT,4h,1.291,1.33,1.29,1.311,440324.571808
1770652800000,2026-02-09T16:00:00+00:00,DOT/USDT,4h,1.31,1.344,1.301,1.331,236394.238419
1770667200000,2026-02-09T20:00:00+00:00,DOT/USDT,4h,1.331,1.334,1.311,1.32,121738.447037
1770681600000,2026-02-10T00:00:00+00:00,DOT/USDT,4h,1.32,1.327,1.291,1.299,153001.629066
1770696000000,2026-02-10T04:00:00+00:00,DOT/USDT,4h,1.3,1.31,1.274,1.284,207677.563899
1770710400000,2026-02-10T08:00:00+00:00,DOT/USDT,4h,1.285,1.293,1.27,1.272,188970.738063
1770724800000,2026-02-10T12:00:00+00:00,DOT/USDT,4h,1.273,1.29,1.265,1.283,253891.207157
1770739200000,2026-02-10T16:00:00+00:00,DOT/USDT,4h,1.283,1.286,1.265,1.274,344135.460241
1770753600000,2026-02-10T20:00:00+00:00,DOT/USDT,4h,1.273,1.284,1.269,1.283,133230.970761
1770768000000,2026-02-11T00:00:00+00:00,DOT/USDT,4h,1.284,1.292,1.267,1.276,142507.277607
1770782400000,2026-02-11T04:00:00+00:00,DOT/USDT,4h,1.277,1.278,1.238,1.24,285387.771017
1770796800000,2026-02-11T08:00:00+00:00,DOT/USDT,4h,1.24,1.243,1.229,1.242,261155.565034
1770811200000,2026-02-11T12:00:00+00:00,DOT/USDT,4h,1.242,1.297,1.225,1.238,745842.558453
1770825600000,2026-02-11T16:00:00+00:00,DOT/USDT,4h,1.238,1.269,1.235,1.259,353689.67777
1770840000000,2026-02-11T20:00:00+00:00,DOT/USDT,4h,1.26,1.28,1.248,1.256,278178.825145
1770854400000,2026-02-12T00:00:00+00:00,DOT/USDT,4h,1.257,1.282,1.256,1.279,133717.628829
1770868800000,2026-02-12T04:00:00+00:00,DOT/USDT,4h,1.281,1.293,1.271,1.291,103250.557487
1770883200000,2026-02-12T08:00:00+00:00,DOT/USDT,4h,1.292,1.304,1.283,1.297,201065.889829
1770897600000,2026-02-12T12:00:00+00:00,DOT/USDT,4h,1.297,1.299,1.274,1.275,305984.924478
1770912000000,2026-02-12T16:00:00+00:00,DOT/USDT,4h,1.275,1.288,1.25,1.271,279701.771091
1770926400000,2026-02-12T20:00:00+00:00,DOT/USDT,4h,1.272,1.285,1.257,1.283,121580.517908
1770940800000,2026-02-13T00:00:00+00:00,DOT/USDT,4h,1.283,1.288,1.268,1.271,156925.80302
1770955200000,2026-02-13T04:00:00+00:00,DOT/USDT,4h,1.272,1.274,1.252,1.269,109520.254139
1770969600000,2026-02-13T08:00:00+00:00,DOT/USDT,4h,1.269,1.284,1.265,1.279,125027.96038
1770984000000,2026-02-13T12:00:00+00:00,DOT/USDT,4h,1.278,1.326,1.271,1.307,284558.168599
1770998400000,2026-02-13T16:00:00+00:00,DOT/USDT,4h,1.307,1.336,1.303,1.323,381076.264804
1771012800000,2026-02-13T20:00:00+00:00,DOT/USDT,4h,1.323,1.341,1.32,1.331,160563.072122
1771027200000,2026-02-14T00:00:00+00:00,DOT/USDT,4h,1.33,1.352,1.33,1.346,318801.162381
1771041600000,2026-02-14T04:00:00+00:00,DOT/USDT,4h,1.347,1.353,1.339,1.346,133776.362166
1771056000000,2026-02-14T08:00:00+00:00,DOT/USDT,4h,1.347,1.376,1.347,1.371,209627.046762
1771070400000,2026-02-14T12:00:00+00:00,DOT/USDT,4h,1.371,1.399,1.36,1.398,173667.365373
1771084800000,2026-02-14T16:00:00+00:00,DOT/USDT,4h,1.399,1.432,1.389,1.427,225466.763052
1771099200000,2026-02-14T20:00:00+00:00,DOT/USDT,4h,1.428,1.439,1.412,1.421,219548.883601
1771113600000,2026-02-15T00:00:00+00:00,DOT/USDT,4h,1.422,1.425,1.393,1.417,172052.808337
1771128000000,2026-02-15T04:00:00+00:00,DOT/USDT,4h,1.416,1.437,1.414,1.434,115527.554773
1771142400000,2026-02-15T08:00:00+00:00,DOT/USDT,4h,1.435,1.439,1.398,1.403,172137.793659
1771156800000,2026-02-15T12:00:00+00:00,DOT/USDT,4h,1.403,1.404,1.351,1.368,227917.116418
1771171200000,2026-02-15T16:00:00+00:00,DOT/USDT,4h,1.367,1.368,1.331,1.34,208012.234594
1771185600000,2026-02-15T20:00:00+00:00,DOT/USDT,4h,1.34,1.359,1.336,1.356,161639.233061
1771200000000,2026-02-16T00:00:00+00:00,DOT/USDT,4h,1.358,1.365,1.348,1.353,95806.29933
1771214400000,2026-02-16T04:00:00+00:00,DOT/USDT,4h,1.353,1.371,1.341,1.352,166763.060315
1771228800000,2026-02-16T08:00:00+00:00,DOT/USDT,4h,1.351,1.367,1.34,1.356,102689.250792
1771243200000,2026-02-16T12:00:00+00:00,DOT/USDT,4h,1.356,1.39,1.333,1.34,238232.840169
1771257600000,2026-02-16T16:00:00+00:00,DOT/USDT,4h,1.34,1.362,1.34,1.358,125045.212952
1771272000000,2026-02-16T20:00:00+00:00,DOT/USDT,4h,1.357,1.383,1.354,1.376,254488.702771
1771286400000,2026-02-17T00:00:00+00:00,DOT/USDT,4h,1.377,1.379,1.359,1.375,146831.853278
1771300800000,2026-02-17T04:00:00+00:00,DOT/USDT,4h,1.375,1.38,1.362,1.374,54939.765601
1771315200000,2026-02-17T08:00:00+00:00,DOT/USDT,4h,1.373,1.375,1.352,1.363,121408.54165
1771329600000,2026-02-17T12:00:00+00:00,DOT/USDT,4h,1.363,1.377,1.34,1.358,208114.41202
1771344000000,2026-02-17T16:00:00+00:00,DOT/USDT,4h,1.359,1.381,1.344,1.36,159259.286514
1771358400000,2026-02-17T20:00:00+00:00,DOT/USDT,4h,1.359,1.361,1.344,1.347,301359.75092
1771372800000,2026-02-18T00:00:00+00:00,DOT/USDT,4h,1.348,1.359,1.338,1.357,139264.624933
1771387200000,2026-02-18T04:00:00+00:00,DOT/USDT,4h,1.357,1.363,1.35,1.36,108081.583642
1771401600000,2026-02-18T08:00:00+00:00,DOT/USDT,4h,1.361,1.366,1.338,1.346,109429.062903
1771416000000,2026-02-18T12:00:00+00:00,DOT/USDT,4h,1.345,1.371,1.332,1.356,245055.824502
1771430400000,2026-02-18T16:00:00+00:00,DOT/USDT,4h,1.357,1.357,1.303,1.311,241783.310814
1771444800000,2026-02-18T20:00:00+00:00,DOT/USDT,4h,1.311,1.319,1.3,1.311,140800.316578
1771459200000,2026-02-19T00:00:00+00:00,DOT/USDT,4h,1.312,1.322,1.306,1.317,153515.588069
1771473600000,2026-02-19T04:00:00+00:00,DOT/USDT,4h,1.317,1.321,1.305,1.309,116916.706651
1771488000000,2026-02-19T08:00:00+00:00,DOT/USDT,4h,1.31,1.31,1.288,1.292,347730.688688
1771502400000,2026-02-19T12:00:00+00:00,DOT/USDT,4h,1.294,1.296,1.269,1.273,212818.033618
1771516800000,2026-02-19T16:00:00+00:00,DOT/USDT,4h,1.273,1.29,1.26,1.281,267730.627112
1771531200000,2026-02-19T20:00:00+00:00,DOT/USDT,4h,1.282,1.289,1.275,1.286,195367.579586
1771545600000,2026-02-20T00:00:00+00:00,DOT/USDT,4h,1.287,1.297,1.284,1.289,303168.037181
1771560000000,2026-02-20T04:00:00+00:00,DOT/USDT,4h,1.289,1.301,1.274,1.298,193148.297921
1771574400000,2026-02-20T08:00:00+00:00,DOT/USDT,4h,1.3,1.316,1.293,1.298,206873.206687
1771588800000,2026-02-20T12:00:00+00:00,DOT/USDT,4h,1.298,1.354,1.275,1.35,541663.223474
1771603200000,2026-02-20T16:00:00+00:00,DOT/USDT,4h,1.351,1.363,1.316,1.336,441123.010911
1771617600000,2026-02-20T20:00:00+00:00,DOT/USDT,4h,1.336,1.344,1.327,1.343,103322.050597
1771632000000,2026-02-21T00:00:00+00:00,DOT/USDT,4h,1.341,1.345,1.329,1.34,78555.473636
1771646400000,2026-02-21T04:00:00+00:00,DOT/USDT,4h,1.34,1.364,1.338,1.355,196651.58342
1771660800000,2026-02-21T08:00:00+00:00,DOT/USDT,4h,1.356,1.397,1.351,1.385,315573.378569
1771675200000,2026-02-21T12:00:00+00:00,DOT/USDT,4h,1.385,1.394,1.371,1.373,280076.14705
1771689600000,2026-02-21T16:00:00+00:00,DOT/USDT,4h,1.373,1.374,1.357,1.363,101366.939757
1771704000000,2026-02-21T20:00:00+00:00,DOT/USDT,4h,1.363,1.365,1.353,1.359,103487.812601
1771718400000,2026-02-22T00:00:00+00:00,DOT/USDT,4h,1.359,1.366,1.346,1.355,144400.059035
1771732800000,2026-02-22T04:00:00+00:00,DOT/USDT,4h,1.355,1.356,1.334,1.343,245984.611548
1771747200000,2026-02-22T08:00:00+00:00,DOT/USDT,4h,1.343,1.343,1.324,1.334,79601.271871
1771761600000,2026-02-22T12:00:00+00:00,DOT/USDT,4h,1.334,1.334,1.309,1.321,143352.407572
1771776000000,2026-02-22T16:00:00+00:00,DOT/USDT,4h,1.32,1.322,1.305,1.312,122022.299442
1771790400000,2026-02-22T20:00:00+00:00,DOT/USDT,4h,1.312,1.316,1.303,1.312,279699.33671
1771804800000,2026-02-23T00:00:00+00:00,DOT/USDT,4h,1.313,1.313,1.238,1.257,878184.888874
1771819200000,2026-02-23T04:00:00+00:00,DOT/USDT,4h,1.257,1.278,1.248,1.272,255827.196927
1771833600000,2026-02-23T08:00:00+00:00,DOT/USDT,4h,1.271,1.3,1.269,1.295,249038.618483
1771848000000,2026-02-23T12:00:00+00:00,DOT/USDT,4h,1.295,1.313,1.279,1.281,461769.868283
1771862400000,2026-02-23T16:00:00+00:00,DOT/USDT,4h,1.281,1.283,1.255,1.259,266612.369674
1771876800000,2026-02-23T20:00:00+00:00,DOT/USDT,4h,1.259,1.279,1.255,1.265,158522.173423
1771891200000,2026-02-24T00:00:00+00:00,DOT/USDT,4h,1.265,1.279,1.249,1.256,252694.985536
1771905600000,2026-02-24T04:00:00+00:00,DOT/USDT,4h,1.257,1.259,1.242,1.251,211996.79701
1771920000000,2026-02-24T08:00:00+00:00,DOT/USDT,4h,1.251,1.261,1.237,1.245,153678.482131
1771934400000,2026-02-24T12:00:00+00:00,DOT/USDT,4h,1.246,1.254,1.226,1.248,495455.083828
1771948800000,2026-02-24T16:00:00+00:00,DOT/USDT,4h,1.249,1.262,1.244,1.248,364202.565324
1771963200000,2026-02-24T20:00:00+00:00,DOT/USDT,4h,1.247,1.251,1.234,1.238,234756.542487
1771977600000,2026-02-25T00:00:00+00:00,DOT/USDT,4h,1.239,1.304,1.236,1.271,390368.868642
1771992000000,2026-02-25T04:00:00+00:00,DOT/USDT,4h,1.27,1.28,1.259,1.269,346330.497139
1772006400000,2026-02-25T08:00:00+00:00,DOT/USDT,4h,1.27,1.393,1.26,1.381,1258947.80379
1772020800000,2026-02-25T12:00:00+00:00,DOT/USDT,4h,1.383,1.555,1.369,1.518,4519645.624905
1772035200000,2026-02-25T16:00:00+00:00,DOT/USDT,4h,1.519,1.64,1.515,1.632,1415265.594018
1772049600000,2026-02-25T20:00:00+00:00,DOT/USDT,4h,1.632,1.753,1.601,1.663,3302662.158507
1772064000000,2026-02-26T00:00:00+00:00,DOT/USDT,4h,1.663,1.697,1.599,1.629,2198699.333966
1772078400000,2026-02-26T04:00:00+00:00,DOT/USDT,4h,1.628,1.647,1.567,1.581,898795.822428
1772092800000,2026-02-26T08:00:00+00:00,DOT/USDT,4h,1.581,1.633,1.574,1.582,949159.017439
1772107200000,2026-02-26T12:00:00+00:00,DOT/USDT,4h,1.58,1.647,1.574,1.62,1627054.168586
1772121600000,2026-02-26T16:00:00+00:00,DOT/USDT,4h,1.62,1.622,1.522,1.571,2408044.681892
1772136000000,2026-02-26T20:00:00+00:00,DOT/USDT,4h,1.57,1.631,1.555,1.609,783616.917242
1772150400000,2026-02-27T00:00:00+00:00,DOT/USDT,4h,1.609,1.666,1.598,1.657,780918.827465
1772164800000,2026-02-27T04:00:00+00:00,DOT/USDT,4h,1.656,1.683,1.591,1.606,1153109.92167
1772179200000,2026-02-27T08:00:00+00:00,DOT/USDT,4h,1.604,1.63,1.563,1.565,503441.320837
1772193600000,2026-02-27T12:00:00+00:00,DOT/USDT,4h,1.566,1.598,1.55,1.565,718638.132204
1772208000000,2026-02-27T16:00:00+00:00,DOT/USDT,4h,1.565,1.625,1.545,1.606,843406.425673
1772222400000,2026-02-27T20:00:00+00:00,DOT/USDT,4h,1.605,1.651,1.568,1.599,991522.147891
1772236800000,2026-02-28T00:00:00+00:00,DOT/USDT,4h,1.6,1.619,1.572,1.575,599339.70547
1772251200000,2026-02-28T04:00:00+00:00,DOT/USDT,4h,1.575,1.579,1.479,1.504,1097675.679986
1772265600000,2026-02-28T08:00:00+00:00,DOT/USDT,4h,1.503,1.506,1.457,1.476,780408.694481
1772280000000,2026-02-28T12:00:00+00:00,DOT/USDT,4h,1.476,1.539,1.462,1.512,799733.473478
1772294400000,2026-02-28T16:00:00+00:00,DOT/USDT,4h,1.511,1.641,1.497,1.597,945018.995095
1772308800000,2026-02-28T20:00:00+00:00,DOT/USDT,4h,1.597,1.675,1.593,1.663,951010.178464
1772323200000,2026-03-01T00:00:00+00:00,DOT/USDT,4h,1.663,1.681,1.61,1.616,986328.107949
1772337600000,2026-03-01T04:00:00+00:00,DOT/USDT,4h,1.616,1.622,1.583,1.604,297611.590213
1772352000000,2026-03-01T08:00:00+00:00,DOT/USDT,4h,1.604,1.605,1.56,1.564,408920.392324
1772366400000,2026-03-01T12:00:00+00:00,DOT/USDT,4h,1.563,1.579,1.541,1.551,328791.93542
1772380800000,2026-03-01T16:00:00+00:00,DOT/USDT,4h,1.551,1.56,1.521,1.523,460530.509196
1772395200000,2026-03-01T20:00:00+00:00,DOT/USDT,4h,1.521,1.543,1.505,1.535,317725.149529
1772409600000,2026-03-02T00:00:00+00:00,DOT/USDT,4h,1.534,1.603,1.532,1.56,361872.28354
1772424000000,2026-03-02T04:00:00+00:00,DOT/USDT,4h,1.561,1.581,1.506,1.512,404418.649813
1772438400000,2026-03-02T08:00:00+00:00,DOT/USDT,4h,1.512,1.525,1.499,1.516,416030.896129
1772452800000,2026-03-02T12:00:00+00:00,DOT/USDT,4h,1.516,1.597,1.499,1.574,937523.943777
1772467200000,2026-03-02T16:00:00+00:00,DOT/USDT,4h,1.573,1.603,1.522,1.533,450933.568575
1772481600000,2026-03-02T20:00:00+00:00,DOT/USDT,4h,1.534,1.545,1.5,1.508,311078.595049
1772496000000,2026-03-03T00:00:00+00:00,DOT/USDT,4h,1.508,1.514,1.489,1.503,564577.878473
1772510400000,2026-03-03T04:00:00+00:00,DOT/USDT,4h,1.503,1.519,1.484,1.518,323254.273294
1772524800000,2026-03-03T08:00:00+00:00,DOT/USDT,4h,1.518,1.522,1.473,1.485,301861.816893
1772539200000,2026-03-03T12:00:00+00:00,DOT/USDT,4h,1.485,1.52,1.482,1.509,279413.211225
1772553600000,2026-03-03T16:00:00+00:00,DOT/USDT,4h,1.508,1.557,1.503,1.531,391517.592904
1772568000000,2026-03-03T20:00:00+00:00,DOT/USDT,4h,1.53,1.538,1.51,1.533,180130.828161
1772582400000,2026-03-04T00:00:00+00:00,DOT/USDT,4h,1.533,1.55,1.52,1.527,258014.118025
1772596800000,2026-03-04T04:00:00+00:00,DOT/USDT,4h,1.527,1.541,1.508,1.533,225676.802289
1772611200000,2026-03-04T08:00:00+00:00,DOT/USDT,4h,1.534,1.574,1.525,1.536,652266.166705
1772625600000,2026-03-04T12:00:00+00:00,DOT/USDT,4h,1.536,1.558,1.51,1.556,838225.579274
1772640000000,2026-03-04T16:00:00+00:00,DOT/USDT,4h,1.557,1.568,1.524,1.559,315342.371433
1772654400000,2026-03-04T20:00:00+00:00,DOT/USDT,4h,1.56,1.562,1.515,1.54,345572.269735
1772668800000,2026-03-05T00:00:00+00:00,DOT/USDT,4h,1.54,1.544,1.514,1.528,264680.109652
1772683200000,2026-03-05T04:00:00+00:00,DOT/USDT,4h,1.529,1.555,1.508,1.518,286590.760518
1772697600000,2026-03-05T08:00:00+00:00,DOT/USDT,4h,1.518,1.551,1.511,1.522,276618.00023
1772712000000,2026-03-05T12:00:00+00:00,DOT/USDT,4h,1.523,1.545,1.505,1.511,312250.232627
1772726400000,2026-03-05T16:00:00+00:00,DOT/USDT,4h,1.511,1.522,1.481,1.509,298184.008673
1772740800000,2026-03-05T20:00:00+00:00,DOT/USDT,4h,1.509,1.557,1.509,1.529,458645.872916
1772755200000,2026-03-06T00:00:00+00:00,DOT/USDT,4h,1.53,1.547,1.523,1.531,105880.698703
1772769600000,2026-03-06T04:00:00+00:00,DOT/USDT,4h,1.531,1.548,1.512,1.543,250345.245597
1772784000000,2026-03-06T08:00:00+00:00,DOT/USDT,4h,1.543,1.543,1.504,1.507,160937.342086
1772798400000,2026-03-06T12:00:00+00:00,DOT/USDT,4h,1.506,1.52,1.454,1.463,833996.721093
1772812800000,2026-03-06T16:00:00+00:00,DOT/USDT,4h,1.464,1.494,1.459,1.486,187795.885684
1772827200000,2026-03-06T20:00:00+00:00,DOT/USDT,4h,1.486,1.499,1.48,1.488,152086.848025
1772841600000,2026-03-07T00:00:00+00:00,DOT/USDT,4h,1.489,1.517,1.487,1.498,117117.799583
1772856000000,2026-03-07T04:00:00+00:00,DOT/USDT,4h,1.499,1.517,1.487,1.501,165053.772747
1772870400000,2026-03-07T08:00:00+00:00,DOT/USDT,4h,1.502,1.513,1.483,1.488,137408.748127
1772884800000,2026-03-07T12:00:00+00:00,DOT/USDT,4h,1.489,1.499,1.463,1.469,256183.143467
1772899200000,2026-03-07T16:00:00+00:00,DOT/USDT,4h,1.468,1.481,1.431,1.437,348549.781456
1772913600000,2026-03-07T20:00:00+00:00,DOT/USDT,4h,1.438,1.449,1.431,1.448,231899.220949
1772928000000,2026-03-08T00:00:00+00:00,DOT/USDT,4h,1.447,1.449,1.423,1.435,428120.555991
1772942400000,2026-03-08T04:00:00+00:00,DOT/USDT,4h,1.435,1.456,1.427,1.444,246960.00862
1772956800000,2026-03-08T08:00:00+00:00,DOT/USDT,4h,1.445,1.478,1.439,1.469,176082.717203
1772971200000,2026-03-08T12:00:00+00:00,DOT/USDT,4h,1.468,1.484,1.445,1.453,242975.924183
1772985600000,2026-03-08T16:00:00+00:00,DOT/USDT,4h,1.453,1.481,1.445,1.468,123548.648669
1773000000000,2026-03-08T20:00:00+00:00,DOT/USDT,4h,1.47,1.475,1.429,1.453,334341.408124
1773014400000,2026-03-09T00:00:00+00:00,DOT/USDT,4h,1.453,1.492,1.452,1.47,304909.820208
1773028800000,2026-03-09T04:00:00+00:00,DOT/USDT,4h,1.471,1.52,1.471,1.487,369267.520476
1773043200000,2026-03-09T08:00:00+00:00,DOT/USDT,4h,1.488,1.497,1.464,1.475,447092.788998
1773057600000,2026-03-09T12:00:00+00:00,DOT/USDT,4h,1.476,1.513,1.469,1.501,429336.800647
1773072000000,2026-03-09T16:00:00+00:00,DOT/USDT,4h,1.5,1.534,1.494,1.507,332170.610659
1773086400000,2026-03-09T20:00:00+00:00,DOT/USDT,4h,1.507,1.513,1.485,1.494,144907.623907
1773100800000,2026-03-10T00:00:00+00:00,DOT/USDT,4h,1.493,1.532,1.491,1.509,211710.015984
1773115200000,2026-03-10T04:00:00+00:00,DOT/USDT,4h,1.509,1.534,1.509,1.519,249063.447514
1773129600000,2026-03-10T08:00:00+00:00,DOT/USDT,4h,1.52,1.54,1.516,1.518,250852.396302
1773144000000,2026-03-10T12:00:00+00:00,DOT/USDT,4h,1.518,1.548,1.497,1.529,457180.828513
1773158400000,2026-03-10T16:00:00+00:00,DOT/USDT,4h,1.53,1.539,1.491,1.5,263364.741359
1773172800000,2026-03-10T20:00:00+00:00,DOT/USDT,4h,1.499,1.506,1.48,1.486,110200.68176
1773187200000,2026-03-11T00:00:00+00:00,DOT/USDT,4h,1.486,1.493,1.476,1.484,103879.052473
1773201600000,2026-03-11T04:00:00+00:00,DOT/USDT,4h,1.484,1.498,1.474,1.486,155575.002675
1773216000000,2026-03-11T08:00:00+00:00,DOT/USDT,4h,1.486,1.511,1.484,1.508,137883.37889
1773230400000,2026-03-11T12:00:00+00:00,DOT/USDT,4h,1.508,1.555,1.503,1.518,545822.225636
1773244800000,2026-03-11T16:00:00+00:00,DOT/USDT,4h,1.519,1.55,1.513,1.538,174890.243445
1773259200000,2026-03-11T20:00:00+00:00,DOT/USDT,4h,1.538,1.543,1.519,1.522,99686.642019
1773273600000,2026-03-12T00:00:00+00:00,DOT/USDT,4h,1.525,1.527,1.496,1.5,105842.197529
1773288000000,2026-03-12T04:00:00+00:00,DOT/USDT,4h,1.499,1.511,1.493,1.51,122182.763504
1773302400000,2026-03-12T08:00:00+00:00,DOT/USDT,4h,1.509,1.527,1.504,1.508,151765.192486
1773316800000,2026-03-12T12:00:00+00:00,DOT/USDT,4h,1.508,1.511,1.485,1.502,315236.268274
1773331200000,2026-03-12T16:00:00+00:00,DOT/USDT,4h,1.502,1.513,1.489,1.508,131183.455768
1773345600000,2026-03-12T20:00:00+00:00,DOT/USDT,4h,1.508,1.527,1.503,1.517,136544.112572
1773360000000,2026-03-13T00:00:00+00:00,DOT/USDT,4h,1.518,1.549,1.513,1.534,161911.268283
1773374400000,2026-03-13T04:00:00+00:00,DOT/USDT,4h,1.533,1.534,1.499,1.508,314080.853311
1773388800000,2026-03-13T08:00:00+00:00,DOT/USDT,4h,1.507,1.528,1.502,1.518,309253.168924
1773403200000,2026-03-13T12:00:00+00:00,DOT/USDT,4h,1.518,1.55,1.5,1.507,675352.872199
1773417600000,2026-03-13T16:00:00+00:00,DOT/USDT,4h,1.507,1.515,1.466,1.47,347771.016288
1773432000000,2026-03-13T20:00:00+00:00,DOT/USDT,4h,1.47,1.481,1.446,1.464,684714.571054
1773446400000,2026-03-14T00:00:00+00:00,DOT/USDT,4h,1.464,1.464,1.439,1.449,333471.281229
1773460800000,2026-03-14T04:00:00+00:00,DOT/USDT,4h,1.449,1.456,1.431,1.436,340441.065082
1773475200000,2026-03-14T08:00:00+00:00,DOT/USDT,4h,1.438,1.441,1.427,1.437,177953.047222
1773489600000,2026-03-14T12:00:00+00:00,DOT/USDT,4h,1.436,1.443,1.419,1.432,333455.649973
1773504000000,2026-03-14T16:00:00+00:00,DOT/USDT,4h,1.433,1.434,1.411,1.413,225518.268852
1773518400000,2026-03-14T20:00:00+00:00,DOT/USDT,4h,1.414,1.417,1.404,1.414,351837.033243
1773532800000,2026-03-15T00:00:00+00:00,DOT/USDT,4h,1.414,1.431,1.394,1.418,278453.381431
1773547200000,2026-03-15T04:00:00+00:00,DOT/USDT,4h,1.419,1.426,1.41,1.419,196362.174721
1773561600000,2026-03-15T08:00:00+00:00,DOT/USDT,4h,1.42,1.44,1.416,1.431,325594.810021
1773576000000,2026-03-15T12:00:00+00:00,DOT/USDT,4h,1.432,1.443,1.416,1.418,162479.997795
1773590400000,2026-03-15T16:00:00+00:00,DOT/USDT,4h,1.418,1.429,1.409,1.421,106640.320559
1773604800000,2026-03-15T20:00:00+00:00,DOT/USDT,4h,1.422,1.445,1.417,1.442,211169.318584
1773619200000,2026-03-16T00:00:00+00:00,DOT/USDT,4h,1.443,1.49,1.432,1.477,328606.070841
1773633600000,2026-03-16T04:00:00+00:00,DOT/USDT,4h,1.478,1.601,1.477,1.583,1654527.220813
1773648000000,2026-03-16T08:00:00+00:00,DOT/USDT,4h,1.584,1.632,1.571,1.592,1154207.531289
1773662400000,2026-03-16T12:00:00+00:00,DOT/USDT,4h,1.593,1.607,1.559,1.569,624112.354638
1773676800000,2026-03-16T16:00:00+00:00,DOT/USDT,4h,1.57,1.624,1.567,1.612,438955.27765
1773691200000,2026-03-16T20:00:00+00:00,DOT/USDT,4h,1.612,1.661,1.607,1.64,586054.506898
1773705600000,2026-03-17T00:00:00+00:00,DOT/USDT,4h,1.642,1.642,1.594,1.605,293698.158233
1773720000000,2026-03-17T04:00:00+00:00,DOT/USDT,4h,1.604,1.619,1.589,1.613,283721.647805
1773734400000,2026-03-17T08:00:00+00:00,DOT/USDT,4h,1.614,1.64,1.602,1.603,479557.237022
1773748800000,2026-03-17T12:00:00+00:00,DOT/USDT,4h,1.603,1.604,1.584,1.592,300669.131126
1773763200000,2026-03-17T16:00:00+00:00,DOT/USDT,4h,1.593,1.604,1.583,1.594,219943.837573
1773777600000,2026-03-17T20:00:00+00:00,DOT/USDT,4h,1.594,1.634,1.593,1.62,216369.139748
1773792000000,2026-03-18T00:00:00+00:00,DOT/USDT,4h,1.621,1.654,1.617,1.637,328880.654272
1773806400000,2026-03-18T04:00:00+00:00,DOT/USDT,4h,1.637,1.649,1.621,1.625,225811.961094
1773820800000,2026-03-18T08:00:00+00:00,DOT/USDT,4h,1.625,1.64,1.593,1.603,231297.693723
1773835200000,2026-03-18T12:00:00+00:00,DOT/USDT,4h,1.603,1.603,1.54,1.561,420973.698381
1773849600000,2026-03-18T16:00:00+00:00,DOT/USDT,4h,1.56,1.577,1.547,1.552,228179.148378
1773864000000,2026-03-18T20:00:00+00:00,DOT/USDT,4h,1.553,1.58,1.54,1.578,181222.501923
1773878400000,2026-03-19T00:00:00+00:00,DOT/USDT,4h,1.579,1.579,1.547,1.555,182354.708695
1773892800000,2026-03-19T04:00:00+00:00,DOT/USDT,4h,1.555,1.559,1.525,1.533,228156.953759
1773907200000,2026-03-19T08:00:00+00:00,DOT/USDT,4h,1.533,1.547,1.528,1.54,134091.571898
1773921600000,2026-03-19T12:00:00+00:00,DOT/USDT,4h,1.539,1.543,1.502,1.522,226727.005836
1773936000000,2026-03-19T16:00:00+00:00,DOT/USDT,4h,1.521,1.536,1.496,1.531,161612.702355
1773950400000,2026-03-19T20:00:00+00:00,DOT/USDT,4h,1.531,1.534,1.506,1.522,134418.272545
1773964800000,2026-03-20T00:00:00+00:00,DOT/USDT,4h,1.522,1.543,1.52,1.534,142328.165612
1773979200000,2026-03-20T04:00:00+00:00,DOT/USDT,4h,1.533,1.552,1.53,1.537,84844.682472
1773993600000,2026-03-20T08:00:00+00:00,DOT/USDT,4h,1.538,1.548,1.52,1.529,104172.264668
1774008000000,2026-03-20T12:00:00+00:00,DOT/USDT,4h,1.53,1.536,1.514,1.525,138518.84897
1774022400000,2026-03-20T16:00:00+00:00,DOT/USDT,4h,1.526,1.527,1.496,1.51,159064.036153
1774036800000,2026-03-20T20:00:00+00:00,DOT/USDT,4h,1.511,1.523,1.497,1.5,188873.591735
1774051200000,2026-03-21T00:00:00+00:00,DOT/USDT,4h,1.5,1.515,1.5,1.512,92230.36564
1774065600000,2026-03-21T04:00:00+00:00,DOT/USDT,4h,1.512,1.515,1.501,1.502,114126.491255
1774080000000,2026-03-21T08:00:00+00:00,DOT/USDT,4h,1.502,1.507,1.485,1.492,118000.665941
1774094400000,2026-03-21T12:00:00+00:00,DOT/USDT,4h,1.492,1.509,1.486,1.507,143959.485943
1774108800000,2026-03-21T16:00:00+00:00,DOT/USDT,4h,1.507,1.509,1.492,1.494,99138.150392
1774123200000,2026-03-21T20:00:00+00:00,DOT/USDT,4h,1.494,1.503,1.457,1.468,346680.387205
1774137600000,2026-03-22T00:00:00+00:00,DOT/USDT,4h,1.467,1.484,1.444,1.472,244391.792423
1774152000000,2026-03-22T04:00:00+00:00,DOT/USDT,4h,1.472,1.481,1.456,1.457,113879.981826
1774166400000,2026-03-22T08:00:00+00:00,DOT/USDT,4h,1.457,1.458,1.433,1.433,141972.99733
1774180800000,2026-03-22T12:00:00+00:00,DOT/USDT,4h,1.434,1.45,1.431,1.433,164101.821553
1774195200000,2026-03-22T16:00:00+00:00,DOT/USDT,4h,1.435,1.438,1.414,1.417,106193.032797
1774209600000,2026-03-22T20:00:00+00:00,DOT/USDT,4h,1.417,1.425,1.393,1.412,222353.136564
1774224000000,2026-03-23T00:00:00+00:00,DOT/USDT,4h,1.413,1.439,1.411,1.431,136736.709225
1774238400000,2026-03-23T04:00:00+00:00,DOT/USDT,4h,1.432,1.444,1.404,1.416,164582.764387
1774252800000,2026-03-23T08:00:00+00:00,DOT/USDT,4h,1.417,1.493,1.403,1.465,888288.919538
1774267200000,2026-03-23T12:00:00+00:00,DOT/USDT,4h,1.466,1.487,1.43,1.432,229318.54509
1774281600000,2026-03-23T16:00:00+00:00,DOT/USDT,4h,1.434,1.442,1.42,1.423,205525.774594
1774296000000,2026-03-23T20:00:00+00:00,DOT/USDT,4h,1.423,1.432,1.403,1.421,265140.768185
1774310400000,2026-03-24T00:00:00+00:00,DOT/USDT,4h,1.422,1.426,1.409,1.422,208485.443488
1774324800000,2026-03-24T04:00:00+00:00,DOT/USDT,4h,1.423,1.429,1.409,1.427,189797.792269
1774339200000,2026-03-24T08:00:00+00:00,DOT/USDT,4h,1.427,1.428,1.386,1.398,408208.692194
1774353600000,2026-03-24T12:00:00+00:00,DOT/USDT,4h,1.398,1.405,1.379,1.383,462464.603174
1774368000000,2026-03-24T16:00:00+00:00,DOT/USDT,4h,1.382,1.385,1.359,1.379,370798.933574
1774382400000,2026-03-24T20:00:00+00:00,DOT/USDT,4h,1.379,1.406,1.378,1.401,233135.808403
1774396800000,2026-03-25T00:00:00+00:00,DOT/USDT,4h,1.402,1.412,1.39,1.403,282197.820892
1774411200000,2026-03-25T04:00:00+00:00,DOT/USDT,4h,1.402,1.403,1.379,1.384,240451.086772
1774425600000,2026-03-25T08:00:00+00:00,DOT/USDT,4h,1.385,1.401,1.377,1.393,291045.078193
1774440000000,2026-03-25T12:00:00+00:00,DOT/USDT,4h,1.394,1.395,1.362,1.368,747448.156366
1774454400000,2026-03-25T16:00:00+00:00,DOT/USDT,4h,1.368,1.384,1.364,1.368,286877.155389
1774468800000,2026-03-25T20:00:00+00:00,DOT/USDT,4h,1.369,1.369,1.345,1.362,359413.642426
1774483200000,2026-03-26T00:00:00+00:00,DOT/USDT,4h,1.363,1.369,1.34,1.343,345712.535181
1774497600000,2026-03-26T04:00:00+00:00,DOT/USDT,4h,1.343,1.343,1.318,1.329,462433.725311
1774512000000,2026-03-26T08:00:00+00:00,DOT/USDT,4h,1.329,1.329,1.306,1.314,334286.8784
1774526400000,2026-03-26T12:00:00+00:00,DOT/USDT,4h,1.314,1.336,1.313,1.324,250168.822668
1774540800000,2026-03-26T16:00:00+00:00,DOT/USDT,4h,1.325,1.332,1.301,1.306,221443.981148
1774555200000,2026-03-26T20:00:00+00:00,DOT/USDT,4h,1.307,1.328,1.301,1.322,235795.980359
1774569600000,2026-03-27T00:00:00+00:00,DOT/USDT,4h,1.322,1.339,1.317,1.322,133233.284802
1774584000000,2026-03-27T04:00:00+00:00,DOT/USDT,4h,1.322,1.327,1.314,1.324,193938.22812
1774598400000,2026-03-27T08:00:00+00:00,DOT/USDT,4h,1.326,1.327,1.273,1.281,426117.131557
1774612800000,2026-03-27T12:00:00+00:00,DOT/USDT,4h,1.282,1.295,1.274,1.279,319330.389942
1774627200000,2026-03-27T16:00:00+00:00,DOT/USDT,4h,1.28,1.289,1.269,1.282,164933.00254
1774641600000,2026-03-27T20:00:00+00:00,DOT/USDT,4h,1.282,1.294,1.273,1.291,170475.501054
1774656000000,2026-03-28T00:00:00+00:00,DOT/USDT,4h,1.292,1.293,1.272,1.284,153230.07044
1774670400000,2026-03-28T04:00:00+00:00,DOT/USDT,4h,1.285,1.301,1.281,1.301,92870.730471
1774684800000,2026-03-28T08:00:00+00:00,DOT/USDT,4h,1.302,1.305,1.286,1.288,114705.237358
1774699200000,2026-03-28T12:00:00+00:00,DOT/USDT,4h,1.288,1.307,1.276,1.287,361667.782254
1774713600000,2026-03-28T16:00:00+00:00,DOT/USDT,4h,1.288,1.293,1.276,1.283,123887.781058
1774728000000,2026-03-28T20:00:00+00:00,DOT/USDT,4h,1.284,1.287,1.253,1.259,215156.842933
1774742400000,2026-03-29T00:00:00+00:00,DOT/USDT,4h,1.26,1.273,1.248,1.271,187411.311001
1774756800000,2026-03-29T04:00:00+00:00,DOT/USDT,4h,1.271,1.275,1.265,1.27,174394.224095
1774771200000,2026-03-29T08:00:00+00:00,DOT/USDT,4h,1.27,1.276,1.263,1.267,123314.827614
1774785600000,2026-03-29T12:00:00+00:00,DOT/USDT,4h,1.267,1.269,1.255,1.255,151786.223018
1774800000000,2026-03-29T16:00:00+00:00,DOT/USDT,4h,1.257,1.261,1.25,1.253,168207.122223
1774814400000,2026-03-29T20:00:00+00:00,DOT/USDT,4h,1.254,1.269,1.221,1.26,454991.284009
1774828800000,2026-03-30T00:00:00+00:00,DOT/USDT,4h,1.262,1.287,1.26,1.273,302463.464145
1774843200000,2026-03-30T04:00:00+00:00,DOT/USDT,4h,1.273,1.278,1.26,1.277,189638.934337
1774857600000,2026-03-30T08:00:00+00:00,DOT/USDT,4h,1.279,1.288,1.266,1.28,161524.981131
1774872000000,2026-03-30T12:00:00+00:00,DOT/USDT,4h,1.282,1.286,1.26,1.264,153069.394259
1774886400000,2026-03-30T16:00:00+00:00,DOT/USDT,4h,1.264,1.268,1.234,1.241,199160.118613
1774900800000,2026-03-30T20:00:00+00:00,DOT/USDT,4h,1.241,1.253,1.234,1.244,101575.341137
1774915200000,2026-03-31T00:00:00+00:00,DOT/USDT,4h,1.244,1.264,1.238,1.254,132555.33142
1774929600000,2026-03-31T04:00:00+00:00,DOT/USDT,4h,1.255,1.257,1.239,1.256,159569.500941
1774944000000,2026-03-31T08:00:00+00:00,DOT/USDT,4h,1.257,1.258,1.227,1.238,457595.382093
1774958400000,2026-03-31T12:00:00+00:00,DOT/USDT,4h,1.239,1.278,1.233,1.252,574506.828136
1774972800000,2026-03-31T16:00:00+00:00,DOT/USDT,4h,1.253,1.276,1.253,1.27,360118.697707
1774987200000,2026-03-31T20:00:00+00:00,DOT/USDT,4h,1.27,1.272,1.25,1.253,348192.262393
1775001600000,2026-04-01T00:00:00+00:00,DOT/USDT,4h,1.253,1.264,1.246,1.261,141009.389689
1775016000000,2026-04-01T04:00:00+00:00,DOT/USDT,4h,1.262,1.302,1.261,1.287,325267.533686
1775030400000,2026-04-01T08:00:00+00:00,DOT/USDT,4h,1.289,1.291,1.27,1.275,267162.638055
1775044800000,2026-04-01T12:00:00+00:00,DOT/USDT,4h,1.276,1.294,1.264,1.276,373474.534445
1775059200000,2026-04-01T16:00:00+00:00,DOT/USDT,4h,1.276,1.284,1.258,1.265,147367.867629
1775073600000,2026-04-01T20:00:00+00:00,DOT/USDT,4h,1.265,1.27,1.253,1.255,74315.491867
1775088000000,2026-04-02T00:00:00+00:00,DOT/USDT,4h,1.256,1.269,1.211,1.219,346445.551411
1775102400000,2026-04-02T04:00:00+00:00,DOT/USDT,4h,1.218,1.227,1.213,1.225,136132.111235
1775116800000,2026-04-02T08:00:00+00:00,DOT/USDT,4h,1.225,1.225,1.207,1.216,266239.227613
1775131200000,2026-04-02T12:00:00+00:00,DOT/USDT,4h,1.216,1.234,1.203,1.221,249132.47877
1775145600000,2026-04-02T16:00:00+00:00,DOT/USDT,4h,1.222,1.233,1.218,1.227,96729.218692
1775160000000,2026-04-02T20:00:00+00:00,DOT/USDT,4h,1.227,1.238,1.225,1.237,132465.954161
1775174400000,2026-04-03T00:00:00+00:00,DOT/USDT,4h,1.237,1.244,1.23,1.237,152221.254426
1775188800000,2026-04-03T04:00:00+00:00,DOT/USDT,4h,1.236,1.26,1.234,1.252,138711.847644
1775203200000,2026-04-03T08:00:00+00:00,DOT/USDT,4h,1.253,1.259,1.245,1.256,94385.514768
1775217600000,2026-04-03T12:00:00+00:00,DOT/USDT,4h,1.256,1.266,1.246,1.25,142475.237826
1775232000000,2026-04-03T16:00:00+00:00,DOT/USDT,4h,1.249,1.256,1.238,1.243,100538.589595
1775246400000,2026-04-03T20:00:00+00:00,DOT/USDT,4h,1.243,1.25,1.234,1.239,99863.563733
1775260800000,2026-04-04T00:00:00+00:00,DOT/USDT,4h,1.239,1.248,1.234,1.245,101821.757308
1775275200000,2026-04-04T04:00:00+00:00,DOT/USDT,4h,1.245,1.25,1.242,1.247,56731.176564
1775289600000,2026-04-04T08:00:00+00:00,DOT/USDT,4h,1.248,1.257,1.241,1.255,58930.950933
1775304000000,2026-04-04T12:00:00+00:00,DOT/USDT,4h,1.255,1.26,1.245,1.251,106376.005137
1775318400000,2026-04-04T16:00:00+00:00,DOT/USDT,4h,1.251,1.265,1.249,1.256,73836.244449
1775332800000,2026-04-04T20:00:00+00:00,DOT/USDT,4h,1.256,1.257,1.247,1.253,82438.861477
1775347200000,2026-04-05T00:00:00+00:00,DOT/USDT,4h,1.254,1.255,1.246,1.25,77533.121259
1775361600000,2026-04-05T04:00:00+00:00,DOT/USDT,4h,1.25,1.25,1.223,1.227,168640.313127
1775376000000,2026-04-05T08:00:00+00:00,DOT/USDT,4h,1.227,1.232,1.224,1.227,182037.28658
1775390400000,2026-04-05T12:00:00+00:00,DOT/USDT,4h,1.227,1.243,1.216,1.231,386948.857718
1775404800000,2026-04-05T16:00:00+00:00,DOT/USDT,4h,1.232,1.237,1.224,1.227,263552.506928
1775419200000,2026-04-05T20:00:00+00:00,DOT/USDT,4h,1.227,1.248,1.221,1.245,254378.084761
1775433600000,2026-04-06T00:00:00+00:00,DOT/USDT,4h,1.246,1.268,1.246,1.259,255665.879804
1775448000000,2026-04-06T04:00:00+00:00,DOT/USDT,4h,1.26,1.275,1.255,1.272,198952.730779
1775462400000,2026-04-06T08:00:00+00:00,DOT/USDT,4h,1.272,1.309,1.268,1.304,346314.340513
1775476800000,2026-04-06T12:00:00+00:00,DOT/USDT,4h,1.304,1.316,1.276,1.283,334266.629853
1775491200000,2026-04-06T16:00:00+00:00,DOT/USDT,4h,1.284,1.284,1.267,1.27,147389.51739
1775505600000,2026-04-06T20:00:00+00:00,DOT/USDT,4h,1.27,1.276,1.232,1.241,145675.932679
1775520000000,2026-04-07T00:00:00+00:00,DOT/USDT,4h,1.241,1.248,1.232,1.243,154801.827828
1775534400000,2026-04-07T04:00:00+00:00,DOT/USDT,4h,1.243,1.243,1.226,1.236,113907.157852
1775548800000,2026-04-07T08:00:00+00:00,DOT/USDT,4h,1.236,1.241,1.231,1.234,140434.178882
1775563200000,2026-04-07T12:00:00+00:00,DOT/USDT,4h,1.235,1.235,1.206,1.219,378845.386739
1775577600000,2026-04-07T16:00:00+00:00,DOT/USDT,4h,1.22,1.235,1.217,1.234,161549.15388
1775592000000,2026-04-07T20:00:00+00:00,DOT/USDT,4h,1.235,1.331,1.231,1.313,926091.967237
1775606400000,2026-04-08T00:00:00+00:00,DOT/USDT,4h,1.314,1.321,1.293,1.307,355173.630951
1775620800000,2026-04-08T04:00:00+00:00,DOT/USDT,4h,1.307,1.335,1.306,1.326,271924.279779
1775635200000,2026-04-08T08:00:00+00:00,DOT/USDT,4h,1.326,1.331,1.302,1.307,252434.924336
1775649600000,2026-04-08T12:00:00+00:00,DOT/USDT,4h,1.307,1.315,1.282,1.292,383621.376142
1775664000000,2026-04-08T16:00:00+00:00,DOT/USDT,4h,1.292,1.302,1.272,1.281,117224.607189
1775678400000,2026-04-08T20:00:00+00:00,DOT/USDT,4h,1.282,1.289,1.265,1.269,120435.682659
1775692800000,2026-04-09T00:00:00+00:00,DOT/USDT,4h,1.268,1.269,1.25,1.254,117678.848448
1775707200000,2026-04-09T04:00:00+00:00,DOT/USDT,4h,1.253,1.26,1.249,1.256,477709.615735
1775721600000,2026-04-09T08:00:00+00:00,DOT/USDT,4h,1.257,1.259,1.245,1.249,176604.288586
1775736000000,2026-04-09T12:00:00+00:00,DOT/USDT,4h,1.249,1.289,1.236,1.282,450234.378066
1775750400000,2026-04-09T16:00:00+00:00,DOT/USDT,4h,1.282,1.31,1.273,1.307,204848.094416
1775764800000,2026-04-09T20:00:00+00:00,DOT/USDT,4h,1.307,1.36,1.296,1.299,622160.39063
1775779200000,2026-04-10T00:00:00+00:00,DOT/USDT,4h,1.3,1.31,1.286,1.288,360310.148381
1775793600000,2026-04-10T04:00:00+00:00,DOT/USDT,4h,1.288,1.31,1.283,1.288,133715.342289
1775808000000,2026-04-10T08:00:00+00:00,DOT/USDT,4h,1.289,1.301,1.285,1.29,140209.116033
1775822400000,2026-04-10T12:00:00+00:00,DOT/USDT,4h,1.29,1.327,1.289,1.31,355465.961252
1775836800000,2026-04-10T16:00:00+00:00,DOT/USDT,4h,1.311,1.32,1.304,1.318,143223.159931
1775851200000,2026-04-10T20:00:00+00:00,DOT/USDT,4h,1.319,1.32,1.301,1.305,131442.343452
1775865600000,2026-04-11T00:00:00+00:00,DOT/USDT,4h,1.306,1.308,1.288,1.295,130657.195072
1775880000000,2026-04-11T04:00:00+00:00,DOT/USDT,4h,1.295,1.296,1.276,1.282,119979.773627
1775894400000,2026-04-11T08:00:00+00:00,DOT/USDT,4h,1.283,1.286,1.275,1.284,192924.023323
1775908800000,2026-04-11T12:00:00+00:00,DOT/USDT,4h,1.283,1.286,1.264,1.278,233268.820889
1775923200000,2026-04-11T16:00:00+00:00,DOT/USDT,4h,1.279,1.315,1.277,1.307,551701.28514
1775937600000,2026-04-11T20:00:00+00:00,DOT/USDT,4h,1.308,1.309,1.28,1.287,197583.625041
1775952000000,2026-04-12T00:00:00+00:00,DOT/USDT,4h,1.288,1.288,1.241,1.243,197920.975693
1775966400000,2026-04-12T04:00:00+00:00,DOT/USDT,4h,1.243,1.244,1.223,1.228,289680.755054
1775980800000,2026-04-12T08:00:00+00:00,DOT/USDT,4h,1.228,1.232,1.216,1.227,402315.718797
1775995200000,2026-04-12T12:00:00+00:00,DOT/USDT,4h,1.227,1.234,1.218,1.228,361489.561521
1776009600000,2026-04-12T16:00:00+00:00,DOT/USDT,4h,1.228,1.247,1.223,1.237,159655.208425
1776024000000,2026-04-12T20:00:00+00:00,DOT/USDT,4h,1.237,1.246,1.221,1.224,124732.56613
1776038400000,2026-04-13T00:00:00+00:00,DOT/USDT,4h,1.225,1.239,1.223,1.229,179285.201252
1776052800000,2026-04-13T04:00:00+00:00,DOT/USDT,4h,1.229,1.229,1.149,1.187,2403067.619762
1776067200000,2026-04-13T08:00:00+00:00,DOT/USDT,4h,1.187,1.2,1.154,1.166,783892.658921
1776081600000,2026-04-13T12:00:00+00:00,DOT/USDT,4h,1.165,1.183,1.157,1.17,567080.711343
1776096000000,2026-04-13T16:00:00+00:00,DOT/USDT,4h,1.17,1.207,1.161,1.201,1133373.224288
1776110400000,2026-04-13T20:00:00+00:00,DOT/USDT,4h,1.202,1.242,1.169,1.23,783357.669111
1776124800000,2026-04-14T00:00:00+00:00,DOT/USDT,4h,1.23,1.23,1.202,1.205,304441.443613
1776139200000,2026-04-14T04:00:00+00:00,DOT/USDT,4h,1.206,1.216,1.178,1.19,784166.491141
1776153600000,2026-04-14T08:00:00+00:00,DOT/USDT,4h,1.19,1.197,1.179,1.179,534358.134257
1776168000000,2026-04-14T12:00:00+00:00,DOT/USDT,4h,1.179,1.186,1.16,1.171,1259971.970335
1776182400000,2026-04-14T16:00:00+00:00,DOT/USDT,4h,1.172,1.178,1.146,1.157,483018.571105
1776196800000,2026-04-14T20:00:00+00:00,DOT/USDT,4h,1.157,1.172,1.155,1.167,505525.990055
1776211200000,2026-04-15T00:00:00+00:00,DOT/USDT,4h,1.167,1.176,1.162,1.165,243476.490035
1776225600000,2026-04-15T04:00:00+00:00,DOT/USDT,4h,1.165,1.175,1.147,1.148,358054.167947
1776240000000,2026-04-15T08:00:00+00:00,DOT/USDT,4h,1.149,1.172,1.148,1.171,504766.940579
1776254400000,2026-04-15T12:00:00+00:00,DOT/USDT,4h,1.171,1.177,1.159,1.171,575201.818751
1776268800000,2026-04-15T16:00:00+00:00,DOT/USDT,4h,1.171,1.197,1.169,1.192,488648.543256
1776283200000,2026-04-15T20:00:00+00:00,DOT/USDT,4h,1.193,1.196,1.176,1.181,413758.670385
1776297600000,2026-04-16T00:00:00+00:00,DOT/USDT,4h,1.182,1.203,1.171,1.202,418762.329726
1776312000000,2026-04-16T04:00:00+00:00,DOT/USDT,4h,1.202,1.277,1.2,1.271,1479027.802435
1776326400000,2026-04-16T08:00:00+00:00,DOT/USDT,4h,1.272,1.281,1.246,1.27,921130.641908
1776340800000,2026-04-16T12:00:00+00:00,DOT/USDT,4h,1.27,1.328,1.267,1.328,1748336.625208
1776355200000,2026-04-16T16:00:00+00:00,DOT/USDT,4h,1.328,1.353,1.285,1.351,826199.053878
1776369600000,2026-04-16T20:00:00+00:00,DOT/USDT,4h,1.35,1.352,1.32,1.329,442058.474588
1776384000000,2026-04-17T00:00:00+00:00,DOT/USDT,4h,1.329,1.33,1.291,1.296,471831.050222
1776398400000,2026-04-17T04:00:00+00:00,DOT/USDT,4h,1.297,1.332,1.285,1.33,469325.370411
1776412800000,2026-04-17T08:00:00+00:00,DOT/USDT,4h,1.331,1.335,1.297,1.307,435128.986883
1776427200000,2026-04-17T12:00:00+00:00,DOT/USDT,4h,1.308,1.353,1.301,1.333,899129.154143
1776441600000,2026-04-17T16:00:00+00:00,DOT/USDT,4h,1.334,1.355,1.326,1.333,420102.542714
1776456000000,2026-04-17T20:00:00+00:00,DOT/USDT,4h,1.333,1.345,1.326,1.335,171963.208559
1776470400000,2026-04-18T00:00:00+00:00,DOT/USDT,4h,1.334,1.341,1.318,1.328,253765.87772
1776484800000,2026-04-18T04:00:00+00:00,DOT/USDT,4h,1.329,1.341,1.316,1.335,233752.780299
1776499200000,2026-04-18T08:00:00+00:00,DOT/USDT,4h,1.334,1.334,1.282,1.29,296277.283535
1776513600000,2026-04-18T12:00:00+00:00,DOT/USDT,4h,1.289,1.3,1.28,1.296,140190.316051
1776528000000,2026-04-18T16:00:00+00:00,DOT/USDT,4h,1.296,1.307,1.271,1.277,241299.622224
1776542400000,2026-04-18T20:00:00+00:00,DOT/USDT,4h,1.277,1.287,1.272,1.272,149827.013031
1776556800000,2026-04-19T00:00:00+00:00,DOT/USDT,4h,1.273,1.28,1.264,1.27,184101.371468
1776571200000,2026-04-19T04:00:00+00:00,DOT/USDT,4h,1.27,1.279,1.247,1.26,260273.223542
1776585600000,2026-04-19T08:00:00+00:00,DOT/USDT,4h,1.259,1.277,1.253,1.275,149083.578286
1776600000000,2026-04-19T12:00:00+00:00,DOT/USDT,4h,1.275,1.292,1.263,1.276,106906.23437
1776614400000,2026-04-19T16:00:00+00:00,DOT/USDT,4h,1.277,1.277,1.261,1.272,127176.142942
1776628800000,2026-04-19T20:00:00+00:00,DOT/USDT,4h,1.27,1.27,1.236,1.239,211761.235299
1776643200000,2026-04-20T00:00:00+00:00,DOT/USDT,4h,1.239,1.266,1.238,1.265,182469.245746
1776657600000,2026-04-20T04:00:00+00:00,DOT/USDT,4h,1.264,1.279,1.251,1.263,201318.983612
1776672000000,2026-04-20T08:00:00+00:00,DOT/USDT,4h,1.264,1.266,1.252,1.254,179545.118279
1776686400000,2026-04-20T12:00:00+00:00,DOT/USDT,4h,1.254,1.273,1.251,1.272,157786.540112
1776700800000,2026-04-20T16:00:00+00:00,DOT/USDT,4h,1.272,1.288,1.267,1.28,188274.874395
1776715200000,2026-04-20T20:00:00+00:00,DOT/USDT,4h,1.28,1.295,1.274,1.282,176591.067662
1776729600000,2026-04-21T00:00:00+00:00,DOT/USDT,4h,1.281,1.285,1.269,1.276,117616.274167
1776744000000,2026-04-21T04:00:00+00:00,DOT/USDT,4h,1.275,1.287,1.272,1.284,123131.637735
1776758400000,2026-04-21T08:00:00+00:00,DOT/USDT,4h,1.284,1.292,1.277,1.286,120702.089001
1776772800000,2026-04-21T12:00:00+00:00,DOT/USDT,4h,1.285,1.286,1.268,1.276,175189.560594
1776787200000,2026-04-21T16:00:00+00:00,DOT/USDT,4h,1.277,1.279,1.256,1.26,170361.088164
1776801600000,2026-04-21T20:00:00+00:00,DOT/USDT,4h,1.261,1.281,1.26,1.279,128294.878879
1776816000000,2026-04-22T00:00:00+00:00,DOT/USDT,4h,1.28,1.298,1.271,1.291,162473.4251
1776830400000,2026-04-22T04:00:00+00:00,DOT/USDT,4h,1.292,1.327,1.289,1.306,370914.855036
1776844800000,2026-04-22T08:00:00+00:00,DOT/USDT,4h,1.306,1.315,1.299,1.306,241352.353463
1776859200000,2026-04-22T12:00:00+00:00,DOT/USDT,4h,1.306,1.306,1.296,1.299,135948.194099
1776873600000,2026-04-22T16:00:00+00:00,DOT/USDT,4h,1.298,1.303,1.273,1.279,131367.166391
1776888000000,2026-04-22T20:00:00+00:00,DOT/USDT,4h,1.279,1.279,1.269,1.272,95295.911793
1776902400000,2026-04-23T00:00:00+00:00,DOT/USDT,4h,1.272,1.279,1.252,1.255,241954.14573
1776916800000,2026-04-23T04:00:00+00:00,DOT/USDT,4h,1.256,1.264,1.252,1.255,157571.58141
1776931200000,2026-04-23T08:00:00+00:00,DOT/USDT,4h,1.256,1.256,1.237,1.249,221309.177444
1776945600000,2026-04-23T12:00:00+00:00,DOT/USDT,4h,1.25,1.254,1.24,1.25,273857.047911
1776960000000,2026-04-23T16:00:00+00:00,DOT/USDT,4h,1.25,1.252,1.212,1.225,401738.671727
1776974400000,2026-04-23T20:00:00+00:00,DOT/USDT,4h,1.225,1.243,1.224,1.24,275871.03046
1776988800000,2026-04-24T00:00:00+00:00,DOT/USDT,4h,1.241,1.25,1.233,1.238,137358.536979
1777003200000,2026-04-24T04:00:00+00:00,DOT/USDT,4h,1.239,1.245,1.227,1.232,293505.773742
1777017600000,2026-04-24T08:00:00+00:00,DOT/USDT,4h,1.233,1.258,1.232,1.255,293976.758179
1777032000000,2026-04-24T12:00:00+00:00,DOT/USDT,4h,1.256,1.263,1.243,1.259,212881.158429
1777046400000,2026-04-24T16:00:00+00:00,DOT/USDT,4h,1.26,1.262,1.25,1.257,153181.943962
1777060800000,2026-04-24T20:00:00+00:00,DOT/USDT,4h,1.258,1.272,1.247,1.255,417949.501637
1777075200000,2026-04-25T00:00:00+00:00,DOT/USDT,4h,1.254,1.269,1.251,1.264,234333.328039
1777089600000,2026-04-25T04:00:00+00:00,DOT/USDT,4h,1.265,1.272,1.257,1.265,105715.625799
1777104000000,2026-04-25T08:00:00+00:00,DOT/USDT,4h,1.264,1.276,1.255,1.257,158775.115816
1777118400000,2026-04-25T12:00:00+00:00,DOT/USDT,4h,1.257,1.265,1.252,1.257,113291.414707
1777132800000,2026-04-25T16:00:00+00:00,DOT/USDT,4h,1.257,1.261,1.238,1.241,87266.875313
1777147200000,2026-04-25T20:00:00+00:00,DOT/USDT,4h,1.241,1.248,1.241,1.247,65698.863873
1777161600000,2026-04-26T00:00:00+00:00,DOT/USDT,4h,1.246,1.247,1.236,1.244,94698.571481
1777176000000,2026-04-26T04:00:00+00:00,DOT/USDT,4h,1.244,1.263,1.24,1.261,108146.931804
1777190400000,2026-04-26T08:00:00+00:00,DOT/USDT,4h,1.262,1.274,1.257,1.27,79172.709691
1777204800000,2026-04-26T12:00:00+00:00,DOT/USDT,4h,1.27,1.271,1.256,1.267,95891.295108
1777219200000,2026-04-26T16:00:00+00:00,DOT/USDT,4h,1.267,1.274,1.255,1.269,73765.290672
1777233600000,2026-04-26T20:00:00+00:00,DOT/USDT,4h,1.27,1.271,1.253,1.262,122752.153267
1777248000000,2026-04-27T00:00:00+00:00,DOT/USDT,4h,1.262,1.276,1.259,1.269,126150.964346
1777262400000,2026-04-27T04:00:00+00:00,DOT/USDT,4h,1.269,1.269,1.227,1.234,227477.49095
1777276800000,2026-04-27T08:00:00+00:00,DOT/USDT,4h,1.233,1.239,1.229,1.237,148692.426178
1777291200000,2026-04-27T12:00:00+00:00,DOT/USDT,4h,1.238,1.239,1.21,1.219,288869.529391
1777305600000,2026-04-27T16:00:00+00:00,DOT/USDT,4h,1.219,1.227,1.214,1.219,79765.03062
1777320000000,2026-04-27T20:00:00+00:00,DOT/USDT,4h,1.22,1.236,1.216,1.234,183665.705255
1777334400000,2026-04-28T00:00:00+00:00,DOT/USDT,4h,1.234,1.239,1.228,1.236,78789.85337
1777348800000,2026-04-28T04:00:00+00:00,DOT/USDT,4h,1.236,1.242,1.219,1.225,133905.277142
1777363200000,2026-04-28T08:00:00+00:00,DOT/USDT,4h,1.226,1.226,1.216,1.221,69828.336401
1777377600000,2026-04-28T12:00:00+00:00,DOT/USDT,4h,1.222,1.236,1.218,1.232,170737.366367
1777392000000,2026-04-28T16:00:00+00:00,DOT/USDT,4h,1.232,1.236,1.225,1.235,228371.644791
1777406400000,2026-04-28T20:00:00+00:00,DOT/USDT,4h,1.236,1.237,1.226,1.229,71986.50295
1777420800000,2026-04-29T00:00:00+00:00,DOT/USDT,4h,1.23,1.238,1.225,1.237,86353.57753
1777435200000,2026-04-29T04:00:00+00:00,DOT/USDT,4h,1.238,1.248,1.237,1.241,174221.999741
1777449600000,2026-04-29T08:00:00+00:00,DOT/USDT,4h,1.242,1.259,1.234,1.244,214852.109945
1777464000000,2026-04-29T12:00:00+00:00,DOT/USDT,4h,1.245,1.245,1.2,1.206,261898.008452
1777478400000,2026-04-29T16:00:00+00:00,DOT/USDT,4h,1.206,1.219,1.179,1.197,458737.888636
1777492800000,2026-04-29T20:00:00+00:00,DOT/USDT,4h,1.197,1.213,1.195,1.212,119747.192107
1777507200000,2026-04-30T00:00:00+00:00,DOT/USDT,4h,1.212,1.226,1.205,1.216,109023.435586
1777521600000,2026-04-30T04:00:00+00:00,DOT/USDT,4h,1.215,1.215,1.198,1.208,56839.49038
1777536000000,2026-04-30T08:00:00+00:00,DOT/USDT,4h,1.21,1.22,1.209,1.215,117529.855097
1777550400000,2026-04-30T12:00:00+00:00,DOT/USDT,4h,1.216,1.222,1.204,1.216,74793.679749
1777564800000,2026-04-30T16:00:00+00:00,DOT/USDT,4h,1.215,1.215,1.207,1.209,55578.325333
1777579200000,2026-04-30T20:00:00+00:00,DOT/USDT,4h,1.209,1.21,1.2,1.204,51472.84017
1777593600000,2026-05-01T00:00:00+00:00,DOT/USDT,4h,1.205,1.219,1.203,1.214,54567.855587
1777608000000,2026-05-01T04:00:00+00:00,DOT/USDT,4h,1.214,1.218,1.2,1.204,153407.597241
1777622400000,2026-05-01T08:00:00+00:00,DOT/USDT,4h,1.205,1.209,1.194,1.199,104418.777979
1777636800000,2026-05-01T12:00:00+00:00,DOT/USDT,4h,1.2,1.228,1.2,1.213,430921.684079
1777651200000,2026-05-01T16:00:00+00:00,DOT/USDT,4h,1.214,1.219,1.204,1.212,191380.262684
1777665600000,2026-05-01T20:00:00+00:00,DOT/USDT,4h,1.212,1.213,1.199,1.204,189708.205534
1777680000000,2026-05-02T00:00:00+00:00,DOT/USDT,4h,1.205,1.212,1.204,1.209,63703.349698
1777694400000,2026-05-02T04:00:00+00:00,DOT/USDT,4h,1.208,1.208,1.195,1.2,69047.543993
1777708800000,2026-05-02T08:00:00+00:00,DOT/USDT,4h,1.2,1.213,1.199,1.204,139691.471301
1777723200000,2026-05-02T12:00:00+00:00,DOT/USDT,4h,1.204,1.215,1.203,1.214,156509.366902
1777737600000,2026-05-02T16:00:00+00:00,DOT/USDT,4h,1.214,1.223,1.209,1.223,97327.343604
1777752000000,2026-05-02T20:00:00+00:00,DOT/USDT,4h,1.223,1.24,1.222,1.227,208011.276712
1777766400000,2026-05-03T00:00:00+00:00,DOT/USDT,4h,1.228,1.229,1.205,1.208,144821.854297
1777780800000,2026-05-03T04:00:00+00:00,DOT/USDT,4h,1.207,1.217,1.203,1.215,96740.030762
1777795200000,2026-05-03T08:00:00+00:00,DOT/USDT,4h,1.214,1.22,1.207,1.213,108080.591428
1777809600000,2026-05-03T12:00:00+00:00,DOT/USDT,4h,1.213,1.219,1.206,1.21,78240.885159
1777824000000,2026-05-03T16:00:00+00:00,DOT/USDT,4h,1.211,1.219,1.207,1.216,71143.331021
1777838400000,2026-05-03T20:00:00+00:00,DOT/USDT,4h,1.216,1.225,1.208,1.21,193133.441688
1777852800000,2026-05-04T00:00:00+00:00,DOT/USDT,4h,1.211,1.25,1.199,1.249,483183.241947
1777867200000,2026-05-04T04:00:00+00:00,DOT/USDT,4h,1.25,1.263,1.236,1.238,350010.192574
1777881600000,2026-05-04T08:00:00+00:00,DOT/USDT,4h,1.238,1.25,1.206,1.22,303529.864436
1777896000000,2026-05-04T12:00:00+00:00,DOT/USDT,4h,1.22,1.242,1.212,1.225,327457.366661
1777910400000,2026-05-04T16:00:00+00:00,DOT/USDT,4h,1.226,1.245,1.217,1.231,168993.645743
1777924800000,2026-05-04T20:00:00+00:00,DOT/USDT,4h,1.232,1.243,1.223,1.229,117051.491194
1777939200000,2026-05-05T00:00:00+00:00,DOT/USDT,4h,1.229,1.247,1.226,1.243,198478.467097
1777953600000,2026-05-05T04:00:00+00:00,DOT/USDT,4h,1.243,1.259,1.241,1.254,170534.826296
1777968000000,2026-05-05T08:00:00+00:00,DOT/USDT,4h,1.255,1.267,1.252,1.26,303166.10348
1777982400000,2026-05-05T12:00:00+00:00,DOT/USDT,4h,1.26,1.296,1.258,1.274,535378.697392
1777996800000,2026-05-05T16:00:00+00:00,DOT/USDT,4h,1.275,1.276,1.256,1.273,172593.730596
1778011200000,2026-05-05T20:00:00+00:00,DOT/USDT,4h,1.274,1.293,1.273,1.279,216699.699246
1778025600000,2026-05-06T00:00:00+00:00,DOT/USDT,4h,1.278,1.31,1.27,1.306,301588.119364
1778040000000,2026-05-06T04:00:00+00:00,DOT/USDT,4h,1.306,1.315,1.298,1.312,357624.884495
1778054400000,2026-05-06T08:00:00+00:00,DOT/USDT,4h,1.312,1.335,1.31,1.324,568835.822746
1778068800000,2026-05-06T12:00:00+00:00,DOT/USDT,4h,1.324,1.328,1.286,1.308,334492.020224
1778083200000,2026-05-06T16:00:00+00:00,DOT/USDT,4h,1.308,1.316,1.301,1.308,190007.82619
1778097600000,2026-05-06T20:00:00+00:00,DOT/USDT,4h,1.308,1.324,1.301,1.319,147954.913836
1778112000000,2026-05-07T00:00:00+00:00,DOT/USDT,4h,1.319,1.323,1.29,1.292,156932.494155
1778126400000,2026-05-07T04:00:00+00:00,DOT/USDT,4h,1.292,1.331,1.291,1.325,234113.191413
1778140800000,2026-05-07T08:00:00+00:00,DOT/USDT,4h,1.326,1.328,1.308,1.32,104076.823429
1778155200000,2026-05-07T12:00:00+00:00,DOT/USDT,4h,1.319,1.338,1.293,1.303,420455.891278
1778169600000,2026-05-07T16:00:00+00:00,DOT/USDT,4h,1.303,1.318,1.297,1.306,141162.548738
1778184000000,2026-05-07T20:00:00+00:00,DOT/USDT,4h,1.307,1.316,1.296,1.311,131815.107436
1778198400000,2026-05-08T00:00:00+00:00,DOT/USDT,4h,1.311,1.314,1.294,1.308,118362.516343
1778212800000,2026-05-08T04:00:00+00:00,DOT/USDT,4h,1.308,1.324,1.307,1.32,145380.555278
1778227200000,2026-05-08T08:00:00+00:00,DOT/USDT,4h,1.319,1.327,1.314,1.322,285031.492283
1778241600000,2026-05-08T12:00:00+00:00,DOT/USDT,4h,1.323,1.364,1.305,1.359,411934.126804
1778256000000,2026-05-08T16:00:00+00:00,DOT/USDT,4h,1.359,1.383,1.346,1.374,457902.252033
1778270400000,2026-05-08T20:00:00+00:00,DOT/USDT,4h,1.374,1.391,1.367,1.374,321829.272592
1778284800000,2026-05-09T00:00:00+00:00,DOT/USDT,4h,1.375,1.393,1.37,1.375,202277.133774
1778299200000,2026-05-09T04:00:00+00:00,DOT/USDT,4h,1.376,1.382,1.365,1.368,203682.47565
1778313600000,2026-05-09T08:00:00+00:00,DOT/USDT,4h,1.367,1.371,1.352,1.359,169134.575632
1778328000000,2026-05-09T12:00:00+00:00,DOT/USDT,4h,1.359,1.361,1.339,1.343,166281.596523
1778342400000,2026-05-09T16:00:00+00:00,DOT/USDT,4h,1.344,1.357,1.341,1.353,99095.921959
1778356800000,2026-05-09T20:00:00+00:00,DOT/USDT,4h,1.353,1.354,1.344,1.347,80472.109089
1778371200000,2026-05-10T00:00:00+00:00,DOT/USDT,4h,1.347,1.347,1.329,1.337,124171.506531
1778385600000,2026-05-10T04:00:00+00:00,DOT/USDT,4h,1.337,1.35,1.334,1.345,82874.215325
1778400000000,2026-05-10T08:00:00+00:00,DOT/USDT,4h,1.345,1.361,1.344,1.356,170574.922576
1778414400000,2026-05-10T12:00:00+00:00,DOT/USDT,4h,1.357,1.374,1.353,1.373,163067.366094
1778428800000,2026-05-10T16:00:00+00:00,DOT/USDT,4h,1.374,1.418,1.373,1.413,444858.229829
1778443200000,2026-05-10T20:00:00+00:00,DOT/USDT,4h,1.413,1.419,1.345,1.382,359037.844669
1778457600000,2026-05-11T00:00:00+00:00,DOT/USDT,4h,1.383,1.385,1.334,1.346,210092.283144
1778472000000,2026-05-11T04:00:00+00:00,DOT/USDT,4h,1.346,1.365,1.339,1.364,134821.997646
1778486400000,2026-05-11T08:00:00+00:00,DOT/USDT,4h,1.365,1.374,1.356,1.361,251591.758082
1778500800000,2026-05-11T12:00:00+00:00,DOT/USDT,4h,1.361,1.374,1.342,1.368,145883.468284
1778515200000,2026-05-11T16:00:00+00:00,DOT/USDT,4h,1.368,1.381,1.36,1.372,77359.997193
1778529600000,2026-05-11T20:00:00+00:00,DOT/USDT,4h,1.373,1.378,1.359,1.363,73865.883173
1778544000000,2026-05-12T00:00:00+00:00,DOT/USDT,4h,1.362,1.369,1.344,1.348,92922.380066
1778558400000,2026-05-12T04:00:00+00:00,DOT/USDT,4h,1.349,1.363,1.346,1.357,51372.403359
1778572800000,2026-05-12T08:00:00+00:00,DOT/USDT,4h,1.358,1.36,1.326,1.332,126334.652212
1778587200000,2026-05-12T12:00:00+00:00,DOT/USDT,4h,1.332,1.338,1.304,1.312,504343.87414
1778601600000,2026-05-12T16:00:00+00:00,DOT/USDT,4h,1.312,1.338,1.304,1.333,83931.522142
1778616000000,2026-05-12T20:00:00+00:00,DOT/USDT,4h,1.333,1.344,1.333,1.335,52270.097979
1778630400000,2026-05-13T00:00:00+00:00,DOT/USDT,4h,1.336,1.399,1.333,1.395,324108.725976
1778644800000,2026-05-13T04:00:00+00:00,DOT/USDT,4h,1.396,1.411,1.382,1.394,405217.4253
1778659200000,2026-05-13T08:00:00+00:00,DOT/USDT,4h,1.395,1.438,1.383,1.386,509969.358799
1778673600000,2026-05-13T12:00:00+00:00,DOT/USDT,4h,1.387,1.39,1.316,1.318,677430.086412
1778688000000,2026-05-13T16:00:00+00:00,DOT/USDT,4h,1.319,1.345,1.319,1.322,196506.816076
1778702400000,2026-05-13T20:00:00+00:00,DOT/USDT,4h,1.322,1.336,1.322,1.329,65424.897721
1778716800000,2026-05-14T00:00:00+00:00,DOT/USDT,4h,1.329,1.339,1.314,1.316,91725.194512
1778731200000,2026-05-14T04:00:00+00:00,DOT/USDT,4h,1.317,1.337,1.315,1.326,95969.513036
1778745600000,2026-05-14T08:00:00+00:00,DOT/USDT,4h,1.326,1.332,1.32,1.323,133106.492434
1778760000000,2026-05-14T12:00:00+00:00,DOT/USDT,4h,1.322,1.374,1.321,1.37,157897.476995
1778774400000,2026-05-14T16:00:00+00:00,DOT/USDT,4h,1.371,1.423,1.371,1.405,496844.267928
1778788800000,2026-05-14T20:00:00+00:00,DOT/USDT,4h,1.405,1.41,1.361,1.364,276733.072288
1778803200000,2026-05-15T00:00:00+00:00,DOT/USDT,4h,1.365,1.376,1.346,1.358,297632.866376
1778817600000,2026-05-15T04:00:00+00:00,DOT/USDT,4h,1.358,1.359,1.323,1.343,115764.22589
1778832000000,2026-05-15T08:00:00+00:00,DOT/USDT,4h,1.343,1.344,1.327,1.338,61759.736989
1778846400000,2026-05-15T12:00:00+00:00,DOT/USDT,4h,1.337,1.338,1.288,1.308,342320.536991
1778860800000,2026-05-15T16:00:00+00:00,DOT/USDT,4h,1.308,1.327,1.305,1.317,143860.717773
1778875200000,2026-05-15T20:00:00+00:00,DOT/USDT,4h,1.317,1.319,1.307,1.316,45799.619389
1778889600000,2026-05-16T00:00:00+00:00,DOT/USDT,4h,1.316,1.32,1.306,1.308,75420.790923
1778904000000,2026-05-16T04:00:00+00:00,DOT/USDT,4h,1.309,1.31,1.253,1.264,294523.15848
1778918400000,2026-05-16T08:00:00+00:00,DOT/USDT,4h,1.265,1.27,1.247,1.262,228220.398599
1778932800000,2026-05-16T12:00:00+00:00,DOT/USDT,4h,1.261,1.273,1.261,1.273,124809.378968
1778947200000,2026-05-16T16:00:00+00:00,DOT/USDT,4h,1.273,1.282,1.271,1.272,95391.945815
1778961600000,2026-05-16T20:00:00+00:00,DOT/USDT,4h,1.273,1.275,1.267,1.268,27688.13932
1778976000000,2026-05-17T00:00:00+00:00,DOT/USDT,4h,1.268,1.269,1.255,1.268,65947.422286
1778990400000,2026-05-17T04:00:00+00:00,DOT/USDT,4h,1.268,1.288,1.268,1.286,71676.222052
1779004800000,2026-05-17T08:00:00+00:00,DOT/USDT,4h,1.287,1.293,1.278,1.283,132550.099585
1779019200000,2026-05-17T12:00:00+00:00,DOT/USDT,4h,1.283,1.287,1.265,1.273,77080.705096
1779033600000,2026-05-17T16:00:00+00:00,DOT/USDT,4h,1.273,1.276,1.263,1.276,79946.654303
1779048000000,2026-05-17T20:00:00+00:00,DOT/USDT,4h,1.276,1.282,1.216,1.251,376385.003198
1779062400000,2026-05-18T00:00:00+00:00,DOT/USDT,4h,1.25,1.25,1.237,1.24,187103.293327
1779076800000,2026-05-18T04:00:00+00:00,DOT/USDT,4h,1.24,1.243,1.216,1.225,230493.771271
1779091200000,2026-05-18T08:00:00+00:00,DOT/USDT,4h,1.225,1.246,1.223,1.237,87007.528026
1779105600000,2026-05-18T12:00:00+00:00,DOT/USDT,4h,1.238,1.251,1.218,1.227,167282.873658
1779120000000,2026-05-18T16:00:00+00:00,DOT/USDT,4h,1.226,1.243,1.216,1.24,177368.452364
1779134400000,2026-05-18T20:00:00+00:00,DOT/USDT,4h,1.239,1.255,1.232,1.252,124868.138195
1779148800000,2026-05-19T00:00:00+00:00,DOT/USDT,4h,1.252,1.26,1.241,1.248,135797.843941
1779163200000,2026-05-19T04:00:00+00:00,DOT/USDT,4h,1.248,1.255,1.242,1.253,154731.29034
1779177600000,2026-05-19T08:00:00+00:00,DOT/USDT,4h,1.253,1.253,1.227,1.229,61197.697138
1779192000000,2026-05-19T12:00:00+00:00,DOT/USDT,4h,1.228,1.242,1.219,1.226,95833.36401
1779206400000,2026-05-19T16:00:00+00:00,DOT/USDT,4h,1.228,1.237,1.224,1.226,43211.34033
1779220800000,2026-05-19T20:00:00+00:00,DOT/USDT,4h,1.227,1.237,1.223,1.224,109748.737489
1779235200000,2026-05-20T00:00:00+00:00,DOT/USDT,4h,1.225,1.232,1.22,1.229,86596.625569
1779249600000,2026-05-20T04:00:00+00:00,DOT/USDT,4h,1.229,1.247,1.227,1.24,103697.607261
1779264000000,2026-05-20T08:00:00+00:00,DOT/USDT,4h,1.24,1.248,1.23,1.231,176708.10545
1779278400000,2026-05-20T12:00:00+00:00,DOT/USDT,4h,1.231,1.255,1.222,1.251,202473.469473
1779292800000,2026-05-20T16:00:00+00:00,DOT/USDT,4h,1.251,1.257,1.242,1.256,115395.507699
1779307200000,2026-05-20T20:00:00+00:00,DOT/USDT,4h,1.257,1.257,1.242,1.249,64008.85652
1779321600000,2026-05-21T00:00:00+00:00,DOT/USDT,4h,1.249,1.277,1.248,1.275,87961.989866
1779336000000,2026-05-21T04:00:00+00:00,DOT/USDT,4h,1.276,1.293,1.267,1.277,204909.701288
1779350400000,2026-05-21T08:00:00+00:00,DOT/USDT,4h,1.277,1.283,1.248,1.248,171801.341044
1779364800000,2026-05-21T12:00:00+00:00,DOT/USDT,4h,1.248,1.265,1.245,1.259,163431.867003
1779379200000,2026-05-21T16:00:00+00:00,DOT/USDT,4h,1.26,1.304,1.251,1.301,447965.371004
1779393600000,2026-05-21T20:00:00+00:00,DOT/USDT,4h,1.301,1.309,1.288,1.292,256813.930154
1779408000000,2026-05-22T00:00:00+00:00,DOT/USDT,4h,1.293,1.321,1.283,1.319,362169.997548
1779422400000,2026-05-22T04:00:00+00:00,DOT/USDT,4h,1.319,1.335,1.307,1.317,336933.684719
1779436800000,2026-05-22T08:00:00+00:00,DOT/USDT,4h,1.317,1.337,1.316,1.332,326663.069119
1779451200000,2026-05-22T12:00:00+00:00,DOT/USDT,4h,1.331,1.346,1.306,1.318,449033.881977
1779465600000,2026-05-22T16:00:00+00:00,DOT/USDT,4h,1.317,1.324,1.266,1.281,291243.828568
1779480000000,2026-05-22T20:00:00+00:00,DOT/USDT,4h,1.28,1.293,1.25,1.258,254951.16345
1779494400000,2026-05-23T00:00:00+00:00,DOT/USDT,4h,1.259,1.265,1.249,1.263,117562.195061
1779508800000,2026-05-23T04:00:00+00:00,DOT/USDT,4h,1.262,1.262,1.2,1.211,387611.114328
1779523200000,2026-05-23T08:00:00+00:00,DOT/USDT,4h,1.212,1.222,1.205,1.216,175874.349009
1779537600000,2026-05-23T12:00:00+00:00,DOT/USDT,4h,1.216,1.247,1.213,1.243,179589.195855
1779552000000,2026-05-23T16:00:00+00:00,DOT/USDT,4h,1.243,1.286,1.238,1.272,185912.226668
1779566400000,2026-05-23T20:00:00+00:00,DOT/USDT,4h,1.272,1.339,1.269,1.295,552877.46061
1779580800000,2026-05-24T00:00:00+00:00,DOT/USDT,4h,1.296,1.298,1.282,1.285,177402.956071
1779595200000,2026-05-24T04:00:00+00:00,DOT/USDT,4h,1.285,1.29,1.271,1.276,92221.176597
1779609600000,2026-05-24T08:00:00+00:00,DOT/USDT,4h,1.277,1.287,1.275,1.279,204681.552543
1779624000000,2026-05-24T12:00:00+00:00,DOT/USDT,4h,1.279,1.279,1.246,1.262,196019.31969
1779638400000,2026-05-24T16:00:00+00:00,DOT/USDT,4h,1.262,1.267,1.254,1.258,68759.106195
1779652800000,2026-05-24T20:00:00+00:00,DOT/USDT,4h,1.258,1.258,1.228,1.247,158123.300111
1779667200000,2026-05-25T00:00:00+00:00,DOT/USDT,4h,1.246,1.257,1.24,1.244,71913.223962
1779681600000,2026-05-25T04:00:00+00:00,DOT/USDT,4h,1.243,1.271,1.243,1.263,278132.434954
1779696000000,2026-05-25T08:00:00+00:00,DOT/USDT,4h,1.263,1.272,1.256,1.257,397988.146479
1779710400000,2026-05-25T12:00:00+00:00,DOT/USDT,4h,1.257,1.286,1.251,1.283,272162.35135
1779724800000,2026-05-25T16:00:00+00:00,DOT/USDT,4h,1.284,1.295,1.271,1.277,113174.971595
1779739200000,2026-05-25T20:00:00+00:00,DOT/USDT,4h,1.278,1.285,1.255,1.261,72162.090132
1779753600000,2026-05-26T00:00:00+00:00,DOT/USDT,4h,1.261,1.262,1.235,1.242,127420.436962
1779768000000,2026-05-26T04:00:00+00:00,DOT/USDT,4h,1.242,1.262,1.238,1.251,183856.333606
1779782400000,2026-05-26T08:00:00+00:00,DOT/USDT,4h,1.251,1.292,1.251,1.278,234356.62978
1779796800000,2026-05-26T12:00:00+00:00,DOT/USDT,4h,1.278,1.309,1.261,1.272,511496.984233
1779811200000,2026-05-26T16:00:00+00:00,DOT/USDT,4h,1.271,1.272,1.239,1.249,294789.911235
1779825600000,2026-05-26T20:00:00+00:00,DOT/USDT,4h,1.249,1.256,1.243,1.25,197725.438375
1779840000000,2026-05-27T00:00:00+00:00,DOT/USDT,4h,1.25,1.263,1.246,1.253,253680.235472
1779854400000,2026-05-27T04:00:00+00:00,DOT/USDT,4h,1.253,1.274,1.234,1.269,207862.045729
1779868800000,2026-05-27T08:00:00+00:00,DOT/USDT,4h,1.27,1.277,1.255,1.256,117975.223717
1779883200000,2026-05-27T12:00:00+00:00,DOT/USDT,4h,1.257,1.278,1.242,1.27,335172.667179
1779897600000,2026-05-27T16:00:00+00:00,DOT/USDT,4h,1.271,1.276,1.239,1.259,284293.046899
1779912000000,2026-05-27T20:00:00+00:00,DOT/USDT,4h,1.259,1.262,1.224,1.231,183969.014806
1779926400000,2026-05-28T00:00:00+00:00,DOT/USDT,4h,1.23,1.235,1.194,1.198,407901.787565
1779940800000,2026-05-28T04:00:00+00:00,DOT/USDT,4h,1.198,1.198,1.177,1.196,449874.004238
1779955200000,2026-05-28T08:00:00+00:00,DOT/USDT,4h,1.196,1.203,1.185,1.189,240379.759907
1779969600000,2026-05-28T12:00:00+00:00,DOT/USDT,4h,1.188,1.211,1.183,1.195,281741.811784
1779984000000,2026-05-28T16:00:00+00:00,DOT/USDT,4h,1.195,1.23,1.188,1.218,151772.124104
1779998400000,2026-05-28T20:00:00+00:00,DOT/USDT,4h,1.219,1.227,1.208,1.213,176148.030271
1780012800000,2026-05-29T00:00:00+00:00,DOT/USDT,4h,1.213,1.226,1.202,1.205,245890.263792
1780027200000,2026-05-29T04:00:00+00:00,DOT/USDT,4h,1.205,1.221,1.196,1.21,207913.735389
1780041600000,2026-05-29T08:00:00+00:00,DOT/USDT,4h,1.209,1.22,1.196,1.202,167971.657363
1780056000000,2026-05-29T12:00:00+00:00,DOT/USDT,4h,1.202,1.233,1.178,1.222,279994.850317
1780070400000,2026-05-29T16:00:00+00:00,DOT/USDT,4h,1.221,1.232,1.188,1.192,194356.030425
1780084800000,2026-05-29T20:00:00+00:00,DOT/USDT,4h,1.193,1.201,1.182,1.194,126092.136399
1780099200000,2026-05-30T00:00:00+00:00,DOT/USDT,4h,1.194,1.22,1.192,1.21,136587.051934
1780113600000,2026-05-30T04:00:00+00:00,DOT/USDT,4h,1.21,1.212,1.186,1.196,142927.302873
1780128000000,2026-05-30T08:00:00+00:00,DOT/USDT,4h,1.197,1.2,1.191,1.197,60409.129397
1780142400000,2026-05-30T12:00:00+00:00,DOT/USDT,4h,1.196,1.203,1.191,1.195,161263.036795
1780156800000,2026-05-30T16:00:00+00:00,DOT/USDT,4h,1.195,1.201,1.191,1.196,141444.132632
1780171200000,2026-05-30T20:00:00+00:00,DOT/USDT,4h,1.197,1.204,1.183,1.189,123618.517533
1780185600000,2026-05-31T00:00:00+00:00,DOT/USDT,4h,1.19,1.2,1.186,1.197,102459.022519
1780200000000,2026-05-31T04:00:00+00:00,DOT/USDT,4h,1.197,1.203,1.184,1.19,71843.774591
1780214400000,2026-05-31T08:00:00+00:00,DOT/USDT,4h,1.19,1.198,1.182,1.192,48374.762811
1780228800000,2026-05-31T12:00:00+00:00,DOT/USDT,4h,1.192,1.198,1.166,1.173,430982.134902
1780243200000,2026-05-31T16:00:00+00:00,DOT/USDT,4h,1.174,1.175,1.156,1.165,259915.777336
1780257600000,2026-05-31T20:00:00+00:00,DOT/USDT,4h,1.166,1.196,1.166,1.188,141937.225884
1780272000000,2026-06-01T00:00:00+00:00,DOT/USDT,4h,1.189,1.206,1.173,1.199,358114.055751
1780286400000,2026-06-01T04:00:00+00:00,DOT/USDT,4h,1.2,1.204,1.163,1.165,269345.375022
1780300800000,2026-06-01T08:00:00+00:00,DOT/USDT,4h,1.165,1.175,1.154,1.157,262837.962735
1780315200000,2026-06-01T12:00:00+00:00,DOT/USDT,4h,1.158,1.162,1.127,1.131,412261.502713
1780329600000,2026-06-01T16:00:00+00:00,DOT/USDT,4h,1.132,1.169,1.124,1.168,239733.702491
1780344000000,2026-06-01T20:00:00+00:00,DOT/USDT,4h,1.169,1.169,1.146,1.16,114242.004996
1780358400000,2026-06-02T00:00:00+00:00,DOT/USDT,4h,1.16,1.161,1.128,1.154,250263.702455
1780372800000,2026-06-02T04:00:00+00:00,DOT/USDT,4h,1.155,1.156,1.121,1.13,319669.389125
1780387200000,2026-06-02T08:00:00+00:00,DOT/USDT,4h,1.13,1.146,1.128,1.135,141944.77602
1780401600000,2026-06-02T12:00:00+00:00,DOT/USDT,4h,1.135,1.143,1.084,1.097,735147.847231
1780416000000,2026-06-02T16:00:00+00:00,DOT/USDT,4h,1.096,1.122,1.079,1.105,351460.856337
1780430400000,2026-06-02T20:00:00+00:00,DOT/USDT,4h,1.103,1.112,1.057,1.079,527710.405017
1780444800000,2026-06-03T00:00:00+00:00,DOT/USDT,4h,1.08,1.091,1.057,1.063,338228.099299
1780459200000,2026-06-03T04:00:00+00:00,DOT/USDT,4h,1.064,1.117,1.064,1.114,295367.287983
1780473600000,2026-06-03T08:00:00+00:00,DOT/USDT,4h,1.113,1.132,1.105,1.118,134739.275682
1780488000000,2026-06-03T12:00:00+00:00,DOT/USDT,4h,1.118,1.129,1.108,1.113,351391.599181
1780502400000,2026-06-03T16:00:00+00:00,DOT/USDT,4h,1.114,1.117,1.089,1.097,228432.230411
1780516800000,2026-06-03T20:00:00+00:00,DOT/USDT,4h,1.096,1.124,1.081,1.104,192513.549595
1780531200000,2026-06-04T00:00:00+00:00,DOT/USDT,4h,1.104,1.116,1.008,1.081,676012.515956
1780545600000,2026-06-04T04:00:00+00:00,DOT/USDT,4h,1.08,1.086,1.047,1.049,231042.036886
1780560000000,2026-06-04T08:00:00+00:00,DOT/USDT,4h,1.049,1.055,1.01,1.029,572679.71303
1780574400000,2026-06-04T12:00:00+00:00,DOT/USDT,4h,1.029,1.067,1.022,1.065,185327.953461
1780588800000,2026-06-04T16:00:00+00:00,DOT/USDT,4h,1.065,1.072,1.047,1.06,184499.521291
1780603200000,2026-06-04T20:00:00+00:00,DOT/USDT,4h,1.06,1.06,1.023,1.038,215673.380553
1780617600000,2026-06-05T00:00:00+00:00,DOT/USDT,4h,1.037,1.043,1.004,1.005,168295.949149
1780632000000,2026-06-05T04:00:00+00:00,DOT/USDT,4h,1.006,1.028,0.943,0.994,613044.654012
1780646400000,2026-06-05T08:00:00+00:00,DOT/USDT,4h,0.993,1.006,0.978,0.993,196741.782138
1780660800000,2026-06-05T12:00:00+00:00,DOT/USDT,4h,0.994,1.004,0.943,0.955,477684.719724
1780675200000,2026-06-05T16:00:00+00:00,DOT/USDT,4h,0.953,0.974,0.91,0.934,870347.361953
1780689600000,2026-06-05T20:00:00+00:00,DOT/USDT,4h,0.935,0.966,0.923,0.947,590890.03769
1780704000000,2026-06-06T00:00:00+00:00,DOT/USDT,4h,0.946,0.962,0.933,0.934,203670.023147
1780718400000,2026-06-06T04:00:00+00:00,DOT/USDT,4h,0.933,0.945,0.885,0.944,882755.04387
1780732800000,2026-06-06T08:00:00+00:00,DOT/USDT,4h,0.944,0.96,0.927,0.946,691617.762622
1780747200000,2026-06-06T12:00:00+00:00,DOT/USDT,4h,0.945,0.96,0.933,0.939,152740.637046
1780761600000,2026-06-06T16:00:00+00:00,DOT/USDT,4h,0.938,0.944,0.928,0.932,69707.599787
1780776000000,2026-06-06T20:00:00+00:00,DOT/USDT,4h,0.932,0.944,0.928,0.943,84536.387042
1780790400000,2026-06-07T00:00:00+00:00,DOT/USDT,4h,0.943,0.965,0.941,0.956,193185.105087
1780804800000,2026-06-07T04:00:00+00:00,DOT/USDT,4h,0.957,0.973,0.953,0.969,169635.397633
1780819200000,2026-06-07T08:00:00+00:00,DOT/USDT,4h,0.969,0.981,0.964,0.971,149049.28206
1780833600000,2026-06-07T12:00:00+00:00,DOT/USDT,4h,0.972,0.973,0.95,0.963,395963.92829
1780848000000,2026-06-07T16:00:00+00:00,DOT/USDT,4h,0.964,0.974,0.941,0.944,141584.765703
1780862400000,2026-06-07T20:00:00+00:00,DOT/USDT,4h,0.943,1.002,0.941,0.973,288348.276174
1780876800000,2026-06-08T00:00:00+00:00,DOT/USDT,4h,0.974,0.983,0.958,0.968,172959.114652
1780891200000,2026-06-08T04:00:00+00:00,DOT/USDT,4h,0.97,0.97,0.951,0.966,102348.452668
1780905600000,2026-06-08T08:00:00+00:00,DOT/USDT,4h,0.966,0.984,0.959,0.981,231069.025998
1780920000000,2026-06-08T12:00:00+00:00,DOT/USDT,4h,0.98,0.993,0.971,0.985,438446.952058
1780934400000,2026-06-08T16:00:00+00:00,DOT/USDT,4h,0.986,0.993,0.977,0.988,88033.080624
1780948800000,2026-06-08T20:00:00+00:00,DOT/USDT,4h,0.989,0.995,0.973,0.975,91979.516974
1780963200000,2026-06-09T00:00:00+00:00,DOT/USDT,4h,0.975,0.976,0.951,0.958,151713.221526
1780977600000,2026-06-09T04:00:00+00:00,DOT/USDT,4h,0.957,0.978,0.955,0.972,84175.816251
1780992000000,2026-06-09T08:00:00+00:00,DOT/USDT,4h,0.973,0.973,0.962,0.968,68939.80768
1781006400000,2026-06-09T12:00:00+00:00,DOT/USDT,4h,0.967,0.974,0.942,0.942,175864.609481
1781020800000,2026-06-09T16:00:00+00:00,DOT/USDT,4h,0.942,0.967,0.927,0.964,190149.206008
1781035200000,2026-06-09T20:00:00+00:00,DOT/USDT,4h,0.965,0.969,0.955,0.957,80563.502999
1781049600000,2026-06-10T00:00:00+00:00,DOT/USDT,4h,0.957,0.965,0.945,0.951,112705.445077
1781064000000,2026-06-10T04:00:00+00:00,DOT/USDT,4h,0.95,0.951,0.939,0.948,132480.834692
1781078400000,2026-06-10T08:00:00+00:00,DOT/USDT,4h,0.948,0.948,0.925,0.93,101031.969356
1781092800000,2026-06-10T12:00:00+00:00,DOT/USDT,4h,0.929,0.96,0.928,0.95,276883.03492
1781107200000,2026-06-10T16:00:00+00:00,DOT/USDT,4h,0.951,0.953,0.919,0.923,361359.448425
1781121600000,2026-06-10T20:00:00+00:00,DOT/USDT,4h,0.922,0.925,0.903,0.917,140679.494132
1781136000000,2026-06-11T00:00:00+00:00,DOT/USDT,4h,0.917,0.95,0.917,0.948,158577.622898
1781150400000,2026-06-11T04:00:00+00:00,DOT/USDT,4h,0.947,0.954,0.942,0.948,92388.562358
1781164800000,2026-06-11T08:00:00+00:00,DOT/USDT,4h,0.949,0.959,0.944,0.954,138451.419187
1781179200000,2026-06-11T12:00:00+00:00,DOT/USDT,4h,0.954,0.954,0.935,0.946,151308.82282
1781193600000,2026-06-11T16:00:00+00:00,DOT/USDT,4h,0.947,0.975,0.942,0.963,195444.579385
1781208000000,2026-06-11T20:00:00+00:00,DOT/USDT,4h,0.964,0.966,0.95,0.951,150988.493551
1781222400000,2026-06-12T00:00:00+00:00,DOT/USDT,4h,0.952,0.956,0.945,0.9546,179524.813301
1781236800000,2026-06-12T04:00:00+00:00,DOT/USDT,4h,0.9546,0.959,0.9399,0.9478,147073.690109
1781251200000,2026-06-12T08:00:00+00:00,DOT/USDT,4h,0.947,0.9693,0.9459,0.9669,120129.107966
1781265600000,2026-06-12T12:00:00+00:00,DOT/USDT,4h,0.966,0.9744,0.949,0.949,167824.528319
1781280000000,2026-06-12T16:00:00+00:00,DOT/USDT,4h,0.9496,0.968,0.9469,0.9579,84389.618996
1781294400000,2026-06-12T20:00:00+00:00,DOT/USDT,4h,0.9578,0.9609,0.9501,0.9571,85138.994066
1781308800000,2026-06-13T00:00:00+00:00,DOT/USDT,4h,0.9576,0.972,0.956,0.968,155809.950973
1781323200000,2026-06-13T04:00:00+00:00,DOT/USDT,4h,0.9674,0.9932,0.962,0.9929,136870.853775
1781337600000,2026-06-13T08:00:00+00:00,DOT/USDT,4h,0.9929,0.9949,0.9782,0.9856,82300.891293
1781352000000,2026-06-13T12:00:00+00:00,DOT/USDT,4h,0.9859,0.9954,0.9829,0.9914,308942.922775
1781366400000,2026-06-13T16:00:00+00:00,DOT/USDT,4h,0.9915,0.9916,0.9765,0.9789,85198.80695
1781380800000,2026-06-13T20:00:00+00:00,DOT/USDT,4h,0.979,0.9863,0.9763,0.9802,92999.978396
1781395200000,2026-06-14T00:00:00+00:00,DOT/USDT,4h,0.9805,0.9848,0.975,0.978,136052.037732
1781409600000,2026-06-14T04:00:00+00:00,DOT/USDT,4h,0.978,0.9788,0.9636,0.9669,169616.241082
1781424000000,2026-06-14T08:00:00+00:00,DOT/USDT,4h,0.9667,0.9734,0.9657,0.9686,53417.435412
1781438400000,2026-06-14T12:00:00+00:00,DOT/USDT,4h,0.9687,0.9703,0.9513,0.9575,96177.544539
1781452800000,2026-06-14T16:00:00+00:00,DOT/USDT,4h,0.957,0.962,0.9489,0.9524,117097.595128
1781467200000,2026-06-14T20:00:00+00:00,DOT/USDT,4h,0.9523,0.998,0.9498,0.9977,356742.005445
1781481600000,2026-06-15T00:00:00+00:00,DOT/USDT,4h,0.9978,1.0037,0.9863,1.0007,315245.10724
1781496000000,2026-06-15T04:00:00+00:00,DOT/USDT,4h,1.0006,1.0107,0.998,0.9986,181527.571622
1781510400000,2026-06-15T08:00:00+00:00,DOT/USDT,4h,0.9987,1.0272,0.9974,1.0221,701040.33844
1781524800000,2026-06-15T12:00:00+00:00,DOT/USDT,4h,1.0222,1.0461,1.0172,1.0441,381368.734988
1781539200000,2026-06-15T16:00:00+00:00,DOT/USDT,4h,1.0446,1.046,1.0164,1.02,283580.533686
1781553600000,2026-06-15T20:00:00+00:00,DOT/USDT,4h,1.0204,1.0251,1.0011,1.0104,220024.040907
1781568000000,2026-06-16T00:00:00+00:00,DOT/USDT,4h,1.0103,1.0171,0.995,1.011,180203.356494
1781582400000,2026-06-16T04:00:00+00:00,DOT/USDT,4h,1.0108,1.0179,1.0007,1.0169,140263.082482
1781596800000,2026-06-16T08:00:00+00:00,DOT/USDT,4h,1.0164,1.0326,1.015,1.022,234914.449061
1781611200000,2026-06-16T12:00:00+00:00,DOT/USDT,4h,1.0221,1.0332,0.9875,1.0014,362385.619115
1781625600000,2026-06-16T16:00:00+00:00,DOT/USDT,4h,1.0013,1.0237,0.9976,1.0105,241372.889979
1781640000000,2026-06-16T20:00:00+00:00,DOT/USDT,4h,1.0104,1.0236,1.0078,1.0135,267368.061361
1781654400000,2026-06-17T00:00:00+00:00,DOT/USDT,4h,1.0136,1.0378,1.0136,1.0253,224699.533137
1781668800000,2026-06-17T04:00:00+00:00,DOT/USDT,4h,1.0256,1.034,1.0185,1.0236,177807.733648
1781683200000,2026-06-17T08:00:00+00:00,DOT/USDT,4h,1.024,1.0243,0.9997,1.0052,282735.139681
1781697600000,2026-06-17T12:00:00+00:00,DOT/USDT,4h,1.0052,1.0389,1.0004,1.0375,267231.181956
1781712000000,2026-06-17T16:00:00+00:00,DOT/USDT,4h,1.0377,1.0432,0.9927,0.9981,656905.545901
1781726400000,2026-06-17T20:00:00+00:00,DOT/USDT,4h,0.998,1.0091,0.9862,1.0038,199892.004176
1781740800000,2026-06-18T00:00:00+00:00,DOT/USDT,4h,1.004,1.0101,0.9814,0.9824,189941.914785
1781755200000,2026-06-18T04:00:00+00:00,DOT/USDT,4h,0.9822,0.9866,0.9662,0.9836,202679.546006
1781769600000,2026-06-18T08:00:00+00:00,DOT/USDT,4h,0.9832,0.9877,0.972,0.9737,165670.948315
1781784000000,2026-06-18T12:00:00+00:00,DOT/USDT,4h,0.9738,0.9868,0.9407,0.9455,353582.216651
1781798400000,2026-06-18T16:00:00+00:00,DOT/USDT,4h,0.9454,0.9659,0.9437,0.964,218730.321104
1781812800000,2026-06-18T20:00:00+00:00,DOT/USDT,4h,0.9642,0.9752,0.9642,0.9746,101407.177963
1781827200000,2026-06-19T00:00:00+00:00,DOT/USDT,4h,0.9747,0.9816,0.9589,0.9667,156803.116994
1781841600000,2026-06-19T04:00:00+00:00,DOT/USDT,4h,0.9667,0.9704,0.9502,0.9539,169324.889082
1781856000000,2026-06-19T08:00:00+00:00,DOT/USDT,4h,0.9542,0.9594,0.9494,0.9504,137013.152216
1781870400000,2026-06-19T12:00:00+00:00,DOT/USDT,4h,0.9507,0.9717,0.9462,0.9683,200896.161435
1781884800000,2026-06-19T16:00:00+00:00,DOT/USDT,4h,0.9682,0.9709,0.95,0.9528,187499.800587
1781899200000,2026-06-19T20:00:00+00:00,DOT/USDT,4h,0.9529,0.9633,0.9503,0.9609,124007.343901
1781913600000,2026-06-20T00:00:00+00:00,DOT/USDT,4h,0.961,0.9689,0.9543,0.9567,146417.05333
1781928000000,2026-06-20T04:00:00+00:00,DOT/USDT,4h,0.9567,0.9744,0.9558,0.9635,117746.214286
1781942400000,2026-06-20T08:00:00+00:00,DOT/USDT,4h,0.9634,0.9714,0.9604,0.9647,104122.57631
1781956800000,2026-06-20T12:00:00+00:00,DOT/USDT,4h,0.9647,0.972,0.9495,0.9684,200172.307738
1781971200000,2026-06-20T16:00:00+00:00,DOT/USDT,4h,0.9688,0.9691,0.9549,0.9589,72413.091666
1781985600000,2026-06-20T20:00:00+00:00,DOT/USDT,4h,0.959,0.9759,0.9578,0.9695,120546.438142
1782000000000,2026-06-21T00:00:00+00:00,DOT/USDT,4h,0.9694,0.9739,0.9664,0.9717,64556.025633
1782014400000,2026-06-21T04:00:00+00:00,DOT/USDT,4h,0.9719,0.9738,0.963,0.9677,75884.61509
1782028800000,2026-06-21T08:00:00+00:00,DOT/USDT,4h,0.9677,0.9757,0.9601,0.9643,140674.777201
1782043200000,2026-06-21T12:00:00+00:00,DOT/USDT,4h,0.9645,0.9724,0.9616,0.9705,73569.347135
1782057600000,2026-06-21T16:00:00+00:00,DOT/USDT,4h,0.9702,0.9702,0.9568,0.9643,93528.328128
1782072000000,2026-06-21T20:00:00+00:00,DOT/USDT,4h,0.9643,0.9645,0.9405,0.9415,147082.427386
1782086400000,2026-06-22T00:00:00+00:00,DOT/USDT,4h,0.9417,0.972,0.9414,0.9511,166255.09421
1782100800000,2026-06-22T04:00:00+00:00,DOT/USDT,4h,0.9508,0.9664,0.9491,0.9635,237634.478817
1782115200000,2026-06-22T08:00:00+00:00,DOT/USDT,4h,0.9635,0.9726,0.9565,0.9708,153835.579653
1782129600000,2026-06-22T12:00:00+00:00,DOT/USDT,4h,0.9709,0.9789,0.9561,0.9579,337014.132671
1782144000000,2026-06-22T16:00:00+00:00,DOT/USDT,4h,0.958,0.9621,0.9415,0.9449,162091.312393
1782158400000,2026-06-22T20:00:00+00:00,DOT/USDT,4h,0.9448,0.9495,0.9284,0.9359,231979.282971
1782172800000,2026-06-23T00:00:00+00:00,DOT/USDT,4h,0.9362,0.9383,0.9278,0.9372,208240.553523
1782187200000,2026-06-23T04:00:00+00:00,DOT/USDT,4h,0.9378,0.9386,0.9057,0.906,472987.317964
1782201600000,2026-06-23T08:00:00+00:00,DOT/USDT,4h,0.9064,0.908,0.8837,0.9045,773513.290143
1782216000000,2026-06-23T12:00:00+00:00,DOT/USDT,4h,0.9048,0.9116,0.8939,0.9,391394.851869
1782230400000,2026-06-23T16:00:00+00:00,DOT/USDT,4h,0.9,0.906,0.8955,0.9034,161046.840381
1782244800000,2026-06-23T20:00:00+00:00,DOT/USDT,4h,0.9035,0.9146,0.9035,0.91,185260.642162
1782259200000,2026-06-24T00:00:00+00:00,DOT/USDT,4h,0.9101,0.9194,0.9033,0.9063,181643.233235
1782273600000,2026-06-24T04:00:00+00:00,DOT/USDT,4h,0.906,0.9116,0.8959,0.9053,168116.50994
1782288000000,2026-06-24T08:00:00+00:00,DOT/USDT,4h,0.9054,0.9132,0.8949,0.9065,111244.071109
1782302400000,2026-06-24T12:00:00+00:00,DOT/USDT,4h,0.9064,0.9075,0.868,0.8723,442129.454507
1782316800000,2026-06-24T16:00:00+00:00,DOT/USDT,4h,0.8722,0.8848,0.8423,0.8678,866056.858513
1782331200000,2026-06-24T20:00:00+00:00,DOT/USDT,4h,0.8677,0.8928,0.8663,0.8881,226891.568595
1782345600000,2026-06-25T00:00:00+00:00,DOT/USDT,4h,0.8883,0.89,0.8809,0.8821,120029.681526
1782360000000,2026-06-25T04:00:00+00:00,DOT/USDT,4h,0.882,0.8985,0.8794,0.8914,166884.389518
1782374400000,2026-06-25T08:00:00+00:00,DOT/USDT,4h,0.8913,0.8913,0.8758,0.8765,249523.535608
1782388800000,2026-06-25T12:00:00+00:00,DOT/USDT,4h,0.8767,0.8861,0.818,0.8522,597352.826915
1782403200000,2026-06-25T16:00:00+00:00,DOT/USDT,4h,0.8523,0.8646,0.8382,0.8424,566688.569625
1782417600000,2026-06-25T20:00:00+00:00,DOT/USDT,4h,0.8425,0.8542,0.8404,0.8432,184357.308977
1782432000000,2026-06-26T00:00:00+00:00,DOT/USDT,4h,0.8433,0.8464,0.804,0.8335,729713.08603
1782446400000,2026-06-26T04:00:00+00:00,DOT/USDT,4h,0.8334,0.8452,0.8252,0.8441,226996.330657
1782460800000,2026-06-26T08:00:00+00:00,DOT/USDT,4h,0.8443,0.8459,0.8259,0.8289,240831.181566
1782475200000,2026-06-26T12:00:00+00:00,DOT/USDT,4h,0.829,0.8581,0.8222,0.8556,377737.482247
1782489600000,2026-06-26T16:00:00+00:00,DOT/USDT,4h,0.8557,0.8641,0.8481,0.8547,281143.444343
1782504000000,2026-06-26T20:00:00+00:00,DOT/USDT,4h,0.855,0.8652,0.8484,0.8529,161057.309115
1782518400000,2026-06-27T00:00:00+00:00,DOT/USDT,4h,0.853,0.8609,0.8461,0.8525,190652.80296
1782532800000,2026-06-27T04:00:00+00:00,DOT/USDT,4h,0.8523,0.856,0.8444,0.8456,113283.887078
1782547200000,2026-06-27T08:00:00+00:00,DOT/USDT,4h,0.8456,0.8466,0.8384,0.8432,132300.001617
1782561600000,2026-06-27T12:00:00+00:00,DOT/USDT,4h,0.8432,0.8513,0.84,0.8473,160575.41369
1782576000000,2026-06-27T16:00:00+00:00,DOT/USDT,4h,0.8476,0.8481,0.8251,0.8285,272893.474781
1782590400000,2026-06-27T20:00:00+00:00,DOT/USDT,4h,0.8286,0.8317,0.8081,0.8154,367983.606984
1782604800000,2026-06-28T00:00:00+00:00,DOT/USDT,4h,0.8154,0.8204,0.8041,0.8185,217776.120747
1782619200000,2026-06-28T04:00:00+00:00,DOT/USDT,4h,0.8183,0.8212,0.8063,0.8165,101099.891385
1782633600000,2026-06-28T08:00:00+00:00,DOT/USDT,4h,0.8167,0.8213,0.8045,0.8117,306917.34663
1782648000000,2026-06-28T12:00:00+00:00,DOT/USDT,4h,0.8117,0.8156,0.7986,0.8109,308151.416589
1782662400000,2026-06-28T16:00:00+00:00,DOT/USDT,4h,0.811,0.8142,0.8015,0.8082,201479.986374
1782676800000,2026-06-28T20:00:00+00:00,DOT/USDT,4h,0.8081,0.815,0.796,0.8109,190449.12238
1782691200000,2026-06-29T00:00:00+00:00,DOT/USDT,4h,0.8112,0.8286,0.8064,0.8251,294881.714818
1782705600000,2026-06-29T04:00:00+00:00,DOT/USDT,4h,0.825,0.8262,0.8131,0.8168,165763.229104
1782720000000,2026-06-29T08:00:00+00:00,DOT/USDT,4h,0.8167,0.8232,0.8106,0.8169,129320.785282
1782734400000,2026-06-29T12:00:00+00:00,DOT/USDT,4h,0.817,0.8312,0.8091,0.8225,327310.741602
1782748800000,2026-06-29T16:00:00+00:00,DOT/USDT,4h,0.8224,0.8409,0.8183,0.8313,222996.342816
1782763200000,2026-06-29T20:00:00+00:00,DOT/USDT,4h,0.8315,0.8321,0.8227,0.8258,140999.010042
1782777600000,2026-06-30T00:00:00+00:00,DOT/USDT,4h,0.8256,0.8286,0.8137,0.8164,219853.179912
1782792000000,2026-06-30T04:00:00+00:00,DOT/USDT,4h,0.8162,0.8197,0.8139,0.8161,87628.35393
1782806400000,2026-06-30T08:00:00+00:00,DOT/USDT,4h,0.8158,0.8175,0.8094,0.8114,138380.601697
1782820800000,2026-06-30T12:00:00+00:00,DOT/USDT,4h,0.8113,0.8223,0.8016,0.8144,400655.42336
1782835200000,2026-06-30T16:00:00+00:00,DOT/USDT,4h,0.8146,0.8256,0.8088,0.8243,125602.436776
1782849600000,2026-06-30T20:00:00+00:00,DOT/USDT,4h,0.8242,0.8257,0.8167,0.8225,108795.210915
1782864000000,2026-07-01T00:00:00+00:00,DOT/USDT,4h,0.8228,0.8419,0.8061,0.8367,265315.870419
1782878400000,2026-07-01T04:00:00+00:00,DOT/USDT,4h,0.8366,0.8428,0.8283,0.8344,136122.295934
1782892800000,2026-07-01T08:00:00+00:00,DOT/USDT,4h,0.8343,0.8417,0.8301,0.8332,151996.473193
1782907200000,2026-07-01T12:00:00+00:00,DOT/USDT,4h,0.8332,0.8502,0.8258,0.8461,209346.918682
1782921600000,2026-07-01T16:00:00+00:00,DOT/USDT,4h,0.8462,0.8472,0.8322,0.8331,208151.98326
1782936000000,2026-07-01T20:00:00+00:00,DOT/USDT,4h,0.8334,0.85,0.8274,0.8284,273947.070425
1782950400000,2026-07-02T00:00:00+00:00,DOT/USDT,4h,0.8283,0.8492,0.8245,0.847,230091.769055
1782964800000,2026-07-02T04:00:00+00:00,DOT/USDT,4h,0.8479,0.8488,0.8351,0.8404,231832.530496
1782979200000,2026-07-02T08:00:00+00:00,DOT/USDT,4h,0.8405,0.8518,0.8391,0.8506,291990.318274
1782993600000,2026-07-02T12:00:00+00:00,DOT/USDT,4h,0.8505,0.8679,0.8491,0.8504,745945.79085
1783008000000,2026-07-02T16:00:00+00:00,DOT/USDT,4h,0.8504,0.8536,0.8409,0.8443,258839.193356
1783022400000,2026-07-02T20:00:00+00:00,DOT/USDT,4h,0.8443,0.8452,0.837,0.8415,155648.413715
1783036800000,2026-07-03T00:00:00+00:00,DOT/USDT,4h,0.8416,0.8568,0.8373,0.8532,237942.016893
1783051200000,2026-07-03T04:00:00+00:00,DOT/USDT,4h,0.8528,0.8576,0.8467,0.8565,98654.040768
1783065600000,2026-07-03T08:00:00+00:00,DOT/USDT,4h,0.8565,0.8721,0.8549,0.8702,292134.009463
1783080000000,2026-07-03T12:00:00+00:00,DOT/USDT,4h,0.87,0.8785,0.8631,0.8736,261326.728455
1783094400000,2026-07-03T16:00:00+00:00,DOT/USDT,4h,0.8736,0.8885,0.8736,0.8829,256676.594588
1783108800000,2026-07-03T20:00:00+00:00,DOT/USDT,4h,0.8828,0.8923,0.8787,0.8813,229214.858966
1783123200000,2026-07-04T00:00:00+00:00,DOT/USDT,4h,0.8809,0.886,0.8684,0.8833,194555.752665
1783137600000,2026-07-04T04:00:00+00:00,DOT/USDT,4h,0.8831,0.887,0.8723,0.8737,146268.16501
1783152000000,2026-07-04T08:00:00+00:00,DOT/USDT,4h,0.8737,0.8754,0.8672,0.8719,127416.639074
1783166400000,2026-07-04T12:00:00+00:00,DOT/USDT,4h,0.8718,0.8906,0.8692,0.8879,213793.129312
1783180800000,2026-07-04T16:00:00+00:00,DOT/USDT,4h,0.888,0.9,0.8846,0.8918,237371.044481
1783195200000,2026-07-04T20:00:00+00:00,DOT/USDT,4h,0.892,0.897,0.878,0.8839,134190.37417
1783209600000,2026-07-05T00:00:00+00:00,DOT/USDT,4h,0.8843,0.8843,0.8682,0.8701,144073.184079
1783224000000,2026-07-05T04:00:00+00:00,DOT/USDT,4h,0.8703,0.8738,0.864,0.873,113045.943002
1783238400000,2026-07-05T08:00:00+00:00,DOT/USDT,4h,0.873,0.8733,0.8602,0.8679,302889.28782
1783252800000,2026-07-05T12:00:00+00:00,DOT/USDT,4h,0.8676,0.8832,0.8648,0.8777,132114.444837
1783267200000,2026-07-05T16:00:00+00:00,DOT/USDT,4h,0.878,0.885,0.8746,0.882,110883.448355
1783281600000,2026-07-05T20:00:00+00:00,DOT/USDT,4h,0.8819,0.8915,0.8759,0.8817,160622.006897
1783296000000,2026-07-06T00:00:00+00:00,DOT/USDT,4h,0.8816,0.8878,0.8711,0.8735,111905.583377
1783310400000,2026-07-06T04:00:00+00:00,DOT/USDT,4h,0.8734,0.8741,0.8594,0.8682,171457.724315
1783324800000,2026-07-06T08:00:00+00:00,DOT/USDT,4h,0.8684,0.8712,0.8612,0.8614,250927.885658
1783339200000,2026-07-06T12:00:00+00:00,DOT/USDT,4h,0.8612,0.8834,0.8488,0.8806,450939.621545
1783353600000,2026-07-06T16:00:00+00:00,DOT/USDT,4h,0.8807,0.8985,0.8792,0.8894,297291.061376
1783368000000,2026-07-06T20:00:00+00:00,DOT/USDT,4h,0.8894,0.9078,0.8847,0.8852,210413.106041
1783382400000,2026-07-07T00:00:00+00:00,DOT/USDT,4h,0.8856,0.8875,0.857,0.8598,212326.608014
1783396800000,2026-07-07T04:00:00+00:00,DOT/USDT,4h,0.8596,0.8696,0.8536,0.8614,357327.610447
1783411200000,2026-07-07T08:00:00+00:00,DOT/USDT,4h,0.8617,0.8665,0.8596,0.8664,112858.086213
1783425600000,2026-07-07T12:00:00+00:00,DOT/USDT,4h,0.8664,0.8755,0.8511,0.8736,351605.508018
1783440000000,2026-07-07T16:00:00+00:00,DOT/USDT,4h,0.8736,0.8774,0.855,0.8654,239247.672717
1783454400000,2026-07-07T20:00:00+00:00,DOT/USDT,4h,0.8655,0.8657,0.8456,0.8504,122562.934593
1783468800000,2026-07-08T00:00:00+00:00,DOT/USDT,4h,0.8507,0.8571,0.83,0.8335,311661.94353
1783483200000,2026-07-08T04:00:00+00:00,DOT/USDT,4h,0.8334,0.8419,0.8308,0.8409,167653.020805
1783497600000,2026-07-08T08:00:00+00:00,DOT/USDT,4h,0.8409,0.8428,0.822,0.8337,332899.349641
1783512000000,2026-07-08T12:00:00+00:00,DOT/USDT,4h,0.8335,0.8344,0.8153,0.8205,401222.68191
1783526400000,2026-07-08T16:00:00+00:00,DOT/USDT,4h,0.8203,0.8314,0.8197,0.8258,125414.320846
1783540800000,2026-07-08T20:00:00+00:00,DOT/USDT,4h,0.8258,0.8277,0.8191,0.8273,102494.235025
1783555200000,2026-07-09T00:00:00+00:00,DOT/USDT,4h,0.8274,0.8353,0.8202,0.8264,142060.438679
1783569600000,2026-07-09T04:00:00+00:00,DOT/USDT,4h,0.8266,0.8392,0.8259,0.8345,256772.975692
1783584000000,2026-07-09T08:00:00+00:00,DOT/USDT,4h,0.8347,0.8365,0.8273,0.8334,114677.154304
1783598400000,2026-07-09T12:00:00+00:00,DOT/USDT,4h,0.8333,0.8355,0.8258,0.829,197381.13938
1783612800000,2026-07-09T16:00:00+00:00,DOT/USDT,4h,0.8292,0.8344,0.8246,0.826,130709.21013
1783627200000,2026-07-09T20:00:00+00:00,DOT/USDT,4h,0.8258,0.8286,0.8233,0.826,65874.796459
1783641600000,2026-07-10T00:00:00+00:00,DOT/USDT,4h,0.8263,0.8485,0.8214,0.8454,276441.101189
1783656000000,2026-07-10T04:00:00+00:00,DOT/USDT,4h,0.8457,0.8526,0.842,0.8475,417955.621446
1783670400000,2026-07-10T08:00:00+00:00,DOT/USDT,4h,0.8475,0.895,0.847,0.8844,1543436.525986
1783684800000,2026-07-10T12:00:00+00:00,DOT/USDT,4h,0.885,0.8898,0.867,0.8745,732672.500856
1783699200000,2026-07-10T16:00:00+00:00,DOT/USDT,4h,0.8746,0.8856,0.8679,0.8739,502652.612213
1783713600000,2026-07-10T20:00:00+00:00,DOT/USDT,4h,0.8733,0.8826,0.8681,0.8769,215814.961235
1783728000000,2026-07-11T00:00:00+00:00,DOT/USDT,4h,0.8766,0.884,0.8713,0.8834,186219.018824
1783742400000,2026-07-11T04:00:00+00:00,DOT/USDT,4h,0.8836,0.8858,0.8753,0.8755,110666.933188
1783756800000,2026-07-11T08:00:00+00:00,DOT/USDT,4h,0.8758,0.887,0.8741,0.88,135240.122246
1783771200000,2026-07-11T12:00:00+00:00,DOT/USDT,4h,0.8798,0.886,0.8757,0.8797,165691.209479
1783785600000,2026-07-11T16:00:00+00:00,DOT/USDT,4h,0.8798,0.8832,0.8763,0.8802,188400.096455
1783800000000,2026-07-11T20:00:00+00:00,DOT/USDT,4h,0.8801,0.8843,0.8499,0.8539,268112.401973
1783814400000,2026-07-12T00:00:00+00:00,DOT/USDT,4h,0.8538,0.8589,0.8451,0.8572,280882.850825
1783828800000,2026-07-12T04:00:00+00:00,DOT/USDT,4h,0.8575,0.8587,0.845,0.8476,239297.884819
1783843200000,2026-07-12T08:00:00+00:00,DOT/USDT,4h,0.8475,0.8516,0.8438,0.8491,143821.120924
1783857600000,2026-07-12T12:00:00+00:00,DOT/USDT,4h,0.849,0.8506,0.8398,0.8454,232581.069779
1783872000000,2026-07-12T16:00:00+00:00,DOT/USDT,4h,0.8457,0.8457,0.834,0.8449,230412.077457
1783886400000,2026-07-12T20:00:00+00:00,DOT/USDT,4h,0.845,0.8533,0.8427,0.8444,191321.044849
1783900800000,2026-07-13T00:00:00+00:00,DOT/USDT,4h,0.8448,0.8604,0.825,0.8293,216601.898151
1783915200000,2026-07-13T04:00:00+00:00,DOT/USDT,4h,0.8292,0.8387,0.8269,0.8384,114592.410313
1783929600000,2026-07-13T08:00:00+00:00,DOT/USDT,4h,0.8384,0.8389,0.8295,0.8324,151370.100989
1783944000000,2026-07-13T12:00:00+00:00,DOT/USDT,4h,0.8326,0.8399,0.825,0.838,274677.660633
1783958400000,2026-07-13T16:00:00+00:00,DOT/USDT,4h,0.8383,0.8433,0.8265,0.8398,160663.64418
1783972800000,2026-07-13T20:00:00+00:00,DOT/USDT,4h,0.8408,0.8412,0.8276,0.8367,102846.187848
1783987200000,2026-07-14T00:00:00+00:00,DOT/USDT,4h,0.8367,0.8426,0.8279,0.8356,139842.356457
1784001600000,2026-07-14T04:00:00+00:00,DOT/USDT,4h,0.8358,0.8486,0.8351,0.845,197147.392024
1784016000000,2026-07-14T08:00:00+00:00,DOT/USDT,4h,0.8447,0.85,0.8367,0.8367,184662.865844
1784030400000,2026-07-14T12:00:00+00:00,DOT/USDT,4h,0.8368,0.861,0.834,0.8527,629596.391931
1784044800000,2026-07-14T16:00:00+00:00,DOT/USDT,4h,0.8528,0.8589,0.8448,0.8497,236067.895999
1784059200000,2026-07-14T20:00:00+00:00,DOT/USDT,4h,0.8499,0.8549,0.8437,0.8525,326077.20813
1784073600000,2026-07-15T00:00:00+00:00,DOT/USDT,4h,0.8526,0.8593,0.8493,0.8556,163102.325876
1784088000000,2026-07-15T04:00:00+00:00,DOT/USDT,4h,0.8554,0.8621,0.8473,0.8532,292898.154071
1784102400000,2026-07-15T08:00:00+00:00,DOT/USDT,4h,0.8533,0.8562,0.8491,0.8524,249486.299307
1784116800000,2026-07-15T12:00:00+00:00,DOT/USDT,4h,0.8524,0.8689,0.8502,0.8561,523071.368312
1784131200000,2026-07-15T16:00:00+00:00,DOT/USDT,4h,0.8563,0.8575,0.8383,0.8403,366751.896505
1784145600000,2026-07-15T20:00:00+00:00,DOT/USDT,4h,0.8402,0.8503,0.84,0.8473,98612.26225
1784160000000,2026-07-16T00:00:00+00:00,DOT/USDT,4h,0.8472,0.8514,0.8368,0.8505,211494.215977
1784174400000,2026-07-16T04:00:00+00:00,DOT/USDT,4h,0.8506,0.8512,0.8331,0.836,361552.84207
1784188800000,2026-07-16T08:00:00+00:00,DOT/USDT,4h,0.8363,0.8418,0.8277,0.8399,370447.131153
1784203200000,2026-07-16T12:00:00+00:00,DOT/USDT,4h,0.8398,0.8608,0.8342,0.8544,598690.347997
1784217600000,2026-07-16T16:00:00+00:00,DOT/USDT,4h,0.8547,0.8581,0.841,0.8569,256115.689292
1784232000000,2026-07-16T20:00:00+00:00,DOT/USDT,4h,0.857,0.8739,0.8521,0.8588,446906.979074
1784246400000,2026-07-17T00:00:00+00:00,DOT/USDT,4h,0.859,0.8698,0.853,0.8594,280562.450626
1784260800000,2026-07-17T04:00:00+00:00,DOT/USDT,4h,0.8593,0.862,0.8441,0.8496,274000.281685
1784275200000,2026-07-17T08:00:00+00:00,DOT/USDT,4h,0.8499,0.8611,0.8415,0.8532,387267.932283
1784289600000,2026-07-17T12:00:00+00:00,DOT/USDT,4h,0.8532,0.8546,0.8339,0.85,488377.406797
1784304000000,2026-07-17T16:00:00+00:00,DOT/USDT,4h,0.8504,0.8645,0.8465,0.8534,304972.806063
1784318400000,2026-07-17T20:00:00+00:00,DOT/USDT,4h,0.853,0.8572,0.848,0.8497,301314.469624
1784332800000,2026-07-18T00:00:00+00:00,DOT/USDT,4h,0.8493,0.8531,0.8471,0.8525,137224.706874
1784347200000,2026-07-18T04:00:00+00:00,DOT/USDT,4h,0.8525,0.8527,0.8413,0.8429,165113.363818
1784361600000,2026-07-18T08:00:00+00:00,DOT/USDT,4h,0.8429,0.8441,0.8357,0.8379,112474.609476
1784376000000,2026-07-18T12:00:00+00:00,DOT/USDT,4h,0.8378,0.8396,0.83,0.8328,490779.681838
1784390400000,2026-07-18T16:00:00+00:00,DOT/USDT,4h,0.8325,0.8402,0.8303,0.836,364692.520931
1784404800000,2026-07-18T20:00:00+00:00,DOT/USDT,4h,0.836,0.8387,0.834,0.8381,146250.820696
1784419200000,2026-07-19T00:00:00+00:00,DOT/USDT,4h,0.8386,0.8409,0.8322,0.8376,195143.582129
1784433600000,2026-07-19T04:00:00+00:00,DOT/USDT,4h,0.8377,0.8415,0.8349,0.8372,145226.309204
1784448000000,2026-07-19T08:00:00+00:00,DOT/USDT,4h,0.8376,0.8384,0.83,0.8302,229759.891817
1784462400000,2026-07-19T12:00:00+00:00,DOT/USDT,4h,0.8301,0.8301,0.8206,0.8247,347875.880264
1784476800000,2026-07-19T16:00:00+00:00,DOT/USDT,4h,0.8247,0.8259,0.8065,0.8167,509356.536086
1784491200000,2026-07-19T20:00:00+00:00,DOT/USDT,4h,0.8167,0.8208,0.8126,0.8196,190118.151003
1784505600000,2026-07-20T00:00:00+00:00,DOT/USDT,4h,0.8198,0.8264,0.8076,0.8143,368750.451839
1784520000000,2026-07-20T04:00:00+00:00,DOT/USDT,4h,0.8142,0.8158,0.8012,0.8077,436464.793823
1784534400000,2026-07-20T08:00:00+00:00,DOT/USDT,4h,0.8077,0.8177,0.8008,0.8164,526891.21811
1784548800000,2026-07-20T12:00:00+00:00,DOT/USDT,4h,0.8165,0.8261,0.8086,0.8234,506447.086584
1784563200000,2026-07-20T16:00:00+00:00,DOT/USDT,4h,0.8233,0.8281,0.8167,0.8241,935316.756072
1784577600000,2026-07-20T20:00:00+00:00,DOT/USDT,4h,0.8241,0.8327,0.8211,0.8268,342722.8491
1784592000000,2026-07-21T00:00:00+00:00,DOT/USDT,4h,0.8268,0.8384,0.8246,0.8384,229047.032722
1784606400000,2026-07-21T04:00:00+00:00,DOT/USDT,4h,0.8385,0.8643,0.833,0.856,749916.204555
1784620800000,2026-07-21T08:00:00+00:00,DOT/USDT,4h,0.856,0.8685,0.8556,0.8575,452473.086907
1784635200000,2026-07-21T12:00:00+00:00,DOT/USDT,4h,0.8577,0.8633,0.8513,0.8562,317117.785697
1784649600000,2026-07-21T16:00:00+00:00,DOT/USDT,4h,0.8562,0.858,0.8497,0.8555,395433.220517
1784664000000,2026-07-21T20:00:00+00:00,DOT/USDT,4h,0.8556,0.8563,0.8424,0.8473,222070.680037
1784678400000,2026-07-22T00:00:00+00:00,DOT/USDT,4h,0.8474,0.8585,0.8461,0.8491,310412.255412
1784692800000,2026-07-22T04:00:00+00:00,DOT/USDT,4h,0.8484,0.8555,0.8372,0.8402,337339.264855
1784707200000,2026-07-22T08:00:00+00:00,DOT/USDT,4h,0.8408,0.8433,0.8359,0.8385,188382.52454
1784721600000,2026-07-22T12:00:00+00:00,DOT/USDT,4h,0.8385,0.8467,0.8335,0.8449,300594.511494
1784736000000,2026-07-22T16:00:00+00:00,DOT/USDT,4h,0.8454,0.8533,0.8365,0.8418,277040.824333
1784750400000,2026-07-22T20:00:00+00:00,DOT/USDT,4h,0.8412,0.8439,0.8293,0.8355,170729.070781
1784764800000,2026-07-23T00:00:00+00:00,DOT/USDT,4h,0.8358,0.8418,0.8206,0.8219,479574.967641
1784779200000,2026-07-23T04:00:00+00:00,DOT/USDT,4h,0.8219,0.8259,0.8178,0.8205,422897.564069
1784793600000,2026-07-23T08:00:00+00:00,DOT/USDT,4h,0.8206,0.8248,0.8171,0.8185,248373.41594
1784808000000,2026-07-23T12:00:00+00:00,DOT/USDT,4h,0.8184,0.8231,0.8101,0.8149,434524.172982
1784822400000,2026-07-23T16:00:00+00:00,DOT/USDT,4h,0.8147,0.8193,0.8051,0.8158,355078.077587
1784836800000,2026-07-23T20:00:00+00:00,DOT/USDT,4h,0.8157,0.8198,0.8133,0.8153,105569.781258
1784851200000,2026-07-24T00:00:00+00:00,DOT/USDT,4h,0.8153,0.8201,0.8113,0.8151,121521.130041
1784865600000,2026-07-24T04:00:00+00:00,DOT/USDT,4h,0.815,0.8169,0.8086,0.812,220519.631834
1784880000000,2026-07-24T08:00:00+00:00,DOT/USDT,4h,0.8115,0.812,0.8,0.8039,271423.728772
1784894400000,2026-07-24T12:00:00+00:00,DOT/USDT,4h,0.8036,0.8047,0.7871,0.799,466442.012339
1784908800000,2026-07-24T16:00:00+00:00,DOT/USDT,4h,0.7988,0.8076,0.7977,0.8074,265904.633475
1784923200000,2026-07-24T20:00:00+00:00,DOT/USDT,4h,0.8073,0.8109,0.8015,0.809,206668.822293
1784937600000,2026-07-25T00:00:00+00:00,DOT/USDT,4h,0.8091,0.8137,0.8061,0.8118,83938.772897
1784952000000,2026-07-25T04:00:00+00:00,DOT/USDT,4h,0.8122,0.8179,0.81,0.811,159288.367618
1784966400000,2026-07-25T08:00:00+00:00,DOT/USDT,4h,0.8112,0.8196,0.8088,0.8139,149383.872456
1784980800000,2026-07-25T12:00:00+00:00,DOT/USDT,4h,0.8143,0.8252,0.8136,0.8222,223374.613918
1784995200000,2026-07-25T16:00:00+00:00,DOT/USDT,4h,0.8223,0.8236,0.8162,0.8166,147338.122238
1785009600000,2026-07-25T20:00:00+00:00,DOT/USDT,4h,0.8164,0.8195,0.8133,0.8138,170632.690295
1785024000000,2026-07-26T00:00:00+00:00,DOT/USDT,4h,0.8138,0.8219,0.8131,0.8199,219684.709253
1785038400000,2026-07-26T04:00:00+00:00,DOT/USDT,4h,0.8204,0.829,0.8186,0.826,248705.861197
1785052800000,2026-07-26T08:00:00+00:00,DOT/USDT,4h,0.8261,0.8317,0.8239,0.8245,109413.119052
1785067200000,2026-07-26T12:00:00+00:00,DOT/USDT,4h,0.8246,0.8285,0.821,0.8247,161768.457536
1785081600000,2026-07-26T16:00:00+00:00,DOT/USDT,4h,0.8245,0.8279,0.8171,0.8192,119901.085105
1785096000000,2026-07-26T20:00:00+00:00,DOT/USDT,4h,0.8191,0.832,0.8169,0.8281,146877.238734
1785110400000,2026-07-27T00:00:00+00:00,DOT/USDT,4h,0.8281,0.8281,0.8136,0.8173,85817.519528
1785124800000,2026-07-27T04:00:00+00:00,DOT/USDT,4h,0.8175,0.8211,0.8143,0.8148,218629.367585
1785139200000,2026-07-27T08:00:00+00:00,DOT/USDT,4h,0.8148,0.8153,0.8071,0.8074,327309.262844
1785153600000,2026-07-27T12:00:00+00:00,DOT/USDT,4h,0.8071,0.8131,0.7887,0.7925,421506.673925
1785168000000,2026-07-27T16:00:00+00:00,DOT/USDT,4h,0.792,0.7987,0.7883,0.7932,400361.028361
1785182400000,2026-07-27T20:00:00+00:00,DOT/USDT,4h,0.7932,0.7955,0.7482,0.7594,1302608.305083
1785196800000,2026-07-28T00:00:00+00:00,DOT/USDT,4h,0.7593,0.7625,0.7517,0.7618,555453.531076
1785211200000,2026-07-28T04:00:00+00:00,DOT/USDT,4h,0.7618,0.7722,0.7574,0.7585,699039.519288
1785225600000,2026-07-28T08:00:00+00:00,DOT/USDT,4h,0.7585,0.7654,0.7579,0.7593,249323.115915
1785240000000,2026-07-28T12:00:00+00:00,DOT/USDT,4h,0.7592,0.7655,0.7487,0.7634,567673.898214
1785254400000,2026-07-28T16:00:00+00:00,DOT/USDT,4h,0.763,0.7654,0.7545,0.7636,211694.917602
1785268800000,2026-07-28T20:00:00+00:00,DOT/USDT,4h,0.7637,0.7686,0.7589,0.7611,246767.050308
1785283200000,2026-07-29T00:00:00+00:00,DOT/USDT,4h,0.7613,0.7668,0.7531,0.7583,284429.245899
1785297600000,2026-07-29T04:00:00+00:00,DOT/USDT,4h,0.7586,0.7657,0.7545,0.7657,286378.516057
1785312000000,2026-07-29T08:00:00+00:00,DOT/USDT,4h,0.7657,0.7659,0.7586,0.7611,181221.062843
1785326400000,2026-07-29T12:00:00+00:00,DOT/USDT,4h,0.7614,0.7626,0.7553,0.7594,244758.350368
1785340800000,2026-07-29T16:00:00+00:00,DOT/USDT,4h,0.7593,0.7767,0.7565,0.7602,614539.069323
1785355200000,2026-07-29T20:00:00+00:00,DOT/USDT,4h,0.7604,0.7653,0.7516,0.7638,303544.211994
1785369600000,2026-07-30T00:00:00+00:00,DOT/USDT,4h,0.764,0.773,0.761,0.7662,338127.356904
1785384000000,2026-07-30T04:00:00+00:00,DOT/USDT,4h,0.7659,0.7685,0.761,0.766,187680.833832
1785398400000,2026-07-30T08:00:00+00:00,DOT/USDT,4h,0.7662,0.7707,0.7655,0.7675,238905.702577
1785412800000,2026-07-30T12:00:00+00:00,DOT/USDT,4h,0.7676,0.7733,0.7639,0.7685,304576.739967
1785427200000,2026-07-30T16:00:00+00:00,DOT/USDT,4h,0.7683,0.7781,0.7674,0.7762,654933.865387
1785441600000,2026-07-30T20:00:00+00:00,DOT/USDT,4h,0.7764,0.7792,0.7672,0.769,154993.97665
1785456000000,2026-07-31T00:00:00+00:00,DOT/USDT,4h,0.7687,0.7747,0.7618,0.7691,270943.78107
1785470400000,2026-07-31T04:00:00+00:00,DOT/USDT,4h,0.769,0.7724,0.765,0.7716,151137.718196
1785484800000,2026-07-31T08:00:00+00:00,DOT/USDT,4h,0.7714,0.7715,0.7575,0.7591,313243.922573
1785499200000,2026-07-31T12:00:00+00:00,DOT/USDT,4h,0.759,0.7627,0.7436,0.7577,978744.502627
1785513600000,2026-07-31T16:00:00+00:00,DOT/USDT,4h,0.7575,0.7702,0.7568,0.7619,195446.532822
1785528000000,2026-07-31T20:00:00+00:00,DOT/USDT,4h,0.7619,0.7655,0.7584,0.7592,143965.850991
1785542400000,2026-08-01T00:00:00+00:00,DOT/USDT,4h,0.7591,0.7655,0.7582,0.7647,154595.762565
1785556800000,2026-08-01T04:00:00+00:00,DOT/USDT,4h,0.7647,0.7679,0.7609,0.761,160158.252852
1785571200000,2026-08-01T08:00:00+00:00,DOT/USDT,4h,0.7611,0.7672,0.7611,0.7666,198121.651932
1785585600000,2026-08-01T12:00:00+00:00,DOT/USDT,4h,0.7667,0.785,0.7667,0.7771,488787.857691
1785600000000,2026-08-01T16:00:00+00:00,DOT/USDT,4h,0.7777,0.7824,0.7634,0.7713,323593.407963
1785614400000,2026-08-01T20:00:00+00:00,DOT/USDT,4h,0.7707,0.7824,0.7696,0.7811,197892.506518
1785628800000,2026-08-02T00:00:00+00:00,DOT/USDT,4h,0.7817,0.8008,0.78,0.7912,779089.801567
1785643200000,2026-08-02T04:00:00+00:00,DOT/USDT,4h,0.7912,0.7968,0.7886,0.7945,267837.809236
1785657600000,2026-08-02T08:00:00+00:00,DOT/USDT,4h,0.7947,0.8015,0.7918,0.7939,315560.861201
1785672000000,2026-08-02T12:00:00+00:00,DOT/USDT,4h,0.794,0.8009,0.7929,0.7936,273393.372939
1785686400000,2026-08-02T16:00:00+00:00,DOT/USDT,4h,0.7933,0.8001,0.7901,0.7973,177768.069989
1785700800000,2026-08-02T20:00:00+00:00,DOT/USDT,4h,0.7977,0.799,0.7948,0.7987,173833.892392
1785715200000,2026-08-03T00:00:00+00:00,DOT/USDT,4h,0.7985,0.7988,0.7873,0.7893,187147.051013
1785729600000,2026-08-03T04:00:00+00:00,DOT/USDT,4h,0.7892,0.7988,0.7884,0.7937,371565.925432
1785744000000,2026-08-03T08:00:00+00:00,DOT/USDT,4h,0.7938,0.8078,0.7902,0.8061,419506.881088
1785758400000,2026-08-03T12:00:00+00:00,DOT/USDT,4h,0.8065,0.8291,0.8052,0.8256,848841.775533
1785772800000,2026-08-03T16:00:00+00:00,DOT/USDT,4h,0.8258,0.8319,0.8217,0.8245,258744.748497
1785787200000,2026-08-03T20:00:00+00:00,DOT/USDT,4h,0.8248,0.8256,0.8192,0.8249,145692.610079
1785801600000,2026-08-04T00:00:00+00:00,DOT/USDT,4h,0.8248,0.8473,0.821,0.8399,460897.881051
1785816000000,2026-08-04T04:00:00+00:00,DOT/USDT,4h,0.8399,0.841,0.8304,0.836,358500.353455
1785830400000,2026-08-04T08:00:00+00:00,DOT/USDT,4h,0.836,0.8387,0.83,0.8332,242708.354629
1785844800000,2026-08-04T12:00:00+00:00,DOT/USDT,4h,0.8331,0.8366,0.8249,0.8328,255349.032711
1785859200000,2026-08-04T16:00:00+00:00,DOT/USDT,4h,0.833,0.8462,0.833,0.8409,346105.272682
1785873600000,2026-08-04T20:00:00+00:00,DOT/USDT,4h,0.8414,0.8705,0.8412,0.8569,989286.985236
1785888000000,2026-08-05T00:00:00+00:00,DOT/USDT,4h,0.8569,0.8692,0.8437,0.8467,870360.556001
1785902400000,2026-08-05T04:00:00+00:00,DOT/USDT,4h,0.8462,0.8552,0.8451,0.855,213131.19971
1785916800000,2026-08-05T08:00:00+00:00,DOT/USDT,4h,0.8552,0.8582,0.8472,0.851,249011.358977
1785931200000,2026-08-05T12:00:00+00:00,DOT/USDT,4h,0.8512,0.8545,0.842,0.8529,294602.863099
1785945600000,2026-08-05T16:00:00+00:00,DOT/USDT,4h,0.8528,0.8558,0.8475,0.8475,119789.315969
1785960000000,2026-08-05T20:00:00+00:00,DOT/USDT,4h,0.8478,0.8502,0.8388,0.8427,224318.969334
1785974400000,2026-08-06T00:00:00+00:00,DOT/USDT,4h,0.8423,0.8474,0.8377,0.8405,201016.553338
1785988800000,2026-08-06T04:00:00+00:00,DOT/USDT,4h,0.8405,0.8445,0.8319,0.8336,298301.560257
1786003200000,2026-08-06T08:00:00+00:00,DOT/USDT,4h,0.8335,0.8357,0.8217,0.8253,278482.854363
1786017600000,2026-08-06T12:00:00+00:00,DOT/USDT,4h,0.8255,0.827,0.8145,0.8242,347142.310824
1786032000000,2026-08-06T16:00:00+00:00,DOT/USDT,4h,0.8236,0.8266,0.8178,0.822,318870.735814
1786046400000,2026-08-06T20:00:00+00:00,DOT/USDT,4h,0.8221,0.8275,0.8188,0.8214,157149.437229
1786060800000,2026-08-07T00:00:00+00:00,DOT/USDT,4h,0.8211,0.8242,0.8171,0.8186,169248.574
1786075200000,2026-08-07T04:00:00+00:00,DOT/USDT,4h,0.8185,0.8191,0.8095,0.8162,256160.751576
1786089600000,2026-08-07T08:00:00+00:00,DOT/USDT,4h,0.8163,0.8175,0.8103,0.816,209074.300457
1786104000000,2026-08-07T12:00:00+00:00,DOT/USDT,4h,0.8163,0.8228,0.8059,0.8093,420651.705246
1786118400000,2026-08-07T16:00:00+00:00,DOT/USDT,4h,0.8094,0.8144,0.8015,0.8133,249760.973588
1786132800000,2026-08-07T20:00:00+00:00,DOT/USDT,4h,0.8134,0.8188,0.8114,0.8185,145522.015447
1786147200000,2026-08-08T00:00:00+00:00,DOT/USDT,4h,0.8189,0.8273,0.816,0.824,159258.337213
1786161600000,2026-08-08T04:00:00+00:00,DOT/USDT,4h,0.8241,0.825,0.8171,0.8191,135486.727152
1786176000000,2026-08-08T08:00:00+00:00,DOT/USDT,4h,0.8196,0.8206,0.8152,0.8199,125716.739421
1786190400000,2026-08-08T12:00:00+00:00,DOT/USDT,4h,0.82,0.8234,0.8136,0.8182,223399.611474
1786204800000,2026-08-08T16:00:00+00:00,DOT/USDT,4h,0.818,0.8195,0.816,0.8168,137874.418282
1786219200000,2026-08-08T20:00:00+00:00,DOT/USDT,4h,0.8168,0.8221,0.813,0.8154,100744.509521
1786233600000,2026-08-09T00:00:00+00:00,DOT/USDT,4h,0.8154,0.8162,0.812,0.8122,171185.535109
1786248000000,2026-08-09T04:00:00+00:00,DOT/USDT,4h,0.8121,0.8137,0.8062,0.8103,193061.931916
1786262400000,2026-08-09T08:00:00+00:00,DOT/USDT,4h,0.8103,0.8131,0.8051,0.808,133319.312379
1786276800000,2026-08-09T12:00:00+00:00,DOT/USDT,4h,0.8076,0.8138,0.8065,0.812,165857.964426
1786291200000,2026-08-09T16:00:00+00:00,DOT/USDT,4h,0.812,0.8128,0.8052,0.8083,82867.085797
1786305600000,2026-08-09T20:00:00+00:00,DOT/USDT,4h,0.8082,0.8136,0.7966,0.7993,305219.636716
1786320000000,2026-08-10T00:00:00+00:00,DOT/USDT,4h,0.7993,0.8042,0.797,0.7993,174458.874517
1786334400000,2026-08-10T04:00:00+00:00,DOT/USDT,4h,0.7992,0.8142,0.7991,0.8125,219413.751213
1786348800000,2026-08-10T08:00:00+00:00,DOT/USDT,4h,0.8128,0.8134,0.8046,0.809,223240.531477
1786363200000,2026-08-10T12:00:00+00:00,DOT/USDT,4h,0.8092,0.8213,0.8024,0.8037,1406899.477123
1786377600000,2026-08-10T16:00:00+00:00,DOT/USDT,4h,0.8034,0.8096,0.7992,0.8051,363421.941314
1786392000000,2026-08-10T20:00:00+00:00,DOT/USDT,4h,0.805,0.811,0.8035,0.8057,149355.311189
1786406400000,2026-08-11T00:00:00+00:00,DOT/USDT,4h,0.8054,0.813,0.8026,0.8031,209658.460251
1786420800000,2026-08-11T04:00:00+00:00,DOT/USDT,4h,0.8031,0.8104,0.801,0.8066,494054.24749
1786435200000,2026-08-11T08:00:00+00:00,DOT/USDT,4h,0.8072,0.8112,0.7964,0.8,316667.525424
1786449600000,2026-08-11T12:00:00+00:00,DOT/USDT,4h,0.7999,0.8005,0.7775,0.782,600024.446901
1786464000000,2026-08-11T16:00:00+00:00,DOT/USDT,4h,0.7821,0.7868,0.7804,0.7867,204622.877545
1786478400000,2026-08-11T20:00:00+00:00,DOT/USDT,4h,0.7868,0.7911,0.7862,0.7902,212061.111648
1786492800000,2026-08-12T00:00:00+00:00,DOT/USDT,4h,0.7901,0.796,0.7893,0.7953,183843.957875
1786507200000,2026-08-12T04:00:00+00:00,DOT/USDT,4h,0.7952,0.796,0.7862,0.7876,138589.458905
1786521600000,2026-08-12T08:00:00+00:00,DOT/USDT,4h,0.7873,0.792,0.7848,0.7914,168591.178863
1786536000000,2026-08-12T12:00:00+00:00,DOT/USDT,4h,0.7914,0.7982,0.78,0.7858,270684.019717
1786550400000,2026-08-12T16:00:00+00:00,DOT/USDT,4h,0.7853,0.788,0.781,0.7815,101324.143472
1786564800000,2026-08-12T20:00:00+00:00,DOT/USDT,4h,0.7816,0.7827,0.7671,0.7741,433667.173867
1786579200000,2026-08-13T00:00:00+00:00,DOT/USDT,4h,0.774,0.7771,0.7699,0.7764,167720.524586
1786593600000,2026-08-13T04:00:00+00:00,DOT/USDT,4h,0.7766,0.7768,0.7737,0.7743,124937.267997
1786608000000,2026-08-13T08:00:00+00:00,DOT/USDT,4h,0.7741,0.7755,0.7699,0.7701,239991.797893
1786622400000,2026-08-13T12:00:00+00:00,DOT/USDT,4h,0.7701,0.7757,0.7658,0.7708,294583.58372
1786636800000,2026-08-13T16:00:00+00:00,DOT/USDT,4h,0.7708,0.7748,0.7643,0.7745,214158.721135
1786651200000,2026-08-13T20:00:00+00:00,DOT/USDT,4h,0.7747,0.7771,0.7714,0.7727,277793.639054
1786665600000,2026-08-14T00:00:00+00:00,DOT/USDT,4h,0.7727,0.774,0.7606,0.7621,231142.249356
1786680000000,2026-08-14T04:00:00+00:00,DOT/USDT,4h,0.7621,0.7663,0.7575,0.7575,206791.111781
1786694400000,2026-08-14T08:00:00+00:00,DOT/USDT,4h,0.7574,0.7593,0.7523,0.7574,392920.346401
1786708800000,2026-08-14T12:00:00+00:00,DOT/USDT,4h,0.7577,0.764,0.7577,0.7636,187236.350557
1786723200000,2026-08-14T16:00:00+00:00,DOT/USDT,4h,0.7636,0.7662,0.7564,0.7586,189444.278232
1786737600000,2026-08-14T20:00:00+00:00,DOT/USDT,4h,0.7585,0.7657,0.7518,0.7652,177491.936203
1786752000000,2026-08-15T00:00:00+00:00,DOT/USDT,4h,0.7649,0.7788,0.7641,0.7784,260293.449216
1786766400000,2026-08-15T04:00:00+00:00,DOT/USDT,4h,0.7785,0.7791,0.7701,0.7702,219226.311906
1786780800000,2026-08-15T08:00:00+00:00,DOT/USDT,4h,0.7703,0.7844,0.7694,0.776,276209.378415
1786795200000,2026-08-15T12:00:00+00:00,DOT/USDT,4h,0.776,0.7808,0.7738,0.776,183175.504884
1786809600000,2026-08-15T16:00:00+00:00,DOT/USDT,4h,0.7761,0.777,0.7677,0.769,144365.469399
1786824000000,2026-08-15T20:00:00+00:00,DOT/USDT,4h,0.769,0.769,0.7588,0.7613,253717.202656
1786838400000,2026-08-16T00:00:00+00:00,DOT/USDT,4h,0.7613,0.7624,0.756,0.7588,190742.098821
1786852800000,2026-08-16T04:00:00+00:00,DOT/USDT,4h,0.7588,0.7611,0.7558,0.7608,127645.54428
1786867200000,2026-08-16T08:00:00+00:00,DOT/USDT,4h,0.7605,0.7633,0.7579,0.7618,80454.395152
1786881600000,2026-08-16T12:00:00+00:00,DOT/USDT,4h,0.7619,0.7678,0.7612,0.7675,98072.346982
1786896000000,2026-08-16T16:00:00+00:00,DOT/USDT,4h,0.7675,0.7687,0.7613,0.7645,173617.736442
1786910400000,2026-08-16T20:00:00+00:00,DOT/USDT,4h,0.7645,0.7657,0.7529,0.7583,296932.140706
1786924800000,2026-08-17T00:00:00+00:00,DOT/USDT,4h,0.7586,0.767,0.7568,0.7652,227267.21416
1786939200000,2026-08-17T04:00:00+00:00,DOT/USDT,4h,0.7654,0.7695,0.7597,0.7612,141342.069397
1786953600000,2026-08-17T08:00:00+00:00,DOT/USDT,4h,0.7614,0.7618,0.7572,0.759,72593.656563
1786968000000,2026-08-17T12:00:00+00:00,DOT/USDT,4h,0.7591,0.7591,0.7541,0.7574,247764.901564
1786982400000,2026-08-17T16:00:00+00:00,DOT/USDT,4h,0.7577,0.7616,0.7558,0.7603,135159.026323
1786996800000,2026-08-17T20:00:00+00:00,DOT/USDT,4h,0.7604,0.7647,0.7575,0.7615,137677.930695
1787011200000,2026-08-18T00:00:00+00:00,DOT/USDT,4h,0.7614,0.7627,0.7228,0.7313,984844.342239
1787025600000,2026-08-18T04:00:00+00:00,DOT/USDT,4h,0.7314,0.7419,0.7304,0.7366,267507.136438
1787040000000,2026-08-18T08:00:00+00:00,DOT/USDT,4h,0.7366,0.7427,0.7343,0.7397,237328.255934
1787054400000,2026-08-18T12:00:00+00:00,DOT/USDT,4h,0.7396,0.7531,0.7355,0.7491,278464.067664
1787068800000,2026-08-18T16:00:00+00:00,DOT/USDT,4h,0.7496,0.7546,0.7461,0.7469,164410.852028
1787083200000,2026-08-18T20:00:00+00:00,DOT/USDT,4h,0.7471,0.7583,0.7443,0.7514,204653.691889
1787097600000,2026-08-19T00:00:00+00:00,DOT/USDT,4h,0.7515,0.7562,0.7476,0.7544,233505.075305
1787112000000,2026-08-19T04:00:00+00:00,DOT/USDT,4h,0.7548,0.7683,0.7525,0.7626,389658.570732
1787126400000,2026-08-19T08:00:00+00:00,DOT/USDT,4h,0.7626,0.779,0.7597,0.7764,390879.60361
1787140800000,2026-08-19T12:00:00+00:00,DOT/USDT,4h,0.7769,0.7973,0.7684,0.777,928616.815117
1787155200000,2026-08-19T16:00:00+00:00,DOT/USDT,4h,0.7777,0.7827,0.7709,0.7798,357400.468192
1787169600000,2026-08-19T20:00:00+00:00,DOT/USDT,4h,0.7796,0.8078,0.7781,0.7893,746869.812169
1787184000000,2026-08-20T00:00:00+00:00,DOT/USDT,4h,0.7893,0.7966,0.7807,0.7833,369407.289409
1787198400000,2026-08-20T04:00:00+00:00,DOT/USDT,4h,0.7833,0.7939,0.7827,0.79,259052.87934
1787212800000,2026-08-20T08:00:00+00:00,DOT/USDT,4h,0.7906,0.8206,0.7903,0.82,908240.63982
1787227200000,2026-08-20T12:00:00+00:00,DOT/USDT,4h,0.8201,0.8385,0.8185,0.8368,1228084.864142
1787241600000,2026-08-20T16:00:00+00:00,DOT/USDT,4h,0.8369,0.8476,0.8292,0.8321,451094.204457
1787256000000,2026-08-20T20:00:00+00:00,DOT/USDT,4h,0.8327,0.851,0.8322,0.8484,355531.092471
1787270400000,2026-08-21T00:00:00+00:00,DOT/USDT,4h,0.8482,0.8526,0.8375,0.8502,444598.594961
1787284800000,2026-08-21T04:00:00+00:00,DOT/USDT,4h,0.8508,0.8708,0.8425,0.8693,687580.617463
1787299200000,2026-08-21T08:00:00+00:00,DOT/USDT,4h,0.8698,0.905,0.8655,0.8822,1338846.886562
1787313600000,2026-08-21T12:00:00+00:00,DOT/USDT,4h,0.8823,0.9052,0.8801,0.9009,759074.44033
1787328000000,2026-08-21T16:00:00+00:00,DOT/USDT,4h,0.9009,0.91,0.8885,0.8921,569713.787912
1787342400000,2026-08-21T20:00:00+00:00,DOT/USDT,4h,0.8923,0.9534,0.8886,0.9396,942972.728536
1787356800000,2026-08-22T00:00:00+00:00,DOT/USDT,4h,0.9398,1.0125,0.9357,1.0007,1570231.627538
1787371200000,2026-08-22T04:00:00+00:00,DOT/USDT,4h,1.0008,1.0323,0.8996,0.9459,2418073.683038
1787385600000,2026-08-22T08:00:00+00:00,DOT/USDT,4h,0.9468,0.949,0.9,0.9225,1292512.226335
1787400000000,2026-08-22T12:00:00+00:00,DOT/USDT,4h,0.9224,0.9338,0.9157,0.9237,440007.264058
1787414400000,2026-08-22T16:00:00+00:00,DOT/USDT,4h,0.9235,0.9392,0.9175,0.9339,274208.058252
1787428800000,2026-08-22T20:00:00+00:00,DOT/USDT,4h,0.9337,0.938,0.9049,0.9205,327380.629787
1787443200000,2026-08-23T00:00:00+00:00,DOT/USDT,4h,0.9208,0.9341,0.8872,0.8888,557926.671518
1787457600000,2026-08-23T04:00:00+00:00,DOT/USDT,4h,0.8894,0.8953,0.8763,0.8912,395252.777795
1787472000000,2026-08-23T08:00:00+00:00,DOT/USDT,4h,0.8912,0.9194,0.8908,0.9181,330145.75476
1787486400000,2026-08-23T12:00:00+00:00,DOT/USDT,4h,0.9183,0.9375,0.9106,0.9269,529572.575086
1787500800000,2026-08-23T16:00:00+00:00,DOT/USDT,4h,0.927,0.9305,0.918,0.9208,229227.994222
1787515200000,2026-08-23T20:00:00+00:00,DOT/USDT,4h,0.9203,0.9355,0.9172,0.9279,300777.614529
1787529600000,2026-08-24T00:00:00+00:00,DOT/USDT,4h,0.9281,0.9288,0.8963,0.9008,435893.163984
1787544000000,2026-08-24T04:00:00+00:00,DOT/USDT,4h,0.9015,0.9186,0.8978,0.9001,324357.967075
1787558400000,2026-08-24T08:00:00+00:00,DOT/USDT,4h,0.9005,0.9208,0.8924,0.9155,396196.743357
1787572800000,2026-08-24T12:00:00+00:00,DOT/USDT,4h,0.9155,0.9246,0.9003,0.906,553249.015175
1787587200000,2026-08-24T16:00:00+00:00,DOT/USDT,4h,0.9061,0.9199,0.8956,0.9044,318242.019193
1787601600000,2026-08-24T20:00:00+00:00,DOT/USDT,4h,0.9048,0.9079,0.8891,0.8998,244633.613101
1787616000000,2026-08-25T00:00:00+00:00,DOT/USDT,4h,0.8998,0.924,0.8939,0.9092,465007.016286
1787630400000,2026-08-25T04:00:00+00:00,DOT/USDT,4h,0.9088,0.9204,0.8926,0.901,296869.669522
1787644800000,2026-08-25T08:00:00+00:00,DOT/USDT,4h,0.9008,0.9087,0.8913,0.8916,209888.184114
1787659200000,2026-08-25T12:00:00+00:00,DOT/USDT,4h,0.8919,0.8924,0.8644,0.8764,984166.879915
1787673600000,2026-08-25T16:00:00+00:00,DOT/USDT,4h,0.8768,0.8802,0.8679,0.8757,380805.063026
1787688000000,2026-08-25T20:00:00+00:00,DOT/USDT,4h,0.8758,0.8764,0.8424,0.8516,561147.790176
1787702400000,2026-08-26T00:00:00+00:00,DOT/USDT,4h,0.8516,0.8601,0.8466,0.8569,398120.613311
1787716800000,2026-08-26T04:00:00+00:00,DOT/USDT,4h,0.8566,0.8604,0.8461,0.8556,396209.485363
1787731200000,2026-08-26T08:00:00+00:00,DOT/USDT,4h,0.8556,0.8609,0.8394,0.8515,379696.510307
1787745600000,2026-08-26T12:00:00+00:00,DOT/USDT,4h,0.8514,0.857,0.8312,0.839,511776.531072
1787760000000,2026-08-26T16:00:00+00:00,DOT/USDT,4h,0.8391,0.8458,0.8296,0.8416,188346.488583
1787774400000,2026-08-26T20:00:00+00:00,DOT/USDT,4h,0.8413,0.8776,0.8353,0.8762,275803.882613
1787788800000,2026-08-27T00:00:00+00:00,DOT/USDT,4h,0.8764,0.8835,0.8658,0.87,675058.268601
1787803200000,2026-08-27T04:00:00+00:00,DOT/USDT,4h,0.8702,0.878,0.8639,0.8764,366835.161208
1787817600000,2026-08-27T08:00:00+00:00,DOT/USDT,4h,0.8768,0.8957,0.8659,0.8702,491066.369472
1787832000000,2026-08-27T12:00:00+00:00,DOT/USDT,4h,0.8708,0.8877,0.8674,0.8852,481009.80128
1787846400000,2026-08-27T16:00:00+00:00,DOT/USDT,4h,0.8852,0.8938,0.8775,0.8811,261444.051249
1787860800000,2026-08-27T20:00:00+00:00,DOT/USDT,4h,0.8813,0.8883,0.8784,0.8811,155929.855373
1787875200000,2026-08-28T00:00:00+00:00,DOT/USDT,4h,0.8818,0.8955,0.8634,0.8708,358876.151629
1787889600000,2026-08-28T04:00:00+00:00,DOT/USDT,4h,0.8705,0.8779,0.8645,0.8704,203508.596842
1787904000000,2026-08-28T08:00:00+00:00,DOT/USDT,4h,0.8708,0.8803,0.8632,0.8758,414672.761764
1787918400000,2026-08-28T12:00:00+00:00,DOT/USDT,4h,0.8758,0.8804,0.8539,0.8563,526200.594938
1787932800000,2026-08-28T16:00:00+00:00,DOT/USDT,4h,0.8562,0.8581,0.8358,0.845,715083.162538
1787947200000,2026-08-28T20:00:00+00:00,DOT/USDT,4h,0.8449,0.8499,0.8385,0.8489,140057.422754
1787961600000,2026-08-29T00:00:00+00:00,DOT/USDT,4h,0.8489,0.8538,0.8402,0.8402,224909.309375
1787976000000,2026-08-29T04:00:00+00:00,DOT/USDT,4h,0.8402,0.8452,0.835,0.8397,152750.353735
1787990400000,2026-08-29T08:00:00+00:00,DOT/USDT,4h,0.8392,0.8426,0.8365,0.8404,98668.180572
1788004800000,2026-08-29T12:00:00+00:00,DOT/USDT,4h,0.8406,0.8485,0.8314,0.8403,416691.835185
1788019200000,2026-08-29T16:00:00+00:00,DOT/USDT,4h,0.8407,0.8451,0.8366,0.8434,186335.187749
1788033600000,2026-08-29T20:00:00+00:00,DOT/USDT,4h,0.8432,0.85,0.8416,0.846,189892.99031
1788048000000,2026-08-30T00:00:00+00:00,DOT/USDT,4h,0.8459,0.8466,0.8344,0.8381,159159.059187
1788062400000,2026-08-30T04:00:00+00:00,DOT/USDT,4h,0.8381,0.8456,0.8338,0.8422,134856.640167
1788076800000,2026-08-30T08:00:00+00:00,DOT/USDT,4h,0.8426,0.8541,0.8399,0.8529,270000.231001
1788091200000,2026-08-30T12:00:00+00:00,DOT/USDT,4h,0.8535,0.8709,0.8496,0.8521,633379.486166
1788105600000,2026-08-30T16:00:00+00:00,DOT/USDT,4h,0.852,0.866,0.8508,0.8608,302745.702584
1788120000000,2026-08-30T20:00:00+00:00,DOT/USDT,4h,0.861,0.8633,0.8069,0.8193,1029247.289205
1788134400000,2026-08-31T00:00:00+00:00,DOT/USDT,4h,0.8194,0.8275,0.8123,0.8212,565542.612783
1788148800000,2026-08-31T04:00:00+00:00,DOT/USDT,4h,0.8213,0.8337,0.8173,0.8322,391492.560662
1788163200000,2026-08-31T08:00:00+00:00,DOT/USDT,4h,0.8316,0.8368,0.8243,0.8268,249208.044514
1788177600000,2026-08-31T12:00:00+00:00,DOT/USDT,4h,0.8268,0.8333,0.8199,0.8247,402423.9839
1788192000000,2026-08-31T16:00:00+00:00,DOT/USDT,4h,0.8248,0.8441,0.8229,0.8361,469253.602432
1788206400000,2026-08-31T20:00:00+00:00,DOT/USDT,4h,0.8364,0.8431,0.8266,0.84,500957.021142
1788220800000,2026-09-01T00:00:00+00:00,DOT/USDT,4h,0.8405,0.8605,0.8392,0.8581,633417.263381
1788235200000,2026-09-01T04:00:00+00:00,DOT/USDT,4h,0.8582,0.8765,0.848,0.8698,516219.528169
1788249600000,2026-09-01T08:00:00+00:00,DOT/USDT,4h,0.8699,0.8746,0.8502,0.8693,503787.219859
1788264000000,2026-09-01T12:00:00+00:00,DOT/USDT,4h,0.8692,0.8741,0.8534,0.8687,449082.339107
1788278400000,2026-09-01T16:00:00+00:00,DOT/USDT,4h,0.8687,0.8817,0.8552,0.875,829359.02005
1788292800000,2026-09-01T20:00:00+00:00,DOT/USDT,4h,0.875,0.8768,0.8569,0.8722,378837.737514
1788307200000,2026-09-02T00:00:00+00:00,DOT/USDT,4h,0.8722,0.8904,0.8584,0.8875,533582.561654
1788321600000,2026-09-02T04:00:00+00:00,DOT/USDT,4h,0.8876,0.8934,0.8567,0.8628,756021.896705
1788336000000,2026-09-02T08:00:00+00:00,DOT/USDT,4h,0.8629,0.8664,0.838,0.8447,730069.968251
1788350400000,2026-09-02T12:00:00+00:00,DOT/USDT,4h,0.8446,0.8549,0.8378,0.8511,717159.525362
1788364800000,2026-09-02T16:00:00+00:00,DOT/USDT,4h,0.8513,0.8616,0.8452,0.8612,548748.958581
1788379200000,2026-09-02T20:00:00+00:00,DOT/USDT,4h,0.8611,0.8687,0.8572,0.8677,663461.930494
1788393600000,2026-09-03T00:00:00+00:00,DOT/USDT,4h,0.8681,0.8877,0.8542,0.8725,762533.553881
1788408000000,2026-09-03T04:00:00+00:00,DOT/USDT,4h,0.8725,0.8823,0.865,0.8757,473522.672363
1788422400000,2026-09-03T08:00:00+00:00,DOT/USDT,4h,0.8756,0.8824,0.8723,0.877,338252.116524
1788436800000,2026-09-03T12:00:00+00:00,DOT/USDT,4h,0.8769,0.8948,0.8679,0.8933,1295023.738132
1788451200000,2026-09-03T16:00:00+00:00,DOT/USDT,4h,0.8934,0.9008,0.8849,0.8959,652145.910162
1788465600000,2026-09-03T20:00:00+00:00,DOT/USDT,4h,0.8959,0.9018,0.8825,0.8882,376628.964376
1788480000000,2026-09-04T00:00:00+00:00,DOT/USDT,4h,0.8882,0.8918,0.8753,0.8763,371791.728299
1788494400000,2026-09-04T04:00:00+00:00,DOT/USDT,4h,0.8762,0.8815,0.8648,0.8731,489439.961594
1788508800000,2026-09-04T08:00:00+00:00,DOT/USDT,4h,0.8731,0.8837,0.8717,0.8799,425359.63421
1788523200000,2026-09-04T12:00:00+00:00,DOT/USDT,4h,0.8799,0.8805,0.8415,0.855,1387304.361882
1788537600000,2026-09-04T16:00:00+00:00,DOT/USDT,4h,0.8547,0.8812,0.852,0.8745,353700.973206
1788552000000,2026-09-04T20:00:00+00:00,DOT/USDT,4h,0.8748,0.9036,0.8651,0.8997,664031.157447
1788566400000,2026-09-05T00:00:00+00:00,DOT/USDT,4h,0.8996,0.9116,0.8852,0.893,954299.521574
1788580800000,2026-09-05T04:00:00+00:00,DOT/USDT,4h,0.893,0.9158,0.8843,0.9065,524106.789726
1788595200000,2026-09-05T08:00:00+00:00,DOT/USDT,4h,0.9066,0.9163,0.8981,0.9053,403732.579564
1788609600000,2026-09-05T12:00:00+00:00,DOT/USDT,4h,0.9053,0.9258,0.9046,0.9113,589112.451749
1788624000000,2026-09-05T16:00:00+00:00,DOT/USDT,4h,0.9114,0.913,0.9062,0.9105,236309.459297
1788638400000,2026-09-05T20:00:00+00:00,DOT/USDT,4h,0.9104,0.9272,0.9087,0.9154,557186.981874
1788652800000,2026-09-06T00:00:00+00:00,DOT/USDT,4h,0.9153,0.9348,0.9142,0.9303,656293.041591
1788667200000,2026-09-06T04:00:00+00:00,DOT/USDT,4h,0.9307,0.9446,0.923,0.9422,471405.820476
1788681600000,2026-09-06T08:00:00+00:00,DOT/USDT,4h,0.9422,0.99,0.9347,0.9845,1598153.297134
1788696000000,2026-09-06T12:00:00+00:00,DOT/USDT,4h,0.9842,0.9917,0.9462,0.9546,1167704.53036
1788710400000,2026-09-06T16:00:00+00:00,DOT/USDT,4h,0.9545,0.974,0.9538,0.9637,589557.931953
1788724800000,2026-09-06T20:00:00+00:00,DOT/USDT,4h,0.9636,0.986,0.9628,0.9789,483107.726773
1788739200000,2026-09-07T00:00:00+00:00,DOT/USDT,4h,0.9789,1.029,0.9694,0.9714,1937111.948857
1788753600000,2026-09-07T04:00:00+00:00,DOT/USDT,4h,0.9711,0.9923,0.9551,0.9642,1010600.002849
1788768000000,2026-09-07T08:00:00+00:00,DOT/USDT,4h,0.9642,0.9943,0.9637,0.9784,679163.321488
1788782400000,2026-09-07T12:00:00+00:00,DOT/USDT,4h,0.9788,1.0898,0.974,1.0782,4000980.444389
1788796800000,2026-09-07T16:00:00+00:00,DOT/USDT,4h,1.0784,1.1083,1.053,1.0602,3551794.452631
1788811200000,2026-09-07T20:00:00+00:00,DOT/USDT,4h,1.0599,1.0776,1.0389,1.0626,1210240.397798
1788825600000,2026-09-08T00:00:00+00:00,DOT/USDT,4h,1.0624,1.0868,1.0533,1.0783,700670.5356
1788840000000,2026-09-08T04:00:00+00:00,DOT/USDT,4h,1.0782,1.0815,1.0464,1.0594,908953.583818
1788854400000,2026-09-08T08:00:00+00:00,DOT/USDT,4h,1.0595,1.0982,1.0552,1.0792,1294093.184522
1788868800000,2026-09-08T12:00:00+00:00,DOT/USDT,4h,1.0784,1.201,1.06,1.1962,3971107.004095
1788883200000,2026-09-08T16:00:00+00:00,DOT/USDT,4h,1.1956,1.2472,1.1751,1.2422,2855179.092168
1788897600000,2026-09-08T20:00:00+00:00,DOT/USDT,4h,1.2424,1.2839,1.2313,1.2453,2238839.257213
1788912000000,2026-09-09T00:00:00+00:00,DOT/USDT,4h,1.2465,1.2582,1.188,1.2045,1993211.954936
1788926400000,2026-09-09T04:00:00+00:00,DOT/USDT,4h,1.2044,1.222,1.1692,1.1714,1418513.251294
1788940800000,2026-09-09T08:00:00+00:00,DOT/USDT,4h,1.1716,1.1886,1.1601,1.1798,1059076.239975
1788955200000,2026-09-09T12:00:00+00:00,DOT/USDT,4h,1.1797,1.1839,1.1136,1.136,3349441.039208
1788969600000,2026-09-09T16:00:00+00:00,DOT/USDT,4h,1.136,1.1419,1.1172,1.1196,733414.671889
1788984000000,2026-09-09T20:00:00+00:00,DOT/USDT,4h,1.1193,1.1281,1.0926,1.1222,1040490.181324
1788998400000,2026-09-10T00:00:00+00:00,DOT/USDT,4h,1.1222,1.1269,1.0954,1.1084,975115.81117
1789012800000,2026-09-10T04:00:00+00:00,DOT/USDT,4h,1.1082,1.1188,1.0947,1.1052,657997.203053
1789027200000,2026-09-10T08:00:00+00:00,DOT/USDT,4h,1.1051,1.1102,1.0901,1.0989,366128.307461
1789041600000,2026-09-10T12:00:00+00:00,DOT/USDT,4h,1.0986,1.1015,1.0773,1.0893,1130700.493924
1789056000000,2026-09-10T16:00:00+00:00,DOT/USDT,4h,1.0892,1.1083,1.0712,1.0981,682134.347724
1789070400000,2026-09-10T20:00:00+00:00,DOT/USDT,4h,1.0987,1.1313,1.0937,1.0962,548952.688952
1789084800000,2026-09-11T00:00:00+00:00,DOT/USDT,4h,1.0962,1.1388,1.0956,1.1219,1325344.995272
1789099200000,2026-09-11T04:00:00+00:00,DOT/USDT,4h,1.1215,1.1623,1.1205,1.1249,1449392.65837
1789113600000,2026-09-11T08:00:00+00:00,DOT/USDT,4h,1.1246,1.1287,1.0741,1.0877,1522632.701087
1789128000000,2026-09-11T12:00:00+00:00,DOT/USDT,4h,1.0875,1.1122,1.0426,1.0514,2559735.493427
1789142400000,2026-09-11T16:00:00+00:00,DOT/USDT,4h,1.0512,1.0709,1.0384,1.0477,990599.472842
1789156800000,2026-09-11T20:00:00+00:00,DOT/USDT,4h,1.0476,1.054,1.03,1.0407,507206.082743
1789171200000,2026-09-12T00:00:00+00:00,DOT/USDT,4h,1.0406,1.0593,1.039,1.0465,342752.136316
1789185600000,2026-09-12T04:00:00+00:00,DOT/USDT,4h,1.0464,1.0547,1.042,1.0508,307457.68904
1789200000000,2026-09-12T08:00:00+00:00,DOT/USDT,4h,1.0511,1.053,1.0386,1.0458,622677.455048
1789214400000,2026-09-12T12:00:00+00:00,DOT/USDT,4h,1.0459,1.0489,1.0318,1.0373,438772.065628
1789228800000,2026-09-12T16:00:00+00:00,DOT/USDT,4h,1.0372,1.0447,1.0233,1.0256,566064.295673
1789243200000,2026-09-12T20:00:00+00:00,DOT/USDT,4h,1.0257,1.0313,1.0142,1.0194,312083.420951
1789257600000,2026-09-13T00:00:00+00:00,DOT/USDT,4h,1.0194,1.0201,1.0082,1.009,253923.707332
1789272000000,2026-09-13T04:00:00+00:00,DOT/USDT,4h,1.0092,1.0222,1.003,1.0122,303180.532377
1789286400000,2026-09-13T08:00:00+00:00,DOT/USDT,4h,1.0122,1.0146,0.9956,1.0065,250577.505161
1789300800000,2026-09-13T12:00:00+00:00,DOT/USDT,4h,1.0065,1.0245,1.0045,1.0173,366372.727443
1789315200000,2026-09-13T16:00:00+00:00,DOT/USDT,4h,1.0171,1.0288,1.0157,1.0177,272268.804736
1789329600000,2026-09-13T20:00:00+00:00,DOT/USDT,4h,1.0174,1.0235,0.9977,0.9993,350113.796915
1789344000000,2026-09-14T00:00:00+00:00,DOT/USDT,4h,0.9994,1.0262,0.9978,1.0155,347628.081974
1789358400000,2026-09-14T04:00:00+00:00,DOT/USDT,4h,1.0158,1.0256,1.0142,1.0194,217673.974406
1789372800000,2026-09-14T08:00:00+00:00,DOT/USDT,4h,1.0195,1.0242,1.0058,1.0156,467260.121126
1789387200000,2026-09-14T12:00:00+00:00,DOT/USDT,4h,1.0157,1.0221,1.004,1.0092,756686.661088
1789401600000,2026-09-14T16:00:00+00:00,DOT/USDT,4h,1.0091,1.0244,1.0061,1.0153,340630.027916
1789416000000,2026-09-14T20:00:00+00:00,DOT/USDT,4h,1.0153,1.0381,1.0019,1.0039,1080302.269903
1789430400000,2026-09-15T00:00:00+00:00,DOT/USDT,4h,1.0033,1.0042,0.9855,0.9918,801926.470029
1789444800000,2026-09-15T04:00:00+00:00,DOT/USDT,4h,0.9922,0.9983,0.9826,0.9835,502647.494509
1789459200000,2026-09-15T08:00:00+00:00,DOT/USDT,4h,0.9833,0.9994,0.9791,0.9892,639636.118168
1789473600000,2026-09-15T12:00:00+00:00,DOT/USDT,4h,0.9892,0.995,0.9727,0.9834,981843.184073
1789488000000,2026-09-15T16:00:00+00:00,DOT/USDT,4h,0.9836,0.9933,0.9327,0.9589,1319021.286653
1789502400000,2026-09-15T20:00:00+00:00,DOT/USDT,4h,0.9589,0.9605,0.9402,0.9444,466494.724048
1789516800000,2026-09-16T00:00:00+00:00,DOT/USDT,4h,0.9444,0.9547,0.9356,0.9525,325213.971775
1789531200000,2026-09-16T04:00:00+00:00,DOT/USDT,4h,0.9529,0.9569,0.9459,0.9474,360942.496132
1789545600000,2026-09-16T08:00:00+00:00,DOT/USDT,4h,0.9472,0.963,0.9387,0.9611,437640.67816
1789560000000,2026-09-16T12:00:00+00:00,DOT/USDT,4h,0.9611,0.991,0.9608,0.9719,1255623.588527
1789574400000,2026-09-16T16:00:00+00:00,DOT/USDT,4h,0.972,1.0065,0.9673,1.0018,1021493.590894
1789588800000,2026-09-16T20:00:00+00:00,DOT/USDT,4h,1.0018,1.028,0.9898,1.0196,1031368.924947
1789603200000,2026-09-17T00:00:00+00:00,DOT/USDT,4h,1.019,1.0403,1.0087,1.0167,851812.144328
1789617600000,2026-09-17T04:00:00+00:00,DOT/USDT,4h,1.0167,1.0193,1.0037,1.0116,644153.992384
1789632000000,2026-09-17T08:00:00+00:00,DOT/USDT,4h,1.0113,1.0411,1.0076,1.024,1133952.67921
1789646400000,2026-09-17T12:00:00+00:00,DOT/USDT,4h,1.0242,1.0694,1.0215,1.0661,2397796.556676
1789660800000,2026-09-17T16:00:00+00:00,DOT/USDT,4h,1.0663,1.0816,1.0514,1.0622,1187082.101206
1789675200000,2026-09-17T20:00:00+00:00,DOT/USDT,4h,1.0619,1.0961,1.0546,1.0795,1045411.057343
1789689600000,2026-09-18T00:00:00+00:00,DOT/USDT,4h,1.0796,1.1291,1.0769,1.122,1436344.842523
1789704000000,2026-09-18T04:00:00+00:00,DOT/USDT,4h,1.122,1.1526,1.1145,1.1492,1440857.565892
1789718400000,2026-09-18T08:00:00+00:00,DOT/USDT,4h,1.1493,1.1715,1.1176,1.1273,1991536.125996
1789732800000,2026-09-18T12:00:00+00:00,DOT/USDT,4h,1.1273,1.1705,1.1223,1.1333,1710094.303373
1789747200000,2026-09-18T16:00:00+00:00,DOT/USDT,4h,1.1333,1.1425,1.1268,1.1401,477776.622555
1789761600000,2026-09-18T20:00:00+00:00,DOT/USDT,4h,1.1402,1.149,1.1244,1.1342,514453.986867
1789776000000,2026-09-19T00:00:00+00:00,DOT/USDT,4h,1.1342,1.1583,1.1185,1.1491,782410.000457
1789790400000,2026-09-19T04:00:00+00:00,DOT/USDT,4h,1.1492,1.1512,1.1008,1.1024,841353.163549
1789804800000,2026-09-19T08:00:00+00:00,DOT/USDT,4h,1.1023,1.1394,1.0987,1.1375,812050.107661
1789819200000,2026-09-19T12:00:00+00:00,DOT/USDT,4h,1.1372,1.141,1.1196,1.1255,1174644.386323
1789833600000,2026-09-19T16:00:00+00:00,DOT/USDT,4h,1.1257,1.1431,1.1168,1.1327,523950.181003
1789848000000,2026-09-19T20:00:00+00:00,DOT/USDT,4h,1.1327,1.1342,1.0955,1.1242,611128.953822
1789862400000,2026-09-20T00:00:00+00:00,DOT/USDT,4h,1.1247,1.1333,1.0711,1.0874,682997.026366
1789876800000,2026-09-20T04:00:00+00:00,DOT/USDT,4h,1.0874,1.0941,1.0797,1.0827,347070.037579
1789891200000,2026-09-20T08:00:00+00:00,DOT/USDT,4h,1.0827,1.1078,1.0824,1.1012,286399.698704
1789905600000,2026-09-20T12:00:00+00:00,DOT/USDT,4h,1.1013,1.1139,1.0907,1.111,313994.895574
1789920000000,2026-09-20T16:00:00+00:00,DOT/USDT,4h,1.1109,1.1728,1.1083,1.1651,1252329.261937
1789934400000,2026-09-20T20:00:00+00:00,DOT/USDT,4h,1.1651,1.1708,1.1255,1.1342,820592.130973
1789948800000,2026-09-21T00:00:00+00:00,DOT/USDT,4h,1.1342,1.1633,1.127,1.1621,636871.258401
1789963200000,2026-09-21T04:00:00+00:00,DOT/USDT,4h,1.1622,1.1633,1.1394,1.1609,375781.325302
1789977600000,2026-09-21T08:00:00+00:00,DOT/USDT,4h,1.1607,1.2016,1.1565,1.1897,1151823.538572
1789992000000,2026-09-21T12:00:00+00:00,DOT/USDT,4h,1.1896,1.1972,1.1648,1.1914,986618.726754
1790006400000,2026-09-21T16:00:00+00:00,DOT/USDT,4h,1.1914,1.2011,1.1626,1.1814,964991.634507
1790020800000,2026-09-21T20:00:00+00:00,DOT/USDT,4h,1.1816,1.2194,1.1768,1.2059,745241.312454
1790035200000,2026-09-22T00:00:00+00:00,DOT/USDT,4h,1.2057,1.2171,1.1789,1.1884,570712.939746
1790049600000,2026-09-22T04:00:00+00:00,DOT/USDT,4h,1.1883,1.2006,1.1539,1.1664,723218.674984
1790064000000,2026-09-22T08:00:00+00:00,DOT/USDT,4h,1.1668,1.1821,1.1554,1.1662,305087.5122
1790078400000,2026-09-22T12:00:00+00:00,DOT/USDT,4h,1.1667,1.1866,1.1459,1.1762,922333.756277
1790092800000,2026-09-22T16:00:00+00:00,DOT/USDT,4h,1.1763,1.1892,1.1625,1.181,379646.113146
1790107200000,2026-09-22T20:00:00+00:00,DOT/USDT,4h,1.1808,1.236,1.1776,1.2188,768806.112282
1790121600000,2026-09-23T00:00:00+00:00,DOT/USDT,4h,1.2188,1.2268,1.1864,1.2093,623473.456688
1790136000000,2026-09-23T04:00:00+00:00,DOT/USDT,4h,1.2092,1.2096,1.1681,1.1708,726469.348676
1790150400000,2026-09-23T08:00:00+00:00,DOT/USDT,4h,1.1708,1.1788,1.15,1.1575,1526043.935885
1790164800000,2026-09-23T12:00:00+00:00,DOT/USDT,4h,1.1575,1.1621,1.0901,1.0985,1755511.44879
1790179200000,2026-09-23T16:00:00+00:00,DOT/USDT,4h,1.0982,1.1076,1.0773,1.0972,787327.525314
1790193600000,2026-09-23T20:00:00+00:00,DOT/USDT,4h,1.0971,1.1063,1.091,1.1018,308741.795854
1790208000000,2026-09-24T00:00:00+00:00,DOT/USDT,4h,1.102,1.12,1.0892,1.1118,499625.711413
1790222400000,2026-09-24T04:00:00+00:00,DOT/USDT,4h,1.1117,1.1403,1.1095,1.1395,567668.562294
1790236800000,2026-09-24T08:00:00+00:00,DOT/USDT,4h,1.1398,1.1435,1.0971,1.1144,630188.095084
1790251200000,2026-09-24T12:00:00+00:00,DOT/USDT,4h,1.1144,1.1799,1.1087,1.171,1364321.086754
1790265600000,2026-09-24T16:00:00+00:00,DOT/USDT,4h,1.1711,1.1784,1.1519,1.1687,1070081.540907
1790280000000,2026-09-24T20:00:00+00:00,DOT/USDT,4h,1.1682,1.1768,1.1538,1.1554,297280.51824
1790294400000,2026-09-25T00:00:00+00:00,DOT/USDT,4h,1.1556,1.1651,1.1318,1.1378,359981.350961
1790308800000,2026-09-25T04:00:00+00:00,DOT/USDT,4h,1.1379,1.1641,1.1342,1.1586,260986.334413
1790323200000,2026-09-25T08:00:00+00:00,DOT/USDT,4h,1.1585,1.198,1.1561,1.1958,680131.480936
1790337600000,2026-09-25T12:00:00+00:00,DOT/USDT,4h,1.1958,1.2049,1.1617,1.1806,1219723.078279
1790352000000,2026-09-25T16:00:00+00:00,DOT/USDT,4h,1.1807,1.1909,1.17,1.1879,337427.575367
1790366400000,2026-09-25T20:00:00+00:00,DOT/USDT,4h,1.1879,1.2239,1.184,1.2131,779164.203645
1790380800000,2026-09-26T00:00:00+00:00,DOT/USDT,4h,1.2131,1.2545,1.2005,1.2155,886790.184858
1790395200000,2026-09-26T04:00:00+00:00,DOT/USDT,4h,1.2159,1.2403,1.2158,1.2217,557332.232122
1790409600000,2026-09-26T08:00:00+00:00,DOT/USDT,4h,1.2217,1.241,1.1976,1.2315,531092.489938
1790424000000,2026-09-26T12:00:00+00:00,DOT/USDT,4h,1.2318,1.288,1.2183,1.2851,1162162.43333
1790438400000,2026-09-26T16:00:00+00:00,DOT/USDT,4h,1.2853,1.3061,1.2383,1.2429,1360396.495419
1790452800000,2026-09-26T20:00:00+00:00,DOT/USDT,4h,1.2427,1.2454,1.2139,1.2421,645071.408379
1790467200000,2026-09-27T00:00:00+00:00,DOT/USDT,4h,1.2419,1.2453,1.2301,1.2366,925668.392008
1790481600000,2026-09-27T04:00:00+00:00,DOT/USDT,4h,1.2363,1.2777,1.2252,1.2744,1005977.50114
1790496000000,2026-09-27T08:00:00+00:00,DOT/USDT,4h,1.2744,1.2746,1.2418,1.2461,567217.823464
1790510400000,2026-09-27T12:00:00+00:00,DOT/USDT,4h,1.2461,1.2536,1.2188,1.2315,936547.777575
1790524800000,2026-09-27T16:00:00+00:00,DOT/USDT,4h,1.2317,1.2719,1.2291,1.2668,820804.866802
1790539200000,2026-09-27T20:00:00+00:00,DOT/USDT,4h,1.2666,1.2752,1.2366,1.2686,645662.548504
1790553600000,2026-09-28T00:00:00+00:00,DOT/USDT,4h,1.2682,1.2813,1.2228,1.2284,878468.270775
1790568000000,2026-09-28T04:00:00+00:00,DOT/USDT,4h,1.2289,1.2559,1.1998,1.2001,855103.866558
1790582400000,2026-09-28T08:00:00+00:00,DOT/USDT,4h,1.2002,1.2216,1.1834,1.1971,565516.535055
1790596800000,2026-09-28T12:00:00+00:00,DOT/USDT,4h,1.1971,1.2242,1.1511,1.1676,1645259.447042
1790611200000,2026-09-28T16:00:00+00:00,DOT/USDT,4h,1.1675,1.2047,1.158,1.1653,574101.453248
1790625600000,2026-09-28T20:00:00+00:00,DOT/USDT,4h,1.1661,1.1832,1.1585,1.182,300919.119518
1790640000000,2026-09-29T00:00:00+00:00,DOT/USDT,4h,1.1822,1.1862,1.1408,1.1575,578906.777431
1790654400000,2026-09-29T04:00:00+00:00,DOT/USDT,4h,1.1579,1.2044,1.15,1.2012,570149.000471
1790668800000,2026-09-29T08:00:00+00:00,DOT/USDT,4h,1.2012,1.236,1.188,1.2239,698901.067469
1790683200000,2026-09-29T12:00:00+00:00,DOT/USDT,4h,1.2236,1.2277,1.1794,1.1827,887232.644785
1790697600000,2026-09-29T16:00:00+00:00,DOT/USDT,4h,1.183,1.1983,1.1589,1.1902,670283.89006
1790712000000,2026-09-29T20:00:00+00:00,DOT/USDT,4h,1.1903,1.2057,1.1826,1.1935,431101.783471
1790726400000,2026-09-30T00:00:00+00:00,DOT/USDT,4h,1.1936,1.2204,1.186,1.2033,395079.325433
1790740800000,2026-09-30T04:00:00+00:00,DOT/USDT,4h,1.2036,1.22,1.1886,1.204,513823.447418
1790755200000,2026-09-30T08:00:00+00:00,DOT/USDT,4h,1.2042,1.251,1.1977,1.2283,1505441.963489
1790769600000,2026-09-30T12:00:00+00:00,DOT/USDT,4h,1.228,1.2624,1.2101,1.2341,1213925.390259
1790784000000,2026-09-30T16:00:00+00:00,DOT/USDT,4h,1.2341,1.2596,1.2185,1.2225,868176.83625
1790798400000,2026-09-30T20:00:00+00:00,DOT/USDT,4h,1.2226,1.2399,1.212,1.2233,340231.026199
1790812800000,2026-10-01T00:00:00+00:00,DOT/USDT,4h,1.2236,1.2571,1.2155,1.2521,639189.823488
1790827200000,2026-10-01T04:00:00+00:00,DOT/USDT,4h,1.2523,1.2642,1.2265,1.2299,623383.654247
1790841600000,2026-10-01T08:00:00+00:00,DOT/USDT,4h,1.2303,1.2342,1.1979,1.2084,664396.050921
1790856000000,2026-10-01T12:00:00+00:00,DOT/USDT,4h,1.2085,1.2106,1.1642,1.1728,755285.361778
1790870400000,2026-10-01T16:00:00+00:00,DOT/USDT,4h,1.1727,1.1912,1.1603,1.1843,652532.308928
1790884800000,2026-10-01T20:00:00+00:00,DOT/USDT,4h,1.1847,1.1912,1.1663,1.1762,324469.370357
1790899200000,2026-10-02T00:00:00+00:00,DOT/USDT,4h,1.1762,1.2072,1.17,1.1952,419550.81771
1790913600000,2026-10-02T04:00:00+00:00,DOT/USDT,4h,1.1952,1.2425,1.1941,1.2278,604756.781788
1790928000000,2026-10-02T08:00:00+00:00,DOT/USDT,4h,1.2282,1.2342,1.2094,1.2209,252669.061096
1790942400000,2026-10-02T12:00:00+00:00,DOT/USDT,4h,1.2206,1.2364,1.1968,1.2151,976160.359388
1790956800000,2026-10-02T16:00:00+00:00,DOT/USDT,4h,1.2151,1.2288,1.1369,1.1485,896739.99898
1790971200000,2026-10-02T20:00:00+00:00,DOT/USDT,4h,1.1488,1.1568,1.1372,1.1545,730658.512761
1790985600000,2026-10-03T00:00:00+00:00,DOT/USDT,4h,1.1544,1.176,1.1496,1.1586,644812.450402
1791000000000,2026-10-03T04:00:00+00:00,DOT/USDT,4h,1.1585,1.1588,1.1439,1.1476,544154.689233
1791014400000,2026-10-03T08:00:00+00:00,DOT/USDT,4h,1.1478,1.2008,1.1434,1.1981,836691.136686
1791028800000,2026-10-03T12:00:00+00:00,DOT/USDT,4h,1.1981,1.2237,1.1817,1.2068,1036738.249323
1791043200000,2026-10-03T16:00:00+00:00,DOT/USDT,4h,1.2069,1.2075,1.1881,1.19,606544.078767
1791057600000,2026-10-03T20:00:00+00:00,DOT/USDT,4h,1.1896,1.1952,1.179,1.1856,160005.358672
1791072000000,2026-10-04T00:00:00+00:00,DOT/USDT,4h,1.1852,1.1896,1.1755,1.1779,201658.91383
1791086400000,2026-10-04T04:00:00+00:00,DOT/USDT,4h,1.1771,1.1931,1.1736,1.1887,155686.328278
1791100800000,2026-10-04T08:00:00+00:00,DOT/USDT,4h,1.1888,1.203,1.1821,1.192,463805.78235
1791115200000,2026-10-04T12:00:00+00:00,DOT/USDT,4h,1.1921,1.2049,1.1845,1.2013,245808.609574
1791129600000,2026-10-04T16:00:00+00:00,DOT/USDT,4h,1.2012,1.2384,1.1898,1.2246,577310.257495
1791144000000,2026-10-04T20:00:00+00:00,DOT/USDT,4h,1.2246,1.2286,1.1934,1.2052,620338.447888
1791158400000,2026-10-05T00:00:00+00:00,DOT/USDT,4h,1.2053,1.2303,1.1911,1.2175,773186.326532
1791172800000,2026-10-05T04:00:00+00:00,DOT/USDT,4h,1.2172,1.2406,1.2038,1.2349,1142083.627822
1791187200000,2026-10-05T08:00:00+00:00,DOT/USDT,4h,1.2349,1.2355,1.2074,1.2197,487845.736504
1791201600000,2026-10-05T12:00:00+00:00,DOT/USDT,4h,1.2192,1.2211,1.1834,1.1938,833001.562813
1791216000000,2026-10-05T16:00:00+00:00,DOT/USDT,4h,1.1946,1.2289,1.1862,1.2163,1077003.85882
1791230400000,2026-10-05T20:00:00+00:00,DOT/USDT,4h,1.2162,1.2455,1.2151,1.231,988669.053533
1791244800000,2026-10-06T00:00:00+00:00,DOT/USDT,4h,1.2308,1.2312,1.2123,1.2229,404322.078717
1791259200000,2026-10-06T04:00:00+00:00,DOT/USDT,4h,1.2238,1.2428,1.2171,1.2373,659239.103983
1791273600000,2026-10-06T08:00:00+00:00,DOT/USDT,4h,1.2373,1.2482,1.2152,1.237,463459.303724
1791288000000,2026-10-06T12:00:00+00:00,DOT/USDT,4h,1.2369,1.2382,1.2009,1.2022,1031608.855532
1791302400000,2026-10-06T16:00:00+00:00,DOT/USDT,4h,1.2026,1.2229,1.1984,1.2119,442510.132954
1791316800000,2026-10-06T20:00:00+00:00,DOT/USDT,4h,1.2119,1.2209,1.1944,1.2008,254804.040696
1791331200000,2026-10-07T00:00:00+00:00,DOT/USDT,4h,1.2008,1.2034,1.1038,1.1232,1963445.359182
1791345600000,2026-10-07T04:00:00+00:00,DOT/USDT,4h,1.1232,1.1392,1.1182,1.1287,838538.133451
1791360000000,2026-10-07T08:00:00+00:00,DOT/USDT,4h,1.1287,1.1352,1.1065,1.1116,961396.127541
1791374400000,2026-10-07T12:00:00+00:00,DOT/USDT,4h,1.1115,1.1145,1.0939,1.1048,750400.15104
1791388800000,2026-10-07T16:00:00+00:00,DOT/USDT,4h,1.1048,1.1118,1.0916,1.1068,367642.057559
1791403200000,2026-10-07T20:00:00+00:00,DOT/USDT,4h,1.1065,1.1209,1.1037,1.1181,299464.411212
1791417600000,2026-10-08T00:00:00+00:00,DOT/USDT,4h,1.1179,1.1304,1.1064,1.1078,870546.935296
1791432000000,2026-10-08T04:00:00+00:00,DOT/USDT,4h,1.1079,1.1135,1.0804,1.0974,1588761.859382
1791446400000,2026-10-08T08:00:00+00:00,DOT/USDT,4h,1.0974,1.1203,1.0951,1.1043,2268395.69515
1791460800000,2026-10-08T12:00:00+00:00,DOT/USDT,4h,1.1042,1.1172,1.0239,1.0318,1756474.183251
1791475200000,2026-10-08T16:00:00+00:00,DOT/USDT,4h,1.0318,1.0476,1.0095,1.0454,1149664.041989
1791489600000,2026-10-08T20:00:00+00:00,DOT/USDT,4h,1.0455,1.1108,1.0454,1.0908,1380977.792292
1791504000000,2026-10-09T00:00:00+00:00,DOT/USDT,4h,1.0902,1.1646,1.0887,1.1528,1508963.605962
1791518400000,2026-10-09T04:00:00+00:00,DOT/USDT,4h,1.1528,1.1905,1.1491,1.1864,1107591.619626
1791532800000,2026-10-09T08:00:00+00:00,DOT/USDT,4h,1.1868,1.2033,1.1589,1.1789,905826.313203
1791547200000,2026-10-09T12:00:00+00:00,DOT/USDT,4h,1.1783,1.1942,1.161,1.189,797073.468476
1791561600000,2026-10-09T16:00:00+00:00,DOT/USDT,4h,1.1889,1.2212,1.1871,1.21,1063395.089466
